song_idx,song_id
0,7FQyzz3MRRyIHB2xuPjQhL
1,1bp2PcwZgR9LwBdoERsOuJ
2,2AfFuqGQSTBI31kbqE1qo4
3,5qTjvpAfdtyzauTprzgKao
4,6V3SNkvi4BnfmZU0j7s9TQ
5,0Qj2Mf1p69Brx9GVFNRnIT
6,3osxUx9be0qQX4ChEZ58OF
7,1clzDsfCHoetJex8MtelPM
8,6JVN9Fc4xBM3Feym7weuGR
9,2d89eYXwQJm0k4I87nYk9P
10,3jIPSk3OCNx6iwkgOgXUWx
11,1Q8GCqdZQzDuLrwDkJCFYa
12,1Qdqtff31unSS6JjGgzRf6
13,6nTcn8CybBcx0t7IaXEJ6O
14,4JHX3u5yovzybigusJ1pec
15,0lwIxzeD09V5Z18hegsbXn
16,0H3xZJGyXOvPSNhW0QHkWn
17,0TZAlVhwelJjKxlYIVUwv9
18,5cPuVi6DQSy3SYhrQw5N0O
19,0edVYcmyXJpxnSLqXBpLBh
20,6hXp7Zx16FaDAMDXg4DQxC
21,0tSdrMbUBJPAyM3jvQbrt5
22,6vLotOHUMRbn4rxWiMlNY7
23,70iAPmTJ1w6QQq4zMYmFBy
24,5Zdd3z9JsKy0DfONuj2hdG
25,5tMIrapXY40t9GHD2BbBaJ
26,7AylLhx7Yquy8hX4FHuULb
27,2axAqRd2SSKmbA6fTuoRzM
28,2udQyWA6KI1NBJMzmxYxfw
29,3JSV7Mdln4olSgrTzrfImi
30,5yO9T8TsCLgjiFL7JTomLa
31,2SFpP8kKmLVNk5NrDNAj8N
32,6yLGCdbxEcFLAt5Of7q2Ap
33,0d6kdRxAInMz7XtA4xfXxo
34,6tmhj0bHOtnwHMMOfmBgDF
35,0j567ea3QjaP75p62PUGD3
36,5URIZ0cMyIck9fPikvcPGt
37,1037vjvnATZeXohJRvFz7Y
38,0B4VqgPPgQVgEil6bPkYFm
39,0ZEgWDVmwVBb3LTzkbq4WT
40,4jm5brsavFy1Q4SzFwtLyv
41,5U7Ie3ZkEMF009PdtoPeIF
42,3GOjD8hwXOxbTF3apTqSqX
43,2Br8uGM3MXgSiGJ2VmrQrk
44,1SyMrB5BGEP4kggaoOzE7l
45,27QTBSG6yn9Brmkvf4vPK6
46,3BilRAG8bauo3t5JxQR5h9
47,1wiLLaAigaSliWGbZDXzNt
48,5GqZTck4zKnoZoCy2ssdxV
49,3iqI0e9oHb8YFyuV0bdnBL
50,2oIkvwH6GEcGalEoFn01jL
51,53aNVTjU6c8St8Hk4LR4RW
52,6GbXQVRf8Lhmer6NHWjX7e
53,13jAmGsxnll2G8gIMXjgvc
54,2nJ4y4XFQx34TFO02aotaP
55,7GAbVjDjHUyNyL8x8WvLGI
56,0jpyhIyvdVZUagbPP9IiZI
57,1G4tQASxFbqewjbZma0sjk
58,6ruPZctwa27aroYtYnngSN
59,4DHRLqCZrn8zeeEkB7HI6C
60,5w1vhNA2OEWUQ371QzyMmM
61,1HGVRef6BOu2pk7BWQIV19
62,5ezuHIXXlsPQY4rbsSKT1W
63,4d4boUg3vPbDkEDSjPyMmq
64,6vDoIux8nXD9bNBjw1HASx
65,5c2P4tF2kG5hWx21mbhijB
66,36bFqG8vHHfu60N8XRBt3l
67,3efxysebWh9kpvQeYDAFWs
68,1iPR77kOxTPED2YRXUzFkU
69,5yAzJseoW207yC0CJaqJaT
70,36NQtTNiBpURnyDasqNsCf
71,342zMYrGtx2y9rz2eDxjYi
72,0mBaxQRhXKBLZnnxztOewE
73,1vf4KxqseY96hG6WAw3IYB
74,3fInmWYPQ9XFbZ32Q49dDT
75,5K2Tgsl1Eu32UKoAOo1Spf
76,4LK25Fc1J4sQAGqZZIoc2B
77,3txaDYljeDLjrPDOq5jvYS
78,1PPhdlCaxLgDcSVPlVg6AH
79,4Mf57xCqTRvTXDFWks8UfI
80,4aeDHWuF6WpXyWX0iVzn10
81,7c3yj7dMEO1kuYz4pxdcIK
82,6gIeKlICQTMmdcb0EAXCYD
83,0CSPkLrqybgMBoN3Ko9asB
84,6XkoZRFEY8VhZBn2bnjTeP
85,6a1e2BuXVLcUTLGsxMWmfX
86,5N9xnx76cygZlNcBpVSjJ6
87,6WnfsTSHHis6KmgHtIlIv4
88,7pAB4Sp1NgEmrg4WdzRwXd
89,6xD9sprECqi0lINbvYIs59
90,6vaTzVrdrCnoSmvGRkJaQQ
91,0dxN4KBx1LIneaq3Idtl3X
92,70xdvpQQjdkRushrxfPjvv
93,3ZSKMarJ8c4WLrtK1IaeeT
94,5JwQCQmevkNMxV3mXEFLiB
95,5SkM78PvNpn41YLTixzRpl
96,5UBvmiSmxXM5TQiqDNK40j
97,1idvmsRkMlmgzdqjUeOaSk
98,6BlVZ6vUaW5vbmDlYV7zfM
99,1LmrzkU5UiU9zJdlqm4Iby
100,2Y6JlNKqBM5dY7WLvMTdYX
101,01BkZtFm0dykACWiKSIaxr
102,1LUAa67zNA4hAgjlJ1ZCCA
103,7vXwikFkOxUq1NN9pAAmLv
104,2qw2NvdghBNl3NWOti2EjZ
105,6exaC6NS0arKEEuxRtfq6r
106,1oNftYUuYWrosRFPnKNrQM
107,0uJmw02ByBWABOmJAHNhlz
108,5082f0BqXte48i3dpWmcJN
109,10jBfKT1h2MByxs1DpxJ48
110,0m9ImJI3DZ2Phtq8DfxQ8G
111,4TtH81AjMbm8TAZyxB0IQy
112,5YlXTxOhXIIghUUzvEiTGY
113,3NaNh4uXeZmYK7xhOBoELe
114,2rZ6b91jPwurujyXnXHrBK
115,4IvtjXdaE0NS9v41PzSRN8
116,1hRaEKdZS2Got9uLXUhMat
117,4ypj5bWnLNaUB05O8RVVrD
118,124II3zZ8YsU1fuAtty5uY
119,7ndKS4xhy2v78R44LCy8v6
120,5aEHX6BZHzjI8h9zZNcskZ
121,3uheBt1aGsKcZztD4eGzdP
122,2I9S60jzUAEjOLfUCx5IX4
123,0Rl4E83H6fVBSzXc7NqNDv
124,5JkzzGdnjYldHmrmHDb2Ms
125,6bq5OeAmrvbumnVNaFJchY
126,4moBaMw9mA0gp6eZIkOtzB
127,5SCDOtqhSgZUyix6ZSSLZY
128,0CoaGPk5LFYOgCOc8aJ4K7
129,0DTrx2b4prvjFANC4nK5nI
130,4X7FaTervP5JZIVttwal6U
131,0h3Be2Q2ZXKguunpHTILPA
132,4btk93NKH9HQtYwwX69HOD
133,1zi7xx7UVEFkmKfv06H8x0
134,3rh3qib6cNliReuy7UK6Th
135,0bKMK3r2VxWxpPsdWRhvgl
136,0RoXTnhkLvbUR4dSsY3O0f
137,06qoS4JCkf8cNzssYd9eQi
138,5OfYKnVEYDvEiEjwDW3YN1
139,6uIosJqe4IbrpRfYtQIy7K
140,2Dg0STzrakuvxzkpsSNztX
141,3Oi8bgcQzG8qM4uZhMsGrC
142,11lqdrFWHvKIoldKxH788b
143,5CPITapBZTyeQDxNkQYDte
144,0nzUGFxlQ4bsnLiadAmdrM
145,670DvjR7wdFyXQ4i0c8DLM
146,0sm3gJGMnyY22jt0UokKTx
147,1Qn7Jjvz4ndUyyAhbHRSHn
148,118KmcGNbffDdy8SEdAniq
149,59dsVfHGOJZNh9s5NNz9qS
150,5qpvpMEW85EAtKZLaaXr7S
151,53PSmXwUIkBtITWo7QdqaX
152,2l2zYplvdjpRDEAmoHKX0t
153,6hLY3Tz1Xt5kBuKNDTs4ib
154,1ARuBQQanRmhqgUcombg3g
155,4hcqYJyGYFiwxgp9VH7iGL
156,2oYUor7MWe82FrVgmFOIIn
157,7t7jCjGe0m4jWboKcVULQw
158,5XpcWuM4N62zYnCRgyziAu
159,7gAgxLiZAANNbGpnwDWVAr
160,3mpGXkkjhY8K5C9OsaCMBo
161,4lmtFBzb6n4pHSfhuBmyni
162,0blrDoKpuV8FN1l8dXEySv
163,5GghdQpjYnEULZHiMEMH6p
164,0I6WhJ4eRRmIzSnNKOQXds
165,349r3KTYZhnBVAlIPn9r6d
166,5r9bO9TXDfJL2sf0M3nBfG
167,4AszMcnVoGQbpKbEyQQEbD
168,2s5DgmVSRkqBhHjhRDZYmR
169,132Czg3Rfoto6c0aWAEbiy
170,0KYZo9INUAzWigINCX8Jv7
171,6JkkJ4oWreoIJo8UonhE4w
172,1jylZOai0G9TI6Font5Nd2
173,6YSHiGSOgdeXJB7UXMHB7A
174,7J2n07Y25sy7myFQj3HSI8
175,74ModVC6EemNOVXEYAMJez
176,7JSxlo9HhYgq0pRtUFpaxq
177,7w8DYEdqLoIVAkUXNR0QYL
178,4snOHAw3BxiKWFeOyLeEpB
179,6xmpIIV8WsAL9eJ4VcNPaa
180,7D1GycSf7qgYN4WgplOn0E
181,2Q0hoSQVjyzyRbzNKzCRB7
182,7ne7SWFZnES4KE2vwBc367
183,5k6fAIxCzRJ4i5v2aIZ0tP
184,2CQwzG5nbS7ys8CHSlavVg
185,63bjp70ziKeZuO7WQZWKh0
186,4HMYVDAHRXIQUHezwgGb37
187,0nN19NUCVVLDXfp8GiqBSv
188,78S8GaqR5Gs7xeIJjCc9qj
189,72BkNTrC3OlRLCZwYlRPVo
190,31dKlU4N1BPNENP94ReIrb
191,1J4jI5B2SHw3BZMI69z0WN
192,5gRsRJSPC0FDcY62eh7mEN
193,3F4dh5BjXaUmV2fC1UcebB
194,0NJbrq0BQFuDOlZ4CtZkex
195,0oUzMf8vvmoBbJGIXgeAoR
196,4eMTkiQRtQKzFgvE5tD4gN
197,2MCVlv2iFMoUm8F81qbfNe
198,7czHEDfnxN2FOH1ZjWxu1O
199,73VRpxAFmxgYQ7DHT65VrA
200,0TvCPywvY8QGAWdteEiCdF
201,2ScDnrPFu2zlklMswSiqTq
202,34WnfKTHclxQnDKiU3RKen
203,7Fyx3wZ8rHGQZBVKtIJ8rC
204,6rTKHtkWjoe7pRuyFSwwfX
205,09EgAAF3RQdhndfVamkK1P
206,2IyycUsxRFQiWP8D0RqBXz
207,65XkfBp7jL8hKiI7HIPnaj
208,3IKJNHnVZ2bXGjAFBJiUYo
209,4RJdwSqHapVcW5DaRtTkv0
210,5Wvg1nzVtPcw0BfVrOQ2dY
211,0rM4Xqcsa7taCkcUGi6uFl
212,3UgPJrKvOaTFgZ185X80Dx
213,4RlVm4OvH1RkKk2fJgs97b
214,62Ww6fDzytj6gklIDOcCE4
215,3wUTePJgXP9tGRWR0QF2Jm
216,1yqcTuGiwZFrINaHdzjaJf
217,039zvtBD8qeWl6BrjEWLML
218,7x9mp54JsIehVpuzSQujf9
219,4JDLAHebEy4yOJzc0MM5yM
220,1eMhAYzTaWGPuAN0HNzKJy
221,1ISyxG7inoBAIHD5QpHZql
222,2lRhXplPuIHZ067e2WIllb
223,5H2s2zFKCvgUPJJ75zSyCK
224,477CB93mH986mrIheQD0RR
225,2PnaLj5nlDAm6uBd5YGDpK
226,7iyR2H3GRhBUrAxLJOhN0B
227,4Z0bSErbScSkUlEyI8KAy7
228,2RLNSCNe3gnTduQQYOAWUz
229,4cJjMJ2fMA7edeEI1xbVFO
230,2kdStNQuqc5aJvI4lKDtYA
231,7lKUzdh4CWWqMFxSLGT6FO
232,1HGrhkgN0lUOONrr9mVQW1
233,0noWjwelIwJPGaYvCgB8NM
234,1LGBh18wccPBKY96hUTLnk
235,2chsLk0JdDfhKI2289DUnd
236,3mb30RDLGQobeUNY5GBqdo
237,6Q64QawnGR7LuDaQIv05hk
238,1gVaybTMjLbVeyKrWbhhWd
239,5n7jVKklf1A2l4Jb0sdLaP
240,0bfk9483ykobasS246BIjR
241,5uEO9We3heI3m2HGQ7VaTX
242,3JOdLCIBzQYwHIvpN3isVf
243,6qsIvR5nOciPp7ci0M3NNj
244,54ymFtzCfyqQd9wM8ryXJg
245,4P3OOVXnOjbgfvEvuiupDj
246,3oEmNHgAxxxt9DjP5rN5wL
247,1dfHmVkjaxwnpnLfE92WB5
248,0nCO4taHfs8HflfgoloRRY
249,0tI9jtQuJynzivmpQFc4Gx
250,4PtyyzVJmXqN2RwTBSBqRF
251,1lnPygfVghWoKJAxaStV98
252,5lCmk4gsdCNTkrosL4gogj
253,16S6O1mVhpdMZQP2rFflrd
254,1LQA219Pz7thyFVIsilpWR
255,4uztGXyu2kfKc72kNNwIoJ
256,5WmVe8Y6ApOdncK9uIoF3z
257,36Wj7qn43QQQXdh43biVc2
258,274CpPOSGlMK9DDoJF8NMr
259,0s9iofqbQdsmWZQJ1TZh1c
260,3kEitzucVh9qoTG3CykSmo
261,3MBQwqYCmDCUqKNLsCTmcg
262,3GpFE1SwshhLxRTbGh7stN
263,38LGn0hjGJrCndHy8AjqGW
264,1pflhbn3DtPKmecZRd1aPT
265,6SIsWwSfcdtbanDBjUmfjT
266,1cTiPPLS36jUS9FgA5H3f6
267,7JeSl8kVzyyicGO6oX60Bj
268,2hOi0U15nSrV9ueYLCtvE2
269,46pPqxNAw1M0eJTqa7aLGl
270,4jZ6cogfz7DCQNGzJhojp4
271,39TXE9d3NzzcAMi1SnU6LA
272,5UffJ6fz0ikQ0ze8bqRyHQ
273,2BQKzfHPNciPG3RWD47InF
274,7xpHgU2QJG5i2NtpfuNoT1
275,6oNlGJtLvuFuORvhG7wEt9
276,567aHuFwfzPoSe3fW7mD4X
277,0ejy2uO7thi3QhC00n4nSd
278,4atGUD7fDUTWO1JW1NSUfa
279,5WJsa4hysCasfNgfboNhgG
280,49OO2L07EFf2xB259dpKXw
281,2RCyWkHruwigiMzfGr2TLI
282,0l8uqYJJzdoGNJ5gdLJ6zH
283,17D6fucYSdfTplq7slxmYY
284,2Yp00PzO9sXgCGDC6KCFE5
285,0YoD1HHjNqRehcc3850hkT
286,7n6irwlGrMm64dLJR3czvS
287,23nKfrMDxXcmGrI0dO5tYy
288,21kgeJYbmiNeXeTCYhnk8O
289,3GzKea9o8WwFtHDtD8fmge
290,0IGh7H6H8ofo5ZJAFoDVuS
291,4GSIXi1NcsvfWQtZXyPYfy
292,6ptHmuZsP4eBgHEWqNejKi
293,2b0hNyny6B60XEMs9Bseig
294,4WbvOptH9YDvUgrAzD1OiT
295,1i2odtAeFzAS7x6TBbNMp7
296,7pse475uICmWRY5hEkvPvI
297,0cWtntooEp8wsGAfrE64m1
298,25yf8spkMJtSa4tzXgCvzC
299,4jrEJvfSn7kJcZR4oD7VGo
300,6coM176wRv49AAdIAlwINm
301,5omwsSBRdlvEbqAYzl5fzK
302,3awEmaLCxVqiash2bOw1Nt
303,3UnwyTUjEatBqpQELIL3DM
304,6C0y4JLUtlDWRAP1WBIUiP
305,0QTSIgOOnWG1VqeTOfqkBn
306,16qM5T1l7l8SOv9xzDDBOZ
307,0Ae88PnwYcEfZq2dNN33Bs
308,6BnIE7iV9jhossvg3G9O5u
309,2qYT8non3ZHOtJrQ4kIFVV
310,4W8TMaHgDQ2jGaC7XMCS9i
311,6ns1ilVmUR8C8cpFT2RiUL
312,4xuz4Xxh0kHerDsxxHdQwi
313,6n0sZUU9VvaHu8KLMEIsnj
314,2C21E1ZLuv69TmyMfdymiX
315,388CUWB86o0Hnc1nxteAK0
316,3BdMyHoBSt1jzGGK6Rofph
317,22y3y5bFxVrzZp7557GdGK
318,70GNatgG33K3ZRdByNjGAj
319,1TkWsnheqK0gBtvh07BtNX
320,28CFk0K2fnSDS6G1Y8IqgY
321,0MGn0KAj4BQHdBM1EwzqNb
322,33108mwk7n74gQddF50S0C
323,4uDbN4gOHikkTiE6VnHLzX
324,1hEvPkHHnkdgSR5TKTZsiC
325,3vYtQVYdafP2EQyKM142EJ
326,3anmL67VZIvXMmpJSCKd06
327,0HIemvhhFVfz7I3D6T9RoP
328,5U6LhYYgv5d0uJfUjueTRf
329,7yNJCsUH3tXlpQiHSsAc5l
330,2Tr1FUOOLZ4NxhBtIIxSvZ
331,7t4REIU4YrvVGVdvubIHNJ
332,7B63Ztq9MV7IDwShmE09rL
333,1SWbt7FMRCE34AZqyIVkd8
334,1oditvPc1cjhCleCocVlhu
335,19vqccFim84WdhgMaZ69CE
336,2nM6MzCeureD0H3ZhicjBq
337,3Hjx0mCP8UGxUzfL2ThgBQ
338,34K4XBQYknnTFZsBO1Zaiv
339,7aySoZnwt7c6lA54qVVUOk
340,7MfNoHB8JRNbSQ8P3eAfMQ
341,7bY1AKMDuH2xwXJqgvXTKF
342,1VUcb7Ik5bYw0SzXBH9rLr
343,6B4tKjUOWE9NhdpxB2NVDf
344,2wCKGd4ODvXDmI4Rl6gaz4
345,5S4WaEh2mtpunlyqT40G4h
346,0Idkw4FWMQCgRTrFTgSlbD
347,2EISZ7FY6AkSP8ObzenBcB
348,7j8mW4Di9sY1HvkrcnYl7y
349,2rl2xbqqJU3fTrH8D3BB99
350,19otsoRPTvReAkZOu556W7
351,37JHgR7irsugehcjdLlyDb
352,3T028WYctCltHEkeIODSvu
353,5SHO8IlsfUQ72eUlecrKB9
354,3iV8bzB3Gg6xhmKnrts7Ku
355,6W7g1KDTziowi8eHHvibg8
356,4B1PpjpP1nl5ksucCw6SR5
357,5vwY1H2lxEiPQxFYgMHXk1
358,5iTvg8VrfJUadt0LPsj1t7
359,0tpjnOhc5Wf4Rf3eN0r63n
360,7Caz24hQ36zafY6U1HoOCZ
361,2C3q8kElxfujYlrC5mJ8R1
362,2b8A7pwfNXz0AAIGgNdaxk
363,5bbOFM2Wl7wBiPR8rwXNLb
364,0XdNy8G8bnWBJLszm6pnBH
365,0nbm4bvneAGlrp5wZKRHT8
366,4qtWqDKflbqQw6c1GPTeit
367,50lBiTtss0y6miVjfuK7O1
368,6qS51Jgj2pyPkzzCPqt9Cp
369,5ULnqRZbTUHTnPRUuKmufl
370,4MOOxZXuvhz2y9wxdoRrce
371,6VrMCe9krC0d54cWt7jnnR
372,4Mg3YzlEp93OhGQol4VqXL
373,0SzzSNGGEs3Xz21KAJwzmX
374,44vlX0fEvAUNjfGEbHm3MG
375,6jkVztKjucxxI3g9QiSq9D
376,4GjXCrEcG59a6CG8PUowil
377,56AMYGJzxBO6p8v0wEe9de
378,61ica0lRQhMSkv2vsZf80Y
379,0cajvc2JklRUGSWF8KtDGI
380,4TrgWjPHUnbwHYoKLuJQEg
381,18PijSYHJcnADnaE9W5MRR
382,2TU0T3mK6Th2UFPN2Mdx1F
383,6i9phyvtSF6LNltWMN1Olq
384,1tdazGttmzXdBP3fj1kQr6
385,6HlBV0QpljRoOhxRWAF1BX
386,4BNBfgSjKSVTagFBvtst7s
387,6TJAwpoCEZfLjFPcuTDTDG
388,3jFTsobEff1Cz8DlIAisYY
389,4zjSSahOQeyFxNlU6e96KR
390,5W3LMdgcgluTJJw3SNOErW
391,0AbZe2RiR3Ty0HR0sXXuvw
392,2rh4k3AD80aAmyDVU8h7o4
393,56XjYxbCy6jucJEw1hSuqq
394,5b8UrMiKJd25ltc6qBNzrX
395,1BZDPslmxdSdP9zQMsMNmG
396,2WJr7ppfxVEmYTwGlYnhk8
397,7zeI9Xt3Y83ZKpGYH5YyE8
398,1QOgRY51zLOHz8eOYWlF4Q
399,6QlmzxCyQGBnp3C2CoaNB3
400,05m8g3t4OsPcfRV4Vafkyb
401,4ln0vkRSgnx8JO9RlXBnQj
402,3LXRLyHWtZ0pwVvQpaksBf
403,4cOt4yXLpE0i24ZudX8qFC
404,6cQdZGl2ConFEO6hmli74p
405,3e8g0HAHYzxigyeFzDQfKk
406,04iHVklxJXxyVbuDsmMLwd
407,1eU71bpSlZupYIWEz7d9Bz
408,6nSRaAMbHL5R7NspEuzDb2
409,6LI5MtQVQbRkLIyGPtdDZ5
410,4EGduKhpEdXZFsZELRkvfs
411,5P9XyxSXxcWhbSYvoLIwUD
412,0UgU6BsTk0xgMTAqCu8Uz9
413,7sjIadSP8b3gAruR6LxJ4h
414,7aIC4z5XBdEAI9kqycYxMV
415,42qweWuaXhr0JDSXduI1xD
416,2Z614aNjvOJKx0vnWq9wHH
417,6XpeSKg5TB6G3DG4YqVwZx
418,5NHr5IDxY2k42Xm2I6KzNL
419,6QUzKTSMAwtbA3cmFTpdIj
420,3czFou6xqK2m8ItE6xkpha
421,2DHofj3iqeGDKQwmZRuPbZ
422,0j7uhm4DplheNDkT8coM7k
423,0ZoZb8d5ujGxMsFbjGCZtR
424,69NbjQ14Nbx5VGxohuRGrS
425,6Bo23dhee9Yp5OW17qa0j6
426,6WQcSQ8mfAuAuGzv5c1PVG
427,4fHj7NeuD9DfnbjAZFMj2Q
428,3skoNzpnn84KGZQBIn2kd5
429,2Pc77cPgbYMpCKfHRUIKB9
430,5PoeM9NAMtFBGLxwJZVuGd
431,1dyMRzKZMakJqmOnsUUZ9X
432,1xnoI16FlL9dKM3h9vLIm3
433,5kkT3J5trC533eXfZRxcaI
434,4ee1F9GuTYInnCBjpMbPvO
435,0D1S1rK4M8D3kJDFN50u0G
436,2TaqTql4oecbRkQ2hlNdOE
437,3xOnCK5sFL2kwc5t7sQesB
438,3BeZv8B2Tav08WJe0QnV2v
439,38UXdVUPvx0dHbrotdg3Bl
440,17s40SrtwXKC2Exey30FGc
441,5zgCeK30AEq6lErTjnfNgP
442,3kgIVB9BoTqIz1WkrO1yJ6
443,0hRw07bcnbOUhlLHem7Bs9
444,1jTFvRr3wbyRhg2lYJhtTQ
445,3CGdfrDSWUVtBsEAV58LKx
446,5TwwDAGParTvA2YZLPTbyo
447,0ZvnoB1htAkoGfsvSZtQ0R
448,4GkPhSI8IPhgBre9Hg3PLz
449,4idIwwIQUwWhC3QQTw2cRI
450,5YfjjNRzW6hEouXhEUjfn5
451,7soDJAGkWj5QBbk1gTQUJB
452,2YxYTdPrgfLJG7BlT2XbFm
453,2qS2460sCq3ABx8YswboUL
454,1D2SVNlLeB4aHl5NlFKcBI
455,3SbuveWXg234Hu07dDoAWy
456,6UwVjyw6Wt44EKe9tPKLkZ
457,0KQO3VN6sibiAEmcSRRODf
458,5oMCw0Oc5UeUvDNj3Ie5b3
459,30GB1iXYU4Y204hPxTCULq
460,2rVYzO6UJBjP71qileyDkx
461,1CsdwFJMuQc6qWIG07EUXt
462,6z877fqZYqt5e4PM8FfNoW
463,1cHxcl608r9sfaHaishns3
464,4kPE9Pkqi8nLBvDf1wAHoO
465,72AA6x3D7Gv2ywwSNF5uYL
466,4OVXxGOypf8DZKUZdZLO50
467,6DkUyA9RvU5YHqFmY6MHmm
468,66KJfnej6tJWkuJDFGx19A
469,78fii1y8vrGtn5YtHEnpaN
470,3hBQHcYklBrURKbGXVnQ8e
471,6PSRe6kgUyuKF28l6WhR1P
472,60CKKo7SIvunTaS4t3bhgg
473,6o0255yyx7rynxtpJ1P9Qi
474,5tkZ9CicFzBWBGjs1QbhSD
475,1TOLbp7TaUjIlzZCMP2KT4
476,4zdXCsRLnMPknSFcH3ekxm
477,3Ha5BnM3hnMom3B7wPSBYU
478,1Hy0XSHNBojwZhkwCLGXQ1
479,14GDHFAcF6AhHI9Dalr49k
480,1F6A8AHmzEyzPSrEc9aumd
481,2O3v3jdXCFV9LGpFSxGPjr
482,4qE1zFIyqtfYc2XfVnsKVf
483,54duNIksT8H9uBcp6n3cm6
484,1lrXLQWhCiX9agOfditVU5
485,5T3i5WkfjgJQpl8IANqjXZ
486,4fCnsYlU423UBd3rtkRMWR
487,2mrXEbB0UjsG5pIdlJIi8R
488,5NPcdHTOXv89LGYb8HLcQL
489,6tCekz2EAHDueTqMcmy5PT
490,5cGpjfgAvidLy6znwkCxkP
491,6rjthxGvmGlXazx1ohMFSQ
492,5cKn5FOPz6NcdtdFoCDHEv
493,0z8aYfRIIvNibAccZRYu8x
494,2OqnctQz4VZpk8wcb9TPp4
495,2ckPqD8JzWehoJrVLfniVx
496,5mszohRrocNSMXTnM7SPZg
497,2RrBNN72uVzkuPHhmddQ8F
498,1VFkOzByOC7rg2wLgurFqk
499,0rvVfseiPDzCt1eRbQmqDI
500,2g3ek07VpeELwKquvg1GCz
501,29sjnlnXwSeoQNhHa6Xdve
502,3Bfqj51iXPF3ME0RHJnUSw
503,5rAyuK41BSeZ9F209jaxUQ
504,2FkUsC8NEiKJqln6msUSIs
505,41wX9cTCWlwVmzVBOQYBeQ
506,3ckB2yORM4CViYDKXCgGTb
507,2oJlUVFmbg4pkIjcV1RZRN
508,7f4dNyqi7EF1jhG6OnNyJf
509,66dw3UYkr4CctFLan5DzYJ
510,2ijBcYi7FZXt7bvuVb7NQz
511,4ScWuruMyGlQRkm3WQaIy1
512,7g13AkKdtBxt3dpcPLfsB7
513,44rPwblKiOsoanD13RhfoO
514,5dhfzjACfN1fJUD4PPSFV5
515,1DWYABNk7vbaeDWnLc3A3S
516,5RrsfjWwEd6ww7pj7NmO8b
517,1atxlHmNgNdYQxayrS2DeP
518,7a1GJ9rwneQhq9Srhq6mHD
519,62FOsBpnZXEoPc1Qo9hcap
520,0daxn4ZBkfgJdCKqRmiDcT
521,2bspw2B0L3fjMOYgLr66Rd
522,5SJdK0xv4P8EpGYlI5ZoJW
523,4K5e0zRK9PlQqYsX3vpqfT
524,3YQjgTpUVNWvpYeb2mtTF7
525,0BWN2pCgTEIqiryperxynR
526,642whMs6xNoLdxN5WO3Wsj
527,3kxViGWKEOgw84i3jUIPF7
528,5TrfZOeeHz4oQ7NDjYEVrm
529,1CcSKIvexCUqSyShJIJi8l
530,48wtJb8w1yNSLBVy5q9Wos
531,3cIKpHSsC6lNh8ixZ9OBnH
532,66qhqlKEpRpqMggOQzusNM
533,1nozHkPR3lh5cCqQs060b0
534,4LWw8ZIhpZpXERaSmMi3nC
535,74YXRR78oHnq9ZEUBWx8PN
536,1fhcTpn9fvemLo60JesY2W
537,4D8e4M5x0pHWHQ5pSiRQt5
538,43rib0UYJnyrxiIkhamjlY
539,1DnSnzoGeaeH4IupzB3L6j
540,7BXToqZFtclAj6mshYWena
541,3BvtaTCMc2jBNPmwkorbpy
542,4yyH02rIwCxHPYqwjw4WnZ
543,3t7RY4sxCMWETXyvzDq2e3
544,4pO13VvQ1M4ZrjNQnvryof
545,6hW4P4GyEN5rF9HJHVew7p
546,3e70E8adlpTwjwaHDar0mh
547,1fiiGVPxJattYkEJDWg2IN
548,3EVNUWzRLvdiHwD1qQDQ7f
549,36Tb7JD0rbJFRSmlLG6NZr
550,762cqTQF7smtftUzcgDCv4
551,5wj4E6IsrVtn8IBJQOd0Cl
552,2Jb3hVkRFoiiwXYcELiBfC
553,5PXKh09MSi3KLMqVq1p7uo
554,2SLfcWCERSirTbtujpD1t7
555,4jrXOxmPAkivgJjHrzyRxc
556,6jG0CwZMXFL521Df0IbbS6
557,0vBLw09Z6GIiSp11TaIYO6
558,2Uup75DRkJ03P91XyITXGC
559,48w9bZcpE28yPPY2Diy288
560,1xzCUpXSMnAbckUXDwBTlW
561,3p1oRfbN2RrDdSyG8S7itI
562,4eSEokk3AYGS3wL9ROodYH
563,0xdsQhOxu4cXyZt5hOlKwo
564,1ySaMHM9IOSvQNUzSNhlwm
565,2AURcFuFFPLEfzCKzCGYP0
566,4rpMuF6Z28knTQCUpUfH3D
567,4VyCEoWn9Xg4RIiyglKPom
568,4byTpDwwYqHqXsDtWPji74
569,2hfR9FIdzAhrWIm3F6Um5s
570,4oXT61OL4mDPRXbjq2d7b1
571,4vNOj7chCamVcOTe1MjAAN
572,1Sskj2TPxyfuv9GpV2HUuR
573,17rsBXOQBMntKEYgQQ1k3C
574,1JimD5HhkGsPbOyAyDvwn9
575,3l7tlbBtqe5QuMQMlGGfjT
576,4tE5XrT5GiK0qhGwmRqP2O
577,38YzsDegcWMbq0CaCz76h1
578,70SkWedrjKzDgKrqHZwAf4
579,6sf7KuF78LM0lKiFV1wfle
580,0I821oN6Ku1S7bOfTZLzJO
581,6YwZTlUrhQEiqpRumgSN5c
582,0kRV0GI6uslZ8f9g3dBrGi
583,5PWYX8YhMUWdVkb3lgAL8n
584,1tsNMwAk4mNkRrXEcqtACi
585,71Qzwcb7yQuRgMmsMHxpvQ
586,4uaHgtw9BkxOJPSPOmsMVd
587,1gWq8plcGflfdCgGL1Tn8n
588,13oke9sIuH5S706jYcS9FK
589,0dy38Daud7yGJskbPcuHr4
590,2NaYnfwrr3QKhOdG3IXfux
591,1cSETxZOj95sYQZuXAa1W6
592,4pCZhwsn1mbN8fDYe42Hl5
593,5Nbo0x4gdPMy3mmMmSrKqA
594,1uo2MczG5ePJVN9aSDJ9lI
595,7eZNjtJ7bn15vsZZcK8aSA
596,354dUKM2o6lcAnfcaGuig2
597,6jUq2EfNMW7SizzNVVGvhm
598,2BkG38xGaNc0jefHXLFrKC
599,7LDTB4kVmrLCU5TqKjZnzm
600,5vEcd0jbAAnUhuMzxokesp
601,3ZeT49ErB7hBanjwfLZbkr
602,7jIxGCBLPzNipJYUcfJNVT
603,3h8oXcDjXsSaJq52YE2Wtz
604,5W3RHw1M8ljMebv9o9w6Es
605,1huzoYKpm399UnDVnFBWGX
606,6U4WK1KP13ttzdamr7c6BZ
607,568SEFtDjKr7N2PytpA6D5
608,5Tbpp3OLLClPJF8t1DmrFD
609,5NgWeUmBFdtx6C4fET2PkV
610,3ovbSnT5NNhl1gzMcw1NRZ
611,0VmBlp1AM3B8IxQnuBLQJ6
612,1ekKOQlJLqjf61l6TZdU0U
613,2xBxGUmB9isRrxnqubaFnd
614,7bhfCl1a1InaSy8NOWVswk
615,1o2IoGqzWhjyJEmWFCSUTF
616,2eRV0Zen3OvAb2phNk7IIU
617,1WDaN2MGhYmdQI1Osx7h6Q
618,0WQ6sMuuhjCr6SkTkftX9a
619,5izIICEethuex5BL8jFtD4
620,4k3lPl8YTKuY8c1HelVnm3
621,1QY4TdhuNIOX2SHLdElzd5
622,4cR2OJQH1QCS54fachw8EP
623,2RsVBMqy96DhCaeQsrCi0h
624,7B70dvekXXHwevwTVtyqdb
625,18q0oAHIQrqYC04s3dfIgI
626,0kKJa4YVYjAclqRO7J99xK
627,4msyBO6yg4j7HYrpwBb44b
628,1BxZADEWX9hMRjpOy46u8X
629,2VyOpoblI3AHO6R8dr87Ia
630,7BxSkCd5Cj5xgJGe2N3W5a
631,4VtMwDx5OC0rjchZNxC7ox
632,5mnvqisoDJilY0uCEdT8rG
633,5MSAq3hshTYA8dYzVLtfbu
634,7pkOMGTae1A8yGlWh6QHMV
635,6VCaMX46KYohQ6NU5sVeOH
636,5iKOpf0SZDSGkJRhkwgSrl
637,21FXFLVjdWXp4RNAGc4zZ7
638,0yS0SGO4q9f1nikyvtdPyA
639,1bv8xvPGxTV1eKZEYhHe10
640,0EwX4ZaR4C4STu0oNW7tsU
641,4BLhvm1vVl5Q2dUC4h0tFf
642,0fOlaXPUhf4ut3XeiSE8eF
643,57T4Hay5rKua5aDTODjMtU
644,7bDZBEu0qgsUs8EIa3WYh0
645,4Z0xyWZZrMRuxefT9UA8RV
646,0mNDvXQlT4NN9zhVV6BoJ6
647,4B9bT78ov7ShvvepT8P95J
648,3MuKEjRyNdgvEU31aRYoN2
649,2zJcnHKyKgNHe2B9tSmLTZ
650,3QqeGOX3NA1RRBGa0ZtAFD
651,6EBwVbk5aB1TxxPuxnsv1L
652,21XKwWfbaIejOXcv5dWOF7
653,1qRpqv3I1t1kRol36KAfEi
654,1kpP1Y5sLWxNVE6qH0GYqH
655,6mNMZcJuKqvv7yEsAdlhDs
656,6YVf5YQ0CJpS0MaxgU39gV
657,1YrgbwVse66pH7ysXLlgO8
658,6E2RN84eMpRSJKU90lRMEm
659,38Im7bgAauCkmPyq3PTwuj
660,0hjkyfTOQQFxyRwaG3iyaU
661,4lqVxyAxIAukNsnyWPwNoX
662,1ltEKPzzq2gTdMk0S0mW9q
663,742vLElq3C8y7k8W1hqce1
664,4kRMsLX7bJqjIfK44qJ9h6
665,7L1i9lKq51GNndddOR3joe
666,5f1ZMBcRTd4S5D0tJ8CudA
667,2SN2fTrUGqo8MhAaZAsGhJ
668,5gM7I5Q5PDnJ1DUXH59Dtr
669,31wlhV442alfycHBA3DEUy
670,13SCCInc8juRiBgAH2309G
671,22jEGuVPtvtMqKPuXdOVCh
672,2QwlLVPw8wiU7M7bm4FJ7b
673,4BXggMbswwFUeefbxXEqbA
674,3R8HwsTR2D08asDHbK3q80
675,5kuySy0zkVzsss9zrx9HUx
676,6Yh7LqwZSBkWuxNUmQQQuv
677,5UDBuz00G2ba8Mye2018yO
678,2O78TOnDMrcZsV3AvoOp1X
679,6LY0iVFqBy2e6MS9zlZ53h
680,35snF33BwyATQrREHfztPK
681,50mULwzdkuuUEZgakKCf8S
682,2aH5Pqq1F0sqZN1NFmWNvL
683,7K5DQXU32pXtzwUgHsrZYy
684,0nINgLFHzDvKHS91o3VNom
685,4VTaz0UT1savTwH8OTHSok
686,7B43eogpwMNMPIfa5yNs9M
687,3JNZAVJlS0BcUgCDoUTDWV
688,0OtG96oVZE8SKetFEQcdla
689,5hzBiEGCC6IUzIImitWJKy
690,2tvKLPdQlzuB1JK3vboZMj
691,1qKRH9rIOgqdRvlnXG7uTR
692,1GHiyg8UOFAHavQJ7EWI34
693,2Pa821Q95tjEH8TZg4TAmt
694,1l0d6figJdZJ2pJofLRMrF
695,7v3j07pAbGH03yJhK9SBIj
696,4uhgCXRS7xEhUU4iWALf1f
697,55qi0yhCVOYpgDjpQAFCP6
698,5fclVBnzaGrbucvVMC228o
699,2fbveI38AwySIk5aZLmRe7
700,4EtpZ08WdL4aQAYswZRA9J
701,62fQHIiTsimptHHliO8nOn
702,605q55PSYbR26lHjamODIz
703,4snPYtAD8dpyeIx2Iz0pxS
704,10b8rIFRxFEnqKAt4mCEf4
705,37dfVZ25yzGXQ9ix90LDio
706,21Sbhc2xYzd2Wo6qUMxplF
707,5Bu2yFJFcedxNjcQVTqT1W
708,0qV0sJmwGksiPU1Ze4Ym2e
709,4HcJnNgSRgLLeL55gTyDlF
710,3hzHZoQ2LFfFqesE0t49a9
711,1maRIh4BLwvMhXLNI4eS45
712,6v7KzwLPCyuIPSPr4hVsFK
713,35XPeKsKcUuaEivFOasq0l
714,5Tt4oMn44RjRkzBFdvOH7A
715,2TgEke8947NUBaDBBSJUtU
716,1UhiPkjKNtlWdStbAVpyzz
717,0NJrBosRkLmU26AddtO5BG
718,21AGQDuQngXn4D9FjoVvuv
719,6GRHVZhllK72hDMtC4LTn5
720,2RiYPJlh9iAidCJdx5yjTb
721,3LfHBTYZBTqmz43tvVXJBd
722,1e5mZwuOThjUAVykULX2Uw
723,77lHSh6eoMiKWRxczAPQ1k
724,2JHcmAi2FiakvAZKEX24xH
725,2cGo2Yt9Osp9WeF9ZPlnhs
726,38ZrYD74FELOLETWDsz09w
727,3pBJHXjGI8hdMim8vniinj
728,7LcWxaFjwlZ8Bu9cZqBZP0
729,05bArpM2cVvDXOSr3sWFxK
730,45NhP89v9wjrImjYp4sC1X
731,1o1wii660RlJxvfDj986Km
732,1VsGcIEJBSwxMMA2QuaLo1
733,5dHm2RIrUncTtoeDaBo76F
734,79XKPlY5fagGd2iXhDPrEs
735,6TxPR7qeLMoQuthEV60VKG
736,1mNJGLvNbs4RHP6gIPIRjZ
737,1HF1iCoLz2HRruFcRdgP8b
738,45oN4NL5Ssh7vRaJKEaklh
739,3LoyPU4kSmEw1T9pwCT9BV
740,3FHkkaxITSVdEJ5Tn0N9tF
741,1sfnyLe2IHSSPnz7z7cy1k
742,6Dhlff44BMJhQjiGuUrCoj
743,6h6KkMWRVIj0KWIJzFFzhG
744,5komcnWaZAV16MtOE6hHGq
745,27sz8XfkjnUqTRJwxjHrS1
746,40RYWjOeX9fxC315PfcjUv
747,5w8ajA1FYCQFA1nZlpepTW
748,2cXo7Bly6wskckTQytxAOy
749,6DtlaSyX8yhfAyAVLSI1g5
750,3bX6x6oCl1GU0CzfRUylOs
751,5OP4dBHQa8SNusWVR6Pl1e
752,0kSs2zmoa2t9YrXzEDHSYJ
753,1C0mAIhKJ5luyb2TNE7n7E
754,70sWrVJMkSKi27noCKD5Dn
755,3tp7PCrymGFms6uDMIQhxZ
756,2LjaNzmzPfljimPxRgFVye
757,1LKEs9VjqEtQGuaPJvI2ns
758,0kHCYSr4LmV6VGaPRtekzb
759,5FTT7iGE4pxNmVBjiDn2I5
760,7iJ4hr2gah96kYMCJVRJdY
761,6CtamT9G8yABqar2uTmU7Q
762,3QdFLmCe9vwKSwCEhUP7hd
763,074TZ1lzRoK2zgyyqRWj18
764,6qDZtCVc4ohpOHvjphGUul
765,6E6R7eoL8tFYOITeJ9AaSi
766,6hITEtSKAzhsz5ZcTphgQp
767,0OrqCASH4XfuWOWLtWRF71
768,1yEzWCIc2MUt9Fw1p25YUo
769,0KO0zKPcoylFBbEkOXMowi
770,0fRFnPHhstEl5E96txrlRx
771,5m9FXHsmRnvm4cHogztj7D
772,18OdfcIf5JEpH6my78QbSH
773,7ETjhPaIU4UmHOiimJBZz9
774,4o8STNAL91xc7EvuvqSKk1
775,34RL51jPhxBs95kRBZsA51
776,6cXnKv3tptzB1fuGkY1HMe
777,1e42ts0E2wIFxCZUEzRAHI
778,1PVWfcuuWkhiFgClVf40cF
779,34xEPYFuiAKdvDzswnIHPn
780,7eDZRwoLnq7pRGQ79gvqLe
781,1rJLCC345BGI3UKB3my4oF
782,06kMGyiybLptwh9hkmhsV5
783,5VqxarRFLanDZWPavw1FXE
784,2bEHGkIo6fr5KajwtsPIBG
785,5Ef2jAFk5vIY9upkqPxbgm
786,3pKoT2X05MXs1dT2NTYIP6
787,6mCActpiSGi6BeGzRKPyov
788,6AkKnMhTwZz0Kba9lHiwl5
789,61Z3mcliFilOIZ21fXwTfF
790,6XBESVu7z0o2UTsCXLhbx9
791,6g07pGLohIi4rVWByiR2uG
792,6AJrjScRxKAzfImtWbCIaM
793,0vxQelUHJWZ8WquAv39uVu
794,2P3gWTmmStZrKJIR0sU6jH
795,3DjkcowCEpxQJHwFDAX7hE
796,6fcvo9Gfgx5V4XfMbWtUOZ
797,0KubS0TAsHqlIjlakDVCnU
798,1EOOXpNKGzXP1n1XDSIaJz
799,1n0UUVUi4OzfjJEtuBKWfL
800,0KDJKtdAW5QFqq9NgZtnw8
801,30E9cJ4IjkLFPDPGlQNXF4
802,0fCjQx9nAA512CPcH8AXfX
803,5XV9k7ga0d2qiwyC6VtPJu
804,5ScI1PgM1koMAdS7Thad1n
805,6oSPtXd7DNRFEIHR45tNaY
806,2bqJlYb6t4lXKGB4Xd4TjK
807,6v1TjiQW0WHuRWhFzUJ9UG
808,1j6WguS5MsrJ1NGGT2EgYd
809,177Mq38qPBWmT7p9TG0yBt
810,1UjTuHqizXb8woIYq2YXkj
811,0ZhwjSovRmeXfoOKVItfhS
812,2nNP17vfnfwHOWcaMIPEgS
813,5G23eiMszym4X0ngDTyhy0
814,3PgighK4gF2vYaPtjIpzuv
815,5QbV0aJmUM3kv2Uilpreo4
816,2H3RuxjFDofH7r8aBF7EPQ
817,4xQO8MVtFZOW2KJMBuAB2p
818,0o49orLLQ21HXsrCNxgaPE
819,2g7CcEEAGuQIDEYasu4QUX
820,168he7WtUMNbC2S82sWtbW
821,1x5tchYUFLVhhbgQSCLQ3Z
822,1Dy4LJG6uP0QdNzzLhhMeo
823,1yGy4UE9OVmj7KbfJOpLo9
824,5k1oedipBfVTJurkhXWWb7
825,2z5IiL4vmEueQZQc5okerD
826,3J71WHeltpl32eh26tSl2B
827,7Ggjpot1h2KqHLsKGhgGH2
828,0a0eodn9PI14BAY3pHIk9Z
829,2rprFWFzmQAbdVJWXsLXzq
830,1p5K9nKg4bfGH8SWCdJBk6
831,3yBYqhNR8VV5W24LLUa9YF
832,0J6LNjtX37SlLbfnQKcmMW
833,68Jm1C38sqCoERQHre0FKa
834,24b8gSiQEgo1XFdwM04AbX
835,3vb5lvkcPUl2SODaTUHSKO
836,7l0bnCEWscvDZK8dEcQyb5
837,0FPRST2HQQqKSUtnI8hkrG
838,2MV2z97rQ3OKlz8ReWFA2U
839,5nMTWDeBtWEaeJbejhu7Jp
840,7nTNse2hcRGNZEQHgRvtSM
841,4iKSTg0NgbHY3zSOnV6KSE
842,1Ie2BM0C7UyK1Wl9TX5px9
843,4LCOHlJqbILfOrYvAdgJbs
844,1oqntrJd7Spdpi2ywDX7Wq
845,2Yyy9oYLqfeU6ZblyOWftN
846,2TktkzfozZifbQhXjT6I33
847,7gV1zebrMOl5UZae3eFqJv
848,3VwRquI06Imdj7namX2R1O
849,4LX1UlvBCZhwVMFeM2kSgA
850,5j0t0kyH9anrDZKqDmeNeW
851,6dkdR0K82esPp6Sp05PdNn
852,6QpTxZ772Vb1zbDzxnzzov
853,5l8WdUKlJ6Yam2gL2PXMap
854,01T0m32L0lgGS8EJTbN26x
855,5wb3SqBGTCxtichIoOvxQC
856,7CkakKyTeK3jRzh5Yg9jhW
857,5hNoGsyP4j6nxG2XHyY7Iy
858,4RDHslqg0Gaayq7wgN4IyJ
859,7aMD3CyGs4785BUL3MgLwT
860,365Regu7P3LBlMH0rzn7kj
861,38YIVd2j059Pn1WuDXq4fS
862,5WphpP2LlqR9ag6TG2oz7M
863,6zXkq6lzBIe5yDUwB2iBfH
864,6xZJiHIciyWyXLYn9k0Lpl
865,2MQKz1L6RVedUv9xeSxty8
866,5wXrQgeZtaMoA7ZWgPDsPn
867,6QxfEP6lLniP5LxS2y1HNu
868,5acyssLFZLOxPfp5YK1E2a
869,1cLggj9GeOQasw7NaT0dBM
870,2sgpw9EJQK23sdaIZmTKf6
871,5mJ9hagt1Vg2mBw9twdS7X
872,3iUZ4eT5W3nnYhh6JRqQu3
873,4I8ATtKjqwp7o3O2AzAmKr
874,42E9jnRWssvI9Fxun5xTpi
875,4JmzlbP2sBIXe5G7UQl5nC
876,1k53W2iyj3gLhXvqfufafv
877,10Hb1MlXsnI7Yi936C97NA
878,5XDGy76kcOMDr7GOyz8CTG
879,7f5R6qMw8YkgkP2sSPFvya
880,25bbYzBwA2LlvTX4XLEjOg
881,6c2qCpSjexlM9HYg9TnFFt
882,6q7ONbb5krS1Knj4r5Xly1
883,66fSAJw0WqKij94Nuaw5EV
884,7CS3CLkD0c4MlP6H9BXgV8
885,1ZO4Urw61pLwo0exUn6gE1
886,2oHcWtwRY6IEiKHCPrN5Ji
887,5yWCvezVrYmyX6FbvfL1qw
888,76qB2ZEZlEJAMqMqUjKusp
889,5sZ0zO1ARBAAZb49eUOtUw
890,6LEIgMnoxIagupjXbC6ehm
891,12dgNfCf41xfNFefmI0Vu2
892,3G7PNllAYHdYYRhjgtrPyZ
893,1bMPJm20O5ScwekjSJkM1G
894,2uRjWqLmIwrKqGN6ja1ZJd
895,30Gk2tT2ZbaSLZ7qowNLEP
896,0ObLsZjlidrGPjnwGGC3NH
897,07hZB6DAnaoVuJRyv34IBn
898,6m7QkY7bEXBb70IEd5k5X1
899,0Q6GLwSQEk6707fHNth8rw
900,0MEvJkkyhAcckyWkVksbzI
901,5JieknIcLA4jxLNGp0bUZi
902,7yuX2OzkFAm6eKOj2AnL1R
903,6IsnrcSZvmmd5db8QpQb91
904,2MO1TDjbSbaN1yiSw7ZYh5
905,0yiLXEbaddMJKXZfUtNPR2
906,0TomvJ50oY76FG4E8aZPii
907,3faZBmtDkJD1Ws1kmZ5pqt
908,2xMc8T9HiRQsOwWOe5IZG3
909,1kB6Dtnlt0NOLoi8C4kyVq
910,4eZPq8FQgqsfF3Z1ItuHon
911,32sVvnnMdepytsjKtzWJVO
912,2nLoZlW9R3CMmQVSuxo0zZ
913,5IOLaZLFnrBIjZImSS1E1u
914,37FhgBYZizPXUhn2pJmuS3
915,52mL3BbO3vwRq6sOAkXQLP
916,5fe5B0H6S9Lz1wYDUS198I
917,6Ra9rOrbgzEzzrDM2MNxIy
918,3wXd4lMH9wJxz7XWJ9TdbK
919,4MDWsdPIrpWSqcDoUTJY7E
920,0FFGSas4AkG7jGlgJAelul
921,6cEcJLJuVI6Vs62PlvFi0s
922,1WpWRN46t4daKep5uUMX4W
923,6jT2JM6HqbqIkDxcKhWpx7
924,63eociIYMicbCrwXYxxhOQ
925,4GIWnfgUlTNVtHDTrZDSFd
926,0pICZdvpU5jXFncFW9l5WZ
927,1fEGtTZjrjJW8eUeewnNJR
928,2YidwKxxvdb8jJcKhw4din
929,2DJ8hgvavT2SW6sRQxzJiR
930,3cW2wYPXTBFi7gXIEPruqq
931,2aXC9hhWjfoPJH95wIp8ek
932,5qTKf10RbY69cs1CuMCsZw
933,3VAjEWSBA8Lpmx0t2iRqr4
934,5F84K2ltGbHKMYbmujjt8W
935,2XaBXKVDKg6CIwsWIRzFCg
936,0k3yajjoN6uZINmPe2uKrt
937,3d2urWLIqtuOgBWt0jvbGm
938,0b9SN3AOmMPXYLQSqg6Zn1
939,7AwsFpSKXnW3IPEHFxktzL
940,0HdNxQW0PNLrccrqnEwxlO
941,12lFRBA8trWYDu3kI7UiPg
942,5TICk0rfgLn67MEIHWjur2
943,2jrmiji7m0zTG6lmtIlSpo
944,4LThFOso6YeLtjG6TZUOdh
945,5YuPvQxMp03UvRd6xcUq8D
946,7Ao91AycuPIRRj4mFwknbT
947,5tVYmyLGmwJAdyXOGAKdHI
948,3CtczN2iribtd5assW44kv
949,5tcrN9LYb0Tz4azjegjIuG
950,2eLRHyyqMmw1niVwgfIdF3
951,6FYwpOqforA2xLMOwjDs2c
952,6w9rp9veLBhXEYkxxMqmW9
953,2WTSXpN4JgrVQHbx9QePPH
954,74ELSqXSzjOlUThn7PrYpR
955,4K2IFopmzUdXSnvZzlAEY0
956,6lyfkj5twIClusSYWBiQW9
957,3vn8mkGNl62j3Amny9vcwT
958,45NhEzSuvE5M5i3cYwphuL
959,5PHCSm8zblG7sgJOsItdpT
960,29CyIUOp5me8AVAssmPBko
961,5bf8zydPvUo19fhjAk8zFF
962,1I3NF6nXQa2bmiNDIotGtT
963,1V34QucIbEs3XUi7SolWQE
964,5RguLnt24yQTd2xkuxUI99
965,1Rp24znByAhS8OFTsg698V
966,3DmHaJ9zYKj5Snos05lkVF
967,7xq6AWv1SbPsn0wUOyISH7
968,4mvgibxf0fy0jfOoFAC8p3
969,5ekZc02jzXbWCC0RClLewp
970,3fMt2RkAuLUc4m1yQkC71G
971,4VD6EpiLYreXvzz1nRUqIc
972,3u0AaJJk62n9bIKUIq5n4r
973,03atDbcKiQp96Fm6Ut6l18
974,7kUGed0SX7VAKbSuCZO336
975,3sxUm18yPkjuF9xcZuRvbP
976,5jMHhjn0ijWcz1WapsnoHb
977,6V5nMvQwsiyW7rEyZq3gfQ
978,4uUOeTMhpqvKCjqLeK1eVg
979,0QkWikH5Z3U0f79T9iuF6c
980,6RErDMariUoam3dPCwBKuL
981,2qllQmgN72x0ko87MRM8lA
982,1JuHy82Wve8g4IPaffhnpV
983,1erXDiGCnmUQvG6DZRqpuM
984,5XBGxROlpdJYueRfu9C4hO
985,5S96nzXyrDBAwDNfgUwvWW
986,466i6NZOGCan5m2G25ooFi
987,0HLoIaoqbcjJ1HRva0lD1u
988,3JrIJVFcOFNZnhX4I69v8k
989,2X8dkNEf1T36Wp8pmRY8Vi
990,2S0sC4tLzRxLVpHMxiaYrU
991,22cAg9il6XcYPLffzJJkdr
992,2OY3IRUCV28JyWbq0RpyRU
993,0l7nhUzRG9132qe1wQpmGN
994,6KL31ExV7ARXMjr3n5L97m
995,1f9QIJMihUFhVaGCuWyqf3
996,0U8RgysgtcmDspseBI2nci
997,33CBQoqteNbLLOmFF8OvK9
998,1E2ackAfOEVZ3YcLexI2Fv
999,44rIZ49fnFvQp5IpazhGkA
1000,3LHGKHyy7eKbLh2nH7wENl
1001,5nvBbsER3AjvqnptLds8VP
1002,5LhZR2Z5k1Le6M2CdPqbrL
1003,3onIVZn7mbqg4qcifaEy9B
1004,1xUfLJ2xe0zABtlfcdjsAz
1005,1M8ELg8Fbte7AsJG6kCHXY
1006,0TP45A4DnZQQF9Q52UbQ8f
1007,14bK53FOW6YL2N0fuJCtQy
1008,3CssYDWBSBWeAE9wNE66JI
1009,2iPTESocncak2Q45oXzKOG
1010,6msaoWD649Be4wE3sr1hp6
1011,3q20AsugLFAHs38SfhukdD
1012,0Q1CDXQjd34ob1XZKaVaho
1013,39a5V6WFhZPgBXyn2KSiyf
1014,0w310cgQUPbxFNtKD9yom1
1015,6SHX15Pn6JJka6KHXqKQ7h
1016,3tzFdxMsk2Ri7j9bMUs1vW
1017,4HRGShV9ChUt6JunJMS4cU
1018,55QMVDU3ZuidrtCQiArb8D
1019,5WkCmwuqx4PW3mEExwrJJ8
1020,2SjbInZOBy88piAutg26wt
1021,2T3sGx3MhfVqu1VO4pahQK
1022,3ymGb0khyUQrb0JtmBOJjb
1023,5if1weme7ilpsEcIukuWav
1024,0AQPHMWr4IKHkmBt5h4vr3
1025,4Egv2x4ZRAvMXYvEyKnXgi
1026,6sJA9TKBgNpQsh7twUcymd
1027,5Loc647Jh7SZvQh2EoplAq
1028,3lFUWRBXd09cmstwfkSiQi
1029,6Pmfa4qGZBvAaftNzqydZX
1030,0nuVMyI2j1RrXgmbE9YQsU
1031,1PhtSfu80TR9JtPhKlLT89
1032,0mp4Q3PJyhDi1RiyCEFrDE
1033,5bAwGmGBgBGLQfZHUGo8Tb
1034,1wlt0w6g0m7oIwa7fR7ywz
1035,0iydTZZyGG8busIHM7Mewb
1036,5phBihccfj7DPE3jOshcst
1037,5d36NMKgnCZ9QemhYY1F3w
1038,4klTfJcInPkoJ0SSBjhd0R
1039,6dv99Xm7fEjm7K1ATHj1UG
1040,2JgSxQenl3eRwewgBUWyKU
1041,2cSXhmzogOuEpRmHnMmlxM
1042,0LncTjpmLHn86PYGmWAoVf
1043,0aPaGIX2QIMAH5SMp0VEMe
1044,0I43ju6kU6lWOyElMDJEj9
1045,5p664mWVvQHVexRJLDRZYY
1046,4YnnkSlDTmGknMFtxLINIr
1047,1xkzb5Iztkkur7dYQ8P629
1048,00wFiUqmBzPY2MsyUgYgs5
1049,2Nn3Vqa9Rvuo2fUmgiuVkO
1050,3AMF16VkrYAOcLC3Q26f5t
1051,65kTNYgCxpGWPQ1M89BCfc
1052,0xyG5g6NjLApChD88gkD3v
1053,16DShORQTOeR3Y3hpe05mZ
1054,6iF5MCh63R0Kcd9L4WOzH1
1055,4xekeMdr1mzuvWaG1fPNN4
1056,4cO5nfMKFP3T6kQKcFA8dD
1057,1NnN0eOIvbpCnPLEvmRVCb
1058,0gSsHc28npHrYSNzSvqw4A
1059,39zhsQ2xYfNVDFRCgOvYwB
1060,0TD8bruIFphm8aYS3rgmsc
1061,36o6iGxPTK7y7mF5v06ZXZ
1062,2gbJBL8vlG4j8XuTnmsXnq
1063,4TlBFROphRUym3yfgnPTlI
1064,2mERy6vzpY887T4ByvNPLN
1065,6uLkodQp366O54RCOM0TvZ
1066,49c3t8I2BKjBHtb78mUQLB
1067,68EKUNtzGVapUS30PJDVKs
1068,1RMRqxwt9F3ndLDqA0hy4c
1069,4LMDA7uKikuIOiIzDlGKkG
1070,1lau3YkIsPOaAw3FPlCRkA
1071,62uYBzWnNZQC57wazPwahz
1072,40SUxiY41WsaUJETqcUUAF
1073,6yrd6jO9PU68jsyUEgUk9m
1074,1a9EyBydOYhE7SGSodUIjP
1075,2zyNHXpo2yZzK4WCcMuE6x
1076,0pGZAz4G5YbUHQZIAdXylk
1077,5JEM7lT9uSyhUsKFXwGfSm
1078,1BAfRj0UYqs0ojWs63EgCp
1079,7u8bW3GlmBkKgWbTYIc07S
1080,5lXi3w8XDMAH5s17M41Fic
1081,0ONObdyUbP6qSx6VCNKWPI
1082,7k59hqX2ZgXB3gwO1cQ2dZ
1083,1skJD1OtyjmaQ6qdyilYKo
1084,2LbY1PUkCl5qx0xFPLTxp2
1085,7MfSEgu4bBcRF9vUM2SMAV
1086,3HgYagefLB22juIOQUo2KC
1087,1ggUqqM9pW2PkgGE8vs0mQ
1088,1LhLQL0c17a5d9K96A4QCW
1089,4lqUl6vdwgTrj8TP81rlhD
1090,5EPQbU0wk70Btiu9onZR48
1091,5lf909RKzlD0c2rHGDcqkU
1092,0d3Y9yuUwnq3jHTPRyw3io
1093,5TZ6UawUC6SSAaliivblwx
1094,0Tbds0X7yVxZdzmk9x1lNf
1095,0TIfMyq3MtmQhNJVXJKcJP
1096,6OA1nMoJ0C7AXDmDDHCOHw
1097,5v3bmKQPrXMcizqszs6Onf
1098,5xlGt0tjMv0he9oq2nYIuR
1099,22hsviodhgFNxRgXWoluLR
1100,1gXFwNxXRRYStJPQmpLDm7
1101,0HPO4omVPNcTEIUe9FgBwY
1102,79Qk5aQBrcHrCNp4wfBQyI
1103,4HlUH6aA6XyYvGZUO9HHHB
1104,75jqKUwTZo2UtqW7xAzIni
1105,60ggznRBDktQiLjC5760JS
1106,1EKby88OM2q38KeAOr7MrS
1107,2qn2J6gebypoSOMzxwhKZc
1108,6M0S4LCNRQiUHa4Qg1Fn4o
1109,1TdWp0nj0GnggsW2WXzzVe
1110,5x2PBjiK66hIWvyuOVl5qt
1111,2a82BYVHnNpZzHVdq61XIt
1112,5h5HQYQ7NCC8RN4130RsKL
1113,5MqFJxMwbZ5nyNogTDVTeL
1114,2YqA1ZZ62XKJry0BoQwNSx
1115,1gI0kwbUFqO3tjEIWcTB5U
1116,1hV2cORlQzKWYp38O9yC0v
1117,6nNW1YsepRMkLGfH74B6Fb
1118,7mph7O5E7n3wKJcy2jNx0w
1119,6ZoCBDOB308GqUdt2AJrV2
1120,4IbaTg960NPypR52S1PsZx
1121,0YlJ9YScYJgiYKS5PxuDeQ
1122,4d6uO2yClkj4FHUOsOnPMX
1123,4RodSqjEPUdbp68SQVpalX
1124,6FOok1AQJzMWocgx6exujI
1125,2IROQptdpKKYKsShaWij93
1126,0l4CWlipuaIS4vzsNNWC4V
1127,3qFRAWhWy0f2O5KIVmd6im
1128,18bZGZU0wZ2lV1SEDoXqqr
1129,49OFeEXDprG2QvoTcrneZR
1130,3BWqnnbApzo0Djm6PuxjCs
1131,1bYItjcPRtxZs6Ir71O5RB
1132,0iX7rpfQC9V0cW8SpFoXO7
1133,3pp4T5WWhalBxNKWijBbHA
1134,1nuEmRY3qzQTAeT43PPsQc
1135,4KUTGzToT4a4Ktk9VTBTkH
1136,5kPETRKq4C4z6zaYp5zdVp
1137,2QVdAoBHUQ1nCFXkRqiwyP
1138,13vWmkOvs9QZnvLOEuWEeJ
1139,0P3zuQ8l5QowgBly7uuAwg
1140,2Q5ev5R0DDtpVepZzwh1XS
1141,4zjNLC5n6IZOmIDrDiWoCc
1142,6HMJztEGXVZgkPICDvH2yx
1143,5vjaHf2AOutl8sG9KXmCWb
1144,5eQpNu5uHTmMSCmwLmABnD
1145,4YAbSGg93vnCfTakr7KcmW
1146,2adbJ0PZgtgLivaeUdXPY9
1147,3iXKSnl6hmYyn89qUFuiLz
1148,3iZ20CG7cZ9t6slooasYvV
1149,1O939F9b5Vl0owX9YWCVrC
1150,4d48Ffw2t0eGqWwyswMawT
1151,70fKEAD2cTXLXi4jS5tnXc
1152,12Fcxp4OgVe3uG4QEL31ui
1153,2lH4MX29QLQd0CABeNSzMb
1154,5VM02FM6QoOLB5vo0Q89rE
1155,7ihUIkrW1ztBkEafGgDtGo
1156,3tBOduABygszf71Q5e8Rpk
1157,3C2cSsEoGQzI63eqzLoyAg
1158,5yzeBE4O1NV5sMm0GzbKYn
1159,4krcxjNBcI2b4IHgOo8Z5G
1160,24OzwJBCXWgxfPZG5dsfBf
1161,5jXaJIBwA5SCnHOc18fAFk
1162,5cXZLuDHa4GMgWn3DrakKc
1163,2GrUjAx5OMn1gkobgupbfZ
1164,5RxbwpRgKqY3Ozc7PyAdnm
1165,06tqLw4yZclERCmX3AbeDd
1166,6BXk7QWsyImfjQOdhVs91h
1167,6yXWV4T9jCuVMCzkC0xyRi
1168,22haDWvw2a6XftvFHeiAqo
1169,1DDQc69wc2ltk56oe4GhBf
1170,6scsl6l5Sqyx7j0BRdvsJR
1171,5RbnGNeNihQW1OMSogPpZ4
1172,3jcMkuNGMExEorJSML33D9
1173,1AmXcSfXAxXVL3p36eZtPk
1174,3Uo9e1WaAuk4CEcSWIKxuj
1175,06o6dZ9ekqfEvQNRePKoZg
1176,3MWdMCAIFPzcIUdiEi8Pao
1177,1tnOuiBjZeLXEN71ZKtKtu
1178,0Jl3rJ8cngPViIqvjq5t94
1179,7wbvNm6gA23RjhDKDjT5w8
1180,0RDvBaQcLVN6cEEJwJTX9Q
1181,4Bka1GmAS5nRUkwYs1s0y9
1182,3z6Jx4TQyGa0EQOrkQCVBq
1183,0KJYctAbE4oxmSwE0b3HYj
1184,2RWQocwO9CRJL617lTZ5fi
1185,5M67k54BVUDADZPryaqV1y
1186,3tbzpdCs8QKZSe28uPJyaQ
1187,5g6sqVUlucCdVpQbijpZcz
1188,4BRkPBUxOYffM2QXVlq7aC
1189,2P9QgMKJTFXQVLcipePGAO
1190,6KbOZuVqlTxrnsu6DuAs76
1191,6XY5BunPlUc7OlzKxFpnx5
1192,6xjNioXsWUYOduKYUrjuEX
1193,3sZaJbBxQuOcpZiBX7OFCL
1194,2FRsZLQcMShPfR6IU2pnhD
1195,1EKUaMdTMQhDMUsbxA1J0J
1196,16D7vwG8vCEWferlmVZbEP
1197,1K1nh7dqVsbgwNHpJ3nJaQ
1198,3M8r3PzKmL0G87N9KlcAlY
1199,0dSToDG0uT4NgF5qjckJtA
1200,4HaMXBKZa59l6MnyhLK6Bw
1201,1Qw1jQSq89b63RA913gYS1
1202,1jML613V7dIWv79HfuGpOT
1203,3dkpN3rQDyMHrJUoPwlIx3
1204,3pQRE5ODheILHb8we6P7Xd
1205,2ZmRV2GgiaKSsyxglcJgDg
1206,0wTfrDYntTLsYJ37t3UxkH
1207,0PiqQvwJA1TiOFIjmG58rS
1208,4gY8QjkpYEGrAr8PtKWJrG
1209,3cRZD2Kih52tEI1YuFPgKv
1210,70xuJso8DCqPrrxaRwTCXP
1211,0RClQTfWcbBjKOwQOVZ8Pg
1212,1ntT3bRmu0k47djxekVLVC
1213,20nqcQ99FTdmW33FHBcfFh
1214,5ZthluiElC9ZeBNb62f9mu
1215,1huSuxM8XYWW1O9SKcMCs1
1216,77ALeerey6hLSJuC1drwho
1217,2yckc5Rgjq8YVILOywrw58
1218,5PnbRlqlnkxfQKOANnteEb
1219,1kbho8NtjUPLSbtnAUG11A
1220,1tZbQhl3jPV2KhGb0CwqSD
1221,2pIvYHKze3nu13DrR58pL0
1222,4chUb38ZUuvL1OST3aa063
1223,6LzaOHcoBgosdmrjjzCpEh
1224,0C5X13kSP9QTUWQgitMVJx
1225,2vqF5RcrJwtTjVnovCmLHe
1226,2fyb8hfTzZFZDMCIZph54r
1227,1b2LwAZtVz0116OhRPIFsX
1228,3fsPD07oy4Desemhtc0N9T
1229,6GJbAQ5zOYmKpnZWLQGyjd
1230,5VB8Djt9hb5x5QJ2MmwVgC
1231,6nZNfzQAsoyZFQnzzzDSpj
1232,2MuTI2cn3WSR3qyxy6aZw8
1233,60sxanUUz1xmUAGIfEdQVM
1234,38ex27W7uuqGLpA8uON7NE
1235,6LrW1jwqenkJInF71DqVL7
1236,5qhtdHmxEtZSEM1H7rn8Mj
1237,5BquOJwWEEJMGqXsUNWjHu
1238,7of3zsYem3YDWQLSkhDZTn
1239,61X6gnN5a2fJogo3rqdH2o
1240,0IYffzxD56Gm894SwbtJRW
1241,4m8ttWM8IKXyhpv89E867J
1242,4ZHOymknZJUX76edfDGTTP
1243,5xIRnKHAhoAlOOM5fPENBY
1244,7hWpV0TC3YzidJiwascZva
1245,0a5DUrb14MHxIcltFcu0na
1246,6oOJL3xj8zRz6URS0SwlXC
1247,3RRRR8ZnOLigdCukAfTzkY
1248,7fDl4zv4qyjVnD3E0N1Bd7
1249,5agWi0xnqABWE51rrBz9oz
1250,5ezwzNilZdbu28MsyvWfMn
1251,42aicYYY8atCDSCeWT8fOh
1252,0c2hBU9wHSo2CwIJu2JKPu
1253,1fzCHbiO69bjltm3KV7Y7m
1254,61Jvd3PkYluhrVOs9qochT
1255,19QTLkEZ7UEOSqSj8i636O
1256,7nuTwdwHXg4zqb7AXUCHeK
1257,4Wx9Mqd2BFKWYqDOrKb2B7
1258,6LMPlg1D9SNpqdXzy3ZzKe
1259,1oefqWAZY5GitiTNc2yjJZ
1260,6JVnJy9oZT10RrZF7zjJN2
1261,2IvYUTsRCivlheereaqACw
1262,0EhED1BSd0VVcQICHSbdHJ
1263,6RtAT0GpcoBGSd5Q2OXQ8n
1264,5H2s8XZ93h06pdyfEXIaT3
1265,3MUo3I8wE7yOyYuu7p6vwr
1266,0s1BcDpeQQhDCvtDrCnPAT
1267,62QKjGB7gYLqK6Juyf7EpC
1268,1BECwm5qkaBwlbfo4kpYx8
1269,7AuE07zTqtlZ7lC18plb1d
1270,5UdVhXDevWi3DNGf58V8mj
1271,34IIktVCLfkbysTSYcKo3k
1272,4ZNq2Zek3G6qkYtk4lZX4f
1273,6XQPsM0h33SehmmqhXwOdr
1274,5Vci63BN43Pa0CRRWm4BSm
1275,1LJt5Zl8pRGG1W0avDWNAe
1276,3Qkf2uPVdUGbKSGwhNvXMN
1277,0ZabtZlw3tAdPzKLX75zEf
1278,4m4XQfjhxm5lV7AT38aeK1
1279,4IHv8y8KxnuXPRMsF6twiE
1280,5h3lpKlRWyhKwplewjJPmg
1281,5uetNbm1FlJdxsqigbMSB8
1282,5QanV13L7LCeG2WJHln5go
1283,1fi9Y0Mc7VM8zIj7xbQuxb
1284,2FbRqjElIz5z5Dc69DoBS9
1285,55lGZhsPzvFNvdbBetbhjS
1286,4Ww5t3HTZos9kvCbRzJLfg
1287,5IqCQh8hh8F53Wz0LyWFiw
1288,3QIPgdsvQpX6caei3iNJCe
1289,0hDkiLVNvtOw1Ljy8i7uGK
1290,56DxR1jHbX6xlGwZdUuN0v
1291,0JP0Rpqnmllnk2QQ5L8h8O
1292,16te4csxPeZbGxJqNTre2K
1293,45uDuLnPNh8XIBM056RMXZ
1294,2neMQfiGrFXt2vKgvV8Yid
1295,3oTiIGIgmjdavBHdsUrY1M
1296,2uPeOsV4n5QcwPRWAS7TIk
1297,3SwLzrHK2Q6hp016SEjoSR
1298,6W7ztLBiRzBN46ZaPAcQ0F
1299,4RuzWq6KUHCVowGLseY1gS
1300,7IerUPqxU6Fp69S9UDCOQm
1301,7lR681gCdubcd1wWVsHq7Y
1302,7I2TMT8vOsdxcxFPR1DLKe
1303,5MUj82JuRoFa6Tbmo2AjAK
1304,5FA7eaUzpbG8qEspayX1Nj
1305,4tELPC3XSTG4KXntjidNfZ
1306,0qy8jS9A6tdQINwH8roSol
1307,2TABbRP88qHAyEWyaaxS1m
1308,10jYaeQm7dSSU9zmp0VMC7
1309,1DgvzZaNoleVLiUuZA4266
1310,1syyFryVO08JZgEXbqPSZ0
1311,3uCXarDsIYEJ6noaI64jhW
1312,1G2pgZK8sNtDKspVYF1Igu
1313,3Y38zzhKEvoZeWONUewG1f
1314,2hJj4BdCUJxBETb9OWP9nV
1315,4HjlMGS3tox6kQLh8aHr4k
1316,75t47SFooNeyY2dcNTevT6
1317,7LDa61MEoQEeKKolxn4tgE
1318,6KofjaI6WHZTmJXrX1dzvQ
1319,6MeRDLBZfPRZudEmJhbuj6
1320,1fBXJ5r7mVNhYpKDEDlgdL
1321,14T52bJBpDz6ibBOE7SkIe
1322,1cxjGdsHJn2vo17AbWLFzu
1323,5NlX8vTsbtMT9N5mo0Jkdv
1324,16zrKt3cbtm58rPhj1Mr7X
1325,5qeVPSifhaCRQsafuyVeOq
1326,7xQrub7aoZq4rDA4ywB6yY
1327,7ExIAULxz8L1mWrqq4YpKF
1328,5tlvJgAnTAGRcipGjPftbO
1329,4HsNKsP8mw248PYNhdNVP0
1330,3PEj9LyruwMt3UOlEMfomR
1331,6hwYK8vW01GBAmS8oKnFWE
1332,31dEh1OeZGv61RZzDIixue
1333,4ZzucEihm5s3IlMZIvN9Gr
1334,1NvoL1AgMb4M5UfLMBYJjX
1335,1snr0ErxHoWKBj7TrM0fWR
1336,0ryT1DqrtewHxdIEAy6QVn
1337,1hq5WSZPPmGbyK6dtIKTCz
1338,4CIIRs1xsuzFUdxSIV72ir
1339,6vP58GXFuniePZLJkJzk0g
1340,181ZZJGGKvWq7XOu18NgPI
1341,76EiUa4y7K6mZRluDaTIEW
1342,7gfLTck0F9NdwXgcYuxbGj
1343,1tLmp8dEhaHvU0jm2aG6sS
1344,0kO8p828zRFCZ3EkligNgF
1345,0tXV3hWUn12l0TPTRKJnal
1346,3ZqjDpr3qCZnZBPcd0Hpj2
1347,24LMNU4WHIpy4utQuuFU3I
1348,66hAuG73iyknIMW4icfEGg
1349,0MsTBo22VnoJsz9hmJ1y8Z
1350,5bhtrM0F5Pgsxqq5aoEYZe
1351,4KiVBzH3BKhZ4Tni0Vw3N9
1352,0PSUO24TEp0CxtHAWhzfdR
1353,7nfnYOCI76Wqk5jzrhQh9u
1354,5zh96qNYrilrY5M2EWchmz
1355,2ESLMbPeX4ETMZb44vJGLk
1356,3NfcUPArSZXPZjdPY5AQ1X
1357,45VeioUEsdDFRm4VP89ZsR
1358,1a9cCw4myeePLSZ0qzXYbN
1359,1qLq8xStj08zyz2ZyG2wv6
1360,7L4AtavGZEEDkVw1E0mDYn
1361,44xf5WpRKDn4Jd0jj1I51v
1362,1yBa6FlNKmE9tRkeCF50OV
1363,7dMdBYzbW68Prc6NyVifSD
1364,3Keul7V4tLUmyPoUQ2VRWh
1365,7uZXskD6aRg3eOVaZuJXV2
1366,0WkJWnMCumm1fnFscdY7Rw
1367,2py6oWxqs8KTSoa3R1GcWS
1368,0TlLq3lA83rQOYtrqBqSct
1369,7w17TLhBhfgIpLw6ZY9VaN
1370,6CWMlAZzYIF50NT2nsX3iC
1371,70R1OmhJ02GBg3KdQGRnL4
1372,3tMG43tbH1CTpdQDgXnYKv
1373,2Q2QaeGLf2TC3czLKwv2P9
1374,2LqlhqFm6R4b455OGfsU81
1375,30dpUA8tL26J19SAFp3h8M
1376,50iEiLw1lFJsKtyAspqiWO
1377,1lgcCq0fspJTIDzMCSfanM
1378,0JCyON2jbS5LGEztk1lybu
1379,1J8j3IeJz1HXoHF59LoP4h
1380,46ITAa2MkDCQQQbVJv1cTN
1381,4cWY120TnDEkeGVEtyQfG5
1382,0P9FE35RpBfkRcIK7EqCmD
1383,3sY3ukQyUC45TcG7BOayxU
1384,5K6VBGRvIcweBIrMVjs6Kh
1385,2sjD7g9fYJUbPV8K8YfH6y
1386,2tPzQueGEjxjmBvJrYe02u
1387,3n2fsUX2DjeZJt52nmHWVZ
1388,7zuUpOlJ2eADrz6CfMGHeg
1389,3wqmISVn02RtqrCFYZj2o7
1390,1fSdAkbofT03q7ddO2jdss
1391,3jM9VzF2d1AMUyTD8sTmPu
1392,6yIIGdjD5ZNbaoZqN48P4e
1393,748mdHapucXQri7IAO8yFK
1394,5lc4VAlrIXp4dGqL8gSt4t
1395,2STkc00iuqvQ2R2ZX9ZUqS
1396,5K1sQfVeNzfEWxp4PMgigJ
1397,586rbPUd9rD2vdgj4wCesx
1398,4lPH07SiK74492XsLqLRWt
1399,12QltmOoyrHajIiYjw3ozT
1400,6sq571KjQyL7R9t8mvn23U
1401,2mxBOb8OJa9VaYT454hKvD
1402,0cge96qsW6ifXppeiiRIGd
1403,77IiJTsvusdlhdnCx5VHqr
1404,6zAKerAfrT4R6xQxEiy1Q0
1405,7xgdajjiaetOcXNu787u0l
1406,6fXesHsuCFf80vYzDP26J5
1407,6LhXQZ3tyooLASS2yJa5oe
1408,1hL4kttOX5YujbIXQu1VEK
1409,12S9DswoCiJkA7OH7YFmaX
1410,27fwhA4GgzpwbbGMByhPWN
1411,0a9J9Yik7jypYDS12eTkVF
1412,47Cs25smOXKHSkojMdb7id
1413,3yVZ1K3dssNoaBQF8ukj0A
1414,30Zcjs7pgEkmJA1lEbGSWT
1415,2Opas7pL5kpV7uEl5FQACD
1416,2TCpNCWNVHZyleTGfBlpv2
1417,1t2f8vCIkq7CRUDiTY3YRK
1418,3HIvUCPsvELgIW7GNrXyK5
1419,2aASagDwammft4xpHgRquF
1420,2QDOXUWwkdBtkv6visYgCl
1421,0TevBnk5pL8DEqKixmcgt9
1422,0VXqcz7c0rRnshrCUzhjTS
1423,5AAAlw8JA8dRJenfQnOjZA
1424,2BhkQtorT9Vka8GLUzUeH4
1425,6qBd5KW2pmpVfBuJkytHyi
1426,4ZlceKweWknGLY3qZwASJe
1427,4QyALKXmlNz0Op6ZfbwqtG
1428,3M0J5hXymCJCdQEZAhE3G4
1429,4p8ZzOdHp58cn6SKdrWKzU
1430,6A59QGP0Amg1SD8a0gtDxN
1431,6HuwtnWUE0Y7MKUvoOyb2F
1432,02q41w6xKVciY05blUymBC
1433,6iZPntlq4qz0gkDDV5bwQE
1434,5W7ZRrHu17gNRaAmdlQdpp
1435,3vXnnXluEiB3oc62q6QckE
1436,5efaUiI0kT5VRVdpS9Vct1
1437,15Rq754K9hUAh2ViuctqPu
1438,4vSF6WbV2dZmLDqbhBNNmk
1439,1Z2uybzhnaaxO198WTsWgw
1440,2lRETJsdBygk2oVWbPpSRV
1441,4ij8YroHm7qSeJmdXFnEwf
1442,5JA1NoVPk5BbuXbgNRHYm7
1443,79dUwxkcoIIrIMifvpmc6U
1444,57j9wUmiHxii7VpbAdSkPQ
1445,3DoVsoTmBNbPUIEZPNE1JX
1446,4hh6y7sl0f1EvJMcXA6MVE
1447,7ca5UV2hg1TtD1WWDbx3DI
1448,5LowUYNUJmSvIHeUaeiKa2
1449,6gEx9xIjbg6Xxx6dUfBB6v
1450,1wkzlB1FK0uw41LxdS0wpW
1451,79TbiUxFgg5HBkeXbVrwQl
1452,1GqQyXJjWY23rHKAyQsJQI
1453,5vDSCCtn3kKNxXMUfsSvHL
1454,3fEEpRHgi3W7t9luyubu0Q
1455,4FRmTMCMBuPg7sa7mRMrtR
1456,5QLrhLAuoijtMS36sDsCwO
1457,0ryXyumxq76inPfvRb1aBR
1458,7xAeFTiG6bfdrQSwRNJLgH
1459,5ucMVqtHNRvmuDA5Hd9HIs
1460,0JJSikE2Jy2P6yXAVokble
1461,2Zc0LWdbVJq1XfP9PI6FTM
1462,6KYrKltfHYKnCySkpJ9nSl
1463,6fxbtIuYVYl37ynRqEfMcc
1464,7eWs7BP5L9C6vxvOtNX6ns
1465,1EA4vLgORAYD0NK2ea3KQD
1466,3iBUUXZpZWVkiyMjDWWQTz
1467,2bjS4PMu3V5SjK01nCKZOS
1468,3SDhOFZKprqee5ozU3nXjJ
1469,70zUEijuYRA9thn11rPY9x
1470,3LFY7Lte359FQo8mV8Uup1
1471,3zIfkiEhL7kwhoiDzhJGmQ
1472,1dDNMsuUwIWyhSXxocLc2X
1473,3uAN7G71iZl9zN8uxMRpKO
1474,6jhlfZrzOEN1nZGRyPM55G
1475,1Qlch9NbXXUJKJRW1q7pmf
1476,6Z5uMTvGg2aE7AcKV0Z8iV
1477,5YLMNZHCpOIXrhgmx0qUzC
1478,6n0IGLnlYkaheqLKHTV1n9
1479,2ekvSQupVG7X88fjjdYScf
1480,2tUWpiFVpox4xgYouw4BmD
1481,1JDfuIJEPZ8J8PJOicpmqs
1482,56hv7eAeJeFXHDRdEp59LB
1483,33QvQjz7vB6cIMJa6zK0XM
1484,0gOer9QfIQJFP8qbD0jnAN
1485,5mQlrRjlNhQvtaTJ0oT3e6
1486,56hSzdowMPzQh3s2otBC2z
1487,7hX7eBwnHnWlffpnsUw8y1
1488,3yoQUT0qlE5Hzd2tgKu4nm
1489,49raS3qP6N4CEeL6uXCsgo
1490,1FCIfJKAhTLqxy6re3qSUB
1491,5AkI3vPlYqAk0RJ07rhxq5
1492,3Xjeuf3Piqlpq0MkHWf05h
1493,1l1ra0gsPlpnDOc4HdkKZU
1494,5XsMz0YfEaHZE0MTb1aujs
1495,2jwDQ14Ojp9G5EKqrhCopU
1496,2H290QqaSys0Qy7eGzBzzp
1497,3h2fmfoOxyfjlT4KSsaU6w
1498,4P0DOvcLybCE4dbFXTrfYb
1499,5Wo3fgxTjDUHeAFxElpIyy
1500,2q2TmrRhxFGE7MQLEpCk3L
1501,3BDbjHW5CORcrRpY4wjlzK
1502,76RGC3Cln1i3VrjSrOEccG
1503,6cB3vItVXIBuaISFupejUJ
1504,1yoDG7W9YZIAy2ATQVgPPo
1505,5UUSzeG8VzcuiqaIVlCZPb
1506,1tQfkqWpEa8bYWrnmamsCP
1507,2jyug88jTHoIM7p91cMMZX
1508,6A9nyMBdNUzVcFHZUEZ71F
1509,4qbLOU1T7xgTH87eUSkvJ1
1510,2i3QZXk0q0KDHmaLRz7Xtk
1511,3Tq5nnE0LZKZOFdZdLd3mq
1512,2Slj5QuTQlHHIeHL8ZFfu5
1513,2raJmRQdpgSF6PiypmT3up
1514,4jKE2Fsgom24Er1DzUbI9p
1515,4ZmNfDu3R8P8KLlCMfQPuz
1516,2q9SlPgAt433MUYXrHt0eo
1517,5bw3ANysdLNdRl8wZfunVp
1518,5hLmTzCYcDgk5Xg65ZR1mv
1519,5pZRXiNvIWjtQCRgdRH1Zn
1520,5PK1JCSdr34gWgzYHgt3Jq
1521,1pNP05VHbB6HydT0v6DU72
1522,0R27nAo0BWm90ZxCLPCvhu
1523,5LfNWsrF0zLZpf0JlmuQNX
1524,1aggSZloUOTB3Y6vGMD8GS
1525,3I6wLxTqmxQs8Fjwg16zvS
1526,0BJHFunrXh8e7NFQzi8crG
1527,1Gfj1mlajfJoSrYEc1TiD6
1528,4HCJJSzw6laM0yKTZ6o4tZ
1529,3x6P3Ns05QPs23kI2z6Si6
1530,2heKZzGtXTfqAGehVbtoZM
1531,31M6cdfpw6thO1vnqBLReQ
1532,702FT0Ge4TD7rKcfR794k8
1533,6N9jgwdwNr0nEHL3UsfeNp
1534,4IWFK5utkTleWPxz7yN9Oc
1535,2wk5DHJasxFQWWVTbt13Lo
1536,6bY8YGVDEo4jFgGwU7M24R
1537,7c3H2Ykgmk7jrbOUPxwhp1
1538,4M3mWlCLPjK07ZIDoERlCS
1539,6OKTWrmQZaLLo99w5TuKkk
1540,2OFqPVwWQw2si7wFPLQpwO
1541,5GTno6TaJa3ucgMHzwkrYx
1542,77jYxJgVXL4O3n2OnJki4y
1543,4SipUsEJy0s7m3xH3UgsQG
1544,1W3fn5yDWhCWXwPGq1C7Ur
1545,6gsd69JfXkmO1RyGzsZNzS
1546,48JcGJUhSkq8zqYqyJ98Ik
1547,7wfGx8bfYFGA3Ongr3ZGia
1548,2M58KEeyU7hs2UvJJ2sWqw
1549,74sclXR0YV7ePqWatPbp0o
1550,0On7Hj3kjcABAY3UToGSzk
1551,07q6QTQXyPRCf7GbLakRPr
1552,7hlXiMxN81uctLsvbtHZ8x
1553,4gfNku202mtGx3DKf2Iutl
1554,6Yf2gjraeRyp6VLNvNwPkZ
1555,29C4RGTKL7NZf61Knn4UfQ
1556,66wWyNqzCHO6bsatKXjAxA
1557,3i4PAdcXRsJxwiI6Y0fjzC
1558,3irO47er87kdmsDzoxtzdC
1559,4WxDgkiqMlnfVGKp66SpEi
1560,6ryzreUu7YzUGjWNBpkPKp
1561,6Fu5PKmjNPPlJ33oM93I8D
1562,6auuNBQfob9Be3JQ2TZA86
1563,0SQFidfY8A7LRrJBQPR1Fd
1564,0RsjlHsbTmFqp1g5UtLvM3
1565,2Ojg7RTTwyZ9j8XKr9XxsU
1566,47kFKfanCFFZBEsvpUDrww
1567,5euA6jWw2BLqoNTxosilgE
1568,0ncwC9UeHlgZkzDUxwIEPs
1569,0qLS9RzDEroENDO5lho5eJ
1570,2ZRTzHmtm4jegPDDPQORoW
1571,0NSQDcPtDFCiE0c0NMP2el
1572,0iXsVKCG2jBREj9fSBffgy
1573,6QTPOQnpaBcqNmYmKr07TR
1574,4T90fwS4tw1Qlxige4a9mK
1575,1fY1qlEae7MPrrazzc1zCY
1576,1VLTwDHRsJ9jYXGMktz3zk
1577,5Wm23LheLpVeHtAjm3afgj
1578,4BHFcQ1bhsaIOYZWML91Dw
1579,3EMDdsBeyhlMV1ZX1Cwirx
1580,7kXo7sb4Lz9sBNW5KT8Zk7
1581,0ZYCzeWNepsmQhr9KkZTxO
1582,7HhY1LzD5QsuPlqcsIahen
1583,1eL2013AnPHdx7hZg13RBN
1584,0rDcDwHq62wSOffKdzKXt9
1585,6JpTwmAoU9d35Qv8sKTPoj
1586,2wmyK7qt2IwSLl34OFk432
1587,5Mr0Z0k3Ie46Gx3euxUL91
1588,5mvFg1U6LMGi741sB1BZcm
1589,2WoiuCKrkqWxasKY0YHdRq
1590,4CLhWKY5qdfWR8jRSmLLoR
1591,0RRTn5DMTQkFQE972mkF0S
1592,6eLYln3q12Pgvk8dulENYX
1593,0efgOu82LQWPSi0mEz9Fi9
1594,6lL2TL2OU5bNmAA6HEP61n
1595,6W5goeRZr1z7OwiSGu8wWj
1596,3dmfla1ME74G5GgVAAk4rl
1597,3b0u6uTv1NSErkEKj1JAJN
1598,2wY5AD0JnaANlabZbx2CFF
1599,2Y4z8V9hWZpgFRqhvXVXgD
1600,7jdyQcUVIoP7snchJV9s8X
1601,3FhWhVviAKz9rRCNLGeRVX
1602,1bX3phMuQSmIbPyj9qaIzO
1603,3jyYIM3HQxgH7nWE1smK0X
1604,7s5oX38qR15KuN9kOD8eyM
1605,4EfdlU5cRIx3qSV7jdObLf
1606,4kBT2pT0IBxDVWomLJECO8
1607,7BsMBMKFYR3CpGkxmBHYVe
1608,6axU2kItgEGSXqsOAIpMI4
1609,48h5Nifz3jGhdSvaIXrazl
1610,0HTFDQQb7auJ2dZwXtPK5e
1611,3JTAiYMIby5pLUjJCcuYSS
1612,5nsLvUjkuieHOsDyLuhel1
1613,1Oq4EnvvJdr9Vo2u16HanN
1614,1AuQWuuCWT1F90pcP6KK0O
1615,2Mm86MHz6BbVOZWQfC8heI
1616,4GW2SIyvB5fy8xtK1eO8PS
1617,2gQbziacJdb0siKzzKVrXY
1618,3UhLbKTnEqjRiZyKhzkRyD
1619,4YiN8r9SbCtvA11hLcWYl1
1620,4UJU5Q60ttr0hnI6lePPqX
1621,4dTC6SHxIibaRue2eKI2ai
1622,4Kjxumrq0eH0s172Kp1iSo
1623,769O71M6bzhU3ZXm1xF6VW
1624,7Hr6qjeI4F1f52j09STzyG
1625,1EA3SNnMg1qxtIsuYw47xl
1626,4NPJY8yFbu6YpgsgsKiEu1
1627,7BtjJpMWnGiRtK4EaH9ptF
1628,412dplYCVTifyo6AutPmSS
1629,1fQWzGVjNRoo8hJbNCKolK
1630,1gI1nC5E3ObyMtejdc8crP
1631,1WqEDEBc4i1C8AgcP7Jh17
1632,3IatbkULf8bi7bqZ0JuVdq
1633,6rCqME9Ffie6fqo79CCcuA
1634,54p4dGeXoSDubcKv0R68jb
1635,3mtUR8aNUoMblqX49YzVF3
1636,0bC2F8FCTw0nT1QVUMDTR3
1637,5u4PYu06hMUptv3pIbgi6C
1638,24VGSjZHYaIy6VJYjrBlQg
1639,4Hwc9qvhLrbE2xFhBLy8jt
1640,0mDeYFKMBIhjhwQOHF95nB
1641,17fTWqEqBg7c4xc3Y769Q9
1642,3EvYW3dFEhRXZImn8lgBMN
1643,2AMJD6X6JMCU0brzY3d7tP
1644,5B61uw0mhTOSekjGYlxLM9
1645,5qfQ5trXUryqYLbnPoeL26
1646,39u1h8QBdzCKAwH4vjR07g
1647,1ZJtBLJqUmRTW1d5OqwJd1
1648,75jfw2aZgYjwz6fqfcyXmz
1649,53HQgX3r7xQSfmCGNqecry
1650,07VlomRmLi9ZnBOIxNAqT1
1651,2D3mR6PUWzpvVN8AV3SQvx
1652,77ttV28dXdgEVlCQvcMPxb
1653,6VFcql89H9CWFdq63ocArD
1654,7grCg19KuAONo7Zg6zIHE7
1655,2zh3vPfNJFozhYEARdDmgP
1656,4AUmyNUCGemtEcOMTNlkNx
1657,2Uc8fsGe1IZ8Cbr5Qn3qEf
1658,4haHYLLF7qjZC3sovqHIyr
1659,5ugEkJcLbQrAkCN2kH7j8S
1660,1uWgKzm1q7VWiN9n6LQpl3
1661,5ngNINIcIhmY0BQH3vHepi
1662,7KqR40OgbdtzvMgXeyVe1f
1663,0NZbpmJyCsyQYqsnky0xFO
1664,2ovvpvMVd1ZcvP0qttCnDa
1665,2Gle7uL36Pg0FZKuNtW30v
1666,7tC0AjIzrRS18lO8kaZGuT
1667,1q1pDAxWCQHvsEVZb1IPpP
1668,0HNv8yA2ieKtEG9eOHADtn
1669,0YHHwYuLA0kEkV56moCNpU
1670,1XD8NBkptfaP8GVeDzCWSq
1671,5nB0zhMAdBf6vY9RxibRjI
1672,4wSh4yiUMTvXU18GUfLtcz
1673,1AFhpXt3ZLTVXal8q4VQcO
1674,6jVFvD6tpUGtlCGq9dw6F5
1675,3y4YUioQQVCZriM2RjZIik
1676,4IsvRZIEY0tY0WqkEfFGZN
1677,2qnNUfbNRInP0CqsXYMYfF
1678,6rDOQRzWNNulS88MdUPIQj
1679,4HymJo5qYIfhA6NQshY61k
1680,45eaE55e8SFPihbviBM1UJ
1681,3jnbd5B8VdKIXXySIBciuF
1682,7tyk3xFO4bN6CUYxCATQvJ
1683,5iVqCsA6PZa7lvHb9I0yMz
1684,2ROCFjmGBPNG7IRYf11qVb
1685,3kv3FP2LB1vgSSIGkTrmwj
1686,2yDJOha3IWT8mYM2Bj7S00
1687,2rqgrjE3T96UvvQ0MheJ8T
1688,2XtrInrRVz6JY3ydZ6yyvO
1689,15RNpF6DCWRpL5PqRPbxtM
1690,1DVu9TBCL8h5o6ChDgbB0n
1691,2VKhgYetfLw86H0kAs1hrg
1692,0ZAwBcCJ6tIP0qmzNng8va
1693,2yZcpCXt4IIDWHBIFwvkGk
1694,25gVIVM91cnP6cq4z284cP
1695,1TGNl4Vtl7QyVbRmorWV1d
1696,4VaUE9PJPJ46IwNzTlofO8
1697,5Mmfe42S5pASZ7FC8y9Vxn
1698,6eOVtyKUlEO6osSI6weaFC
1699,4FKizh7UFHAqwWIOIJD8Kr
1700,757S467W1kCc0ZUCRwXmA2
1701,1Bi7PDEBcwc4njE2ACLYQD
1702,4kW5PD3aYZ80hu171BSQNY
1703,5VmhXOxvhj4aN9NB5U7OVp
1704,5ixQV2uMQ5bYIsSwcAirzU
1705,4bDXOwif9Io5Ai62Pokzg7
1706,5LGC13MTHSSb3oQyYzM62V
1707,7aUAp1GfQroVGdbYkPUQcx
1708,1xdFikiMqVodcpMlPHShjv
1709,5mJRBW1ZlO2H6BojPF8ofy
1710,4CvExRLsae8ElNP9OCz5f0
1711,1FzvWWWXJbt5rtKVMfjhzw
1712,0DJGoFiZ2DQUNqRCQGpBKw
1713,5iG87AbwD6ujlU2ybXrccI
1714,7vuoXyvpNMhZJScAdeN0dz
1715,1fAv5JixofyAli5KwlNcdh
1716,7KtxWnKwckNpa8v0xhaK8v
1717,3eIX5P1WOs1er26JAogERj
1718,0fNbHlIwSKsOTwrWw5rAOu
1719,6oQbOBmrbawbXPMUBiGx6K
1720,3bwXee8nCymiIpVWCrtg4g
1721,4O5yxN9Y93zkbrUkNqcvfP
1722,1F01wyKdnLfryXdnp44eZ3
1723,3C1ITH31MUi73j4yJFK6l2
1724,12rLgMdsng2Or2tIZEC0bu
1725,6c54H3OLNwwFOOUIgPNjSF
1726,4h28BwSWuHyZb8hQmF1QKM
1727,76dwKzVyzBLZSiwKNTkWQE
1728,7soNuGcHRaaQ3sCPPD85A1
1729,232krk7FCSRpZOv1vVJDOZ
1730,3W8SohFenMQwlAyGv8E2nF
1731,5APJCAmQgl6YHftaApxR3p
1732,7nIeZxwwbLTZKbC1jY87X1
1733,0mpNY35D9VE4oa0NLm7Cjw
1734,33iR3jtSehVmZFuBb8BusG
1735,0NB8Y8TXV0UTUoq9XHuOIr
1736,6cVcj6lGsNPK4HmG03sFrP
1737,3ax6WxRBBWnyGhtJQRBDoj
1738,4dTYKLckrUGR7HJRTzQ6P1
1739,4U3KyPSnGam6zjAgG1JDUM
1740,073ieHTpc9Lfug88ojL9DT
1741,06FlShcTfdpHTjtHyVDHBK
1742,2Vw1Ch9uvjTk8jmxsWnUoL
1743,7maSOqlZxk33jU1Dovto95
1744,6FCXrCw4pfpbrPPsXGiVi5
1745,1cyhu163DCXOdiqyxQaRz2
1746,31KfC2cHA7eBE9SDcQ97yV
1747,3Pq52aMxJtSlag9HphaWvZ
1748,6YLxJPI07tKOJEM0DxtLYR
1749,3fibIzbkYbvTmdoD5u2nPm
1750,327LKpy1pg4BEZssGBH8nf
1751,4g6fILgxBGUKMmm8wJvvYT
1752,0z1AHSekXCPmNPt1Z9fAt1
1753,6cycZWD8wdWAsZqBvOtRnK
1754,1ikPx6limMm2GcKkJrKsOL
1755,2oMSXWFg1YuwFmJ4vjK57Q
1756,0SqV7uQ08hWZ04Yr3v0V7r
1757,5s6OrEiu2rSBYVvYrGdkwy
1758,41WroTI1mOtfAFt24UxjFP
1759,3FnCRRh5G1K4utdUrvWmpM
1760,2tqoAvVAXQodq5Gn0HIgcx
1761,0slaqsl9nNE4fayvnTJ13G
1762,30VWi39za9mN83Hxx7B8Kf
1763,3w3MXao4nFzdRlPIP1NEjw
1764,1qfyKQeFz6l6h4caVLmNCW
1765,6zI6elM3lqu6LibUrKJLLS
1766,5heHelP7AVSPxnlSGYbj4V
1767,0zd4IzrpBnA1giNE6KkYby
1768,65om8CFGtAYSaY6sYCh68Q
1769,0lfNcuk4EeakvQ6xnbufhj
1770,0ltgfmosbeDrAxdbLvy8sg
1771,4N3SuGRzOSCtR70wraNj9Z
1772,2Towu8uqRQZ8lLKvXVvo96
1773,1HTtUBEY3tuw2btgwwI2Ja
1774,0ZAa8XfnawLRh3an5cPXIC
1775,2nxszqPOiiGeBxOiKz7cpz
1776,3l99bUdHJyF4fij44q6aWl
1777,6FN08oB3MT2BxYIJoR1CZ5
1778,2nEjqeaV7igKODJhVo0nkw
1779,2t6wJtTvgt3dAJCvgdxU3d
1780,6mHWcrKo50Kb6fJd6xkrjz
1781,01Mpj13vURSO3cCLprPt5T
1782,0oxRv9LbndvouFwYtDwEn5
1783,3wPIH2it95cERPu7nm5FZ1
1784,0iDYN90Zz0KBv8tfJWmfOi
1785,6WRd2ancmEccXSMxyXLnRK
1786,4KjtS8Uru8s22V1U8N1cJW
1787,2P3YmNhaaZXrLrI3qYy5SD
1788,6RYySJEgTuGjDzpcTWpS3q
1789,2zOPehlp0WDssjmTLfd38V
1790,0YygM9kURWeoJ0ez5uLArg
1791,4eumFsTnduH3zRfaASoAPs
1792,5kY0Z10jhU1RHneWXlDrsB
1793,4Ngi90XHn9aDZR2DPqv76t
1794,3CeYdUfGPCjKMDYyI1PpCh
1795,0wvgmuk1WAXA23USs5mplq
1796,6vO1O1FSXp58vVjWVNZ3G6
1797,2BMjQlDJG30kIL3GQfV6Qq
1798,2oDCxy29DtirotGBmk36jJ
1799,5PyjGAN1owbfFNLklZqrA8
1800,1hvmHC0OmEJl0Or4iIaY89
1801,7qRrOTNsqlrpBQgnB3WVYj
1802,1P9IdkHQqkaJhEHJg3zkD7
1803,5ZSD1YPoTzDo9NzpuZrUjQ
1804,6Qh7xjsGMErtIdXCtTao7K
1805,55YtAEpxlUC7n1KpQGSFzl
1806,0dMENikF2KCGHCIKt4Ljtd
1807,6JESIPRtSK9gSxqpPBCawS
1808,5UkNB9wobKRyuIAOpyPVHs
1809,16XTMFE1BhK5AAiaGGF4rL
1810,2cBcDL88A6c5IoFWceo7C7
1811,1mLdnLmCD50oGiZA7II2bx
1812,56QlwtWRNxjTarIT8V303F
1813,6ws2YsdzNAp1pjHqTNFzbV
1814,4p1pq8fofZBYJLl3m6NqId
1815,72GcMuPxUTxyJYn4IJKnzl
1816,6NfA4mDTmWsws9P4u1Fzhc
1817,3Ovk5FUK5YUnHX5aJXHcqW
1818,2aZ8jtw3PPVfQKZ4OxT0ek
1819,3864hqD7NUplzDjqyH1OKY
1820,2zkxGQUXOBUp6ZlAwysqld
1821,5RAvsuflrM4UgCcl5hIm4v
1822,32VFCzTavDoyBMUkcwbLsE
1823,3DO4NLnMy8xYF034zbHdHP
1824,5IY7Xa9nKEljsEOehXf7AO
1825,2bNbnpiLHz29s0ceWIlX7T
1826,748oYJP9Y5uRZZVF1cWjkh
1827,3Gv3PJbxO2tKK8jgE8yKBW
1828,5wRK5kaYbN8Og0BDY2JMiF
1829,5Qwf8ygKOkgdo7q6cON6pL
1830,3zDSKru7tGt3p3jHKJPiH5
1831,5WeqPZoqNOMDJGjPiimCCM
1832,5Tanr4u1BgG8I1Qth9o66M
1833,1JICbpzjKvImlgKQOu7pf1
1834,3nI1rkwLanJvq5PMZfoQEu
1835,4sfxIcB97hugTq1OlhmYyX
1836,6JgWvOgOfdpHauEHHPVEam
1837,1chdbWCaBaoQUQLWEfew5l
1838,0BbYnQHDdUNO5e38PK3GOX
1839,1wVUR6nDl3hyffWN5JEe4N
1840,2mQnPuVeoJXwS8p9J4JUIb
1841,0VBvfzawnoYVVXsHLF5jwK
1842,4TecDPDV3AScUEoCmVaWBI
1843,4cvHhoXm60a2IyyW0PgQ2q
1844,330w7iBKrHxlJwx3WMdHVr
1845,67vRpVEFMLI4ivbMGUTaNZ
1846,5Byh9ZdBt7c4lWXLDksk1R
1847,1arTUKVdK5KWvGQXWuIwjK
1848,0Pj9cTJcWbrDPjtCKx4Ody
1849,2cZ6UDjGCwipQtImiVIsWr
1850,7xmv79Qdy7lId5svcnofwc
1851,4ZhdMEQQlO50uz3XFjSLoR
1852,3Ph1IPNjUSGqOWZmlrjA9d
1853,2oHnung7qBG7qUCuesu59o
1854,1x47FykOZX8Z7ClJ7v7B67
1855,0Nuawz4OJz1kVsvtw7Ipav
1856,7Gdp4g1w1WWLZgem3ht5Ju
1857,2YJNyZiQKSQhbD7iY7m0pJ
1858,6DP5rVFedqRhmRgKVenolW
1859,0z0Cducv7mI6FFgvMElgut
1860,7LXxkp4CEWEWaqBJq8vDim
1861,75dNOsoC6TLvSp4qkSBw4H
1862,3BjcCLvgi6anh2xcRnBerE
1863,6cVqgJjPs02jyrCaEXBIHJ
1864,2rdaBSld3TOyTo56jkdPsu
1865,4690gu3Mf1543HCPiJseZj
1866,3Mo59yJZ2HZtZDzfZ3V2Ww
1867,6qazZiNmTh7yTMX02R4CwZ
1868,1EvT3SAIIqJ7I5NW9o59Ja
1869,26aXw0iAdIepJSw9vWn9ZF
1870,0qlyxOj68o45dH4ILAekvD
1871,1KpeD3T8AwNmr22MNz538I
1872,31Wq1qa2qkDf5W95tN5H1V
1873,2bRnP6FjtlASGsDtcgRVuI
1874,1hc7m6qZzt8llia2UORIvJ
1875,2E8eD7gNekjR1jai0JyPX2
1876,3xrr1diucnyLIXotRzqQBy
1877,0kfwLy0xbwg5OUGJ39lhVV
1878,7tCZOAxyB7a41TGe2liLHu
1879,55MtyKhso3SCzJLtDxnQKI
1880,4HwXIGxMD5qJIlP0JxOkpn
1881,3oYTtuAynmfleevn9LJOgr
1882,38jJdP6hG3x63SKrJZutMW
1883,4GoVFC43NOzE3PPp3r44Ll
1884,6VXbMbnEgEcopJ2jismRtD
1885,6ST8uVWWWEJqeUNn13fvjT
1886,2Y9YdGPN7AtVfpTvXfRbc6
1887,0KaI2076xZVZ8WJ9ioL91d
1888,5RzhlEsgryoRLRFJfvQmkJ
1889,3FqvPJ0eXueDKZRgZa3ofX
1890,0PWA4ETvvhd9ZjsfPlLu2q
1891,3UB5YWDJ7ZEUMR1S5xLnKO
1892,2XPZ31M0EY3fKCLR7iSSy8
1893,1npdcr23x3KnyqOnUgiI7f
1894,3cXMt1SIh2nPfdAwgS24je
1895,7kyRTopEX56DqBBeC1C3pD
1896,3QtSipg5he2abXSKDw8K5e
1897,58cwmXDEJv4P76XgNNCFmZ
1898,6JXIEeGvbTknINytownNXB
1899,267hkXxlbL8KS0IkvJYJK1
1900,1jlvv49hb9n4XNf2lG9bcK
1901,7uil0CgIrvp3tflzovGg2o
1902,2n4CbZOmlHNrL0bEsTK9cN
1903,7pdF27mSDuPWhppnHAmWHa
1904,32q9YxiUGHavj90inUJapD
1905,30cjLreSF4Xq0uAB89i2Ac
1906,65oXAEPde2ARDKkg9A13gZ
1907,0WAJmny2uFKLxYQRZIKu5N
1908,6QPZM8nPUgm69H7NKF3if4
1909,6Zf1p7niKZqkclpIhFAj5J
1910,2vX5wGspw8McYJaGRPEof0
1911,4Yr2aXWXRDb7q3Ubrc94j0
1912,4xIKuGa9RQpnDjO7rpww59
1913,1UcMIxpMsQEVU4YnURWmzG
1914,2pDuGUZjMV0eYOf6Ix7E0q
1915,1mwQSdq17o9CfZKabanV7O
1916,2T6buxOKhTNJSQZEwYJpkj
1917,5jgWXm7KAZgHyOo4rMgWXx
1918,6uBjA4rPtZqZWWZ6k05rvd
1919,6bkmhuZ2H08tsmn6lp8dRL
1920,5vAl4jzUseACbjOcrh0htI
1921,280iK7JmN4FYg5Ax1lXlT5
1922,6CPzVe0Avcd2w3JglJW9Qc
1923,69oYv7NxU45QgnQFVN9I94
1924,0YbaMbJJ2eZypwZLLMPIDa
1925,6so1wwDRiQ3WU539oy4J1z
1926,6hZ02vLylHCzUL7rZZayjf
1927,4ZVobIngDwM6R95VM0dnqn
1928,0Nbgl52I1fn25YImv3M9N8
1929,3Mo2RwUGhAKUa1QcpwhHPp
1930,6eEin2QjLJuPFYXshca6mN
1931,7HVLE4CWBQjQi3Vyiz0fbe
1932,6hW9YIT1Y00EY5wO6pO3gG
1933,1vUflV4reSdGvtit1UuYfL
1934,4OOtXvmULc2Q2dVfP0K69S
1935,08nrCAF5dWMmk1BVtDGgXa
1936,3LmlegS3av5opwiIMVDbgI
1937,4vlAdV0f3Aa4Tgk06dvro7
1938,5mHWCr85rSyYgg3ldtn0Qk
1939,3N8YmS2jHNmziUhqTR7Wk4
1940,1pyhbqjtjEdRLXZsTMtRyu
1941,3T27JFvKbp3btufldaKOUU
1942,5JPqcnABbQ0IT7Hyt0TAZT
1943,2NtIu5Os8qIRoMDK5TwIUX
1944,7iBjeR1QEB3leppbo9CrvZ
1945,71ptjbbVkrMPebtE3CgBZS
1946,5XVb9Yz7mgh6MZ21j5raME
1947,6pXgRPiqAVnQOukEC7lJvz
1948,5nlM8Z2ZvVJtP7GjOdsIZh
1949,7Ab2uI24U1tk1ak0sCkVwl
1950,2DoJvlkPXv8DOsuO4gbR3e
1951,6HqqONayTePh4kWfOUsUDg
1952,6PANXCHzEANzajOgtwLMnN
1953,22K8llY45ckwrPm3vbEp4B
1954,2PLSn6dQtgLWPLWh0rn5le
1955,3lBntQVZSsqeCQe6EfRjDd
1956,5xfYZuMVGuyh9L0LcVWjzE
1957,6HzoRJQVeyJaFBxlqw1DnA
1958,1gULTvUvxvQj2HOsxYnpPu
1959,6qP3MgDYFvIWYkefd8CkyV
1960,4BcVpUupfJyO51e455xOFk
1961,6ufIFvWj4ZKf4whYQtQBB2
1962,11fCBgMAFj0WaNhRsqg00R
1963,2mWeBfeGMAFRWnzjxBSyFo
1964,0RWqE2ZaulvnN1i40qIhDh
1965,0W8tXdumYn57pGkXcIC2Ln
1966,1gKZ0n66vSWeANAvd1HXuB
1967,6N5s3LaYg6JrgNawdFGja1
1968,0JyM1by58cfrMqUgDfOErn
1969,0YK2aA29ZTMxaKwz8lCwh7
1970,1nRrJHvBAnZ9DQK0QJsYDT
1971,4nI44WSfEoK94moQ8ZhVSN
1972,4ysmODoF5WXlBlGkyWfu7J
1973,6Yrz8fZ0xtjtH1vHPVwu8f
1974,7EUiapvzdmXuh191SHrpFT
1975,2BOARrS3qCCk6a5gJvk5y2
1976,3FN7JMZaaQ9lSzIaan0YZ1
1977,3kSMzzxIJNo3ywk9GCzKKk
1978,72UuVXazHk7CnSPVe4qRwY
1979,3XAy8Fc0eOnIHWzgZXAyA5
1980,76nQPzjNbMFt770NrZsllE
1981,4HhXUAxSRAI5h3E0L98tr0
1982,6Q7THTYA22SrtFAfbdDseG
1983,3yYTDppf1ycYtpPuX46xQh
1984,4QL89CSU0GpQAsVqlueE08
1985,4rEMKY7JFWUw5zaVLfnrQi
1986,4THldlteo1jXNId6s4ddTD
1987,2Kuc60CFBMju0j9pMjuJHE
1988,0pMyrECfSI1yq2NXxZyLmA
1989,4Obpq9EAiIuv4rVcg2KMY7
1990,4bFi6vwibnjz38OYapehT7
1991,34wvwL61fRFyL0VinlVGuA
1992,1sFsXXugr7NIplHokTeu8t
1993,4E3QYRg7sLvJrZguzSpP2n
1994,0GPmDShYYjV9RDUnIIx8gd
1995,1CfKabrnieuwFYodtDZvvw
1996,2XDNzwJkyFfqqnc1FP8UJg
1997,4VqGWK9bSlr6S9zSoeNp31
1998,5WOjZZcyI3K4QHG5ApmmIK
1999,28CDOJXSPaQUy849RpShs6
2000,5auWTBFqSqzGEgtXVGCpPE
2001,6QHth7YGhqwjItBo7bxe1S
2002,7MmIqi2lAE6OeCLL5q6cRx
2003,4LINNjCUabfeeqKLvPv7Xg
2004,7fJPt5OxrQ6gxR6gkCP6oE
2005,7JQtczk2YMbVd9u176ltvl
2006,4e6gEccdqJK1Rfhr2NIWn2
2007,6MdtoWfPy2QMPLaGvzxu8f
2008,27IMQxHp2Zeb1xy7rfBrM5
2009,2KwfMsLXMUdFxrOmZ9n5aX
2010,1cTUSv8hafKYiJfhkzbull
2011,13orJhgriIKJQjXF8E1VvB
2012,77XzsYwTkvLoveW01Lanrk
2013,6QYYzSQnGyMjcRRy67eYwF
2014,5HCujhqxcgRQlilQuATdyk
2015,2y3ydEglEL1KZ7Poj20VBs
2016,5t6BzPTBi8VrzMmp2vJbZm
2017,6390lmKpiL4jsgBJ9Gw6wL
2018,2UWABcwEoLCzbpKNX08U1D
2019,4WVl3or8Xtnvv4XfSqAVNY
2020,4vVRphbHCF9CW4pIYPQ7Ez
2021,6Gnt9CN20Tbmc9UtOXZS4w
2022,4Wj8YAiPnuleXJkJ1aEzLN
2023,16X9EQw1OHh3fYKeP8dDUk
2024,43HrWjjYGP8kXqjThk618V
2025,55mb9HpeiV5sdqg4Q4VDce
2026,7iIm5QmnlJHjo0ODTIpLjC
2027,1G3P3XrKaDqVRfYlAjrGnK
2028,5RxVHgSVGC12uYC5Q6O3Fi
2029,6GisOv0DKaaP8dGEbg15qi
2030,0PVqJaGVQAHeKHbArbfETr
2031,03ZW7ctBFti8Odwn2hGZr9
2032,0gVKm7X9nVe4W7w4jjflgq
2033,3DJi23Bcrp1P1RYJZfkadp
2034,1Wj1gKbroMprxXplNvbtPJ
2035,5L9AhlWonCDOuv5frdT0bn
2036,5EKBs2Kzr0Cv74TR27Fu7d
2037,6AXxEqzeYCelGsSqkTbJlI
2038,6LCrqs85q61pfZCXYvW63B
2039,5zMhffNDxrbACpJDurjm85
2040,5SG2l0spzqb6ZOXK8krlxR
2041,76BeH83sugtsLd8UYRjPgJ
2042,5CTQCPv51aLWpwTbqo8mEL
2043,07i1BjcIvu86t9KX3iZOnR
2044,1Cid4mf4qtmDUdOMaDHj9l
2045,6pd6f4zs9coGLzLyM8DfqM
2046,4zjzaYrLKpLF7XKtsIu8Lc
2047,2zm7WInRo5OauWHFKBnsJD
2048,67fsefzZvBNCqWf8KAu4dp
2049,0BO5g7FXNhZgQuC8xIORDm
2050,0YBEcp0T2LfQVxTs4ozFew
2051,6BYdrWzCp2tL2RKSoncArx
2052,3UepGzfRTVbZtj430tBK6v
2053,3e5RDTUrPhbPDh3zpd1xQW
2054,0bPxdg1HeFEy3i0EG6qHnc
2055,5pr1uTWkj4nwzDx706NVTX
2056,4hKSXcJC8CcHGB1WV2QczW
2057,1GF8el307hSGFUjTdIgEgG
2058,72uNZFvyRI1qidjvdHHJaX
2059,7HAfuhStdXWLILPwAhqExF
2060,5mDfdhxW0gwSMDihhgRcaR
2061,16Mt4dDIEvC4Pd2GJ68sW5
2062,4EoOut8GK6L7tas0kGQWkE
2063,4lQXU2fMJZCaZiWihnVmOg
2064,04jlz98A1aRogQs0qMAEEQ
2065,5Ng6UbryNd3eds2zQk9MUf
2066,0iBuBfrOhxRgOWS0OS5GfP
2067,1lzXGBzqLicmn2yfRNx86H
2068,79jnq07Frc5unIS47uXJNt
2069,3Tc008SUooS50Ik6FYVpx4
2070,3zwntVG0DD4oM5zbaRBYcL
2071,6PDPEc2GV43K1ntScp65rL
2072,47gF551Z3zxXxMJu25pwlv
2073,3UK1qQuw4ylurktmh9w193
2074,2MyHafhi21dgAgc0xJsZdI
2075,4H3M4AIc2S3WElDyZP09pD
2076,0dzoSTrArLwLEFUp1cQj1s
2077,6OKrPnWUC8FccKiLVpxQWQ
2078,4W3SMqhW2f9f4MXZvN1vjd
2079,2YfAav5g9A4bThEoiJxKY7
2080,3PfEYl7Yn6Pegnu8tQ2UAK
2081,24mo8K6ZzBTB4YBS3OtZ0k
2082,7Lt9YCx507jwS9Acj4mo9a
2083,3ZxLCE2AQbQquCoypqpMml
2084,0zODrQ9Nd2uIBnN0opDsBN
2085,60rX0AK9o1VxErBfWHyTnp
2086,5UtjFpIZm9JiWPI3gFymck
2087,6A9pkHnb6fM3aPjOL31r8w
2088,055tZRKsfb5g1rTr4KpzBh
2089,76GyGS1C84YBtb3qX6j5mk
2090,7hS5w7P83CI5g3bp0ddRlR
2091,6ffY8DTnalie6iJ1ubSDl2
2092,0P3EQ9RB7Q62ZmiqTOB1jq
2093,7BpEUnCvEqCULdHH4Ja3z8
2094,3ljlhcv55VyRMSK9Vh84PY
2095,6H9ZtzonVVdDfbW0zX2KWr
2096,2qQEA1yR8Kuqkp5HyvTp9N
2097,0x7oCog91UWqiYJQEee3uK
2098,1BIIqNYa4541DcxBJldRv4
2099,2BHZ4pi7wjssev4C37V3Dw
2100,5XTiyBLVLjqhAGRcJBUC5F
2101,3fspk6OyPn6OPkz8SKDLhU
2102,27663UzriSqOYnpvbjnFvS
2103,0hGumgoQEeyK8QYXGj8iWu
2104,10birs3L6T1PnvDwk4NXuf
2105,0nMdyQtFquwxVAz6p1CfDG
2106,0wyr5AIL1aSrzL0Bb7zTU4
2107,5gsa4C5VEOwAOaEjXlIHhK
2108,6MPn82FDfOB2frXG2T4lR3
2109,77Fudy8uVHzPp4wANjYVf4
2110,6lWXTeURC2HIYBefggbkHS
2111,5LskeIhrR7YqlbrPWZJRLe
2112,5COgO8idxi7JFRRV9JqTaz
2113,6EwlCfms98yEXcLa7Ye7Rg
2114,42zpJdXHX6dkLCTcjvpNg2
2115,17zeL29DZd1Us27YJKe467
2116,5x5iJMrXeg12RXytLLtq4y
2117,3Dnv944x31XU4FFMlkfnWN
2118,49ErNnJHWYo8yxgeq4kBI9
2119,7KBTHct57jsgg9RIWgPMv3
2120,13nqOB5ev40RkUAnrrFYm5
2121,4fKBHLGJb2gnq5XXdqiIIp
2122,0j3ideT0tRuIyRhOOUQjYa
2123,1gzEHOSWHsfQ98aD6QkMmL
2124,4OdhffpvG3HxDJMxYOKh97
2125,4GKz7InABRIcnfSomoMFuv
2126,6YeHgYEdnqjKuI4eSvHhno
2127,6LEFWv6jPUy0uoTY9hN6wD
2128,1FAKozGHHmuafTOj2ESuZt
2129,4iQOH0qvWjmATMp9fCGrEw
2130,5EKigECuFtEKeyi2WignRf
2131,5zsILoPlhHIkLS3RZISdW4
2132,2pJabvNiWMnNuHNOv6H7xL
2133,1pXKQa6tJdDGgJ2UWh6ZRZ
2134,5zb8EKtOumBK77XdNhj5r3
2135,5MZKx18bV9Nh4zbhgKVl6W
2136,6Crl6IbHqGpw93pnhN1sk5
2137,6BgiNLvzNF6IBq1FmAVJUv
2138,4HAm0GNYIHLIMJxVO5U3rW
2139,7jdwRG5XVcb8A3yQ3bXv8B
2140,1NvjXapZHKbMRYRWPFjftJ
2141,4Z79ArOZZjYYaq4CGbBxa1
2142,1fShQbbWjFR8z1GBQcXGic
2143,05sWliYKBR5qYelwYitGMU
2144,51DzEoHFvPTMp0S3W7Ed6N
2145,4MK8AVUQhl7Q3zEWGxSEZ3
2146,0ZftwvMk6ONUNfBa5m0vS9
2147,70aGNEZzj831Htgfcpqrpq
2148,5mO08vZ9nLVjx64o7bdYd9
2149,44dtINjR7nPp0aVbVtalcP
2150,6pr7X9UZCDn8CruopaNVha
2151,7sLAbo70sbdLXGog7X82tu
2152,5O4rVUjsG66l2nArhYW57m
2153,0x52MEh7YJytyhQlCEPUei
2154,64XSAtXpCJUmadm3fkpH4z
2155,6nD3uh3JSi6yfzuqxMXxgC
2156,3PVczFr0abPSkgcwjXJJDh
2157,6oJXvIKarQGMTn05nrNjNn
2158,15z5fAGYSgKvTRcMDbFqXS
2159,1DEdn7uVSQktKUNzy0U77f
2160,75Zl1SiHavoGUS8RbLTA5k
2161,1YcwDodDzFBQ4evAGZonM7
2162,7K0CFZLbBILQ9PVBFz9dPy
2163,10HSZrRvLYNlVKuNueKeSy
2164,1W1w0DSMtRdpt2So4nyCqk
2165,4I3iyrPR8ddRdeoKtfEExB
2166,5QEjxzBo0nKNnuynIpVgsf
2167,5fQgYKAMTLNIRcnSzOvOBS
2168,0umdtvNEsMHSN64Rq4t2Z0
2169,2RtBDwU3k7ByxqS29hMl5l
2170,5u3rsmRYRSKJpFHXPT4p07
2171,5BMQAmCpje8I3omtu2EB7C
2172,341G2gobBE0xAXYaCFK5SR
2173,3lyCiPreSBOMM1aKhTyzrM
2174,4ePsYEI4wSp2Offhuw8RmR
2175,6PLtN8eJfdbFfHCDKkFiJw
2176,2XEaflDIwB6fcNuc6Nj4EA
2177,2swA2ZSQ71Uffrjw9oIgTt
2178,4y1gefxgwxDB6MichWzTAZ
2179,40Sw7gIi4EgHsdcesQvo5y
2180,60nqbqfajEWqh59fqVCvIf
2181,3Whyr0c7Iji5UhZOn8OMBz
2182,3mj14HechEkMDt9vqLmhdF
2183,5J78Nd5qsDoPFFuGKIwxa2
2184,0vDdHxy043HDezRTgHe3dy
2185,5SD9htjWELh455yqNY4EP1
2186,6faHegE1HTVN0UclAo56LS
2187,25cpYwuH26vPcVmSQuUeOL
2188,5KyGJr2PvuTXJ5keVvgDq8
2189,5jNoseBforF6OquYn7zyaU
2190,571hnpYJoZeQoDFhagsDqq
2191,4gE5Z3sOcWYyR0SezjvAj5
2192,0oqwru0IEzmS2UDbMhNCMq
2193,0ZV8S16FL26JX8Hs8T6PoG
2194,7fAfIt2IeKgeC5uiHxNIXz
2195,6YThxHjqQ9qSqfSLem6PUk
2196,7fxtfwXgBV5T39spSQWPuC
2197,7kDnwMbnQENY1WuqYv5YQh
2198,6kK3m2FiYERYrUF269y0Es
2199,6Wwbc7Gk0cYaufMJB2mDZP
2200,0arItEjl5jRh5FE7zyrv4A
2201,6FGayqvQemkqpDhHmoJawA
2202,6yDszaG98JDXGnl9y5371s
2203,4ymyaSXpC2qZuavMX4GrzR
2204,4P1Yk3dNTT4xWktxe9CSc6
2205,6TPg5UR5RAbgszhZ46PyC3
2206,1hz0VXAmd1gi8VOyDLaGCC
2207,19I0GeADvHzNYmsLrXfxmj
2208,4TbyiYcllv8PfNO6aAUdxG
2209,1dC1SgboX6jBZ80ec3wplM
2210,7DIsMqNyrOHc05UmX17Ev9
2211,7ES3QjxzmFKMJWt90giLsv
2212,66L0bOvJEHeNPudRPsfp5L
2213,4jPGlxPPQarO9osxGqwGX1
2214,48ACFaVTaagZPHzcgDDLcY
2215,18VO9cif3fGKJPqCXnkPgX
2216,6tFjBPdrwXhIpdR6i59DVx
2217,0m5eyDIIpQLyNCdxtRXxD2
2218,7vLl4ja0CMKM3QM052Jp8q
2219,0XdhAHIyUcTAV4A9heOMeH
2220,2hFV9C0nlQxino0oPYAazu
2221,0HappsAtiF5VJXo7v3jKRb
2222,3rHvPA8lUnPBkaLyPOc0VV
2223,4aY0EhscRuAnyVRIwRWCaH
2224,5sIw9v1I0yi8X402lf3G8G
2225,1l7Es6DSJctRyr7e8HQPRp
2226,3OFopr3hBIvsjcdoFOftKC
2227,1UjRMfzsWoXFC16AvgUljg
2228,7BNvivBdgxjl80EugbEHFA
2229,0dfOAWQfRVFYpLnm9OTpxv
2230,0iW2rrK72GyPP1FmVjCc52
2231,4aXit1CKxL80R1qruHns8h
2232,0nhhq4M9oJH6SOj6h6PYEi
2233,50LJbIrbgHDcKnzCx8oyNg
2234,3cV4flv2rzIyFoyPUPYK5U
2235,5PlIYHIToi0GMYfsTAwJNc
2236,5a1SnPJiXXCa8Vv9ABdvgo
2237,1Ena4AQ7xASUAGI1xhFXs4
2238,4ArVLjJeBPHPlSjOv0Kl6d
2239,0oBMjRfYYVtasD7NYxyJCq
2240,40dOJhwSYnc3ddFFBsJhKC
2241,6NSvWvanWYXTC6wqq32Vw2
2242,13RHO63Lc6UzlqiDOQmZdL
2243,6odtLnmsVGjWYePpuU1TAN
2244,4L9bnjCjlBgRbwXcbRYBD7
2245,4y9ztyGMO0YQcVkfeyO5DN
2246,6J2aa2t6SoYZbd6PSeN8th
2247,5Kq30jwMtLShgD9E0mwr3P
2248,0kPQbJkLzjBExs1lnL6Bkk
2249,1GbyYL0B0Mjn3kSbrEwKKI
2250,0ExTvfaXNU8g5k1EvQU7wM
2251,4DH3NFCFZ4MXrcNAVJoXHO
2252,09KEb4ikS9mPd3b5g1Q4dh
2253,5dl2O9ACpsfplIikHO0p6y
2254,6r836ND98CjgLGESPNV9c9
2255,3EU0UjUFVOx2XJwU0mFDo0
2256,5rCBnkhv1TUSTHG8zNB5JN
2257,32pZPGG7hGs8B04LETw5Nj
2258,2jTSX6nlhyL0AsmDEB1AMg
2259,1flcnqrtVKsluQXLEPfGJW
2260,5voO100jVn9PK4NUETgM8W
2261,0lTYaO6rOmU3ByE5Mwphmw
2262,6GWJ12UrHLCCyFOu4sFeBK
2263,4SqIMK3ILlAsC4FkVgC4Lf
2264,3KYALFgiqZLKScioJGqz8a
2265,1LnMUVlW9kN7BDifoRrEUH
2266,364Ir08IKwtP0v5ihZCBNa
2267,34HAlaqKnkgvYMXuAO3hoU
2268,6JsiSSJQm513dvDwXob8N2
2269,2eWvhgFhySGbhQYhhHKmt4
2270,3yW8BYCknGSObrjaaDfn1Z
2271,71lK2GJzwUVThQuOGKTHSE
2272,6RvQs3xkobVzjsfKX3278z
2273,19dU7NqjfsWRwufunAXuVn
2274,0EpR1oyAwWwrwEz6YElNZ1
2275,4SZDXImxxM4LM93Ho9JmV3
2276,16wWFYS9S4hKBk2Ofj3Ss6
2277,2varlBiaUjP0OugPfr674u
2278,4hj0TD1RfhA1mPxu9XJeGF
2279,1OvRxi9UEbK2zS6UG1VNQI
2280,74bGKxAiaOT7Go9Av3THVv
2281,6RItIf92uYVOFHEJbuzirw
2282,2xnJTAheGDiuDDaGQa5MRm
2283,5a9BAmRawclu4CNA3YF0BH
2284,60JWithXMyybBNOyxtwPGT
2285,3skAM67tXu6me68lcIfgAV
2286,57460SJgSpCXaRJ9YIYHxy
2287,4wAF7UvedXdSNN3BJoXBHk
2288,14uc0SO7r9I0pqDgQIRnGx
2289,5hrFzCErpgaCWqjOHvKJXX
2290,1nxxYKsraVrPnNRzISliwM
2291,2pPRgFEENF3LtuxYUPuT24
2292,3hLxjGBGvO1VF3p6BMPn8x
2293,2YBExtrXCmc6OJYvtfrI3N
2294,3tDMGLUrKv8fLdNBcGdHAr
2295,4ezKWt17gjGq8X7Lu1IHRC
2296,1iNeZGJsoC0D7ZyJTdIbDS
2297,2zCs2z8Vxe5gjeR9zuDgxh
2298,0k2dpx8UuzX1t7nx9s83eE
2299,0MdMNWw0rpBjQJ4SwQ0qbg
2300,6xScfbncAd28bmq6GcM62e
2301,7JKEA8xYDoFp4q0QBW2PGg
2302,2SRhABKMz7duB9XiPi4SDd
2303,0pl5Id3BS4VytN7can8efo
2304,5qGEk1rulYFAsa2M3zZeB7
2305,2YolSRrYvFxhTGjbiT33yH
2306,7wztEmzrcJReBaD5Yo3btt
2307,3dcBzl8gekv8DHFExMbvVE
2308,24stE6SBCRZh91W8OwTCFw
2309,4FZXgifX4nMt7RzMTQKoGM
2310,77QxxErIUKwRmY1tfwM4p1
2311,1anHj7j9PpgXVGiqy50KNo
2312,4LbWK5r10l0yHXFx2h5oX8
2313,3UFpdzbI3jBcPL4lKWjkBB
2314,1sGUIT3mGBewxGwufIcLHt
2315,4Z28gtcZbfQUzOVdoYvvNZ
2316,1MR6ttVdYEY7BrK4OAN964
2317,6FgBSBKDzuYq3AmOS335Sx
2318,2fpKkOzGcJ1tnBDnu8kJmp
2319,629LSgJ5RByv34caJVVBuq
2320,4mXlBPQDv2JHXgiM48TJjZ
2321,3uQcAhFumcnFyK09PJiHN2
2322,3Iee2uf8UXOrOupQzfs1z5
2323,1P8trfvr8SyIwfzIhM0xK0
2324,5EQwUtKthxcFE57gXqyQAH
2325,1ZA92K3BGdbj37ifyyMZTm
2326,33gDIKlrUnY1dTWYsm5BFL
2327,2vZHP4C8G41hAKxvygmGuw
2328,0ZAlVcH0utmLedzH5SF1xn
2329,47k6NmBZKTbsIXF9SCzu9X
2330,1G9Ptmv0M1y0vzdq2R0AL6
2331,2PCY3vPYmkaV8ymKVj53zp
2332,70P1JmN0iiSOqSnVc94Sqw
2333,1De7fMm1UPurbI47uUhIqS
2334,4UxT2Dth63kcUpV6tZxhSq
2335,5Ywd1W33w30tCZ86Emb8JF
2336,3jGnnzWhf3iXFTAT9XfBCK
2337,2twDw7REXz01Ll1ZxWGN2G
2338,4yBfCK6PfkpPieFHtNRh8p
2339,4JrW44ERYtOe69M66BG4nl
2340,1pPuNbebubVqqZ04QMVpf1
2341,56L7uNv22DATE6c4vzBOS3
2342,6piLqXXLNZ4FdTfYmYsdsG
2343,2S4N7RYlhHr1vWadDaleuJ
2344,32TzVdaZexWT3HZtZO2vWi
2345,78PnIdeDbIj0pNiU8jznig
2346,24ULbF2UnOeMbkmkGriTBc
2347,2Hw0ohkjJVPXOc4y0iUqkt
2348,3L3GtwAflCkqh4QCoacRYk
2349,2Vi3sSPTQBuT8x52EvYQjd
2350,1NeQzAqahRYI09bgLbhVFN
2351,5ydBJWeVrhoMYP6WKRJkb6
2352,1bd9oAGUwN9vrUVxSWnNUk
2353,0xd8KvMALU9qAWsSvnvkWz
2354,60ulWnw8FP7zpIlI1mX7UV
2355,47IKRI7QYaF6usREjSOPGo
2356,0GLRjmOst00Eq1TXYvluPb
2357,7poh8tXW7n51G2EGzZ4ada
2358,41Y3YMqPU3XhqCfRyzQ0NM
2359,0ZGVNoJDsekQgZUKxr0Wtg
2360,7jeY6J8bBErRMegDyp1ydO
2361,23Ld4bGRK8LIVfjp9gT7wc
2362,79TOzQZQGXFw5m4CoRRCo6
2363,0DTHziuFboiIW2OHsAKTgK
2364,4EtELRz6M3e184zevnBKDb
2365,11IzgLRXV7Cgek3tEgGgjw
2366,45OuNgrbDyMQW5WIRwiSHY
2367,4mgaVYsy3nHkI8q3yadzdA
2368,4AZWLa4hYNKkEmzLGW2ltb
2369,47bJZ2FneFtT2mr2V9H9Gi
2370,0ppMsnk7eoijaL4Ngq7PfK
2371,13b87C9TNBFKJAi9YB4Rr8
2372,5THZ5l2NXH1948EfzEKkCZ
2373,23sg1N1HOrvh8JOfhFA9uj
2374,4W24WnJrd3nrdZUgC4kTIb
2375,6BpecNMrX7WMJCFscf5OOG
2376,1iPX2XfYH0zx6bGmMzHGOs
2377,3DH9owkNS6l1rr5dNPbn6O
2378,3HINNLcbRSgPpdfKjRAJFf
2379,5QgTKvM6D8CHB5YBnKkiBh
2380,4DMAoTZtyYZBWLtVES99ro
2381,6RB1TdqhZlMzlliXq92DaD
2382,7LBfVMw4MNNGCLGmXeuDv6
2383,5QCGsKn5oqCGjCLr74CzxI
2384,1F0KfQOmI2MfF1F3yZflTN
2385,4M3EQoDaaF5j6Q9hZubfgz
2386,1lxSOd9ndDtheSldMizlii
2387,1jirdAFzbKwnDFO0wuchSA
2388,6yjwBbMclTVkojsbf6HEk1
2389,457VLDn6a4MuwJhvqceLjj
2390,6OPlQBIQlzV7nu3cf67tMa
2391,1rNtW7IRREVVVmk8GDa7uT
2392,4xFGO3pA9AHEWh4QcVSjSs
2393,0XrvwUqZSzAuQeSffjahh8
2394,573oKipP6TkrurQRdj9Uuw
2395,42lDOxVDRKyNnMM2Nf9I5e
2396,3iFVlptsxZrCzfB1dRhsoo
2397,1m4E3gYFqZ0RTxGlZWxP7k
2398,1y08kNCTf7rJ590RFUAjAe
2399,4TF3PLuB5rdHT4teRJ7ImI
2400,4zQCc5Goub5F39pF0CweSW
2401,400XN4PpJ4sFByiegnHFZi
2402,2uRjL3lxvm1RZ9i9O69AKN
2403,4HNzMZcQeAbJZZWGEJzrKL
2404,4hAGWRdmxSyi1NEfhgSO61
2405,6Hq5iakmC4RpOrn4JNkLph
2406,5ykABehqdcEopb8afe1psW
2407,46u9wVdnhRjBPagxRwwXQ5
2408,0GfS3y8Jd7SHWd9R51s7Fo
2409,79FaEhQAhWRCtuc08FEKN4
2410,0VOsR3sEACivA46VDuaLai
2411,2v8sPwkqVDgWprsmGIis25
2412,2wBRDHEuZoKgwqbrKWPflA
2413,0E21f6jff9m9sov0JUdZcO
2414,2kgxYag8woDOgxFIrkGyYc
2415,6z2WoiNGVNXISGcwnCsgzd
2416,1sZZ2IhkpOKEyhITOgfzVA
2417,56bYriCXMCSzpEpvZHL92K
2418,7ez0JUpb3Rai8wmgsq6VyV
2419,5Wj1LsuKos3wyQNnWZqJTz
2420,42zdQvJUzGWriDttqVfosP
2421,0CEQhxjNXptYivSCM5HfZX
2422,0cJvFLzrhuelO4mDKo3uGS
2423,7eq5O2w32n1Ho5SL0AFzPz
2424,1HxyXttKoobQlXAeUbEdVX
2425,5uKbxMJk4Y8SFOV1lqtwsW
2426,01zRPd9iGwOdeE8GqBe0Xy
2427,3DvvqLfDgDnuHhm7NfgcNh
2428,45qPOJqNIihRPGOdsnrAG8
2429,6bIqsaTFw9cRQTYpE9j5sg
2430,2LaGmbw3FHmU8EGolXkmyz
2431,4Q9iFBE53dM7bSA52ySDHb
2432,70UoMW3pNLyHwePMuneJcq
2433,3qqvJ2IW0WqrwfskNFEtYq
2434,73ePWJzUES2e0cuaDnllFk
2435,6VE96oZodYaPy8o887TmbJ
2436,3pT5DOQEA3hZ3ze0bW6Urd
2437,2NrAp9lVKTw1NYe2nq4c3X
2438,2cvrqWPrVUampcQP46MMdV
2439,2donM8sTsqYtRpSAwRdPJQ
2440,7L5BoktyO6n27JfJtzAVHa
2441,5xXuj3OsMoC5I5Ldus1HJO
2442,4lKMPGJ89MemQ9cTOTAncH
2443,0FA3hX1supVFfjStp6kGDx
2444,0mycg5xnnPsf2MO2z2mkYt
2445,7tQzAC2XX0qevODqyxkMvJ
2446,5tR8EV2wRLs5iqn1Eq0wB4
2447,1qoggtMrxwBsr49oBgwVUc
2448,51krBoDCbzs7FQjSc9Nui5
2449,7j04glqh2SY6Es6jiQEhgf
2450,4FSyERmKrpTLWNS9qO8Stq
2451,1D4G2svf3jk9QFF36AUAC8
2452,429ZGMMQey0I7ga5TSX9k9
2453,6ccL0hQ1LeF5qwps3UPP3O
2454,3VMNwEgJoorhTtoCi3u0hv
2455,43FtjtMQ2sDgfVM9mhNoED
2456,6pKvRXxXUoZZOXtStWGqun
2457,6INRJs342fCa7D6V3tSbfg
2458,3QuKTZhFwQmIFzmEzyTp7N
2459,1F9kEuwT29fgqlovIclu81
2460,7JthGn6hR5xxPqvNxT0bQU
2461,0PRJyhTxfnWdp2M0iOtiIU
2462,612VcBshQcy4mpB2utGc3H
2463,49bDJqYi91ZH9tSZ0XMupS
2464,1qOb82Q92yjMjsYNZ2WZU4
2465,54n9mKYpLiIToPqKiNqzzq
2466,6TTD8rPM6upq0VN8r8VuRB
2467,1bPky1zKRZl3iXkJSnlUkb
2468,1U7ijcvtGuoYXhGKElJNJs
2469,1HIhPvpZrZo6q4HmRWzi6v
2470,2pk8nZWZqvHvPc8gzDflG4
2471,6sC1WDzyVdz3uLjgFxhQst
2472,1ZrSSKgcyLxgOML62hqfZm
2473,0j3HGdT7dbMGTUr7fhiph2
2474,0nuIFiXtyCEyFf0fceoy4E
2475,2VHtfCeJ9a7PB3p3SKxCYi
2476,3nAhJZDG21FgUGTPM99ZQ9
2477,5akalJOwrNHoZ1EWGxCDIx
2478,2QRZXIiCGTJAy9KBpQ0e16
2479,2wBqMbFVu1qDLlXY2KALJ0
2480,12KbIVotSTDaHp3KazldPz
2481,1UsIdmvFIijoKAkZOLbvdq
2482,5Ll9H8HZoELdh3CoQsYed5
2483,4PLMbXnicicWBqIwjUhjqY
2484,1tZFkbA4arxFtValnZ4PBX
2485,4khjcb6Mpegp1N596VVyf6
2486,50gtwxPF48nL0YQcJQ2fzN
2487,6p9mywy4aljoveFRL23UpE
2488,21ceHLJfgyO9703AlzM4DU
2489,783LfW2bDc7rUn1xOVqXlf
2490,22Xwe16if2NGbTbgmuZGoq
2491,4N3HQSkTvWPteHJq63GXah
2492,5AvqOM1zWMLXIBhB51GYKF
2493,3p1IhtiJbAvCOzAlPYeqc4
2494,1jvqgIcvNNgCayJkKhJUs4
2495,3Wcqi5cVXd6KKCwV6kzVOf
2496,0VrTuryBy2BYODxcX27bMx
2497,3SOfQSKQgYTZMeLb57TL4j
2498,1RwRhZ3ISWFJDegZHa2OaD
2499,0QBzMgT7NIeoCYy3sJCof1
2500,0A0R3OERr6J3HC7HaMP1ch
2501,1ir5oMNuxrNeCwUJFaEyum
2502,2roAl8BuK1QeOXBeypbsfJ
2503,0PwTuWD0E6AR406BtUoo7H
2504,1fJU1yGaPn5xklvES5fMJu
2505,6TfnAbq9QMGxd3LeadY6gh
2506,08vAi1GTqDnfmgjz9eEgya
2507,3lAokHaFHpP4NZrh2oWgmh
2508,5vtCGxP2MP28U58ZLniENJ
2509,5FKRRImdd7MvuWCk9FHaKk
2510,0f7BrBVTDAv7napz463Fwb
2511,6sGo7HtBabs7hqJnjhM6wX
2512,1FYaDtEXNX0It8fkfvgjSs
2513,5U3AP8zDXVDQM5VAT0c7Da
2514,6xM9YeMRYciXH5sC4rDwgn
2515,7wW4DvqoxjAVaABbQimNkh
2516,7MdjChFxeUGiKP9FaQBne2
2517,0kd0cGkhCD144Qdqm8iIF3
2518,7CTnzJEJQXbasrvulIoAzY
2519,0emo69UJwa1ndlrGnCH5IK
2520,1EdHcPN5WUtP1ZVCCEA7uq
2521,3iXaob2My4wLFESTENyhdq
2522,0ypzTX6Z0fvImWIPKTHsr2
2523,67IvfvAMYQzJEeHopvwMMW
2524,4n2TONuvbYDsZlyY6Htp13
2525,258F8dsW30VCYMu4mcyERH
2526,0YwOJEgeisBeOQv4GOtIYI
2527,49yg2ozOA7w1N7gaAwk819
2528,5h2jt8xsUhW06rFv9HvY7N
2529,7H6QuSpWPbBtYSFAUg1CZw
2530,6VlCcKXNssGfWEvCKpppdT
2531,2y2Fjru8fYOIAOe2MGlCmP
2532,2f93R2FxruiZkFyvj1TE3q
2533,7CMP4sUZqgiCAIa4kHw8zK
2534,5oE6INocVL9viDow5y8QNM
2535,7KfM4dvjWNxKhqEZljtMEQ
2536,09HhislLvphSkEYdBbKnxe
2537,5ZlLXBoB6PIaxEVfMUD201
2538,37N3Dm8KWnlK4KP82sJzba
2539,11WD3h7UTRoIulYAWOHg4G
2540,4kXV4Kf4IeeA9Ah9RH3VY1
2541,33waQA12cRSTgqzLumNNGn
2542,1iX7CbtIiaSHWTX33C0jkA
2543,2CHBdDCsR5znXmlwx1DdGc
2544,4n7jnSxVLd8QioibtTDBDq
2545,3wVUpKxJux2Tuobqy2ebni
2546,1wRlI8LedM21NPGIdpbSa3
2547,282Z98ef7OI5q17m3C7SF7
2548,00a7zYbO0mb5E2RPtX6U2W
2549,7JxowwPQ0KUyehNKYTQF7O
2550,1eu6vM3Q8wYKGYZCn26uMb
2551,7AJrMscLkjpQ2p5XlWwFwO
2552,3vOGPu86ClFIESTBQ1JqE5
2553,3TpA9Rke4tYRs0pwKCJleG
2554,5wBKgL3LVOSTUvlW8v147O
2555,5kihSsgmpiecsJjjKI80QR
2556,5YCuvgkhYdLmp1FnSoN2O2
2557,6WbADFqMvR8N5u0BvtsWQE
2558,3kEoZYgrmHtv7cnVVCrPbi
2559,191CH7qsvYAX7I0Jm4s8xU
2560,0tqpSDTaTOpGpXCnp7nQ52
2561,2J6rhO6WB4hjfhOxOIm5p4
2562,0pGX2KtchBXu0R8zoni6vl
2563,318ZvXQ98lDvcdvFdnRGZq
2564,0OxpxZSjnBF9OxpEzRETWc
2565,7CDi9DHRDKyfLSgtDs9wex
2566,6hR8J7Hk0cED6CIpbJFpwA
2567,3liKWJtJFJ8pmPKSM4KaJG
2568,4NbPk2PsJz99zzzI69Csxx
2569,2Xht66xum3BrO3N0So3u0j
2570,5WhQjosiEw8r0CKaLSjwkr
2571,1pHqJPHNLpaOqjl0PSzffm
2572,2DLqygtisuvhIUeV3aKJSe
2573,503LlCK2uSnQ07gXnnUrrr
2574,1vfL0PxFqd9vBzXfBxGjIs
2575,5RvCp2kQ9QILQ14DdgAd0e
2576,2zGw9D4dlmCgbw5SDurIjY
2577,4yOOuYWBiFktcvFJlGkIFm
2578,7hvEADvEWBeYwsZMi0P9pt
2579,3iuI6EUfAii8fX9RKaVhuC
2580,0LcLOyu9n5qRTeax5IdewO
2581,5CQPohZcAXNPkN1q630lT1
2582,0ltRTbKiTxWnnNAVM6rzI6
2583,5SbQvW69E3mropBBZlZ6DT
2584,7n618RGsykTkQ1Zml4hPka
2585,0m4FGYlJZdWQTV62Bqxg7u
2586,4EJvW4NHAk7TrIeX44jjXF
2587,6qLbFJTxgXEBFPjawBe08z
2588,6pouEQOVkb4RdrqUUb4qTI
2589,4OxMvLarN6v2nRvePLxA9E
2590,1cyp7q6L1RMbACJVr01DWU
2591,6S10TQTWVy1Zf3bscMFBlU
2592,0LJcP6ApERw0OvosstOdZm
2593,1vseXFjr0JuOOZ5R9wShf4
2594,1l63aCtu6y8vRmYv0lUNYE
2595,1fXUp3gff4BGyvBBpEOfS5
2596,6YhoIqqEx9Kwm4FVBrC1Tx
2597,3sZhhDVSjC3xjEiqK7y5cs
2598,1JzmihgmpYEQkhY63xBcM5
2599,7ngnF1Coqb1sD2QmCinUnO
2600,6LESEj4l2cewUCbj8MKW1S
2601,4mUIe9gfsdtsVP2zFIl74x
2602,69Tf2qK9sYOi1ncnXrfIUV
2603,0jUTvJETUWQz5lnFMGQI2C
2604,4NazHwfKb4e9WSkFM2OC52
2605,0oWDxRF6b0nHcUAk01wthv
2606,6025RqD4jJg1QvkmrfXUhm
2607,4XdTPRIjL4zGr4FHQSGQkY
2608,6jxIostYgowFdAa6dlutJt
2609,6Wmhm5sTC0fpIBCvVH2uQF
2610,5LI8XWkkObYclwjH66GnU4
2611,4MT4emhsH3D1RuWdsh0mFw
2612,1AsRKtVsRj7JBSIYgcGZQ8
2613,4ZR8FQuuxMQj9V2PDKR43N
2614,3ZkAeXTBcIpvfsYLvBG6mN
2615,6Hg66pZCARudwcPYbiXkrG
2616,70w09DCtrlBwveabyxe5R6
2617,6epn3r7S14KUqlReYr77hA
2618,15eo47nFpEme4KurScangq
2619,1Mf4ZMtbgDrFYvv1QZ69gm
2620,4ZacrkDU4CnaJQ5YZ44OAO
2621,2HeMAm77KsRX600I30XTFw
2622,1yptMUdBz9R1AJm7Tts9Bk
2623,3Ci2UYVek6XFXoQpBLW1AK
2624,24WLIETwqFUfkBDbTXCstK
2625,331MedpwlJpVbF7uRlHqH4
2626,6QIJ2wEgu58V7e9J3TcAAb
2627,3P3OfdWRtg1UTtF1dqeSe8
2628,1pTFTIs5VC39uK9ZZsnYAA
2629,4Bc66Wu5K5zJ6T0eDw6zox
2630,7sI7rhcEbNyI78SsNMO2A8
2631,0crnpkbgWAF4En4lwhuc8b
2632,75hUP1Zl49TiDH77LvGj8i
2633,49sKpVTFEGVbanLPD7g1O2
2634,0NSYVDo4ryxNWln7TfEyex
2635,1ZIhNaZJpUwxd2bOpEevCK
2636,0KqJ382ViEljiCYchfGwlK
2637,2vCnEuoc65PXAdx33Y7syW
2638,24J9R6dPDuAeYfveKjco1M
2639,25vAFcVMJyAstOjW9dnRis
2640,0eArho4oNYdoDA5Ujrnp5b
2641,47a5fSuxdXnQ7Z7kFZAzhq
2642,1b5Y0L4Hid6s8HDsNiiwS9
2643,2QqYhOZ0BMZFJfcdzn1N65
2644,7EjT4uGrhkPtsN0drHeus1
2645,4jjS6MrxNGzzBD1cCKFbBj
2646,0FWIZ4I9iNgf0Ismgnu0i4
2647,5hOVb2CN6vGZcGffCozgYb
2648,6w0BbFfAK3TaGGPOBvl9tO
2649,1g3trwwTSVbyAKlaqjSK8Z
2650,63lGwAsIEWeS5uliYtAGxF
2651,4upncstOhYdwASREJpwPm2
2652,2jrdIIHFszXVGw1C1RpITm
2653,3wGNOxXUzeqC00i6E8GwwL
2654,54azQnjuDYDFfImXimGFsA
2655,0uMtzP7xkkso5OUwiMebqO
2656,5mo3GwSQCt7Hh6o0Ie7xVg
2657,43F5evseGamQ5ZXPBjdjv6
2658,1K5KBOgreBi5fkEHvg5ap3
2659,2SmW6wS2CYYAn6Kl4r0QbC
2660,3ckGmAALnmyX33H9Su0fRR
2661,6aPhSweIHNrhRHelWG0WRe
2662,367yPvrZCiD6vHvOZqLO8V
2663,3qmaOg7scKHIP5NWnPGoCr
2664,6Xs8hrBe9jjsUKS78ecVd7
2665,6dDNPSVfQqzImgZx0bL13T
2666,243myJIRnztqV9SrK0Aohh
2667,5RaFjyvcG6wZ3JZL1L9b30
2668,3TheBeg92QzEpR5kdVqpDa
2669,2hu8MGKHetKqjLmqadNQD7
2670,6Ln9ALLOT1QNx1aeWqclYA
2671,3oaMHRyr54KxWdTx6WoJAr
2672,7APd0XOyxADdME6FggrkVq
2673,4kIYxQOnPMrFTkbeCqwD7k
2674,58FZfzij5aHAXydHlCxWUL
2675,1iYuT7wv7zjjgjFPF8Qv1I
2676,7ueyVuff3whBxbmoanlg4C
2677,5mSW1ciUfAMWn7Hq7zHQkv
2678,5Tp4UJvnsF4Zd05k0zXUte
2679,5rzsyz15ulv7yJykUxRJrj
2680,0Bd3oaSitY4a57zlwV9sG6
2681,5A0q3r0JjxypiH0df1bdS2
2682,6rlo6XpkwwlFRksxLsCqYK
2683,31g9NC161nj1tcJ5OV6xnx
2684,1PW0FrI2XFN767tFMRqiee
2685,7qZOnik9K8Mv987ccBjwwj
2686,2K59oLhgYglmFUE4u1X8iW
2687,77Ym13aVPYJBEIn0oR3tgE
2688,2Y0vweA2gIWXXwmdtxZo4a
2689,05k9zkL0InhFtrByAYNVJa
2690,4Bly6nsiynuA2giYBIOuMz
2691,3U9XP5jZ0AoaTqRMFVUlfB
2692,4PfLGoDDNfn2HZ2BYn0QAx
2693,2h5bz3snLAvbXJhMIrTmSY
2694,28O86q8SwlxwPXnc7PUCwi
2695,2uSCx6xNA3WzahPDXh36Eb
2696,3NDMDEjQOIsE5PFrFsuwoe
2697,0SmZQ37a3gikdEf4fnlHUj
2698,7xfWkAqJiJOrtH6j8AbXlJ
2699,57HNTVH3qpDVOGEzFB1dda
2700,774Q9y6gh9i218dUhxKzi7
2701,12Iheqddb9BMCVlZY9yjmU
2702,0qnPa8dk7JTWVePpAHYl9E
2703,34C3UVHdq8Uay5EzUHvJqH
2704,3AA8xNhDC0MpqwkGX3EP5V
2705,2kh8G4LfoG8R1zWCGa0jVV
2706,4l22haapWcx3EDHYbx5ptU
2707,3EA7UCERsrayjxwOurZh0H
2708,46Yu3BKMgVmS6KhvaCWG3q
2709,25DzCPWLkYjHQGzvsQLRnR
2710,3iyLRmBV4e6EpbiBsVp8xb
2711,5BZVfaEMQ22LUwh5pdoENl
2712,1RJkO4wNDYEuniXzg6WzA1
2713,3vegITwJo7LoVAl1hnilpc
2714,0NlAiiBfNlIQHrOeuPjEMT
2715,50LDzuIe5tBtbHUCloksQt
2716,1gppXzQlS9Q5bwI4JC04EW
2717,6oBxQU2PvEAmP3u1JINvQM
2718,2wCbjuaDRivV7fukO2VlIQ
2719,4N648i84lWiC2697Ww33QE
2720,3De3xnCQtjAmxNPVyiRFnw
2721,4VjYCU2dAUNtCDyjDz87F6
2722,0H6qEzAjms2da1UkoRuUsK
2723,0vbcengNXKwIGSkGXZ6bNC
2724,1PnWnjpNQmcjGSzwfqxJKX
2725,5noQJkpVfHt2D4df2GXieV
2726,3lpnEuEJeoYiRdmcM2yFwi
2727,3CqT9ajcy6pY7TonEPiV4H
2728,1jQyMyCGAA8ayimLLFHTeY
2729,1lMSHZnVrAhDoNVMn6VfpM
2730,2S2rZ2c3VecrehR53PEzLK
2731,4m3zCcdt2Vkn6h3Ha061R0
2732,5SdJzZefA3Sq4fDDn2Z18b
2733,5zcDOw50EQXzxDY7gLKNSp
2734,14UrXTieZZpY5nIwJipvaP
2735,5zjLTEjSLpyDQDfYMLrepR
2736,6120uJUyg6QDzaAJUosTx5
2737,5J6rTmMjF9DVIAF8G3M9n4
2738,67vx6ZHoZvkaCq8t8LyRBK
2739,1oqWM3ZeizduhrVBlpRIii
2740,21bXbEKWZBw7IQqxUOgsIT
2741,1quoaYgYbSiHujPV1MyCF3
2742,3NOY2qqIDTbGr6kpDsaO0W
2743,3MR0UR0ACR5dmhRVMiEuMF
2744,0Ka6cMllwgn7TwUyT0La0R
2745,56AotW3bcgTvg5HbindNBt
2746,7frghjCj21TjmqebEOtVyE
2747,05NJLYztMpTzZzHLRe5D7G
2748,3W7MW0GUAR4DNxeW8hCF72
2749,2EslxisnSbLw0VjKTRQkJX
2750,0TcmrROeXZ0RqgdGIhEi2j
2751,2QT0HKrNghOXp7ecoS1JlH
2752,3yihUqTwvMDqu5o5TYAgZk
2753,2Xwhz02rYpgihXht13EQzx
2754,79QsAQKkk3hlOC6yV1uKdg
2755,4fnvjQXs8y18X8br917ohs
2756,0CpBiDWgrVau4bGJbkQ73R
2757,7Ddi06B8VGqrF4xcrvbwjr
2758,3JwkRRgHtBI8RlM5hUSH28
2759,1p1u27Ss2mNtNq1wKStxOO
2760,4sW0So14P2T38AjjZDkVjc
2761,6p1KnPfyamJfxPkk6flhv5
2762,1O6IjvmcQLeYQ5MhZ9HEE2
2763,6pmyxenIHeXpSzJXL9YaBl
2764,1eTWqvsPC7pnaMmEEVr7rY
2765,6nV7sqS0GZLgRXr98RQAsS
2766,6ot6YdfepyD76mHcyhhfKt
2767,395uj20WFZvffLXIGFD0u6
2768,6PxDfIG5WP1CF8vdvifI0a
2769,5e7LO2aDWOUlYa5QUhGyhE
2770,3QuzslMgjJGsw6wC1E9eRi
2771,6fa5KJ55zCgNfyEHVhoPrx
2772,1bOVoJ4rPzc8pDZkLk9JXY
2773,58lEwk3TT5C37oDg7RFAfW
2774,11q2ZwOq2U7DvfXUqXeyR7
2775,27LF21XCnbe8aRciGHYvgh
2776,6N0au2jHO9gFKF186hgM4U
2777,2WM3kf7YoQogHISmSEsCzp
2778,0FzGbZlrsNDLpaxiHcUQm0
2779,5sd8eVtnZl82iCPxaLyzWe
2780,4hizMtcebzlqsZqp1Y6yJo
2781,0DIoA8FpXtEHWB2u1n9zU3
2782,5vtKvxqhJg1FeecDPPrpOC
2783,131vswZNMvVQEvNJdLCQfD
2784,7zR31CeVQ3y6MUCF9kypW5
2785,2UtJQ2V1JE0vjCHho6PVTg
2786,60p0mfjSXgWJYRtD6aF49G
2787,32UwmG7a1nPFnV1yW64SOu
2788,6PpPVKEN0n47tv6A3C1enn
2789,4MLBqAEzNN89o2M9h92Z26
2790,7aO4r1tWlxaJCsq2f8tPCR
2791,0VkfYaWv5XriwIHKuWb3tU
2792,5kFWqLVb9idG4f52ZVD99r
2793,1qBw2UON51HRZMWqfpCXIb
2794,0WWEXVWB9PKQANvl2zLkEK
2795,78YfV5PBiKt46V7RY2Tnqi
2796,06iadw5Wygx0KHvtmppYdK
2797,57oLyKb86OabLPNrpRsNUw
2798,1NoCDgr2bEpy0Ag8Gglqp9
2799,2GDj5c2nhtfBhNf1RLkeoW
2800,3rXdABev6vQtBCElztIl7m
2801,2XQKestqcKNAxnmo5hh3Yo
2802,4W08S73bCuiKTEdhHhUGtB
2803,6JaXPOG6EAgADT70upQaRO
2804,4yrrcxTuN62QA2RFG8GOb4
2805,5sAiD1y3BDWYDl6ZCvCAKG
2806,6xoL78uKBDcjuyPOrZLopB
2807,62utntNdsx80hraXA5ha0Q
2808,7gKq7VeZVkvC4EXrT6yDXm
2809,2qYdK2xPs3nDuatHyu7JKf
2810,4OpQ522p2qg98OUh80La10
2811,4J2TEVuneXeiBypWxasQM8
2812,2vQYxpvH08LHpJ3DUuhvrS
2813,3BxnxxN7TUGfYqhtT6gRAA
2814,37py2ObDS8BVWx5QHKxgBh
2815,08aHOFKHiwgdoOc36WvdaA
2816,3f3omU8n47Mqyab5nCaGyT
2817,3LlfOolO7z0IbR2oLfG5KW
2818,2amJsWuU8ohAth78f2QOLD
2819,7mL0QLSIOEBnilfdrRuF2W
2820,0BXekacHOm4sp0tekRokbN
2821,2KOpHejCDdUxxysXiEvXIw
2822,1V4htJ3YCadV1z8aA0UeFg
2823,2dlPk57ugaa61n7TOrGKnU
2824,6ZMHH9XpOSv0p9vl51nLO2
2825,4BiFH77T4UhJtIC9W4r35Z
2826,4FRcooqZAeiri8Gynx3TF3
2827,5S15qmWHZ8iqzwDLTGwkSi
2828,4IY7Fc1GuYtqXqIT46vrzK
2829,3dXAk5wX3p6sb3NqjzUYBw
2830,3EWGTVddyhva9TM28SgWdT
2831,4dGLMiOBMUD74iiAGQ17cK
2832,7rmeXDg018VHtqqSqSjcFs
2833,62VDxgePLc4D1iTslQ9L0r
2834,2yjLC1EIMFLw56io8OlUQW
2835,54buFzKB7sjhntU6JoUo3P
2836,0ioWsUfkIT0CSUW5JBYQhH
2837,5cA8x7k6EEHgCfg5bN9xK3
2838,1LlJvFMIFUp1FdUTOhveP6
2839,4dfPoRgSm8nMp2Tjyz4Vqj
2840,4NoCkDzdr40yXFYtB0HwZ6
2841,3fhLBECV7ZarPfQuicqgoQ
2842,71d7LaAgPcNcUopu3OzmP7
2843,2mrkQSB95qUQhnqnJgSB6v
2844,7zywdG4ysfC5XNBzjQAo2o
2845,4ZFQzC7ePd4b4jYHhCPBVZ
2846,7uoR7OHB4pJt1LPL128prk
2847,5qgBvugGSAnKWCpWAiwusi
2848,3xn1gy1NRwhA7tGKS6F7eS
2849,7zEpRJjLRJK58vmSLJO303
2850,3E5I51qj8g7aG5e7oIccpi
2851,2e8EITiodyhvijf6inrM3j
2852,1J94CUW20BYksMmbhq8qAs
2853,10ayEpFHipm0XDD2gekfJ9
2854,7uzJ1967oiUdEQGBjweaZZ
2855,1JZZkORheU1RpGqJdZ77WL
2856,4VAIFppS9EIjFZ0bTB6CPV
2857,68xRA7Ny41qPU24xCA3hS4
2858,4ENcnoKcvLpxW5sfkbaLqS
2859,6CTWathupIiDs7U4InHnDA
2860,5nVThpAA0dIeNgARJXJVYA
2861,3oAKqhgmGVstfw93RrMRlB
2862,1jOdp350uH2z0sNaZyPv8K
2863,7ttGsw3JDAquuUjE08ixK2
2864,4wmy5LpgVjtT3SW5CG6oVN
2865,6V1Ha54suZAAoH9vuKznS6
2866,3KVE4vSS5Wlpft4oP6CuxB
2867,3w2wcpxkM6aTlrjJ5oHLkb
2868,5wyUn4qspnsp8anSEVkNYP
2869,4BN51RO3gOPntLnJukagZV
2870,7ntXqxuhKaLKvI1VRcW1DF
2871,2TPi73jPkT4yDu1EiyqR8E
2872,2OaXmeYBJ0hcTmS3kxjJOx
2873,66sbd73QRMbzI2AeaBqaBo
2874,1iMFR791nQrNdnNNR2efWH
2875,7EDjeVZfgjcZ9eA2vXWl5c
2876,3wm14WZ1L3CUPTxmI8G5aV
2877,5U3Fa1acthIA4TeiXh5Gz5
2878,5B8dkeQm409tI4T4shfpns
2879,5Rqo5YQHwJkKRUh7QlI08H
2880,467O1AN0r6BWP0odJmkowL
2881,0k7vGaItDMBqRIGVQ6ldq2
2882,0pvI3ZbRue0ObpF9ptI2X8
2883,6vHZjJWTYPBQB7sLSLdfMs
2884,67sYu7aC5Zs3i5thjdi7g2
2885,3RMvYC4dfnSUFYz0h3Za9L
2886,1Xde8CnJFgSDVujg0RZTtP
2887,6IUp0Bmt1yKiYqd8CVnhft
2888,3Ip2w40yRW4n5vIJEjdPaH
2889,38wC6umxftE9TL2llqMzCV
2890,32EohKdriNBSrxK01YrCqs
2891,0BXtDzijBaHpqlBkMOIJFl
2892,78WVLOP9pN0G3gRLFy1rAa
2893,3XhDoePM9v9GKa6uVAgJbR
2894,60NcyeisxaBiYJXG8MUIaN
2895,7pI9HSrlEAdK4ql6h0XGXA
2896,2A43z4iHeNcOzq5aCzWze8
2897,5Rm70bhYNH2eTtHjlwgPY0
2898,3B5ML65hEK2M28t5zhqCgW
2899,6jeP9JMozdxrVzvVXp6FKj
2900,4LXnDtqZ6erElXrvrwmjUD
2901,1Idid9PZdEK2U3L37yoR4A
2902,2x4Wu8WR2X47rMBgWVWBnU
2903,0yHcUDpMXyODu26hbXFZTW
2904,1NirMEdU5ybIvK7nqOCTm4
2905,1BHI4OUDBdmhToGxk5oyeF
2906,1xm5FUvlxdpDUkN7OmCBqN
2907,6L4Muf7b5dF9UzA6fzkj3a
2908,6VRkC5p1m3D412ilP0UFPq
2909,1livN1WQ4XL6w3nukWTkAO
2910,172FccuUROoiwy83armTEc
2911,0ENKY1DtiHD1smxFPSZUl7
2912,3qwmmLsqKxPu0F9Lt9L79r
2913,3NdOS4lTW8lPPZKcAOIXxc
2914,1h4wlLwZfB0JJgE0IE8VES
2915,1M63dvMiyRk0T4rPLfhHa1
2916,4ZLJ9oAIVEUnvi7nzGtmrL
2917,31Z8a8TVSOK5qMtkCfp05m
2918,1wbT9WdIYf3vYiXWFu1sGb
2919,3ClPYFXtjVgS2JW4vmscKL
2920,2MKtM6VW4tlVf91tar3pPS
2921,2DX0WG5OGLQLaXb41Cq1IA
2922,1YG6Lenyqljzm3Fa54j5kQ
2923,6F2i9KIbmMGPTxFqCNs012
2924,2Rebq5N1xl8WQ9GxThL7YT
2925,4WjD33BNF24KCZkMWlLvlV
2926,3VtJuvSnpMWwkriOCJbPQK
2927,4RDEEdMP1UvE5u9h6wcWst
2928,1haNGUm5oYnqNXAgYKetym
2929,1eMZIudwmN16Ng2ohPpVkn
2930,6rAqeaETuTUj5l6kS79mGd
2931,59rijndf9NVttOUFMhgN7H
2932,6KMj0YvBLRiNuB6JnSlP7N
2933,5Ms5XSjG3M1aWcvjcbNPo9
2934,1OSKbrINozzS77r3edcegi
2935,0QGkJrSqgw6GQI1K21SMmx
2936,1vtlFENFwePxExgcz8STd8
2937,26Rhg73UgqxO98EAPX6Ene
2938,48H6psmDAyCWShNDRCoREH
2939,3TSiSnQzDodf12rj2zLMx3
2940,54LmCAEgFMu1l8mAyMIRxm
2941,0KtZs0DvUK1ZqRApVemESt
2942,2sCDzRlkLoeYpZX00i6iiq
2943,3U7TJUjNz7pgPSfgeGQjsP
2944,5nno7vNafrCdiWYLZEmcaq
2945,0vEUUAGYwtsDc4Xtjc6tWQ
2946,1FkDEzD9aznHmQR6rWW1yG
2947,2RuPkIXNmFd4DGxyqdG78n
2948,6qE2hqPWhpUawN23sMFenC
2949,5yYZNWYqvrexwWlTPfTrTX
2950,3sGG9oTzMRsnmrUK5NTRxj
2951,3QekYTQcjeYg3xc1iLI0D7
2952,4WcFtmdPfCKal88DL3emL4
2953,3ikcT8s3oLYrqRWVV1V0X9
2954,4xmkYAdkrSfZlB3boMZW8V
2955,2539MHg1YFPhzv0B7b3Vqo
2956,2KoChcvrbUTBSmMn3MDQAc
2957,4rdqVIkfzxY24OE5whDltT
2958,7F9cT6hIRhnFCYP6GKS0tf
2959,5csZGNvfHtju7Ak67U5PqJ
2960,2Z8oq3aq309XOUBa7zayLB
2961,6hQOYSk71TxMYZsIZgKofE
2962,3wJSnKqCwy7vQRxpVq14WE
2963,5u1Skdf92KU2StBbczKRjJ
2964,6Thav39y9X5FrJNuh8MDRZ
2965,1nWydPjxaHwae1T4DMhOMf
2966,7s25THrKz86DM225dOYwnr
2967,3TqBmSxtVOqalhigKrAxrq
2968,6Xf8iYxVkoNXqWB0Yjgcpb
2969,4MEGqanS50WbaLvKzsmrcb
2970,4my9u4uHZAsr72B7M8Fy5E
2971,6nDPNWeMK5UxWwcMGGkVA4
2972,4BShJ5LSJ3lreI7U97wTvi
2973,7aMGwf5j4YrwIHC4gEmsU9
2974,2Xde3fBS7LZlQYc9obOy0p
2975,7K3rmA4f6NEElsxKEOOt8H
2976,6paXazhkenSHJed23XYBQu
2977,4YOmGns9ojNuDVV4RfrY3c
2978,67gdxo1a4Bkl9aaZ65KEGc
2979,3nXbMRv05Rl1YbQYsd5EyM
2980,2YTKbyCcgeg68k7mEpMkDc
2981,2KDBl0Ax8PNYfIK4qSwXgM
2982,127QTOFJsJQp5LbJbu3A1y
2983,6iwB3kCo4xXq8gj0jF0zoi
2984,2WRAkLRA5algG70Pt5FOYq
2985,0iGzEg28eAWtUB8AEAGnY4
2986,3ScKNGzPshEhnIBqjdc5zp
2987,355qbpf35myn397wClXTg8
2988,1ji4q2kKgU1Oo3uPoeTnRX
2989,5iIJpGgefdvY8wKGzYDa3F
2990,4MmUUvm4iwNTVawBRfMRwI
2991,6MT2voYmjlstKrGgE0q3Mg
2992,01U7AowXWVSzZ8K3LxAeED
2993,6MrpnM2VIpyjPQdnqItSYe
2994,0cEnONfBHoWNo3BC9BP3bf
2995,1eyM9JDOiEc47GYXowVAoA
2996,4yFa7N5AvVidCiIhz9JW94
2997,1eWk1yoK2yXv5rpWIw3d33
2998,0oVKH27K73bMu06CjvclUx
2999,3lZKDVtIIJ7BrzMbIm5Lab
3000,1OSmJmnRaBLPWg5nCy3YaJ
3001,47hoqmer7kGt7Ih0TYDw6J
3002,4DUQUD4oWccfMps7A4qHBM
3003,3xkoUGbf11dLvsfIdgfmIp
3004,1msoHsY3H8bDCv8Lyj4wiU
3005,2v3FrgrY6I4Gn7RPyFmZnd
3006,3hVFZ3YP3FQslaAoJYXmbI
3007,5cyxki39vlNuY5ICv7fKzw
3008,3dBdwtk7UIcWE1jtsXOsSX
3009,7KO4XNfwEKhTbSGo3O6qX5
3010,4msM50FtkX9epJEf4hfYeJ
3011,7fQxfzvIwQd3SrNSPPg9jI
3012,58zxaZGeCkdnkJzj2pNADC
3013,420832kbq28Fln5U4cMT2s
3014,5m4TMhR7wQQGxelJa7lToQ
3015,4tVphly4D1PB8tJC9gHMcJ
3016,2B8TnS5nJijlzuORGs3RKy
3017,5gMyrfYn8ZcUARyBWATaIs
3018,4GL1xHi8vscOoZriG8eDDy
3019,6CgIcgcWG9vYzXtb7bJhQc
3020,5zxqk9zM1cQ0PFz0fB031o
3021,205i1h5IucbkofkL0wT50l
3022,4c6BJXJXZMXsRAsS1MTHIo
3023,53aIW5h6BYhe0YlU5DqYXq
3024,3ubvpgBsJK96b4OSTo5DiC
3025,10TfdwQqSz1DzJirOAcqZI
3026,55Oas0uFikDQDxEAoBTY1i
3027,0hL1379TNdGdh6jO5m8weE
3028,1Zdcf5EuAsK0qMP9QFf7it
3029,0KUwlmkv3tBpkcAzBVy7fu
3030,2RScPGonhRB2RJAVZ8nQON
3031,3eMoPoIovcAsqu8SXjWxOw
3032,4EsLOw2p6hm4dsLoGOEkSg
3033,4xr0wspxRzW8UC77Narvvo
3034,3ALyID6n3ZmzxchhiYA4o2
3035,2zFYbadLGiKWnSJ08au3w9
3036,39xC2CTGZkrkuHPvELur3w
3037,2aM1YxTLFjpLGKxIzihq4E
3038,2Cr0i6YvRn6KFIsnVngpSP
3039,1LGAVvJzca2z5IqQ6SXINR
3040,766AOUIOIlbYjp5c3La3vM
3041,1wC1QmgIXk53Dv9VDKkrCw
3042,1QrxK8A6u3we61XZ1a9rrN
3043,0rVmAzRuch2J8raISV60uM
3044,38lG7g23EtRfYfGCKAt5c7
3045,1T6GkaQLh46lbpnkkqISoY
3046,5QxK0PWees3VUjyENudmVY
3047,0Ep5Bk8h6SAIWmRmLd4Psq
3048,1wqERca16bTn7AysS4CxLs
3049,19gbOHuzii6M3mKVSwbTss
3050,4nvr5vU2Yt2b85WNIrQlSQ
3051,0JURkyRmqvTlSST86vREPn
3052,5tSBvVMzVdwgtQuXaxCvn0
3053,0xBQSCIQO3BmkXzQxOAtNi
3054,5juvCR2E4MmRB8aCQGouQH
3055,0NoeeRNq5g7ckQmVLEcoMF
3056,2XHowu5xSdzv0VieLz4JW5
3057,3qlvy5zokYbo1Xx8I51PXF
3058,2yZncEO6Txo1oXQmOeklyJ
3059,0yYuyFhftWcWwKPd2IhSPg
3060,0bhGTfpajLMjcYGMwWHy9p
3061,3hAifBjUXocI5IOCOKkHbj
3062,69YW4FrGpsjzt9lr517bUz
3063,4B7hjdH1IO6hGwk4elDlu7
3064,5ln8YYgfcKrAREeVNnj8zx
3065,1cNkStNKA9nF53Nd3ipP3G
3066,1IxKolSq9igZo3GSnBAIsW
3067,3HqXuYeKz9ni4tNBLSWkPG
3068,7DF22llkSh0L4K9fca4zyT
3069,5guuPCYrUa19U3y5JI8JKg
3070,29mk6MQkkwbmVxVZnZFyIN
3071,7CiZj5S4E5FVboR0yLVLzc
3072,52XqNtozWV4q4vcU0uXc29
3073,2hfCYdOhF1DCgz96h009ZK
3074,5JniJuWhCL1KYHjOMS5UTZ
3075,0h5j0HCKGAQeXqIzq6kwbh
3076,1qZ7dwl4IynMEpILB4WciW
3077,59XNlPnp7mkbCTupmPocbJ
3078,4CpXHSfmAfZrd7DI8BNUZi
3079,7aEqYB9fGCGtq8aYL6ugQU
3080,6sm5IkQ2p6kBAZ3OuHNmDB
3081,4ZcpiXlazBfXliUVX7w6Ie
3082,6mYit9pOUATO0zG7e732iQ
3083,4ZmCl1A4EJPBlPhcJ1SHRO
3084,2AxFNjASJZnphjzAeSyWPo
3085,6gIxZK1C72qtxwYmss3xXr
3086,1Qc7zCw6k2KTvSEl4IKSdP
3087,0RJnkj5oWdaxm7k3Qi1jJf
3088,1f1bkeSoP77LAxlAoyeIaY
3089,6OEQZye4EZqfml03j52y2S
3090,5wS7KpQTQaUFPU3NKnXTyj
3091,7Fr7IW6tm3DvGIJT1T6NXO
3092,03YvITnk7R2Gkr8KJFNtvI
3093,2H9gCgaepXr7D5oQmrgI2a
3094,2rymMNlOSFDpIryTKf9PX8
3095,5cWLZF2W2aMvvnMrA296TS
3096,1R4ao6Uib5E7dcYM4ZqgUi
3097,2uJ20tpfbANozpNAYYCNn9
3098,0VhyvGqRFG2dfbuNQi7JE9
3099,6BICLaXCPPDWNloODbgOGZ
3100,0ZkkO456qIrAH9cr9DcPlW
3101,61RzfkjPkAReIo6Vb6MJQN
3102,6FuGJB290AQMAHTfjOYVaK
3103,16qZ50utMAMs1uchv8L2q9
3104,6TWplUpLzJLc5OYSjbXGdH
3105,4bdAn4KHoXu9gOjBx7LY2I
3106,1pYxfUxvdlqAoI4gdObMJN
3107,6Weq7HZ26kbZMVWRZUkvCB
3108,71eDQjShBD5Smho3D9eDnR
3109,60Y02vH5KW7okUcjApRwNT
3110,2B7043gSeu2Fe165HMQfem
3111,2rM2d10FiJt7e4y9f34xfl
3112,2YqlfIuYa2XfTTM6bwG8FD
3113,6vd4cYRBOAH4YzTng7GpOh
3114,4vGQNeWAh2WKPYsqhp5wSg
3115,1iiuYKdJrhOWt2LwSTyiVx
3116,01Wiy8c97chpIUCucIZG7F
3117,0C7pCCy3QSxvZlwDkbIL2R
3118,6SbI9BZnwHEMy6wUt2Y0aw
3119,6rfGPGghQL7SJmZPXprXIc
3120,6bfLfiMEWXBNOe74PRroyY
3121,1lLdaFnr1MdakLjjqvC5lQ
3122,6I1UXqglOINThfiQuSMfls
3123,3fpBFNgl5fyPS2utmCZYvi
3124,4MSY9vkyI6U12R8Jh2auck
3125,5WCrXuiitCai2xhIcGM4Dy
3126,74eorJqGN4fdRdoN9Jm4Lt
3127,2RuT0bwvNrCOPey7afGpVW
3128,1lNFUN2jariWfO9QV10tvG
3129,5Vl9JyiIlu8IkVrLs6rnFy
3130,69DB2oG5L10PHJY9Qerh01
3131,7Gr5IX3qVyWhgWjfBUS0Au
3132,3JvHu1EThs9qb8Mlzt9qo5
3133,21ur7B0QuSYH7Gy4DCAhdp
3134,59Nv0s5k8TL5aa0xFXkwyl
3135,4ZsI6OEPE9l58CnsMobRs8
3136,1v6jHij1OfpLui0YSmNTks
3137,1c9SnKVxfpjRCafo7rfcHI
3138,5bBDzdY6TK44za0ayWnElC
3139,67kImFTKRy6jdcWI7sb50p
3140,5Q0g5CeaDgnXGmxq8Cf21D
3141,0flskLWChrBqN5XpVioC4N
3142,2lFlveK1y13WWp3vnQtrr3
3143,6UtdqHT59YkhawVYcRA3pk
3144,3v5Brc1Dhx1Kq7bpLIOhJy
3145,1cqDWCPizEFBzWXGRGVipB
3146,7BgDrVofY535idMxyQZVoI
3147,3dYvu5lnLjBLm612D54HLG
3148,0h4PGI6WPRbkwks2Ozjkld
3149,1fqjhCRX0MJOyfvwTaGESx
3150,69BsUnUmZxxVtdnGhKslqY
3151,2UXJTHqqbUsDxDHby9r9Tm
3152,29oElUfUF7MITRWCMMNvWD
3153,3YfnyutTsWhYaFXWygiF8w
3154,0FbXgSIEDTadJ01wkVVhqU
3155,2OU6RxOSA8n7nDpg3gF3aX
3156,6jfzBHMbh3lEXQ8HepTHvV
3157,4q0kK77ai7HOMLWUhT1Iah
3158,710RoGot2d0lgo2XGcThYx
3159,3ILChiLd3fzmL2rfAe4ctO
3160,0iOqUubbplyH4sQEcobU1u
3161,044FYFKudZ1DKkqlsnBP7w
3162,0rF1BStlze5oZiyNsiskHN
3163,556lWiz4SCD6pJL4rjGCKD
3164,2ownDSIYHvydbtauGZW4ln
3165,6Q2V2unTwddYLeTBrWSP5i
3166,7ACm8MpdrCYpUu5Ak0oS03
3167,4xy1Zx2NCtbJIqU4rCReIY
3168,4VxBloPK8Gqtn4RSQB4iVo
3169,1vCy1cr9Q641bV2UNlq1nx
3170,3d4aO8Ex8mjbqdWvLeOlsE
3171,2AJRDsbRazf3MmfOEW6Ex9
3172,6lfUs8GxwqAveWQhIkCR38
3173,7yVYcURQ872sdaLTiQQLdQ
3174,0T7ZHxvp81aVImi6gADpqT
3175,7GeUD32fdisiiAfCJvCUBb
3176,1QIReRqOLMT3qZoQrQHLXY
3177,0z6Q1XfGXFUwYw7CH3ONDS
3178,0Pq2yBq9TNsAtyVY63XGPS
3179,2UtZ88jWHeW6TUU2nLe7oY
3180,3TD7oNyqDbWwXLltWuyO3c
3181,16AcDrHtbRxGg4BT5JJPcu
3182,71WUaEhvIX52V5IYaaApaD
3183,6JBYafJ8Sb41FOuyowVM3k
3184,26nXtAXEGkdPfBlrFj2rDg
3185,48fsm6P8qafnw173mVyceX
3186,2boK2MX9CknrZyAQ8vlKHl
3187,68DissulxMrPWIQegUk3Uo
3188,15jkO0s5ilkIvMCinurFhe
3189,0Z9FRM5zukGVagh8TVSdrI
3190,1ahnyRMBhh9H9d8v8JIyYF
3191,5c1gLRWr9HQIXnDEIKQ08T
3192,0TELSZoJFR0oD7G8FdOTHk
3193,6fi6gDXhy1jFeiMKrhrIyC
3194,0lkYdh6qhmQdN8Q1oZpSmc
3195,5CPXR6lDTvngxtmMZxnWmC
3196,7C7CyC5swHGULPjYg0mNzH
3197,1zXGALNdvdK0vwLkVITkqh
3198,3FB0Fe0Nyr1bsVFARVG0Ic
3199,23wRw8B1BQ74VjAb0uvHVG
3200,0iPI0i6TmYqilxneeQzOv1
3201,0TkYe7GZqTOcShwOkeXQ7w
3202,3TW2FqNKHeVo5beKCsjx2v
3203,2gFBNU0hoprOypWeEU5D1p
3204,4cXpHYQAHNnJVW4uUgRFYp
3205,3jHWKj9p7rNz2U4EyjLiYI
3206,1VI5kw5sIp2T4Hd1gbvZHR
3207,0DJ9zJciRmQMchWwVYJ6EP
3208,4gR2DaaR8luTbfquB7sweG
3209,4mWbskHFIv134A0udHZvHH
3210,5gQJCt8s7i95sXJ0qM0HwS
3211,3dl8qultE7V7y7TEXKvQLq
3212,55Qp6skJINQKXHSPyJZxys
3213,2X51nASNkVugEMtRBElTzR
3214,39dp9iPEOWGxpvnTo3wa43
3215,1FduC6uCkVl3ixBo2eh8GA
3216,3BQmmSfxwwGH8VCvja9uWV
3217,7exnPa3Da17WUEVuZwO3xp
3218,3ODUlbDQJN1c8vpgIh8YUd
3219,4mLy03jsUmpUlhpCknkHUX
3220,1oP5tFuXb1Q2PksYB8Md0y
3221,1kPMTyytqCN304NwLbrdL2
3222,6bv4WvcUsV2gZXl54d3yst
3223,5p3RCvFlz3VdLZXb05a1FJ
3224,0NWoEAHR0J0NmyB9Vn5Twz
3225,2r5g9WrEHiMQOmTyqCn8a8
3226,6rvinglzwGWPaO9N9nnHeR
3227,12WE2bZQp3mg2RX2bV3Tir
3228,5stpq2WTJpswAhMaL8nYSs
3229,2U0DMH0BnPHXr2xPDNqemn
3230,2t1Njs07Yv7HWujKQmXB70
3231,1EW1ApmkymvxOyJSpkqrZV
3232,5kKvQ5ZKNX6banf204Ae9z
3233,5TExgruN08L6N4PBjEiWLh
3234,7nLO3ucxA1rPf3yzGqtTcM
3235,33FVAtvqnYmUbSkROm2CI3
3236,0VRZJQpVz9Hdpkm5A4Qyb3
3237,0HnxCKczhxIDpwhwcYs2kf
3238,0ZbrmZ2NTJBnhd8WkHR7Kd
3239,73N0U5M1eQEGBQNGZHsfTz
3240,50oOwLKOk8TC6nnu4oPlqY
3241,2aKZZDS8bB8Eomx77j88aV
3242,6SdiNTq95CjbbnACe9aFKV
3243,7jmU8QYtpfgDfi304r7klj
3244,12jjuxN1gxlm29cqL5M6MW
3245,6oTopDpOWBQiqHQv1vtPuP
3246,3Z6YLC5MoKWjqepMsH7k6k
3247,6KXtEJkHhWrS4NbkVd8KYJ
3248,7b8iQIt0PtPIFCrk1xiR41
3249,6DNyeah3VJQFCxtfyrzVgT
3250,67gIoQk7BwdZ4lrIgdw0IE
3251,7v9zDvtItvtTZNx4WNsLzf
3252,6w4vDCWRakFFJyrIMvfRgW
3253,2TiwG63UA4MOcJdWSyk8jc
3254,5hP18wZxD2x0CkWn2MOEhS
3255,5UHFlvqrkdIxDXdX6mkUi3
3256,2aDrXqng6JTLSAgpyH4cB7
3257,6NOr8cgPT3HcdjhqB8sbLI
3258,3uLI77WO629jMDo40fqsbA
3259,6TDn96PzZMN0fm0tf93C6C
3260,0kpUtJ8QBcRYdTN1ByE5ta
3261,5GHb72Wb3FiB29SOD4ZfoO
3262,75Km8NRuPvKrGCTzPCe0a5
3263,2HuqAbu4FWeGFjtj2QI8v6
3264,7sbFZBsrTR5GBHDYsoVYR0
3265,19cPwa6ENCadWGmKT5j03b
3266,5dovsozJPGCAhRX9BbrqsI
3267,4yUtDjyGLcMBpmtiRvOHwp
3268,1lVY2S7eDpuZPpsvzTMMd4
3269,3NW1h8l6EY5N6HNBL83S4V
3270,0KUQ8whMsF7J0tC1FB3QAd
3271,621JEkyIPeNSfyOb6tplfi
3272,7HrVX2yeW5QLrc3cPI39jY
3273,0fEIpRh2sUwknpn3frc68M
3274,73ByDIR25QOjpvEghSuY7U
3275,0SDTzDSgWtubBf17qR4xed
3276,3wJUS3Ry8VE5rpz2In4yN3
3277,7qGAPavRijMOtbm7EzCaUq
3278,7lgL77iTIvHyZCLYUB3RvO
3279,29bONW7GKEq7ZDBqiQC2PV
3280,1Z2feF5CdC6Emf2muE2LhA
3281,1IV8T9xWxJc0tSEFJit25F
3282,0DpeTaVqW63QjjBoayONYe
3283,30TNFu9SGUzPpmxmnMkDBJ
3284,0Ylh10qrZjECo7rYelH0sK
3285,36KbUD2vwc8WHa64WfEqzK
3286,2EliUCT5ApsdtFo1CYblyq
3287,5VkujTZMMMrT9UK7QQeIqs
3288,2wGO4maDxM59OnoxeYW5eQ
3289,5PypSq6lMF8bQqcpX6cNMd
3290,2sPBMz3VZEX0sr9MHwxHDW
3291,0eKCfj7xCuJNoYrLlSJe59
3292,6M8R1A9wT4NOwX7KbEWhdG
3293,5bj2XmbAU0WCGI14P4LsON
3294,22Hv2NNMRemCg0ntMh0Sqc
3295,46HwRRPp1rrrRTItXh21Ed
3296,5nHvssFyNSFDNqhYsDhWwu
3297,0hAs4PthwOrtgiSXvamJhT
3298,77BfOPXhlnNaSbg647qkx2
3299,5KMJebyyEuuAl9e7LGKH9E
3300,1OTD06faZmqPzGH9Ons6UF
3301,0huqOoHxPtMbdkX4XfGNnD
3302,0d0KB6Z7TH0fhl39SMISrb
3303,7EJN81BeuN9w7QYKGXNoYz
3304,0vlxuQUy4MrOcbnf4TW1Pc
3305,62W59Oe2Sxgtfeyhz8u3g6
3306,3Ctd4RBPLZDEXxMTbi0Sk0
3307,66rVt7PbwyKlu6CK6rxyAi
3308,4T4IAK3DCwBfN1LsPDs0xF
3309,5p3N0c0yJW70k7Xudt6u8x
3310,3PNcXehGiAOEpZPbZmrqcZ
3311,5iNvnrGvOV6J17eUUc0skt
3312,2MO3mSPBH8U9qalH72vqZ1
3313,1novdwS11CvTzZImQ4hOTm
3314,5BTXZuFs1vEACO2lJ9J61G
3315,6jCdDL4TKoUqpKqdI3Dj8B
3316,2atxvRnv9niP7JETxBcF4h
3317,564R0qcMyJD5WtRQDScTm4
3318,6tQYTfyc7h3YM4jv6wta3d
3319,0Rgbjl3FgpWk6gvf3OZ5MA
3320,0RdhUTi16B8sPaYYL6c0qF
3321,1jRuR1hS5FvmisDF9vaYvM
3322,4arN86u5stNI1axzs27pAr
3323,5pnoLRsS5NbgOORqb2i71f
3324,5NS65b8FIH9x3joDlYl0Ka
3325,4MIYJLDmTiL8INBnV0g6gx
3326,2YCMnLJ17OIYnpiIaQa2iL
3327,5Kmvt4OjOZEkNWgh2ftU1B
3328,236P5yLtfnHgTMxevc0q6F
3329,0J0nxCHpAp2OizPn5g7uM9
3330,0qYsIxGV0fYzRCzqMOsQ1b
3331,7qSTsqPewF3qQ4hKaIZhWy
3332,6vHZ3Vfy8qbqK0hkoY4dpS
3333,4VMgy7bNU8ny1u53LqKhSW
3334,0ML1qoy6tLi033uBabBcKq
3335,2AfjGUFiRHyaap2VFvmo4n
3336,6PtCedwdwvhowv1HR1Gp4d
3337,5rRmsr7D5bVah9tY4hVdqd
3338,6Y4tnSrzh7P1qpcfwJYPVu
3339,4hig7j6OL8B5vgFH0TWWBX
3340,5Yc6cLczX5iECyThgebLoG
3341,3vTKAcLRRL3Exg8HNtGrEu
3342,2EmdQbHUp5OXUk6q34ijNG
3343,0LwYbGlRHG8uxzHTo1qpj0
3344,2oMq8iNCbQ3shO49fBVbOd
3345,6OnscAe9OaZ1419pPJhy9n
3346,2YswtIs9nNdiozGntgjbOR
3347,4RRzpHLloHG99u4XdnCZBJ
3348,1iBjtW8qh7BnaBKORJF6Hm
3349,5OExw3ycwqhQLlP8ULYsRT
3350,6ingqTFIeIhd7jiDt56ArH
3351,5UVKaqxvtw92KAguYlrazX
3352,0N0wFAGA0HuhTnKtZiuYiK
3353,3LnKCvgoSaMBKKBbX32WYt
3354,5sjzuV5VngL4KmhYCf8ic3
3355,5A1N1Ox7Nosn01mg7SMdbS
3356,1c9HpOYbFPgEGmQNMt5y85
3357,4a9i7rCLfPjbS1sNamZeQN
3358,0xt04ChOWBxFwvaxALm8rN
3359,2WjdFRjcHuqTgV3gNwCk0V
3360,0hgrzjVarvtsV8WCo7dgck
3361,5tfZ1uYrArdbDqiZ7z1aCE
3362,6q517Nl1pchxHGbAGrMotZ
3363,73D5KeayTULCtoBRYa4fdL
3364,1CTWbPYPihATYxT2sEp7Ot
3365,3l7oSOoUbW38CkgcCq4Iv3
3366,3jw8eXXhbgwhNAyqYRAmLe
3367,3eekarcy7kvN4yt5ZFzltW
3368,0CUfGTVBzkj9CDEtOfRvgY
3369,14sgTWfNmwW24kGeXJ9hiz
3370,7ur0UtsYeQ8XwHzehYDFk6
3371,0cbevD41kMOAoDMAlp1dzd
3372,29yJSGtuwJCfpfGW3Upeo6
3373,36xEjbl8DtevPJgw6i9IuY
3374,10De2w1JiTDQL1PXM4N9lA
3375,3nKdeUXZGSxU6lPsFVVj79
3376,2pZvnsSN8YccOH1MHSdwOI
3377,45yeCkByWDMMIDdpkOd2lo
3378,608ojPUgnx3L9UrI4Iuw2h
3379,0Mizk7hqIE6OOFfGXxHJpt
3380,26BKjuMAXcNc89bufOUCul
3381,0qPZoUuiGafk1ggl45Q7Xi
3382,1PYe4YkKMsZ4JdvEZYBE6m
3383,4PQCrz4sk00dIEmkwmmJCr
3384,254MGsp9Sj8JX1KMJHKJLN
3385,6rrtU6nOTzQwx48wRp1fnU
3386,3GnInJ4sXaWnCXPta2leT8
3387,3ZqnF9T5vtvIPqHmloNb0o
3388,0IwDAFBuADxv3szixtHjSx
3389,5hb92JsDZjB3PuysBhwTAS
3390,4iXmxGDDLwdrSfoA69vMoA
3391,4SK27ywWZG821Kl1p27UWx
3392,7nZBRPj89rgeZ5eBLp2J7P
3393,0K2gEm8M4Wiyc1tejPGyj0
3394,4ldFnDS6IcAdDnVmOYoDTn
3395,7lguVMl6KDQKO3yxzPTWzJ
3396,4nYi9VpKh10CO4dRGjMUER
3397,1bBmmsvmqgIX6lqEO5XizT
3398,2ZgXNY6zhX7ip0PTqlTrI7
3399,7ld6gIWQFZIFziRFN3izO3
3400,0wV7keqEEpeYToGO2cijjj
3401,5IXoU9iEF4rpHoAviherHk
3402,3O6LyXXESr4EhubmzKCIGy
3403,2kVWyqNoQQEyXkRATvSY0V
3404,3F2LSbo3ZIewZq9NjzNIss
3405,1yM2zykDttWXciOWeOdqmn
3406,33YBSsuORzJ7STD74wFaal
3407,7t4HVIxFxsL3vUrKJ0AYXI
3408,7mllzkaA77e7rsyGxABmyc
3409,7tt2oJW7iyyAtSKKwL57Qa
3410,1InTvMnJGYDo9ipymhWHGk
3411,5NdXFMC5YIQOrKPfg4cvOo
3412,7f8sMzOd2e5eHfiTqThjtQ
3413,0Pxz5DjxkibFWgNGyfAFXo
3414,3aIfwIzQbTuWb9mBuCW4ob
3415,7fCMbguqBSjgAVIpBXjdkR
3416,6yOBJTDX1mawVIMKIjkteG
3417,1TNclRRxGJrk8iFLyW1Pu5
3418,2ALDZH8bUO84jspKLBvNqA
3419,7k5OhDPZVElnhnmcQQBvid
3420,4OlmJF9lby4A859arrCqs0
3421,1KDU4tjBrSmRy8SAPjZ3lu
3422,1S8HnFNww3VsukO0ODVzss
3423,3tR7iGbQfZAeudcvxIP1hB
3424,1SqfrKYrhuI0PL1hImZncQ
3425,06GjkuJxrF47bGng77YDuk
3426,0EqBri9fYz5hX8mXrdjILn
3427,3y8HeC82z6JzIcnLEj0GcO
3428,7ySbtEMEhz3GxaFyq7RRMD
3429,1hntQPOGfiSztG0cASWRoX
3430,341YLF9QTsevBiWN6AaqgG
3431,2lqzuIseeZLRQDguLvaG0j
3432,2NfxHRAqSI2BbCWw2eBDgN
3433,2Bp6Ic6U6T7v1u7661OiHz
3434,1qW2NTU4s0hqhaCLrsHYb5
3435,1GoeKg3Oy7mtTlJeRtXTeu
3436,0cwIRggnG6bl6HLPCok49d
3437,7eB44QKWIqYOAcJTiUX8nf
3438,3gPaGEKEKPjWqxEwF1ILyf
3439,6cTN47S2fKcWgaMjTveWPo
3440,34BfePQtOKjPRvRpHagBTC
3441,5lBDYGWPSPi6dDKJ5ykkpD
3442,2x1zWIiutkXECCf0ES5MF2
3443,12wdVQAwomOTNtIsbfO3Vb
3444,7oO5uFY7Khlmspwa6Kmdm4
3445,7MuvsYvmpO4dGBjtW0TWlU
3446,4E62BrtPFJ7f3lkNqKLyqC
3447,5YhcTlesFVSpTgXXnUBkiU
3448,1swjdMHyTksUtSrT9H0GGz
3449,2ONj9aTiBry7B6AazVgOkX
3450,2GXuBs5e54dJ5pn7irkrBd
3451,2KV8JfvzpYfSRjtqsQFTCe
3452,4aBcBu590DJGB5w6jWTzZu
3453,3OWCeTUwcuABKcGK3cLxsR
3454,3eycuZmawMmSSFfs5utfeL
3455,0dVtsfDQqMuhoSfjYS67Q7
3456,4bIhbpni8tPDIO8bQukpsY
3457,35Th2KQglOtEuPLlXV95vW
3458,1oY5bTp7KK8Qq2Re9lvdWS
3459,1bqnEBLW1PvTSPd8TYUNoa
3460,1WN6GZUwTFEQyzikLbnNkS
3461,6V2qGKZWIR7xsbhFtUQdsn
3462,0JUfFyrIAQj12dcIetY0la
3463,2WA1bjJmejhimkPEAJZIAw
3464,4s3Z1svzMAu8OwmhWLUWHw
3465,7tBCqSYVmQXSmbfPHMgnbW
3466,7kJJK4ZucWJ26d8p45HjkP
3467,3GeeyHU1Q6xjyeXjRAjBoo
3468,2LesjfnNo5Pa6YMsycC2bc
3469,0e3JaAOGOnJMBM36fa8FSw
3470,3ZxC6Q9cfyXEavGqZM7SME
3471,3gQ6czkxSGK44VGLuIHFTg
3472,3wWhQfWzuKq9YTm0ScM0vJ
3473,5RMOmZFYn7lJfmfi19AEFY
3474,2uNISXBsjcqogNifSguCsw
3475,4Cfn1AAAAUJC9cI4AwGAld
3476,13ewjoOlq7DhymHVATGxUo
3477,2j8W67NdrHhYRrCgdBCRMk
3478,4XkmtOHgvRbINOOctmsX3M
3479,3MwwfPop9BIf3opJQUMIMH
3480,0kayx0RI9oA8kUgwlreM5B
3481,45LfcZq0eyS6bUvRgAZ0bJ
3482,72qAXA9lORaQDsP6ewehCQ
3483,15iM1wuREVujfuboVzZJSK
3484,1FlvZ1euY3aLtnGdKbbjcU
3485,1dtTRXifeGC51adYy0902s
3486,3ErHW4Vr1khaHysMBihU2N
3487,22pUlaO40V4EAMafS1Ff2Q
3488,6jPKAyRgFIP7SJBmBskbNy
3489,01pZeqIhbnB1sSNp8uIK7G
3490,41th2RVnBYzhP4EQse7jAC
3491,7zkMjPKv5BnkKUI8cNl7da
3492,2d9qZjFUgqKgdmsPKLu8GX
3493,6cGLqjYZuQVpkVZUHdPGZU
3494,0SRqIW98aSU2w3pAdKUMGB
3495,57GpqUmMvjbRiGjyEMWeyI
3496,1ErD8sVTiF7OwO7pVI0NtT
3497,5brbWCkzQDuzvD7ddY0ta5
3498,5aanhLobXHQ8ODj2LBJ077
3499,1aU3JhXsN6bKOXNYjF9NZ4
3500,4QVUWECCW3WPs4jZOYOYTQ
3501,1G1Z9hpmbR5yRBBFRzu5D3
3502,7aW4gaZOtacoLpI7sP35S8
3503,194Nq8DfKOC6W9q2LQCxsl
3504,69FCK97fWaoeRszueyGXLq
3505,2Vp5mnr5FoxYNGt06vINzl
3506,1ZsHYeVeBbXiBf67RYOcIt
3507,7s3m8YuB3MZFNPaXR0dyxu
3508,5NOpRWGwItjqvDVcIn4BF5
3509,4ZM9VwfncyfMUGnpOnxKRd
3510,5lmGgOaixbwKHtpTzjJoqx
3511,17C3XO5AIptqfhMmwNoGrn
3512,54Ey4RmePHYs2KmLPneZAu
3513,65Gj9eofGZmBwMvMQIMuin
3514,06DjurnjRWj3wKHY7kbLC4
3515,2fN7kK9O0fA3ebhG02CfT3
3516,0Q7p9rN6ubFdrSUwnaxnwq
3517,1CFr4Watp1l6TrUzZ8QwFt
3518,1UgGhiyNhPx9biWNeau4yy
3519,4Jz1Zk4OQrKPVabWjjUGEZ
3520,0bE63k8VbDXtMmVz9P602H
3521,2uqpAghykPQRxqF8pKjzD6
3522,5tNdS2Mig8Opcyl2mOvNoc
3523,4wcaeVpd2LqTzicnAuxTSw
3524,103CIzOFGLfBH1nbanOmLY
3525,2SCcJ4V8eTt0WaQD4WK9Rl
3526,4k6Emp6KJ4GNRyf6wUKODl
3527,2YodwKJnbPyNKe8XXSE9V7
3528,4lkB6KcGo2uDmyCk8GrOK8
3529,6TqNcFw5yRxTWluAV3T3ms
3530,35oJ1q6IEwpMEPPVtyrAWc
3531,4D3o6Hh3GydRpTTlyLP3D9
3532,03hoxhb9QTw2jMyxlC05fM
3533,6nSjMrT3F3PDR0KhTwV5wa
3534,5GBmbWZnre6mK9kCpv1ZEZ
3535,1dbWA5MkGMszWkMkfLsT7u
3536,1dhJC2gO4NH8W089CZYTPc
3537,4NmNlkn02t6pjGswDBFw1F
3538,6okq0UZQkgliW4zvGfIMC6
3539,7srPiYewLoI3yxrMLkxg4w
3540,0msZ91D5kehKomLW8BNx3Y
3541,1bJDdTaKPdyOREqZEpVTrH
3542,6MPrwCmwA5HPT4tuE4mEsc
3543,39AnQIFAR3R3hbghTTiMC5
3544,7KAn815wVOf43EqS4xP9HY
3545,3Q4NtfKqgajRgNmAUTP8Bd
3546,6XLNw7fNwo4BkATnI3Y5fm
3547,1lXr5tEPGHcu5E5BaXwPPi
3548,7eclfBIJA68VqAZU9X3MEk
3549,5W2KhlJ5eUiYCuf6LdNo9S
3550,6adAK9A3HRPGTKAYs6zbIQ
3551,2YXptsxOQwUZlYFaHLVvHP
3552,5F3HPj8UzD52NItPFu5y8K
3553,5ukttCCLsFJoUbZV0rhPZK
3554,1g4C1BrGd4O1Dt5y0xue96
3555,4iYSms8Gd3vCRuAJ3gcHwU
3556,3Xt7RllYyQ9CSjlTyuq3Dq
3557,7xRHkgRk6uYCdRiJ8Go12Q
3558,6GDDKNyi2u5DEUAFlhLOAw
3559,786JaI5AAsaHBfk2LZaLRv
3560,0YOOY7MA39B9WOQczg6sMd
3561,2F2NZ9ty3rvmXEu7CpYFbD
3562,2um7TQfencFuZmi8bYUjXr
3563,1yc33VPKH3qtsIMt1lECDu
3564,11LJfG9aQfVUPYLOYrJ7t4
3565,50Fnp0wXICKEEyS58gtTG1
3566,4Jwv7UkuWFZlUSU2NL7UVV
3567,4oDXXOV1oCotGhrD4gKQxY
3568,5hXKy2wny3PZ2LHFnUDNfM
3569,1N9fGv0P9IuYRjapZhNfXz
3570,6SDt1dEbntedKxRkra7O2r
3571,1nUDrf76bKcbYMv8aJnqod
3572,0QrSqWk7Lb2uaTH901eSM4
3573,1hdQaYsoqFO2rQ2FOlPidE
3574,0fN93ne3gyK2usXV06B9XN
3575,1853SLwVHeQEagfZzmjxUI
3576,3MbwCz3sr5cs8Y6iTMDGIL
3577,7vKHSKGViYFWUSU44dJpzm
3578,2PgvnNzOfGuaxe3KUlAATj
3579,0zUO1B6xH0H6AUGekZw9Yz
3580,6UrSPFILIrU9OzsRz32nsg
3581,1pnSUwVRf2ttNmQbqUuzmS
3582,7Af2YlwMZryKOQiRfwMsD2
3583,2puwVOT7L97bdjmvi4M281
3584,1of1EfpZJdkET1UxEJxvuB
3585,3HOoPLmJsDBesy5a0N42GU
3586,7hCvvNJkYW5gFzhppaofy7
3587,4aNNFLoRfSOMHeYQXidsXL
3588,1fjaseF1aDLAuOxoaELZ5e
3589,3fheW9aT6Az5c878ublYbH
3590,4UWVogPrGkwIA2A0fsCopM
3591,1OrjViOn1IJ8nQdIchF1dX
3592,0ccfnf8kwFACmZnfMkPLwS
3593,2oN4q66KUcOnWO86FVyctY
3594,6JP4Qvo3iN9JWrznykKQ1L
3595,2D5PdRwBfA60PwTlM3J1vp
3596,2ffwOJEX2bgkmqm2pBHXKu
3597,3bmIXEgGAz4oKOCGQbZp38
3598,14gxzdRzkuu03YHxJ7Nhhr
3599,1hwhoKrNmcyv3SdZ3JZjLC
3600,5gEIHjrbasvEFUqTLiZ7KD
3601,4SQHmCv8u2Fn1k0oFckDRD
3602,3BM1dwOWEfF6dLKKSm7HyJ
3603,10RuW5E2ty5Uj9ymGFezC9
3604,73Is9gKYgqCTgl9YDi6k9v
3605,5jIUNFHkHc4QbfGiJ5qaxw
3606,32Qerv3fdQZGsoWhpqVRnT
3607,4U8qfw3a0YzhrAqxC1ptyt
3608,60a7cXSznfhq8fnaoaufRy
3609,5i3pKFgBZso57reB1CEPSQ
3610,2wS2UJtxIpugqyFy78gQCp
3611,4I5vSTy4Du2SSfWqb8K69l
3612,0IF0vGwaJQ8ZCh0QxhW6OV
3613,7E39PiXK1Qs7Rh7mqY2Qsb
3614,3iT6D9PanbdKN89q6w19YT
3615,50njrxTVfwLSMAScpu0hmU
3616,23JWVu3XleE21ODiNuRB8o
3617,7FVjEFl29Z24C65FamXXn8
3618,3lwUaM0tkcQci19EWWK5AR
3619,4bOfxcl4adZb1Hekh30ZFX
3620,2PddaD5m0geyvHKlAI8CGw
3621,3R6jsQgcGKwYHTYHtoTmU8
3622,4loZQUxVHt48y684YcM9To
3623,0n1ccMBgPyDoV6123ZELsM
3624,1heFl7oWexOz1jGrUJS92K
3625,6eEVt5C4rrZpAwT6EA1xUg
3626,0SNkGy2xBzJ45g5ECg6ldb
3627,5eQPfKn65brUBMlTaxsOF8
3628,5UtnEGskKZ3mdnDorNIdwi
3629,5QhxrdF1oq2oYYqchu0dp1
3630,6dgKHNwngP42Iww8HOsSH6
3631,70MDz31xg05UfDH8KsYwYr
3632,5bjxmhNpDIORD10SmkNDrM
3633,4PyKCv9AegOID0RukFs9Hq
3634,70b4lMFht6tcGMdBIpCUOr
3635,7xbNPxsM1fPp089WqpjbYe
3636,6p5oyiuAmfNdm526xamHxf
3637,7dIeHfdTJT7awUf34okzbd
3638,6g4LdqmGh10Vy6CzzrRMt1
3639,3Hd2hOYVgbvTFZ0371pXo9
3640,5qIOUorQ9AInP9UliORgCC
3641,4XRXy3OLbYi6iofTns3WrI
3642,1UKEueOawhRoXqtUqiJKgS
3643,4CLUmRmlCsxPzZVwG9ggKb
3644,2gX1J5hbHs1V7gkHsNglTv
3645,39Bd345OWEhRNyfayhp9gv
3646,74cBNuDyNHlKZd31GNiIhr
3647,7utyUj2Clh0t5M77IA78u0
3648,6SgTDwcdZcFOb4GyjQpjkz
3649,4VlwW0TzNU14vuTC3HlbtW
3650,2tgvEaFrqjuhxdNlOEdX4l
3651,3EPH0Tzhvir0k4gjmylvg6
3652,4ELmykSaWrdjQS5iADqHxS
3653,0XwIq2hgYSONuaprTUB56t
3654,0Bolri3Ds27f9AC9ruYpRR
3655,0AAjjbhU2ajZjPB1pGr7nQ
3656,0vkK59zdV9cYBB0YnIDcWN
3657,6rS8IW5dx9gkrmRSawYCAT
3658,0ljqsKHYQHnxGC6s5BAhlS
3659,4NWpGwfkWMlA7G2ZpFKDXZ
3660,6T8Mqhc072p1APvDpROh6D
3661,7xuGJmN8O7vycKgwrs4vNS
3662,65ljDahrB7V97zagqt1rJR
3663,0QMEpqC4IFKh3j6Aa5UFez
3664,1ApZ8iVqHS7PzYQLnJSLxF
3665,63KzbEAfuorC6WkvJjcf1s
3666,3mFlPisj2PEuCzoUzsjXtv
3667,4xjnVjr8wl0NdGdLhuJJ6u
3668,0CQ21NMm68lRUO0ZqFjP9g
3669,08iV20PHUac4dYbVOETvD6
3670,13bCNxUVkyMaiUH5xrizVn
3671,1AA1hx1mythj5BIogsxnbV
3672,29l9QHYx8zUN7HxP9qxNd2
3673,4lhnRDuBELlEAZDTCS3IeP
3674,5ofRXp7AGiA0C5wx89Y7pv
3675,1fbiarYX9ZHCDLp4mj8XHA
3676,0KaHD56VcfmgW2e8hQWVvm
3677,2wg9rdKP9rfuyDAr1LGjlT
3678,3BPvmeAoDulYwVGP1LsUMf
3679,3LvILLf4s1vN05zlHLnL4O
3680,1EYl3ASOxlK4Fk4Q1bhDh4
3681,6EmZBPiS74lyTZMTLGV9c8
3682,3f43dEkgDEcqo2aSD2BbTW
3683,3VerYSeA9fDRLDCpb9JzSW
3684,7v9WNfD3PU34aIc4JEUwle
3685,3nITBTQQW1Uop5PeEkQUdd
3686,4EcC3IrjolBS9XXEWYAGW4
3687,5zG4pMcM2QILFOFL3Y3ZMf
3688,0V6kdRf7G8ajCIdjiLx8vI
3689,4w3thhROyMZHDL3rId3oyE
3690,1QJN61zuPWRy6nj58ndREm
3691,3jWMiVKUBHwO5jx7hxDmut
3692,2NN2ef2ZX6Yt0MdOXo2T8Y
3693,6zoUc0m4UDJoDwtvHZV8qz
3694,5VDRd1MQBX5rTsp88Z05oF
3695,3Md1APzDGyfBBNQ2l7O5nj
3696,4x6g5OuktRJPVC80unBdQl
3697,65QGNO8z5cJQp5Z8kYgo5F
3698,2kecdnlyueotEMC8rdNlf6
3699,4ZsaKPfAtfmOpe7Me1KNul
3700,6ksSXpi6bJcfQzIukuaF4Z
3701,2q6UGWCV9gFQcIjLL5zqhC
3702,7AZzd1OYywjo2LzYfBxnp3
3703,1tciHx18q03ZPr6RkNdLCa
3704,1RvYhMUPoQ3cJ1quZsSbct
3705,3Gm26fbxhzzeLY1KE3WgPO
3706,4JJb4IxNdO9f6Iie5BA32R
3707,33KDF9AR79PlZtLBKD7msh
3708,1lwcavs7D5vkqawzn5vbqI
3709,6rZ18bk8Mipm5T5jmDBqJy
3710,2mvgK5aHsARxHQ827OfbXC
3711,5yWui9wtvNkbbKNcYc5fJG
3712,2gGtbxbgqnk33PUXDBX75B
3713,1uLBDlBZROhCvLAX5LdKrI
3714,6PlXW2LF5MjwdjiCnekOYX
3715,1PRsCgYtkgFaKgFMlry3Gr
3716,6ZbE496iImfdG8h0F8Axjz
3717,1H6DKNgtBIjqsXM9N7Thfv
3718,1sEhjL5tpYtjNPlnc8jATm
3719,1WD0FHpqGBn5sE45WLFO2A
3720,1G0YOMOoD1dXk0Pmol0YSC
3721,5Ft13fi2Uje49T3chFZBRk
3722,5b6DNMWKeKFgvzpR65GIal
3723,1kdGJyYVjLEZYBmkDHrUQA
3724,4SG0TSAV0ilFl0zwGqyZzz
3725,3sRTVE6B8rQkr5z3qmEqSK
3726,1zl5xOvzInBy7esv1UAnrc
3727,2cXLyO4DpbtDmLidmoMdez
3728,422o6ex3eHTXDc2DtOFh7R
3729,0eOh2HUlyi4aiJjevyJ2G8
3730,6PWZf2hUR9TCA4DsmClUo6
3731,1haSbs9Dz37ytghAJZ3hY8
3732,0sXWzcUlOH8R2En6MEeH2o
3733,7nfrkkeHvHP0AwNtWctU9y
3734,4HXB6fAUGsoXmbgoJYrqqO
3735,1ybhXkz4S8k9fdBZNBan7L
3736,0CjeFkF53fGLCGRkxFI8uv
3737,1RjZIpMiyn5YRHBY8Z1USn
3738,6iF1hCoK7vjD75WIGN9StP
3739,24XPxbzGwOlPKf1pdf1ZtW
3740,5mv7gXwH5qYChfwISnOx94
3741,0MRqQfhljBKP7uzStrrBg5
3742,1mjIJnwEmTEQe70jUaJSJE
3743,6sBzoJcptqlnns1eJ03wXF
3744,1FGx7BGTtcLWo5Ku0fpuVV
3745,3F1gjSkTX9kvxOo6BnlRNd
3746,7AmQ1Qpbp3Bb3CDLnMbWWq
3747,2XHVS7OB1fUh4PRkL5N1qu
3748,2EeVPGHq2I7fjeDfT6LEYX
3749,6l7JfrFkxFzeY65lmXOiy1
3750,0k7HpQZZpc29UoTT9EJJPJ
3751,2BCbBD2gCTU1CC6rHonOF3
3752,5kCbvXHUWziOK12jlvqyyy
3753,0ds1WWFN1p0Gaw1HE4t73T
3754,1JYfHi3cPAR8983cL45bLp
3755,6VFC5uUKmIvf80LkkGZtW1
3756,0q5ygXPHiE93oTnAAhGsYv
3757,4sR3VyYFteDqBCFlBfxHhI
3758,0f84S4bGqZ6biYTs2Zreo8
3759,0ZsGyXILEJEfLapUphbvAJ
3760,2ugGNNwNaJdiusX3aLOMUy
3761,1EyREvPFfh2TgXFMCPoydD
3762,3jaUGY83jzbEVtBpmBs2YB
3763,6xXIMiJeAHZZcoReecFZwD
3764,5sD2DBB3XRCQPPP1MuIXZx
3765,54Zq74XzQhsOCgmaaez33q
3766,0lKUEcJpGcox2NiEVFy9KX
3767,374TbgVB4ZpzfElNKf3IbN
3768,5EPQXIxxry2D99lq31Hdu7
3769,3YVwGFmSc1ycqsk6qLNAK3
3770,5lwLgiuhIwzRsYPxZDKxGD
3771,0H3SYOgMIYI04Udj3POl0J
3772,2mMeCcCQm10bnLaJyCu6iG
3773,6Lv39bLb7Q5jCHfabqRy2K
3774,3HFrghWCEUGhBFZHScYRdu
3775,09ZhQvb5AaikCX8XjK6gxU
3776,25ReFrIzAGtLGi2SIG4O3B
3777,0ZuxOyOBTpfAMOGdYDr1Un
3778,3Kt8RzLkWUdr0diiOFnJKy
3779,6viaJcMLceGzyTBLaoxFcc
3780,6eC798clOo6uWgH0LtbBYw
3781,5ipjhrirlnBV7BMY7QV3H5
3782,5tEniCCMgxi8CoywEdgGYD
3783,1nHJo2ZSPD5X9G5ae81fJl
3784,31ABvuxKqaBwX7XSHCyaHQ
3785,75imFHwDGu1Pz9RioLtt0s
3786,4TKfJxLvkAm7IM0XEI50mh
3787,5wMgfgCLaIb3dZsL6koWj9
3788,30X1MZGXHUXxLrGBPtL1kC
3789,6bRXw5ovF7wM8Dv78VB73B
3790,2ww4JXJolWV7DmC5PFfZyu
3791,6ZoislD1wNZoUAkLmIqib9
3792,0I7byAYf7QztPVAgbRiWOL
3793,0UBZE3FPRyNxsRndWr2d3r
3794,25OE3KSFcrwiJx15PFJNwO
3795,1pffZVnM5873zd8AzT6crr
3796,6BWwSEea2A6vFlwdWsyKhG
3797,2EyAPuM80n9P7Mav8bHOst
3798,0pIWYiAzWZ3uudvhFKNA13
3799,28w6mwqpRPqireb1OT6OEZ
3800,27qV6BZA160fxHRZMucxLh
3801,7FPM5CRzoZMP2EYHh4NQa5
3802,62IheWhdETaG4YQa4Mm9z2
3803,67qKLmCZgjmztfiz33nC4Y
3804,7EJxudFIRdrV89l4TGLf8M
3805,4Xs1hEwCNHEF6xjKbalpcM
3806,7FJ6UaLjaMbkGFWuvOiwtc
3807,1crSm60dGqAeKJi4zKcUzN
3808,3M8rVlvB37FRpxFArExvc8
3809,4vCeT6WZzP7toUl746mrAO
3810,6wrfjN0dM7oavuXL7AZZNz
3811,3g8d5jLgTltitKMi4PTYUh
3812,1bQ4zbP8Fo0qAePTSOfYji
3813,6HQIvR2Yt1paZq1Z8GCW9k
3814,1CpfNazHmTtuz2lbrE4Bvm
3815,0Yq2voTvkgEOqcfeJXv9T0
3816,2SsFjFGToi1o8TaA5EnYd9
3817,2y2E0ix0iJWQWUMmlbTWjg
3818,5hof7dtf1dpvdHK34NzZg0
3819,0sJiftGiUdaDPFr5L3Y4wg
3820,1wtHRVediZ66G05fX6wOh0
3821,7qphvcn2xFN8C0paZaF2AT
3822,3moM8Fydw5jMPe9ErUYEUF
3823,16tvIGzCNfRLVbm8G39DDo
3824,2nXl4MHdRdx9fC28suLDu1
3825,797xHyYvQDFFwVhDd2riIH
3826,2ukdQtn9mfUFaY6bJfH1Bz
3827,3FHvUFDq3HvKrjltGiCgnZ
3828,3dwaaQTdyuaga6fLrts3JS
3829,5sY0ew1YSjZnSyJE47e8vQ
3830,2VEYn9EoKIHmwCezAJHVZ7
3831,1yroAldOHq66CwlzojTY4c
3832,3DN9QAUfzTS6WcZLa8KUBP
3833,5XxxjQ7qgFlM5fJe7dDQoh
3834,35UlF0bM0Qajdb5QWOi001
3835,3jWARvU8ukrbT0pRX8G8Ss
3836,6vhEfu9CT6t8eH2hJNf48l
3837,3RSIXQmmNuPRYSpAQ8R1Cr
3838,0JC3ynTNoZaWjZHXzeapYy
3839,0rFDIIprLl60EJGNiICPDq
3840,2UVOE5RJFc3Pd9dMA9U6kv
3841,5Ms84twRHZKnUvF30BN5WR
3842,6rTIUWM2iKElyxGfTdpDrt
3843,5nxji1KXxpeqaKKiia1poI
3844,7r6O4oKRUV9OxbjAZSIs11
3845,7Eo73037VM5a1WluIcox1y
3846,6QVly3A84O6us38pXqfMuE
3847,13Mzsb8VzRSZ5w3pM48cn6
3848,2wmPRWwv5WPxAkAp6yyW21
3849,5V5HBQ6brF9NzqlAaoApRC
3850,51re315p8VAO0Nj52l8Jlv
3851,341b9JIDHZ3oaMVNwS0OsA
3852,7A314ThJLAekKClseqyGmB
3853,5QNLoO9stsveKW6kcSXZni
3854,0T9MZ9y6BezEXadjDg85FJ
3855,48oJktGeIpiVLeRFdDlcEO
3856,0X93E5ni3gHxs75CO6A0XN
3857,1HMQgN3AVPgMMJPzM8Vx1W
3858,6TwVzTtFYJwTHiNhHtbj36
3859,6oiAUgJKYrJVIiNEeeyoa1
3860,5TaiiMBQ6QITIlDFjZLhAF
3861,3Lf3eL7ubQkKkn6Tea3tGp
3862,75o81UkFaeSYUnYousGg3Z
3863,3zoGakGtsGrJaAbTdQFP6V
3864,63low2bgUEKbNPSjqi2nHG
3865,5Sqa4Ed0o9gHdqnjuy155A
3866,5AMrnF761nziCWUfjBgRUI
3867,3TjTvYkYLAAVOY2sHul1pX
3868,1v12eTtcotARrkqV0YoLpr
3869,6w9zusNDxi0gmcH6FrHRtE
3870,3tIQXGA55d95VqvTOkew2b
3871,2HNfxD7Vfb0sw4BnWGNVwN
3872,31xagCI42b71vEYJO4sPY3
3873,2qCgsXHYGUXJ4TwuxvtwN8
3874,0VC0DRLD9ZkiWZJFZ3AFL3
3875,37Csa5Fof9SH79QjjjkJgw
3876,0k4FkfMOEq7POIYvG2lwEj
3877,2ATcU610DCvX6MlJ4iKpgA
3878,148mltADjFH1GMLhC7WUgg
3879,4nL9MFB9rqSqhAnAxlmg79
3880,3tNtfIKPFkO0pGLLVpDRpX
3881,1CTqZFSGEI6c47IJ4eDwWD
3882,4oV2Jx7ZzK5w1HKPHOxqAf
3883,1mu5GSTX7xl5gcBpclfQYo
3884,7dE07ULna9h2PituTjrinM
3885,4OvezgWNCql6hmbxjD3BPs
3886,7EjR3dnNIdTD1h4A4zbiOy
3887,3tD1ulRj1ibUpi5xFWYEF2
3888,3pBaZItJLppcepLqSvgQDV
3889,2dywaOsKhjQI56WLcDqkRD
3890,6VDgyvPvK63WiWv4qn1EXx
3891,2aO15c3B3lDfGAxouIeRd6
3892,05jSCFSAfFqhrk3UiEvTDX
3893,3lcnoqfkC1lVwt7iyMZctY
3894,4L84JbnSZWwd9F2xHEFo0Z
3895,7JhbMQw7V8qsJoCGh29SKp
3896,7JPAw76L6O7Sr1TQ3OdnJR
3897,1d9r9f7vEjGRYsNior4Myy
3898,3rXKoYWd8wWR6wq5D17K6X
3899,3U3ZCwlBYxrJwq876zeNfy
3900,63RjPVTZMZkwb7jsGHynUI
3901,4VQfbp5zC4xu60OuR7AGnG
3902,5MPyIdzuvdo4oStEyjg8PI
3903,4PhJx6qN7q3bxFDRL6giCS
3904,6l5YolIxZGOekhjgWG2aZS
3905,0Bl5RuFSaO2E90l3FiTWui
3906,3R5SmoqTMQcV5ItpCpzxF0
3907,0Yj7WP1MbAqQVQA5Na4I7E
3908,5jR1dstqdYUPolqdwKD6jk
3909,0K42w4SVIDvCZmcxrtsboq
3910,6EmewKNvq0nc7ZHCyjRKmb
3911,2hPEPTIjmN2GeLxEeFs4oH
3912,5UJ3ljsa5PODIdhbTO9Fgh
3913,5nHPN5G9b5WPpYHbT8Oglp
3914,2inpHhF3RXWu7iisUfYEKe
3915,5Vc0NxgHQqWyHXphnmk56V
3916,057rZ21MDp8Ld0TgQndNcv
3917,5IKFaGq8TwsbArb1uteBRw
3918,4WiFBRzY34rxXOVDc679Oh
3919,5ast3P8KtBhlXewxTHlg07
3920,6dXb6JV6TdFaDG39oTiiyb
3921,0tTV2aQPVSjet9ebj0F54J
3922,4JwBDp0psRP2pbmNVjPc8E
3923,7EDyy6UcSdIlCZP3ZjEUw4
3924,3wC6eP5i5qva43soDw4vxR
3925,00FvwcRWOH1I3Eh5Z3wpBx
3926,1rnYNAJPAb586NhetosdNW
3927,7M1TImPPx5ZLI1z3SMGENN
3928,5od7xyJpszivAXNkBc5SL8
3929,1HRwhZPoOqPjd1f1yKXId2
3930,6NWpK4ilfdSjK0SO7vUeJ3
3931,5YsEglADppBRUYCIIvnglm
3932,2XlbYj1ZAmsUa40Zrdxc37
3933,5OAv07sMKALt6qWV3q90J8
3934,7qyzRhTi6DxOQntRhLv1ry
3935,3PdPRUIFkNSEupkalDv2oo
3936,5S5oLue3pdH5Lk2AjZ7sLI
3937,5GOLzUo6Iio9HRm2nV7Ziw
3938,6jTYr84cD5wu8gxDLhDPh4
3939,5XPfznxFqP16lpAYifftzJ
3940,14LEUuR2C4pffEA5mBcxRZ
3941,3oYkwkavnMizJhYMBtiAFm
3942,2KqBf9SV06y7G0IkqpW0WF
3943,2Im6ZT93QQrBCeY5QoJahL
3944,0xGgHlNscICBHv9fsu1I0K
3945,2zIwBvOh3JIRwb0SnOE9Xv
3946,56ZFmpD66Cr5VSaOB8gae8
3947,37EPnxoj7CsoiQ0VlRMhGK
3948,5yrq0Oer22BCkVIojOSLhL
3949,4h94zxSfXgMitgCZYOKcDX
3950,6FOzbjYulGELfflz4wHkNi
3951,4dfy1Pij4jFFefoamgnoOF
3952,5bnPzBltXc8Uevytp0FQP0
3953,54PzCaxU9AIFPNEdsuIy0u
3954,0qgrrDnUUhyxpxbBznUnzg
3955,4mKcD8swwgHHIiDzRY6tBT
3956,78I3ojoditNKiN9t9IJXaZ
3957,4ccjRDmuaEPrAiNQs94b9l
3958,44vEeVNIGzaNufvEEGnAvG
3959,1ZCBORA4hOTX9dUcpSnW7M
3960,7xDc8EWILGy0HNl9Jk2lIe
3961,6ND5mvCEOUpc1wrZSpaRGh
3962,5kF85cuG5moEyo6c0nbipF
3963,4vOssROdaNVGbjf0G7Y4J2
3964,4uEOTrUvqAzzEG4sllcrEn
3965,6Po0XuF7Jw5tsdLGdBDzVI
3966,44nBMsQFQ427EK69Jwdt9K
3967,3Eim5nNoxR6SC38Kf6hOvs
3968,0iMh5g6K1kKJvDbHoUPrrV
3969,0KVqPSvKrI4BZqbE4CjALz
3970,5lJTP05z33RTwkCqZoCwj4
3971,2Cm6cDU6N2ZstqLvsqKGKR
3972,7KhPHo1KWoA7AMOedW5Pw1
3973,4IE18fUnnjZm3YdkCbTTQG
3974,5bfvQG4NGiTFfUxPdMKrUd
3975,4zbBwoAjrzOrQHUI4QZlpw
3976,0B8ubpC9oLblRkzh4ry9YY
3977,3kFJSPs4W5UIgUJd79SmJG
3978,19h4thXVsZ5GcA8p6ft5Ln
3979,46AIYpuHEZKktlMUKYr7YL
3980,60rn8ethp43XRs9i794VL4
3981,6dcZiujlB3HkKk1c4AoRE2
3982,3REs1VGYOkX9bap8SaRfC6
3983,3gmgdgSO26q8wTmwJKPs0T
3984,1KcnJTiXJXAqW5bB7zpkBC
3985,2xp6fag4PKhovOCVcbzbCI
3986,2UJmSQqVywCALX4jq1iMTK
3987,0KzIqE9Uh7SWpg7tKMvCRA
3988,43SqGooVIlfRm19Il4rU23
3989,4KeFAYqr5SJXPpjyY0CLWE
3990,1qlSzD8dtLJijVVVcnQUCQ
3991,0LWDhVmglH6WzYFoVlTIvl
3992,5wZuo727OL7nXkRkZtXUdY
3993,7nEL4zVIrWOpumjlPBpqAQ
3994,3CSI0s3623E1ExOVG0fQus
3995,0E9B4vLExkdB2jqwTr0ty4
3996,0zj9c4FdZvuoog2x8xHR44
3997,56ykALfv8nYyB7oTTk1xj3
3998,43l6DfBVQ0XLNTh5UfN7li
3999,43E0qvLhskL0oPKKkmlIso
4000,1uRxyAup7OYrlh2SHJb80N
4001,3dyYsISaJNTmY5wG0fZzad
4002,0h4rVZcOiSaL9b5mT1A2gq
4003,5qkB4ga2eaCAya0HzVT2Ab
4004,2RapKXzgbQhbAhhkCRmV9R
4005,6R2fV2f2C2lYprK09cGcq4
4006,2tcatycPdcN1gMxA1V4heS
4007,3BhYolk2xEOXL3cM0GZKXb
4008,4yL8wnrrF9xqzMmrudRQfl
4009,2uIKuDo8401SdhQWxasMWD
4010,7zhkswS2IPz8UC6MK5OwJw
4011,4MY1LZRZOblNUawGvCehBn
4012,2YhHBuhKyAuFLjz89wytuF
4013,0kpHmgEwUCOswrvDMNRf6z
4014,0BbPQ72O3i7yG8nuxwNJQA
4015,6jRuRkSPJYcoqTA2dLs1f1
4016,15WOWZpw9YnE4RQQnXHQqW
4017,5MfG1TONYmcvvqFvomEnYn
4018,5jcFliqbwOsdti7TIzMKHo
4019,7fVokjvgM6uLjP4WmFlaVL
4020,7BFsQB2C6KmaiqjKfHVWmG
4021,4fRgYJkwfVHhCXrhK5DiwE
4022,1mbAInb98FzoMr8TQfiLja
4023,2bhJelHZDqDgPJkM39rnfi
4024,5Ohsr3vguXKgqhZRyrGAOV
4025,66qV42g6vX7o9hgVLocJu5
4026,3CZTpqvJDPlP9cCOiUmNMI
4027,0pj2b1gq41K5EfgKHTLXlj
4028,596uoOiPqMKJTHyasCFZPW
4029,0S7Dd8FfW5ZomBAwY3rBg6
4030,6nR1ZDxFn4aoVU06W3eMz6
4031,73XCzMgXKBne0UXMprJVZO
4032,1krVLk8dgJtErvyayELyZ6
4033,5Dy5ptJok7CLaXqxV1HVh6
4034,2cpAJTBt60gOmdtr95OQ7d
4035,4GTmXsIU1Rmguwh20oyM2N
4036,04pjfS3YIK6gXjxi1zHeZa
4037,5zG1A5VMgaB4rEhbzYenVq
4038,1JcYU3tPyLa6ItVM60XmIs
4039,1cAaPTC1aCFsOUFVmfZri3
4040,4g8hitqSfpJSbyrBs2FSH4
4041,4S4ovx1mddJbrAbUGT5oCi
4042,32s3mVXhDJrJD5V0maPkRB
4043,0qOIwc6BDrL9cAJJ3i5nR0
4044,6TJZgt4JBZ6xTLHWy5nPY9
4045,3tT93QRRRsqjoadB1JKCC7
4046,4dnnZFGewSYD3SVzsvLZMu
4047,7yRQunACVwkfZkhAI9gm6v
4048,2ZTrIuSdXgHIAwEn90wuHQ
4049,2DANt4k1bzSYzIkdfr47YP
4050,5X7X4H80MGQvGA3KHKYDqC
4051,6l1thIFGE3ArVsp4ozN6fV
4052,1FKJnXDzKVoWMxPbuJnc40
4053,3nVq0q7AKONaAalr8s1dAh
4054,0upLyFR8Rr52ZpMp5esQoq
4055,6qsEkz6UuKct6I15rJtzPD
4056,6kUB88CQG4dAOkUmURwBLA
4057,2WPKTN06DUDKZvxoyHxhrZ
4058,7pKRButvX69QAJxLek31Fr
4059,4026dcykwyrYf0L6J3Yrdi
4060,7qN2CTskN5YE0BmI7RTWpL
4061,1Ur9KoXfN6K35CdarXfMJa
4062,3Cm3SUamEDfO2jE7oXCin3
4063,3SWisFZfqnjl6ZGpevEG7t
4064,21ln5gZlhEoFfWl9Of2i22
4065,0QCpImfZHLUaanh839KtHK
4066,2a5EFQPDW3G68uk8ma5TW1
4067,29Uc4AJaMD3tfXCBVyJaib
4068,3LQTbkDWGCbt40ianHQc2z
4069,7E0ioqybcKgb8xVONhMzdV
4070,1bYc123LaV82Ru9NDyb71k
4071,3uqcUr95iz53Xp0H0Y99cM
4072,3oyYeFEb1nZQyDxDjoXbVK
4073,2LMXOobKM3LnVFu7ziLKLe
4074,4Xna2E9f0QEDNUgnNZI3nk
4075,2jFwIbAiFRoO2KPPX61Lav
4076,2amPRWMdtrMrGG1vafKvxl
4077,1ERMOwuT7agcg9b3JmrNuZ
4078,2OjcTpid8oxV4U4j0PZjJ7
4079,7dNXzEU56InHTdmQuK0PEr
4080,4SjfT8fJUc3F0WJMxIfrn6
4081,1B3QIkO6RXngKTvigFQrqa
4082,7DGfof1kGIebJsZ4OL1VTQ
4083,5cbGzGMyL91aESuacDHoX9
4084,4d9AAQN6SsEIQuEyOWtBIX
4085,4ppUKqUl8EXXbBwr3urAGT
4086,7gmpmh22335VExpTxwBB8W
4087,4onzXRK6Dtd1N69zEb7JJB
4088,1B1d1Hl5zM75d5LQrrrhjp
4089,3zJwbLz39DxpBhhkhC6Jzp
4090,3yMC1CsvGA9KZqgVt5mkYM
4091,1udzr9VusOPfwgKafy10SG
4092,0CsT3gRGhXrMRUBxwgMFNk
4093,5PmPrA1gOGbraZHgEe8NKv
4094,1UAdHt6PxLoybKJ3dm8jDu
4095,6KU5URgVCXtJbrTFGEOz7S
4096,0eSnoK1snhb1MN8yo7Re3m
4097,3JZjPBwqL5F4PE55nm8iNV
4098,2fgAJeky8Cpsr8Cfvn2NVp
4099,1JEGxmYAltUQ9DYUUfZ02e
4100,0UzJq86HhxcMzisUcX2BcV
4101,6bxaOU6fHv2DQdimLkBM4M
4102,6Q7940jyQ6J3JcmWwtZolD
4103,7wRzG4NhH6Vb6HvGkjM07I
4104,4uRF0d29ZxZAgziseDDtTG
4105,4zOmmPgqE0P7amaIAkQer8
4106,43CKG4Ag1kYOsNUCcHr7nI
4107,0z9dPcBhJvqO06QMaKelUE
4108,1JuGz6fnCxogJu86mOhBQ8
4109,6KGv5DEe1uzWSGFBhyEZ5u
4110,5Yx7Cl7QZx80fx3hvESVB2
4111,7uN47sRqsi3oqlbUk2bDM4
4112,5YNaxPwZeTkQf6txSHLp6X
4113,2CG9mGkKC6IQE5lEjDioEi
4114,1aAN830VvEFFvvnV2Z0kTr
4115,39OtZFWIyGrLxE13yMaGeY
4116,4s48VmUnbzvrs1Gwc3ebcg
4117,6CZYnZaNVclNrPaWuW7LLL
4118,5omAKJKEWhKzxxZ5jiOTcs
4119,49Lx9ToqUr75ybGDx5akKi
4120,3kY6DozR86uh5dtHjF39Rf
4121,11m1MrusRBoVGH2U43KLx4
4122,1XYrFbKEUFB7rany5DaEL6
4123,2Ro0I059UeVFGaLbka2CmE
4124,5eCvzXl8rls132qhudw1kl
4125,6WOEiDqorXWXaLxxqLnclO
4126,2zbyPjV03HqFoqRrrFp6uf
4127,4cA7vJxcMe9atgrKsvGwHo
4128,2Xb6wJYGi0QXwURw5WWvI5
4129,7eTyfz4GA647lpSA3PCRyl
4130,1hUD0aBTicbHb5G3p5P79e
4131,2hUHX0InmqC4EE1fMhuRFA
4132,6xUckCwKNfYr31rHK0VJEM
4133,5rumkeEu0ICtt64VfHonSR
4134,3bNCifwGPjqeeqzpjrFG9k
4135,7oxhlX4thn7DZ49lEeEBkD
4136,3JuwVgIYYl7tHeEGrEQqbg
4137,4KqXtIRE8BK98gdPMUK3Mq
4138,4ktzv1ob8WsklNZ5gozIQY
4139,62BcUXOyCvWf90P5iwlUoz
4140,44g1B3fL0UxwFAw4hwN2dc
4141,3ZqxaVG41sxhj2ftWZ75lN
4142,1sXrqF4inJ7ggAIiD5b4Hz
4143,64uab5a24dRaIOZ8W0q0Ac
4144,17TYpDjYxs6SC9vDyhJaen
4145,2VAe8XytErplQ7ot8zq8d6
4146,2YusZ6ArlfP6j2Jb8pGsv5
4147,1wsGafxF15XtpN6vTng8Tg
4148,6pdsfGv9oQ6OSMWQiCfrwo
4149,6nTeQGE4xXarl892zLDSuq
4150,5ZW4orIRcIwWNZUPiH3ODN
4151,53PdhAQUo8qkb8WZYfX1F5
4152,7GBq4iMLCHPANDtPhT9Or3
4153,0HupMziol0Akt3BxX4gfqZ
4154,64i71pjySnBlA7P46uSGZ7
4155,0GvAi1lFRDLXkPr9Y7WFkD
4156,7LG0FEpKoKvHCv1S6FUrBY
4157,25rk3KLje9J2Qesrkxb5xI
4158,2tnRo9pW2yMtX1jPYhnTWS
4159,5NiYSeuBBfM5JAXs7yIak7
4160,4CBGocqDmAjJLcA9sA9EXF
4161,28wfOKw4rYg6vhAR8Yyry8
4162,7g9AXCaQEjRyvAeL7bfQdw
4163,2QLkcHETN5ugoGEc1XPAS7
4164,6T3bGOpKBWvJ2aHZvZkPsl
4165,6OXW7XXG70cgbqfeoG1BRi
4166,2DIIvFlbCL1tM2WaaBiEm1
4167,2iAy8pc1c5qEyHBETuiVP4
4168,1vehZ3FrmhbxX5oh9ZdO0c
4169,12gL1dVSG2vF3zcY1njKWg
4170,7AvprzMsRJpybaalckaT8c
4171,4eJsH1mSn3gi2UXgWTVQHT
4172,70lEHTzNH2Ixwc0WDG3kpb
4173,7E6Xn2qlgFlagBezaWqnmE
4174,6quFjLcUSUOgkqTHA0s97i
4175,6nFzSB2aiHbOl8PW3AJwHl
4176,0Qq19U6ctUHUM2VsKfYvVF
4177,0IVFvmvdHebQ4t8KMKIk48
4178,5mXB40SjN8qQLPh968D6cD
4179,1folEzO1lj1SERV6fhbaKt
4180,4ZOA1Yn5OiNNPDcWOsSY31
4181,5cV1dQURza6qPuS2PVB5tM
4182,1cjaXaMzp9HbGWGCbHFOtU
4183,5Cqbls60hB0zF21INQ8fiI
4184,4N5zUNnw8A6gePclCvG9Io
4185,0kSBnRICYJcxkwkpR0pS7E
4186,09HomRGvJkJqO9hDVYXvcG
4187,3JQH2F3gBA93cLz9glyZHt
4188,5gRgDNiss78ONmkwgAZMdU
4189,0M4CFNEEsHlpy8CGJXPzcj
4190,5e8ER5Aot7za1AzhnvtiiZ
4191,7Cvl3eFWE5aCy0Gib5EInN
4192,2bz4VFUM0x9LyCl0BsREHy
4193,7mhX4RKIUoDChJzozoMMHJ
4194,5VLS6ARA9xSsQF8aX2lekr
4195,6P3D8ON8fQ7kQk2CQWOIX5
4196,6wd9BcKe1zVtCd0kjZ9a9t
4197,33uBUAE4YiWDW2ASZPl50R
4198,4GNMgGyZcgnE4nEdYFWJGn
4199,2H3GSIa9sAJTzbaVNeC7c2
4200,37tTskqxDuSrF5tZ0MUCa9
4201,3LoPGm9ZXnnYcUkguMsFpC
4202,3oWAaf2DvevksOST8S5AzG
4203,5AHUOBPBJXCAGLaIxfBjcq
4204,0cio0Kd5AI7FwdIFDEBRRN
4205,4NihiiqwCGNQhLBrBp8JPu
4206,5daNImTBBv4n3aVVhimbQh
4207,3FjqJEGPcuThOsm1Lyoh16
4208,5iRE9kPTqwTbvkq2wOKVdI
4209,7kVqqOzKmBk2j71ndCZPuj
4210,2UziWvFUFuXTsUcDOiNxh0
4211,2mOMtPRU1T494lBjO00qUd
4212,76mhanYve0nzlsKlTYSY4g
4213,36EQl17YHxtlRCcmUhXuGl
4214,5LyK4EaVofQjOvJ4OGhdfv
4215,1eRPPVv3cL3E8yTI5T8jME
4216,4wkvmlgH9YzVFOQntQS16Q
4217,6yo7drDLDxVJECGJu7eRG4
4218,5rpOw5eH3jeKJPhcIluJwb
4219,5zbK7FktiCZIQHQC0VfmTk
4220,06qgM0zDGygpTMVg0EKNJo
4221,2MJrCvBy3vnAWziPZq5xyz
4222,3D6eU1flnKl9zr9TamgRbY
4223,6MkYAwVg2rSAF5UMzzpZs6
4224,72oOMzR9hrLVyT5JKbaMaJ
4225,1nYuroLdp35I01UFOvQABT
4226,6f2nRF2EMY4EGEY3XKIfnA
4227,5MbD9viR57TKyarUgkrJLm
4228,5f0ytFeJN6ml0kz12O9pOa
4229,1BQ64KimWGRDR3N3V2bN4i
4230,6fRxxDIFHyBO1sAJFrYPHm
4231,3CUfHkfDsiAPcTtltvAh0G
4232,2WBjsxTE3hBInd21yUY65h
4233,2kYJZliWPeZp1L9OXCXnQg
4234,4X8XYsffMXWPNEnOGm5yW2
4235,4Xlgvh8xOmsoZcmJSBq5th
4236,50yvvXV8oUAhW1lPAqlFQQ
4237,3SdingSsFcZDZAyvcJbgAw
4238,76lihJcZefng0Uxm1AX1dR
4239,0KMD9ORLSMZPrYdy6EBMOU
4240,2xpt3hZ4dHWQJHJFLksuaC
4241,5RpWEDAMzUGHjkL1SEXGE9
4242,3E7HTOFjPCJOWKY0nEuE20
4243,5YKLw9A4wu8ZWinyIH6fZ7
4244,4cMF3I5v9WgbGiwqyPGpKu
4245,2D3vAYuY8Kxv2lYe3Yp5ZG
4246,1xlyidTbaNuUOh1upFW8Dp
4247,5T9LtP6vTj0vGBRHwmWheX
4248,224xtAZGKCyBIgvRKno3QT
4249,5ebC4L4il9q0a8AxpK1gHZ
4250,1iPel3jNohK6xA3axb08dF
4251,4wZ9s90YZzRK9BWAbd8NNf
4252,2blR2KdhatiHBdX7zr9lED
4253,15VOWi9J8XMgHzzjQCm4xd
4254,5hPg85qIfX2crBiUmMvkeg
4255,3BjNSJo4hsA7c767nVjBRL
4256,4ozyCPzCfFsWbXqgUlhXm1
4257,6Jk5XZB83vccvK6svvkjzA
4258,6UG2WPXPXxC5YKJ1lzvui5
4259,2P72S4Zsrd9yWqMlazW1mQ
4260,0vjbFnkoLVqXCl8C0uXJUX
4261,1BWXhx3gbqSlxHsKZL912d
4262,5lip3rKPtfBX0TBCC77tnO
4263,3Zy2y1CQ45cxbNBlb6S76v
4264,36VJb0F6e3UHdR672U64Mr
4265,0DaiOOpEc1q30vGubW3EDA
4266,50wD1LZczBd1E8TgHuwdix
4267,0rvALLiQUhRqoTHddkPAkt
4268,1THXgalXpkfvIPlxp6U05K
4269,39AxEPnvV5m3BXquWmRoze
4270,3wMM8cuhbuXo6SwxpkHngK
4271,2Jju8C95blJcGMqtMKETbH
4272,0MiwUiAypbkvvjQAjlGyaM
4273,2q6hCYb7pBCpZmVxfehYV0
4274,6BjM6xVygJOAkK0XDNxZbo
4275,0rUU7ASXxOUAdV5RjPae7F
4276,1VueoLGCvRRArsn8DgmH4X
4277,6ydYuR0udMoAuzNkkKrUwz
4278,36ABmp9CBrIBVMp1QeblJ4
4279,4O5vckx9mXuBcchbAqLux3
4280,7zdQzHGFFo6EzwslmZHdUr
4281,306hfV6PY0lgV2Tbhnfdnt
4282,1NeLwFETswx8Fzxl2AFl91
4283,5ZUR8MLvJylHrVV8W6kdzw
4284,0KtG1V76c0E1pDNiozRs4S
4285,4CupYJXkeUS3Ypi8si2btA
4286,17L8HBGZThCjXrjlK9So7d
4287,25fOmfH1Kq6RmQrWgKFgvV
4288,6kzyE5AECsTzowep1FPoe8
4289,7DDBd5yxd2j9OeSLrCRCEC
4290,35KwC7CxbpjPuKZ9qm2qnI
4291,13qqdlSeF8FcxsRyapDMZ0
4292,3acDxTLevwJv7MKQFFLstu
4293,7jxu1GW62XuGfYQra0uMhO
4294,4MvPPCCdWpCX29dBeGtBo9
4295,52qTK7CEx1Vso4Evkx6ZCM
4296,0CqAGnXOz9zayfeLmSGYnI
4297,00tk3yXvbdngvs5nuTysRJ
4298,4sPCKi7i8DAdWc1WpQrmOG
4299,37Z0TTn5JkAEn4DvjBhIiM
4300,35IXqPtHsi4z4tmaM8LuAd
4301,0CXAsPCoY4jEgFh6d5LlTN
4302,1QRwPbRa0Qzbb1IZvvkycM
4303,0pLfv0qTmH5AG2aUQQdkBt
4304,5yuSlo0owjjPtGHHCdWB1y
4305,6xr1JG8bJSK45Y21VHKrzy
4306,1CvxwZDN9VLZP1fqADyQsI
4307,2hUgczsjvLWUv93bMw9dYD
4308,4m4IJ0GaepAsVNP3qqSVDW
4309,5mFTiQrKiwaWdeHXZfELeO
4310,0rfq7oha0S0Pd1Ym3n7TX7
4311,3xmsmrufmGULmdWToT78jD
4312,0H1dDVtIBhbgNHS4TZYyXg
4313,12CyFLr9VQA25a5PvKp3bX
4314,5hhkyrWyu9zG4VIAJ5sQjm
4315,27mkGbcQmZWrpGkGpYCdUM
4316,4mROEfIj4uGyr7AOkz6u64
4317,5ZrkZeE0Ur0fTSN317J7jN
4318,4h82zirCDfbMEnm1syGRge
4319,4HLrObpbLPts56xCKISNFX
4320,6IgkoWujWO4L9iWWbbXlZ8
4321,0l9RGwc48deJ6j61KXAAvs
4322,0YLEncYlc9GDdhiohiOgK8
4323,5vyR3lTiw4zz8B4PvnAO4c
4324,0idOZUHetTkFLdEUVaVIv0
4325,6voPTgKadSAko5VjDxVOTi
4326,3UUPQ4sAtAVnkcaSr06NBi
4327,36XiyuzKiCf0G2DjxKMlDi
4328,5r7OKhOQl2vM8SZnCXSQk1
4329,53FKAcE7j8vkeeeVyqLHXz
4330,1rCdmjQUxxdvcCY92D7UiR
4331,3CDFVcwAfqfgPz1p4R68bh
4332,5aTGFQJw0MdwSTwo0kaUcq
4333,13n8xj49typbpWtFQFFFxK
4334,4ATn4VAtmlucFApQz9Rwpa
4335,3kaCBuw8xPkrSFw38N4eBj
4336,5b6F1ChJ706K1wcUcSPdfT
4337,4PBvnmlVLZ5Crxo5enGtIg
4338,5T9BEWWYBRFfd3MdXSTQ7l
4339,5ysRuIWkBlbKEAOX1KDWPP
4340,2BzQM3xneSv7wKNUvKdpQ0
4341,6jRx8J0IgX9K72w291LDuz
4342,5BJA68uqOwsn8OQzlHS0BV
4343,6iLm4VSI6WfC4zrk3WvAzY
4344,4kY7rYtE4OQkJNq22OIYRI
4345,1VgrB3hp9d25KY9TYJ8rk2
4346,5mkTl106Jc79DzVVR4cmdT
4347,2VFV1jUo3L9XbW464RRzy0
4348,6maepGvney4cfp1Ru3lJf3
4349,39QhnGbWboWPqG1lmZwzFG
4350,2BIH7pmQpDlWP6bCzv9SeA
4351,77LRnsGz8loN3MBal0Kl1s
4352,1Ds7xZEC0huluZk9TfWlus
4353,4QVyrp6N9Hzv9OUTn1DSOJ
4354,1WxSQMfTGe9gF1SGN4Lani
4355,5xBHLIGzX5XoFllfj5loVx
4356,3mZPX9r2LIVf8iZyjWDCjR
4357,7yH2VmHsaj9wnhDwzagXlV
4358,74FTlJavmGT35lOtuZqP1f
4359,3POYDI70Z43u2JjXbLFYZ9
4360,3VWKjuz0u5gW63MWnZ4evv
4361,6vA3TaRQSawgyipja6FYLM
4362,5fHn7u1thTOTfhcTfABwsS
4363,0SLjeqwh5iy8DZcaGNIaHJ
4364,5wXX1UkC8iX4fD1WIkcXdn
4365,5SCuPBpI1r1JxZKzBumweF
4366,1kO7ztk0EY4vnLe7VcZhLq
4367,69BIczdH6QMnFx7dsSssN8
4368,4ztZvwTxlsMC6HjqvLG63u
4369,2WQAknZHrJAEQOFXe0F44P
4370,0nkEHl0vR1vLRTcvKi1dSL
4371,3gjKJ0RjjEddIJW0NDDZ1r
4372,4jQfI0Gum2XJqG1qpEVLyN
4373,58HNgmdBPMmukPYZIPGdyE
4374,38t4SZsQQUDXhYvipD0M7g
4375,3BtuIIrQlkujKPuWF2B85z
4376,3wp0Zm2wZrTqk4pFX6sEkA
4377,4d4yVNYVwxrNsy5ukJ4QTJ
4378,682oUxtVEKCMtsQ5nISbNY
4379,6pzDUCfRZbkj5Iu9if8AzM
4380,3OHOvsgZLyvzFU9X23JwEP
4381,2ARr3FBUEUS2oMW8ZvXFgw
4382,3AROJMkcF9rpjP13cPLV6K
4383,445MpdKHuz9aIqtHYdzBvz
4384,0Fn2iDfjzOhqr2ylpupvzp
4385,0pSaDwrMLM7F82LWJg9v6s
4386,1ZpZDqB2x26Vj0snMLwH9S
4387,03HNXKZdOcRebskQCebuKI
4388,0cKZ9eiqnYE6G8Wp2dX6lO
4389,5d6frDrJCKgd5sDfUjWHPe
4390,4biC3XsBYypEzA2feXjgal
4391,17gOVHpFzpeFHDx3j6mV02
4392,07zYUkg1yoih1zcozVHNbX
4393,7CZKBBugOZkme2I6i3Eng5
4394,1eIrzsXt8tMCMSWsh50j3l
4395,00QG68Ieuy0QhiuJFmjsk2
4396,5UqrTVK04clA9HCccFtBzM
4397,35jorcwHvbnNR99zLdXovm
4398,2l9oP8FS8RkA8FVAGPnfhO
4399,5zdRuyBRu3bPLV230vRja0
4400,3POMZFPzYbV6rYXJN1ozXW
4401,64j49w7gDwzlyekesr57uA
4402,5LzHQ5aVYK828HIWcnralK
4403,7se9kvlO14TGIskEwca2Ez
4404,6JnufVNLIO5F5Lk4sEVLeI
4405,3FikLli5SdMvy8mipGFZ63
4406,4ocCZ7H7e9rM18o10bGzzj
4407,2KlnmRIHandZIyEuZF8cZs
4408,1kYq3WNM5QmdPE8jTLxE9k
4409,7qIgoPk6tK9FUdwpqQqo9n
4410,0l8tol0rUlorDx5qpxQslV
4411,0BITGdIXhwlgXOqgR7L5G8
4412,1Eq66SJYE8UiwNhtH1jAey
4413,3f5Z1mbpLHSDSQXCsvRPDw
4414,6rSUrh8ErKSKfbH0t0IzCM
4415,2HhQouKcGKi21yuwm1Kh5A
4416,0h5sgXLoO9GxJ9avKj6phL
4417,3qneqjA1y14bJlJGJ8Jkyf
4418,6Jgg7hrMuBzoJ0TG8tD28G
4419,6zlBoRMKQv2UyrafMVoQlq
4420,0iqXP5xOTwcRCpc5DZvvtG
4421,3LKfHbhF3HAyWA2IcoE1lP
4422,3vrxS6GNETJj6UdtgJsVCV
4423,599cYawsBthDvauPoXNr7U
4424,6pIPSYOvwmc0BcFTI4ZDm3
4425,5STM74I5310fdKrkN5HChu
4426,3Ic3KkX1wAczjie3lqaBcD
4427,0LfwwryfEUh5wbv3VHODsP
4428,3k3YPtu8t4FSFf0r0ZIgSx
4429,2CfcG2JGvkVZCE3q7qBgXv
4430,0BP3gpgpwI3CZE2XmCtptg
4431,1GsBlZAvEZNRJxnUFd0Fop
4432,1B8FR2gIgX6jjVlxV0yTAZ
4433,0awlmildRdGcHEI3a5hA4r
4434,62HyVeSK4fpxjKj6dsI5MP
4435,7FQ8piSf2B3umUWmWkAkWn
4436,4TZIJX0tW42olFsQILPHiQ
4437,3JcoKek2i7UTvqjfgDjuA5
4438,7HSWBTVw767NLdcGeEZG5K
4439,4pvtn6rUZEL9hranwiaZ5d
4440,7vidktgNZFQylTgH1GEnMs
4441,5aMpZVTOYWhYWFodjHGweO
4442,4XnSCEkdPr1426PJoLXvTZ
4443,5YRHSTgkol7QnKqssvwCpM
4444,6fL8lyFV6SPkl97ecJqBFL
4445,3M53MlP85YRSwt6SYeznqm
4446,60O5Zc6GiPKuCksAB4IRbN
4447,4FgRy1RmEg7qROJkHKzndV
4448,72TzG6DujoXI8wvkkobbQc
4449,3TgDZUZohxdcv1BXgjO6zJ
4450,50ft4k7UgYAS2isW5Yw1hf
4451,4FDZjgvtlu9VsSgSgo0Mtd
4452,3btLTcvS1uOk5IVGTn7Gh4
4453,6grNhtZ9HeRnAtKyb2f8dr
4454,1rg7tBFX6VTggYQTP1ktWH
4455,598A4asmEbHxsP46WkRbP7
4456,4IRxB6jo6WRKb0WTcBJaxZ
4457,5jJku0eSaZrMEBEqM7IbTU
4458,2kH72HYo3iltF1TTktB3TM
4459,5iYIXyhGscCWk6ztvVjI1A
4460,6gxy4fOpNLkV7BR4HdRWci
4461,5eTnZqAajX3ooPbgZkcA1I
4462,7ovVYSC3tlAgWnl6GJZvyH
4463,47z4RMPV79cixrtPpdZAfw
4464,7g5SSBaOAAqCMF19ls9mFo
4465,3K8GUaVWUMbX9WFrt4mLK4
4466,3g2F3buifPxmzFrIf0PMGm
4467,16SmeUUNOaUTVjFFka3av1
4468,24itWSHlBoKXJxBRTN2i2A
4469,05PB9CUbrDxLxH07szjEH7
4470,5ZjPX6J5gAjaQZRgSRfdgC
4471,7eXkM8lQz72WYJv1h5chY0
4472,1NA4TNBIoxqUn7LXsXx5f1
4473,1nt4atsG4o81oub8j8Jvun
4474,1xbyF8vgH1eScON0ucaJMp
4475,6S5SJlNXgrUBTLa58NMwGk
4476,4wfOqRibxAc1PWUzCOu5aA
4477,2mHNdr7PZQOg9u4IXfl7x1
4478,7uyBkmyIS07Sp3lcEAZAsS
4479,1RAKSEaKSA2gXrQJ5dKkJD
4480,1wXmZNyaY3NIKOkq9kJz0T
4481,3zEre1XPcrNDVSXsTILjyh
4482,5hVCvfj0sFRxFaYCkwiFB2
4483,33cRVQ2yzaHvmJXg52yiOv
4484,1SyQ6t9RdRBK0QUCS6a797
4485,5Ni8MHMrihvSLmHYh5iOi2
4486,71TxKO6ojFse8XG6nbUrqn
4487,67tn4a8ru2UEQ1dRoWrins
4488,2CQc8ad4QihEHZxHiUVBbN
4489,3r0Rhl5Zdo9YjACZNsaBvN
4490,5Xz8f2GgbLPVU7YPNkrETQ
4491,32IYJQCpMJ6LolGUbdYEp2
4492,7H8W676OB1GglPlADsXM1t
4493,7pcm6L3cgpfBB74H0btIkB
4494,6i0XAILWMxXwjtDxGm6Wgu
4495,7FP1dYVtmEuCQspxZdc9In
4496,1VC5StS4WyRVJ5XvYjUgAn
4497,2kLOYd5bfOddmN3eDb4VvB
4498,7veQu81GtWZJ4qafZ0kUpt
4499,0w8jJRXo2kKD4OjlJpsHni
4500,1X8GfZOs2GR2tru3QTO9MI
4501,6DEKUeed34pHB7OAjgmq8C
4502,4VR04OWk4kcyZoym87NB0U
4503,6qOk2l5hWbOVK35oBVGlXT
4504,5GYvKyi6jwrefa3GvHkonm
4505,1on38cSel8kKB8A1ElH0sq
4506,3ee69OYGeoAL3ggnNEKIaa
4507,0Z66TS2EKCJGNlQtpVcwHD
4508,6mdFbyuyUxGn0knrqBYEWD
4509,1MUbbwQgTHMtToDalsLy2o
4510,7juAOQu7TLfMaVaH2noLRR
4511,0slOhtKgLT1sjOIyecE2A7
4512,4OukDE7pBKhCV4YYeYhnjq
4513,6KL3jGJhXmZPD5FPW4RCfO
4514,0JlFbmijGo0b7oHDkomtYB
4515,2vq19GQmnKZgvDUZvuvxIZ
4516,3VYTlBDUmCRfIfNufkheOr
4517,6pdvp7jYVSqPI0VPLmRwz7
4518,5w6wzSHV9m4htCvEYXLcGj
4519,5MwjnF8iP9zcRwFglSMMJV
4520,269u3EaupyNQkaVNEXAIKc
4521,32f8ABUmz8CSXztbvabYf3
4522,59oCZBIzvLGXMsHEoE0sME
4523,6giOvsandveRea3qxVG85K
4524,26nGQA28yZ6UNMOiYj5QVd
4525,0p9c2BTNIM86owukLH0tue
4526,45QilLhwKpdhuoXk1ZdlUT
4527,491mgf2MwkU9Vxo1kyji1W
4528,22hdwvDSb2EVwkVl7hDfrf
4529,3vk4SH8Erd7XYPjCR84ye7
4530,05go6bBS3fbZbXC2p8xTfW
4531,30sB0kDWXqpmEvkRLhMdiP
4532,5ZCQ4eirY63FsaH99pttQN
4533,1kN5RXxIYrSbCgO8ke88rV
4534,2o2ggPXDZalY9lPEWiS93s
4535,65kfChYJMXLmi1KkeJmYGo
4536,2stJQhflFEXrIr4tnuUCik
4537,5Zx9VpLotu9aFYqq61NAip
4538,7IAECbLDeSO8xs9vChwvsP
4539,5hjdhwlixV2xLI3eOj1l5C
4540,6sNENhtVYyeUGmFCqcdCpH
4541,0zQkXcK7CiWL8S9zXx128t
4542,5IXoFbK39Qoi9pMn8p0CDz
4543,11sxcWkU0dZdjRLuiLLFFd
4544,60GL5UlYn1iRhdsAG91JJd
4545,1LkVsnROTrIVtjl90PimsV
4546,7qgalaqdJXFV8PiE3nlwe4
4547,1dNxsasSjW7GkRd27i0hcr
4548,5kfBmqSGinIjj3dZsclSX0
4549,2eCQ8ZkCZcJUEFabAH78oE
4550,77rv4bxAWHc5NIqR8piNSI
4551,0o3Ae5hYdmxWeQWX2g9uP8
4552,54rdUdsKNmFHO2vziu2IRK
4553,0OEKGHJFPl3qI3BMsyqhzc
4554,3k4QmEFuzlnhgxT3qstcir
4555,24tzZeY1hzccRdH4twuwXM
4556,3kLiZ0BKYgccwdWWvuUX9I
4557,0WWuB1F1H4dr3Bdoe1vtHs
4558,4JbfbPey7asiPITUXiWavE
4559,7eHq5OcuJAyCgE3GAKdb98
4560,4IXTqf9Q2jOpaP3yrCUMXP
4561,3KMeqdGzrtxXGa5oRwZFGQ
4562,49Cl45LNOx0cZ9qG5wGTCB
4563,5jdLNfs78vMCxoqqoO9d4s
4564,0QPXo5bxWeZ1ElQRJvoqA5
4565,7pbmIuD1dm9UQiRjfHpf2E
4566,0v3dGE3xByIKFuSfvV2tsv
4567,5xvOHi7SOWrjHtuKRINDbq
4568,5DBnY1CMWn9w1MSX7KZrWP
4569,1w4606WzxPXiliL2MxcPy8
4570,1yigmnuejhoxPve7dzEKfa
4571,5gA8vtwC2UZyUEerJl5suE
4572,0lof2Csn7rz3neReMuV21Z
4573,2VSZvEcHhd9GaLF1ePSMdF
4574,2QLFTiSNgt6cT3aQdeGFhd
4575,39f8XmSULi3xKdyB0gOSB7
4576,3D9McxgQZlf9OpnMYuSNFq
4577,2N35CYPuhTIJVdiREKYANJ
4578,07cHVzC7i6MMszzJPUcttH
4579,4sZNEkxg77vKUQn7QZMufP
4580,2SStxa9NB9zfHM1YmGm0bq
4581,2ixvtYKtXusvEArnsTGkyC
4582,2LKypVZYHyP14AByOpJRDg
4583,72782Fke8HCtVxVPGSPHdK
4584,2DWvKI7hJpNRjVyPsGte5C
4585,3YvWI3uLVvPjnWNgfgXht0
4586,4Xa5nCpSEWdvjhFXm9We1q
4587,3sxsZPvGH8AXHOCov5yJtu
4588,1inwt0v9a4ib9yS6Y4KsdM
4589,38rw3KPDpLS7OLjLsZCw4c
4590,7AIuDhoLyw11NHzE8eTYXr
4591,0WpirL5rxWXOeboD9veD1n
4592,0KaAAVQxLIjB7HtjwlCZ5p
4593,1ruGTdtJpY6GVuJuWhYI5Q
4594,1O4jyuzD9Xa2bDtHI41Std
4595,5WZk1HM4gfcBdfMN0sc7mI
4596,7KWCzqPg2WrritNTlYuQ4t
4597,25MFqHmC4aSPjNaOvHPh55
4598,4IWKqjDmoYFsgjDBDcFWdj
4599,27eNNU2f2TBuyrL1MoQfq4
4600,6BFF8inuJZQkUi5oa7DsL5
4601,2cGYvbK5vDrtgBn1VeH9xa
4602,03i4WqxWormLKeXQP7eZPi
4603,5PGXu3FThGs2oILAWTxePv
4604,0iQdC6E0IKqo8FQTuG3bH4
4605,4tj0rfaAaM2aKZxDU7m0xq
4606,01CGJ43HjrOdR31cQ2ymce
4607,26ZDkGDpvLREcTuSHEeMqa
4608,7rOQYPGUAHqyWoPaw7UJde
4609,0mP5w3gEO05bugnlo27MgZ
4610,08AYxVpOOBRhOIILlWRUKL
4611,424fAd0XDMAtRTrk1X2DtN
4612,3gHZemoVC7HMDmRZ9Iaydg
4613,11cVt2IAfcDvrz98EhjDgc
4614,5OWSxAImCGRnKWjX4EjP56
4615,4J8fvQMNBvZar4h7frXVTh
4616,36JwSMbtcBKRlEyczU9scy
4617,2P3QTDSDq5gEoebKWwHYMZ
4618,6W81BXZibTIGLq4MHleRmb
4619,51MCb7QwuJlS2oXsu8BqQe
4620,0OqWgUNGmjKAtD27M9TrNC
4621,75x7nlQA8u9Y8UVMDnp1sN
4622,6IEFoFgcBHh3Q3FGcXysCR
4623,70s8bHDdoWc5DZCQfkprF4
4624,6Bwa0DBAf26wPpkZ3zKbmd
4625,6NsF6MDjK4ygE6KdwFC8kw
4626,2McMbiF1vutSU9kEldRgM7
4627,5fPZ5rlUHzHfNY0Eda4T8o
4628,5fnlUDWCW3wgoiaCjyfakI
4629,2Cp7vXWA3ie2KcpWVN7Jk1
4630,6P5Y8GRcFxOM49WUesHPHA
4631,5kNe7PE09d6Kvw5pAsx23n
4632,7EvixHjRW8Kx5sjD6TfiVM
4633,50Y02a5buFXaEQ3zTfm9GY
4634,0I8hANcZC2B5Q1loz5I8d9
4635,2SjSIo29ESVAGHVPhdZQl9
4636,5hHlnflNWv3mjkbUghu22V
4637,1Uk6JACHPrIttz58wWSqit
4638,5qs0Q89ltSCW1cb6v8cWDk
4639,1frJ04147FAGJ41qcRyvX8
4640,5TIKkNEwta8eOeCNDslwLt
4641,1kWVgfctc2JUKCqlsZGWbU
4642,6zAyDlVfft6Ghu2ddj0Mbh
4643,4JHbfG3lcdhSnS3y5vW7ya
4644,5UC9DZlw67jeqs4E7W8YsI
4645,5Xv3eesPSCo1YVdU2RePWe
4646,3w5lf2QiSE53PegYl45wjp
4647,21cgfam4hDWQvBjkubjfOl
4648,783nc1tG1wrBJdvY9OrTnC
4649,3rqf5x3tUPCAQytog6Y01w
4650,3X5BCUiBtwsCY6YqJMJp91
4651,0DEExjavow3YZUEf9ynHZj
4652,27kY61oK9Vy1vibSlUkxJP
4653,7rnbbp7MIyYu7l6dC2jmSF
4654,3vuBTN0znVm4fpnHzerkmr
4655,5XDxCijODsr9gxwcHRffwP
4656,4OzGv3T44v5t1QUWyzupdq
4657,0VkP8n6s1CzgxkeLZbnzc9
4658,45wgpIER9AI3Pqh1ZFef4D
4659,6XGEWddggdIh3vhQT3qCaW
4660,1W0YS64vF9qgMVLuN76aqg
4661,6e56CkYWD3JO6ovFZBA8po
4662,1dnby95WsDugVf0AHIfkS6
4663,4SfHC7jsjjYXbWelL6o66i
4664,5umBzJ8XNXg2jn5PpHIj2a
4665,0cO7JEo8deKuQMWpDyjenY
4666,3P9mJSWdIphecfU7DdWBDZ
4667,4AoHI0kNZ33biWkGPzW8U0
4668,6BhM0LOe8gzkkztlqU0Prh
4669,4B7tAKzuQ4Nlzz2oIS611X
4670,0I7uZdcZBgsF1cN6xJYm7A
4671,4JuCHjTUFEgqO7Nj3n89Lr
4672,6rH5nf6Khq8Noye7FANzqW
4673,7EhmZFQtT7PSVsrmZ1scJI
4674,6nljbSma4YDzJJEcnLQ3oF
4675,6OVrzpbprJutSZeJGAfm5F
4676,0QvDhO0z0Wd9CoMGWH10OX
4677,4NVRAFB9Xkpluo3Iq5GeEO
4678,7aPJaxQb4zNYVcFZtBkVhJ
4679,3JSCTpEd1UWS0YjE7INt0b
4680,5fGMpkKn5pkGWHIqDVNkN1
4681,1h0Ev2rq8Fo0vhlhHNEDdt
4682,7DnRiJcljuIE96twNxUG5L
4683,4iUbMPVbCQAx51bIh1GhyP
4684,3Y7R0vEpDh78NuNsCmJ4SN
4685,3h4T9Bg8OVSUYa6danHeH5
4686,4fOI3pcTmzHQwOjJVLRqdx
4687,2Na86JrkQ4E9xl6sPkQAQO
4688,6rd5nFSYdrPTjOXvKI9USH
4689,77LZvE2XLYn2AW55UxIG8H
4690,2AVyPXhnaKeWRIy2BDagSC
4691,3EEmcNeOLG9WFbrDWh4eUJ
4692,1UzaBFlZAnoAnhP36yefCk
4693,14xF5ATCtYZaxAjzGHlMr8
4694,2OIgYGuHZk9r5pmlHHLEQf
4695,3dwU8yhXdgLilN2jXGB3Nn
4696,2dbfjsBbi3nt0a173iUumA
4697,4heMx0OAwfILu13Lf0VbBM
4698,5kA14ipvOG4mcdJf3UhhR0
4699,2L7M2b2WZJkPSvPGy9BBmi
4700,0CrJVibIdsL6mqmYI9R9hc
4701,0zhEWyLmvsjdjahMbFmapt
4702,3IkWmgGsXbsafrunwPojXO
4703,4rXflTOWCja5YDR96lINzu
4704,1AXHuhDMu4T2wN8aRVVcMG
4705,7pskYSHhRTH1TFtVdQevG5
4706,6V9a2NCxwhI1SZOZkFJor0
4707,0ldGt691SIoqABL54QQ5gd
4708,0xQ2Nfvv5WdoJCM8KWF419
4709,5eZnUSzjTjI0e2tmpqyk74
4710,5e5LyZy3k83xTQKnerVrif
4711,6P2HfuoG4ZL0NZ2pg74zKN
4712,1VFalMUkyNyjw3LkN8d8Cj
4713,22EEArDKiQZb9eVMtUJA98
4714,1KecxvtDLrETyirYgk3Bxz
4715,0hkGiydN2KXOep75tuHnXa
4716,47T1jNQizR8E8e8SpvXNog
4717,2ph2geNwNtdvIkA1Nvpybp
4718,5QBSc4yNurtL9SZx22lENb
4719,3uVPLtkmDu8pDkYEAVqbgS
4720,6RjRRi5U1Z15Gnzdnmo4Rl
4721,3ukWpmRHvpuDATCJkgLEkF
4722,6tot6P6zA7YaCB9xkjfI0f
4723,2xpCbyiLthbmTx5qUpSHo0
4724,2QAA0iKFhFGI5P2KQldE44
4725,4JD3vQs5pg7j816laj0NUF
4726,2KDgZnXo9UFztqTohhNGMY
4727,22kxHi3kQxxVyM9rAZSQ4g
4728,75Mwp7YsQRk0ZBq1lOdL2T
4729,0KBg8fop4DsefGLKkkuenn
4730,2k2VF5QwLfBfdlOUJWa3hA
4731,16VZpCh2RcckjmoURymdzy
4732,02Qo5DFgoGTiBGo4ZUvjXm
4733,0xGblgTY5n2UF12qkw4m7G
4734,3qytQlsWcXeVQ2gR2mx8VI
4735,0OpemmFZLFX1Yl6mQl7GIY
4736,2ft96plHYS1A3vJBGG3nOq
4737,1I9YiXIPPF0t89kDGqWyST
4738,3MZ4Wg4DTpbwyBFCT05mTF
4739,4UhObmgPx3EDxbdCjbdLrt
4740,4Hvu5Xn4QxvjUeEM5hXRKQ
4741,3qaXKKkzU11scYHeuOHew3
4742,1iuPkXgUlCn52sadBl0H1D
4743,26znYbwuIK83M9ved1222A
4744,5Pc594FhDA2Fa2prE75GT0
4745,3XZPloRchyK3i6kRKe465Q
4746,4BwNEuj4WlnduEqEVS8iUv
4747,4adwiDSem8c2jgiy66Bcsv
4748,5zBUsuc2A4QU0r0MetmhUq
4749,4sIHq78jAzZOyDWIJjj2O6
4750,0G3g7xkj28J4as88MWEGX2
4751,5WRoWlYVtXMG5EvoVkzEAY
4752,1LoI6XWvghxxdUyHdSZzVp
4753,4RvjBcCzE0Locnni5pBOzZ
4754,6UF8m9MLHDLCRZs1wpfBMX
4755,71uuSNQ9oYxzQ7Mf9UtWXg
4756,1mBmuq8Luv3YzIcgZBgOQR
4757,60Vg7LFOzY5Dm9f1PxXC2q
4758,2dmIZDeMNuTWbPNroEHC5T
4759,1e3hwAKgYapsbivzFGrzIn
4760,0lbPLoj61m0e7jPMdGF5yK
4761,3f69Z7rxZ6nQ0hnsMn7f35
4762,1aGllJcfyPo220jZaV2ILs
4763,1cyAB7KGiNHIqY6A9SyFaU
4764,0n4vbr91cVDsOgskMWvqBQ
4765,2JK2KZ6MFL5uSatPxQpAYR
4766,38JxRoRGW3CZsXD5uQFQ8w
4767,62Q6rHR2kIilXAhHWlnJj1
4768,5TapreC5We2qtAAS2KdU9y
4769,1r1AGkq5U0pBBcL9WUqkAh
4770,2jLDRXGpa9yJ9fuhySSV8P
4771,667W0CTUWm8zJkwQkGfo7q
4772,6ke2M7oyEiZne3HEYPSi6v
4773,1cV9rpF7bto4DIKT3g675i
4774,6h1hXgfN7Mzw8e9Afjibcc
4775,6BmG6l1nLovI9Q2ZlD0oU8
4776,5aemJ1XoHwyXRwWdZ4vYtO
4777,5JxOLQkLmQ34lHNFAKiMIO
4778,1pyBn6z1j1imcHIrZMa6bP
4779,2tnbqOpE6FXPRCE51YlO3v
4780,5jdyZZl1zFVdzFvN2cWHWE
4781,6aOyoRHTqpVhRPykixjtkF
4782,06mQWBi8eln60iDakXjmS8
4783,2WSMLueixFwvzrJA9dkaQP
4784,0GvkYGfvARyRBLK0dQV2JR
4785,40QhyjkUeBtIbBYO72GoqZ
4786,2BqxVU0Gqy66Zpz44QsHZv
4787,2znQSDCnkEr2ZTxfi2iquw
4788,7cTGsF6YfJf3m6gwviPDMY
4789,0igB4hZWZhLVjZaqQaUs6W
4790,6ElkoYYbSQLZ4wpPXXIT3y
4791,4El3r4TNn4Ct4AIfCbqOqD
4792,0OLLjVr6M47CdZuhNOItDV
4793,2UTJToIKC8AsEVmLMLi0Gl
4794,2YBQa1P6da0Xy8UuayPyGm
4795,4XvcHTUfIlWfyJTRG0aqlo
4796,0FgOMlLB0MB1UOCcDgRtEC
4797,52ysEkX6uEF9YQngCs3hXy
4798,3XwoTczDUgCJZl6B2A9hqC
4799,1UF4zbB7cfXCkhjQGke6u8
4800,506ACTSjO3b7Sxxj2Pbfgv
4801,3rptFux1BpV3TNuINvrHNG
4802,0N7z1qx4cRJhJrJ39kRZCK
4803,5XHnhjqYz8wqsZO09vudiA
4804,70iwC6Ni8HXbTKQlsBisvg
4805,41PTTgqTnoD9D7tYexrTaW
4806,10Y2KAQ2nG7JZyfJciQVny
4807,15bB4ZXVsgmlHuSA2RRQ6R
4808,5zKAlrdrdEkBkylhwT3cqH
4809,4gIyKszpeZcqWyzidti94z
4810,3ulyVqBDl9n2JyMNt7GGa8
4811,36HIeQ9jlbjEJDDzmwfd8Z
4812,39Pn4JpD0dDCAzOaf0tyGP
4813,6Ew6oWPH3yZeusdcDoUz5L
4814,15cfD608vzZhkP8k9MZ8cv
4815,2SocORErRRwUhzgNKfFfC9
4816,2nfSpOr3GRhUeumafa5KKa
4817,3OzSKGAxfRbChwx1yYQWgj
4818,2nrVWS45ufhqJuKK95J3nv
4819,1xCd5r6tz4nAOoAiufBFNR
4820,7rKfrWltcmNi1ue7sKMeDK
4821,2UpPZjvSxNCXhaclokOmbi
4822,2ZQoBA3eftfJwEpqt2Ded9
4823,71Ezs8lmP2PHuo7BPpEz3t
4824,47rjgGKBEImWnfoZ6tGb3Z
4825,1tF4tgXrjwFSuaoEC6cHy1
4826,5qxxGClUqyGC7hRwqYUjKP
4827,5kfi7Saz8YCdwXE8A5EUT1
4828,1B4KDy5VAXxR8FayLvWlJu
4829,7sTdeM1DsL2V5caPFfcrDO
4830,6DDR7niqWuehefavm3BwSQ
4831,4N9zzueMwJSoW0qiObCiqE
4832,19OgXL7yxJe74QmPt5nq2Q
4833,2wivYYdIyFZlMdBgtmhXZg
4834,0JFh9goyNChmaN9Z1HpNs8
4835,7hLxgdH0XCSYpEwQDrRPvS
4836,6zEVLIOWwALmVyXCJz5FWM
4837,6HE1qegGf98n96rSjj6Z1Z
4838,2l9oFczlSzySfAkOATABxP
4839,2uEJanMvnA1dXgX1ASnPQm
4840,0viks3XIWet4YWNVicZ4Pq
4841,6Wce99JozpvQBOBp38RqJX
4842,7qrsRH31rSV2ygzDYuzVUX
4843,2NY0s2PotuPGbj4nLzuY3Q
4844,5ziNnhZ1hK100fIUvkDZUH
4845,1tfGOHjUHq4k4y4y2KaLUy
4846,4wAhfA4NYFkj0iOnjwVs6O
4847,7hZdzXAe5g7P23RAlnFFaB
4848,5gpQ5GGP8u7GETtKIlGPVY
4849,6qx7L04msgvbAGJ595zv9f
4850,6x7r0lpyqxBKGq8J7LFMeu
4851,7sT15Y3FI8SYb5Oq0eIqvZ
4852,4K4WgUKpUUL6mYA2teAO0K
4853,7u1FUecu9iOM7AkEUHz1ce
4854,3DnG0TWnSc0fs6quO4sKXU
4855,1f80Lhv38g7ylh7LOToYwR
4856,1FSN0zCX7sUzwM1G3rZzoK
4857,6CxJ3KIggd3CTfhIljPzbv
4858,0MmCny6gGuYPM4wT1rqoz3
4859,16fB04furFL6hVjis0tbJL
4860,1611PDnKGPH04pNPqwrE35
4861,2TeYqtSnWGOeo6hbhybmng
4862,4n2Eh6I5ESu7uouXGugjkW
4863,1sJ3GTTKEThu9LuQ2gUWku
4864,6PMQAtIqv9T9Vflo5qDHzu
4865,68fJgvgivIETQTdRa3BRpX
4866,3FaZ42jACack3yzGQ60WXv
4867,0oMXuYCiZ1bisFChfa0o5D
4868,3vx7dqQCjTLPOgySOarWpe
4869,1kcYfi1mkfhnJYntYSi9gb
4870,2xg7NahDnNK0NpkyGklDGM
4871,2EsFhRZhJTejpFtOcKwciI
4872,1if3ge5P21A2oEbhxqJEbY
4873,2LPnFcgQXVmuzpbeF0jieD
4874,5GFh36DmoCR3i0oKL5S30m
4875,4bNhZ0PDpLsOaWa1Gv2u8P
4876,6iM96NyBg2rmoL1caQXCOh
4877,2Kf3Sy6Tj0T2jl36ghCHpF
4878,1srFoNCknHTaIU1s4sStxy
4879,0MuzqFOPx9kZgnwyhlmjxF
4880,5qBPJGWdlOQL0VcihcFsOS
4881,0PfC26OqXoy8JPmLgExD1Z
4882,3NsOf09xEqqWc83xHTkYUS
4883,3lPSaYAvlmzNxkOKo79zps
4884,2yxMDNWlGtsTes4Jbrddoi
4885,1ft3x0i8hpFGJnZ47kEtuO
4886,6iWZsYI9d2C9W3yezPUTfI
4887,4W13LuhvdjCqD1flI1RWWm
4888,1bNYPi7Pb20dSx4szm0VYE
4889,4C80CFGTDT6fktJe4L4dvJ
4890,7naRLuJn45I2MtgnLiRBxR
4891,5Ak3nFCIhSp98NsxdfHSsu
4892,7dZwW4nKHVQTEcttRtWoWp
4893,3tzpmtOESLuvtPHs55BWs7
4894,71669IUjx4x9xx4CP4uBgt
4895,5HeRnjDtawKUSSB1MRR3BE
4896,0I4HMI7MdHaqopZkEpFEpN
4897,2GuDgGY2TmwVo3uMlp1iW3
4898,17x1RzAOMVLuNnFqjdal2C
4899,0oKtrsE4siZ34aN8nK96Go
4900,5XGkm1VYnvrJCSPlF85VhY
4901,3D1Xnj2Q7oh7Vz3RH9fDvC
4902,6nYnjk9PeOKXyDmRtACgWo
4903,5yiRcFlnXVeXU2P9Kz9xdr
4904,4toPyKn3AgXmYdBcdKgab6
4905,28fr0QvYgqkAe9FFro6iNe
4906,5AXU429DHTeGkW6NoZzAnQ
4907,4NgbyHciXUu8nGMRFzF87Z
4908,3R5Xs2v6by2NKx73VkK5dx
4909,2gGMsrk2oUi4BkyxBYQB0r
4910,4r0b3PovJXksj9VDLP1gJM
4911,7iTjGs5z7opNGCXyurs0Q7
4912,4cbmDY9GDPhipvX4kY9pRg
4913,1naeXFuHHXuDHmRg0bDZvp
4914,6XKLX2SOAdS0ZDQK2PbZKn
4915,2car32KMDF9AbUTbRYq5q4
4916,5vz9P7lsyYpr3wqq3xRZwY
4917,0fDoFjqTCGEO75EuicAVu4
4918,5BFNXIw3QYyzCFkVRdYUbC
4919,5uA57RhuQvMKun7R1mdSVJ
4920,6EmpQk0jsBCXHvgbTJJueK
4921,2VBluJiNj9bKohWX0dY1Lh
4922,3aZm5bDqPjgRcguLGUsykL
4923,1JtfHC1gdmhpWck5qOttiD
4924,0qIrXEuUzH9KYmiPOGCxmR
4925,7uYoFfFdapItB4sI6ecycd
4926,3JgEFesJkdWfBNlmOJhHkF
4927,7AocbcViWJ73c5iu1N9OvR
4928,5ntdMmRZX302CS9S9BmdYF
4929,1tH8UcfRuHdedlGXZnJ8lt
4930,1WC6prDbJmt39Y4hpOyXi4
4931,7nK2IyKGas2Ivf5BKOffFA
4932,59MtZbWXAYMGoJ5rIeThn6
4933,0XziEtx67IFtP4QLlExaVc
4934,2VOLpVTk604ODx7eEPbxpI
4935,4HqpbPhIOkAMIyKgo6Dp8I
4936,0bPZyMEy94ui7CYxqQJUb3
4937,6Iw8GnUREOz3gK3rDCbm2U
4938,1poVoJUgF0Brh8TgJc9MNv
4939,2YHo1AiKXq1fMgWV2zxj8y
4940,5d67h9akv4TfHQcEFhxfPu
4941,5yPBPkEKIRbAlxBib2eXBZ
4942,3KD7iQAkU31QvvwNUUbkSa
4943,6NQgrD2AIzmSjdyNjyk7C0
4944,3OjQfS3lbILlruNItB3ShG
4945,2xGkuANyhyQQZ4yRIFDSum
4946,1xCU2oWW9IAJH2Cib2t0DI
4947,09neXMFAQCt4JSLEjLmRq6
4948,75d8slzsZjFRqIZhGP3crR
4949,0lDUzCYvE8hXIQ5VrC01BK
4950,1Tme6858uQLebD0EXmEYcF
4951,0xhfry6H01fcBXd97tZlQx
4952,41E7XgIzCF2r3PyPH5WtB5
4953,04azhMTWLOROLxRnCURdEb
4954,3bQUTVNfHHZ0TGGqYZZBje
4955,1B4L5VRP5fALiYJpHUHhZd
4956,0ICXinhd6wGMTxtCAYdRQr
4957,0YevjxPp6Y0Qr0BAm4Bins
4958,4BtdRTI0kyI2hfIcBF6QP3
4959,5WaJ9vkP4cmbBQ05yYbPBX
4960,1JdGVa0eAPovycGrGV03SS
4961,7wX29xMHDLiU5vL8pwQOdr
4962,4vGVhwPBsZZ8MQYWE6Eyvb
4963,5YqdiryRmdAzYFlxo43hAJ
4964,3YPGIpkgoXg8iseaHXeQKo
4965,4E0aFRH5Nr8cIPm1CnqTvG
4966,00j4FMM21EWu4Lqr2y8S5E
4967,3MZaCGdiJmxpvdNpSCS63p
4968,4jFq8WJ8DoyFV1pbKTRDHj
4969,2PWcMqYrbT63WMc11MdWVr
4970,6HRImQEMCEz4jRljMBL3zq
4971,4eiRksMFmG0S1C9nGYuNhk
4972,4h302bPIcNoJhlBuYwyYV7
4973,6lyrPJ8lLjUng9eYudOHvb
4974,17VNj9I0PtdfipANrjCZIQ
4975,5oK98mpTJSU0iqLHN1hZ3y
4976,2hfprXDHkcjKa2MQOhx1GA
4977,5FQxCrphg2xjAhNzUXRQxc
4978,5aqAAVBZHE4tmscqcQWsim
4979,1SXnEl6HKPKea9nG4nh2uJ
4980,7reASFw2ZMgqahFJc6CMgl
4981,3aBzkGBlR3mv7pSxGGCYp6
4982,3j1mqHr4nSrlALTd09wiqF
4983,5bVYWxpJHcGd9xOJ9SlDXE
4984,6TqPbyak2IEbqWMngdrXjc
4985,0EIocN4Hh9Vz2A1PJ6bOnT
4986,4s5sndqgxTuDkx6OB26Vix
4987,70pHAaTcLDep7Ia6nxstAP
4988,3c6lggLFB8DOlCPUtqpcEh
4989,5ARCpWOKixPNzzrFZPAn5S
4990,5oNleqRcQV093Xyiet25vW
4991,6jg29aSkCPbJqC6qIR70u6
4992,1PXUZ5Cpat6HipfJkn31ng
4993,71LQeNIJcnZeOSYgz4reoF
4994,3CutrItRDnHCFouFUxfMMK
4995,0xKR3lPqd5iP7X8CRl67Ox
4996,674WNL7f5Xo8XxtipzB3ao
4997,7oDTCWpW0pDrnfYDvhDfA3
4998,10BdZ8LPS9DH2ziCEeymey
4999,69DmYPRaa0vSh1ztrXEYAt
5000,75gQvrAnHAz7jGAWz7YQGv
5001,2iqIPpMrW9DCcs6XmxNFsY
5002,3RZ7uIEIzy30fw7bTxzC5V
5003,0SMB1JJ1iLsmawIduSFHQl
5004,6onUojiM5AVAYJu80ocT3x
5005,4A0f5CrcOYRVwihIQkcHdP
5006,4jNBYAK1mPmgM66wZEx6rr
5007,5HrmidlMn8DTc608LDf5Nk
5008,62UoGQ0FsgI4SUVEBmft3B
5009,55ODw6itzdoQaHN6LjD3qS
5010,7gOYRL8b6j7SKsobMIUd3a
5011,3BAR3Eu8RidjTSminndRN0
5012,6xqCTPxYnRf8X0p6N5Vw2T
5013,6xAEFTH48KugR2sezbW9ha
5014,4NXLB0jWS1rl72AUSC05Vn
5015,0JgQNBtdBs7vCQ85A080tH
5016,3GlGzfwUr7SQPsLC9WsOLJ
5017,1PzS9g32U47RO7MJxLXXQu
5018,5gxV9CkbJ2Zmmx6e3D1P0W
5019,01xlvOs5USVv7Kf4ZkNKFT
5020,0AvRvWFrgdX4xBr0b02CY2
5021,1WMdyyz0IwFt1iMzbeRbhT
5022,2XC0561fjLHE4039jKwPbO
5023,1IaGqgJ85Uo8y6GbR9rppb
5024,7EqoATlXAKNwzv45LAlqRt
5025,0Rt9vGaZVKpu8hGV1w1EVY
5026,1Mdyqd3IcF2tVkJZovxHvF
5027,3lKb8Mt9XV0dvBCIhBsTUs
5028,5LZDEFeQtsQkLh0IrG3lkB
5029,3e5Yzygkv4s1EvOuZ5auwo
5030,4xB4kcqz5cwRbCGWKnR8fx
5031,7uNeNBPB7xju7ppxBnFgX5
5032,61yQP9FDS7ukp4eAVTdwit
5033,1l4yWoBGOFQJeZ3Bfk2neb
5034,5JFHggtcE89CNEAOBqZLBc
5035,39LJCSHy7nB1akjmhMQ7Y7
5036,7HmBxtysZbecfjinY0eUeU
5037,5WrfhZDXG4SfUmouFlQwjl
5038,6nIc3jJWWUAn1EvUSwUgBI
5039,3507vKGUC8LqqU2LyXyqxf
5040,411dGttTjNzF7YTfPOHVpH
5041,5yGAyupR8TXCUq3MPb7xiK
5042,3IgV7ONZsR7Ox8CQwviv2U
5043,6bZOZIVFWpCydhyXrqP1iR
5044,6SVK5E2ZoKcQFdm4BKfjzM
5045,4KStl2JWlATZdJo8tq0jha
5046,1PSeeA4r3JptSpUrdgfiWj
5047,5aJa1CiO5gUtBakMgXIk6f
5048,5AhRNIjYPBleR1lfHphcrE
5049,3lRrzWJkRrP7uRT4c3BnS9
5050,2DkqyKU340ALXs3lnmbcxF
5051,1sbUdoRASGk8sOqCCCTlcB
5052,3va1sHwhXrbE84wCVWffVc
5053,6jo6njXH9VSDM8STyDxFkF
5054,4yQTsewlyrRrHq2EW6pjsg
5055,2rh8nQN3d66Ny4OmGnhaJk
5056,5MMnwYs0hIxkENRsbkWJ2G
5057,4hxqCbiz5QztsocSRhTmdI
5058,5uvNlHJPu9mOcYT64rxRbl
5059,5erunxkXBEGgexYFmtEE86
5060,43TBPzeDaR3OSxsekUDMFz
5061,1xUDOEerrDvRZhm2XabR2d
5062,1gS49tn5myYdZUm41FnQE5
5063,2pK34l4I3WixWmcpv5vPpt
5064,0hibZYuW56c7rD2W0UYLE0
5065,79eKqpgWtm2U6GIQCEZyi9
5066,4OmZe4gdcU11RPr3FVyka2
5067,1uDrIgjVtFsrrWWctCxoBL
5068,1X0E0kaDx75Ajin0QFXcmf
5069,1be9nO6I7eTJALgYpZfk4r
5070,5ymJmJNxRq9Vp1AsZILmKc
5071,6SHe4CAbsp8sg6TqosQO60
5072,1wKJzc672sVu35axl7jYFw
5073,5Nq6lLSxphlsA6nQB0KtES
5074,3RumaO1i9RCiuT9KWenxhA
5075,1M8YN6ekSgCnjc5UckHYpq
5076,4Bf9SBkNI60Zsu9kdvtJwx
5077,3iQlMC3qUwiRLfXi4Ne5HT
5078,4g8OkxDvpFGgoUB6JnuK9d
5079,5kAGkPJwqvTrYvgcq20RLs
5080,4xyD6eNplSBddoCkBST0kv
5081,2R4Wu78qZg9XcLLvMj5IAo
5082,5nYUG7BG8UlYFf4LOSpNiY
5083,4iPkSSAAiqH1KuEdrZ7RHj
5084,7LxcirshSHrQKociCvuIab
5085,1GpSXGBCDDHKRrOTqg4jdr
5086,3LJ5iriduzWWrRHj4rlaYQ
5087,2EuHw21uxVU8I9kEUD3O9J
5088,7EfQ8vT2YWeMjF0M0LuuPC
5089,2QCclKN3S3hWdq3emjWpQQ
5090,5xXgHt6CAVvsgFFzFfpoxg
5091,72flurssxtfSOuKglY2qtl
5092,6DrKmjAVNXB4DzqgJyhY6U
5093,2DsQs3Axw4wOD8B5jgNY8L
5094,55ysRywXjekLPR2YLeRE7t
5095,6IS4M1YOQWX5Z3rmaSZG0R
5096,2TztKFpiAdF5JOrN254Jnx
5097,0wK6P89T1WvX1nX6QhpNQb
5098,6y2fju1nGf6eABtbmUnpO0
5099,4wn58HvrxoTVarH5GqXEAY
5100,7jaNWATwHI5PUmJsz34TJ6
5101,7q5N9RNIfvT8aLMgm9bzoP
5102,3geVgfR9vQFIBOg5CwhoVp
5103,5AdtOyop2I7D6wt1ZP3p6s
5104,0jPfbfOfUxndYZoaI7stMY
5105,4cdgQp78RyRzI04Bmw8o44
5106,356euqrmwVEsgw866dOXjp
5107,4DEzNO26UzX4AMVMdnSmML
5108,6oJ0iOtzzCkDkk84CQ4s5A
5109,77mOEEC4yLh8U7zCa0lInh
5110,102ukAKxz1ZAxL5tzBjUgY
5111,2DFZcdAaS1tf6CFjYme1VW
5112,1ccFnIocW7FZ546v5cVqta
5113,14lw7LrTRddsujKzt1yk4V
5114,5C39INjD02NFaAbTrGqd2F
5115,5GdJQKE1grSYEWeKB6Tbes
5116,2aa8DYLHkJqvSMuyoNhyCO
5117,4q2EbJmzBEnjwPBxohbsOz
5118,69ywHdD96rRVMmepb8Ext4
5119,5CZek3MWcO0BzfHJa7V6hy
5120,66f9BsEekmGOQimdPEjFlG
5121,2xsMjMbYRSgYatn9iYYIwt
5122,3zuV4sNDtLxR1TTz0xKWX6
5123,0x8Lwte7DB9Tu5EDvDRvfN
5124,0qgiFuYhYuwtFXEwYakddE
5125,1dcUA6JlCEnNKWbKsKy08W
5126,5Gk8mWK6bJNuc6LjlF6UPd
5127,7nwBrKmbJrXIV4ouevreFg
5128,3c3gy9V02rLt8Bska1eXyO
5129,5jS78smnQ6seCmVP4mhXfc
5130,5H5Rodd0fT9gcY3tOwGGVX
5131,3OZG87f4TFHCt0t9VStdH0
5132,37PMWc1U9QTGRSh9cKzvDj
5133,1UFD14oaGxtXOLnuD89OEv
5134,0RSj0kM3AzzmbWjV1Prszr
5135,2FpVZRzdDGYL2OMPcOIIto
5136,4nB04h0TeFvW4uX9EZ8N11
5137,0b5DvdNFws2NZz9IRv5lH2
5138,31j2gRzvHvJT5q3bMCbCZO
5139,73dOXyOiMMVeO1JyrK2eik
5140,1fbg0bmoQMubJeO1WP7CuI
5141,4VRGAGx7SO8OqPxhEpNOHt
5142,6ylaYEOKLCBJHfJ2hIkyQP
5143,2KfFmPKssYjVxmzUmin1rI
5144,41nCLVTwFf9niwJwPimBtS
5145,2tjSD8DbahAber2c2HSVAg
5146,1avBNa61OmSfq80688LkOU
5147,3oI02oFHgGvxTqp9oDgez0
5148,0EvHLPMiMfIcYgpFuWOwyE
5149,5wlN04AhE1BkvqXViIm4QV
5150,7rUF8EjcAhXdihEmltknpa
5151,0sDUI0lHo1RXDo5rsCL4nT
5152,04HBuPv0MlrJLOB5lTujKP
5153,00BIEaaemmV5omcEownhTd
5154,4JSSPRW7n8QmzVIIZ5Di1z
5155,5RuGDI1rkwVm1lqTgdYg1N
5156,7wMCECqH5hlj6HF2J2LKAZ
5157,30N3ooKWHxzKVb5VHrS5mH
5158,6VAumolFwvRvn78vXNsm5K
5159,71dtmBxTJWxXIRmcWfr24j
5160,3X5nwplTfrOaOmF1a72Jkr
5161,5ppzyI4vbkwzBrCdpsjjtq
5162,09EbrGNSFMRauHbLueL4M2
5163,0Q7bUZezJYEf74LfJ391w8
5164,1djuEBbP8VbIA0R4sHzY1D
5165,21pE89kv4OQssxpzUPwMek
5166,2ovQ5MCx91XVjgVWEPfvks
5167,5Kx3cq9jFrRa2kCej3AXoA
5168,6ibayfvVOby1NSKJFohtZp
5169,3sOXFpdNTLYDVmS01RKG6I
5170,4BYMzeiusYBat7qjpjuv26
5171,6eYuYqJ9IqYWbH8rFhm7jC
5172,3KutAiQ698975DL3JoQ7gF
5173,4QvpSd21ad8WPRDNp9exdi
5174,0nbdPjmOH7Y117uNbYQLFR
5175,1a9UEVTyBCDqMIbFsVUNpT
5176,2tsGT1LJ50h3YBNISYDSgo
5177,2ZgNPYysRyGTiABtJ5AaQ6
5178,2jzFNGqC0Q1TeThJTzPL0T
5179,5dk4Sb7F91F4I2NDWyNUu8
5180,6PbFVLTp2NLD7ilf7SbRIc
5181,4Lhfa60DhW0Gr3kcXnHGE6
5182,1jzIJcHCXneHw7ojC6LXiF
5183,7wfVhQbInlrp92VTyi4gx3
5184,4pUN47llPanDbYBQte2MoM
5185,078AfcxRetlTzVgWLy4Iez
5186,1NpQSRuvDjq1gfYw10Yp46
5187,7nSfrFXudf3r1kac6GWs5P
5188,0YdUaTA6dsvRUUBo7MHJVI
5189,5FKaV2J0xiwRENDsl0bMn4
5190,1Xc7gEwBbyhzEAsi5QnreC
5191,3oluPJKH87kOoYNw5qobP7
5192,4VUO0HSezeknjZ6rB4XCxP
5193,3XWQrnvsWE9YxGVmGNvkHm
5194,0ZQVve7NQvH8SMWhkTNUh9
5195,3sEobaEMfNBOW4oV8SaAVO
5196,75UIkJQJMf1piBSbQ3JXIL
5197,2HOPkIqhzukXGxzr2s1Xg5
5198,6XhbLEbDJPiOypjdzI3BL1
5199,6hQi5YykJFxczIfYl5CD1i
5200,7sgl175RiJLKy4TOeAiTtX
5201,1WjcnUqyx9Y3g6qkqQYUv8
5202,7zlvwVRAQeFNd9M5RO1cJR
5203,7LHnmjSJ86NcEMiBp19suL
5204,0n5ymoPw9nXjHNUOIykngf
5205,7Dj01umonxmUOIHKdusZi7
5206,0oFqcPKsdgcgyKCUweYe1C
5207,4IVT96v6hi2bxXWsBH7fhm
5208,4JuJ9ewGWWGy0U3URuXOSI
5209,6XPGi5x3tEqSRl0PXBJFIp
5210,29YUMVIUxuMi2QtK6sg0lI
5211,5pk4rP6uGcKRLYHZ1AjWdb
5212,5G2oBm45yLpiJ59sRAuRLt
5213,5ZlUi4rcL4yidf8iBXg1NC
5214,49QSQsiK5WfhoiCj40kluM
5215,747YFXlsStfjON5cmYMT0d
5216,49z0pIVGgHTpDJzWreBFS7
5217,5mBa0tt06QzznFmvkBp4yV
5218,0XIw6gPOfaYYNgFQyMmG6O
5219,6F3Zu1SBa0duBomvXmWUCo
5220,4O3XaowzUGsC9SSuG2uTgD
5221,1Gh4WaLBtf6SSfMw0OHbGZ
5222,3hElngFr9Ja4m90mgMAmou
5223,2U2lu5JFLOVowAVWnv5Oa1
5224,1Oe2Um6K7AsiDjKOBKKbZP
5225,6IBVwpcF5HkRgk2MNc2HIM
5226,2fel3EuZaBIEfFi7nvuBNu
5227,5soihaBWFEQqCYu0HOUVzK
5228,5KsJfKTQJZKEYMXmETJhy5
5229,2pxJLLQJbRX7jWAR8FvyHe
5230,73RF3sAfPudbZ57jChqhiv
5231,6GhGrawY0BP3bJPBJWj2KQ
5232,4R5L4GXpHbDIN7ha2ajLPk
5233,5O9bNeoxsW21TBHXZFEEsL
5234,1NE4laxMhWCObX3gcMYdEU
5235,6Favr7n1KcOBxywCQv4Xzn
5236,6vL98lHSEwWTKwsEM1se3d
5237,3qBuBRya8v7dpFxpwxxW98
5238,4AeOPEWuAOnCFcypRiNHQv
5239,2y1SU0KUh2boBEji2usWvv
5240,7f6WQDeX68ZZ1wdljE3yLM
5241,036aaT1XjIsMofyeHhdMye
5242,30AwFTtkDFk2gPSqHyfPN1
5243,2B1kUurtkouW2diExbR0FU
5244,2NmbeUHNmFCvo7l7hwitmD
5245,4WkjEOOFHX2mOmlN19U4pB
5246,4SQMJJWvTio8aBcrZUpdIV
5247,6y4iXEu64IYdEcNSV0ZH5R
5248,0SREfAUPY8FO5ZFJyD2A5O
5249,0du67LyuJeUjQChxl8rTa8
5250,7Kszjzps0xbQXyo1pO4KfE
5251,6rdJ9Ge5yQLoQk7GOUDYnT
5252,5d0V7wM6ik3WjTrKDmSNIk
5253,7qog9g7YPm7SYswwuD9dz0
5254,6UJI5rxvb9tc1wsnfICFpo
5255,2iXLEqQO0ES8vVCr0nAPf2
5256,25yup6WYnPoITrfzhkBLmt
5257,4H1yiZXnr2f7PhZv0w9Vpj
5258,3FR5dvh49GDMveI6gsZWJG
5259,3vpaSQ6E0kf6KpDFY0o51a
5260,6qGC5nbWH2HpfkQlTfKOdf
5261,2iEY46ga4p2CKYUWmzn9oO
5262,4UFMNjt3cgb9tZyA8Ys5sW
5263,0xrPBaSEFVxNG32xMN0z4x
5264,1u8dJ2Lj6GKu1DQ9CBhM2h
5265,4EJeQeTtL4vkEKvHUZfqw6
5266,2LLn3BKqzyrhZVIPGgR4kN
5267,60K4F156zbRk8th30Ncqfp
5268,0JEENexQ36z3cj71QKDb62
5269,0AZpBoF6rtSrQC5w2ifjXb
5270,4WoithIdvrk4B1UiIGDapP
5271,25zkx3dV1uO1CQoehgcoiS
5272,1TtJB7TqB6uhA5dEh0sqFW
5273,4VMxyySXYX3jw8G5Ha7Clz
5274,1vmanLxFqqfhUs0oBGydmo
5275,298q06JMWDpzMealD0wepk
5276,4TpDJiLg4ZRfFw1e6aXQPV
5277,6ayaWMVlsyvtoO5CzafBiX
5278,6m192NGYZHIbO5UBkkM4oN
5279,72f2k9lWpfT95o7KaWkj7Z
5280,1Pe5xZDOWu3UgGSwB0OyRn
5281,7DgcfQmHCGX0v0L8WKmV32
5282,3KQVhTF2eqfU1jR1b74Xcw
5283,1E6NO5dMezsMcP5jKXkNEs
5284,5iTaLzgPI5jRMVAxITcZwT
5285,4YhnbmXKKV2dlOcwIJnUNB
5286,1E1YahS6RaXsWF71YzkZKB
5287,1dqwNMxCK2YksvOELOyWS2
5288,5jed20rEMj5Uhf9uImqWOL
5289,3Q7alLUVqvmpSVT7aAkFLG
5290,03Z9upUaVs0E8beCJ4H3rq
5291,06ipdhUsFsjSsKEQZimVZt
5292,0nEcOMWYiqdgFHb32zyj43
5293,1s5ibv90sKchIwPkRD10uZ
5294,0s14VclWh8qYHghpy3q2ns
5295,5ubZ4QHEQ0FFYjHtLQGWxV
5296,1tLClJK4Ma2OrFbdhnnVzi
5297,689YJfVzIZtMVKMsSPzqAx
5298,6PMdtoDIHj6tb2FYNucYnu
5299,2VfXmkcbkUH2OghSy0l38j
5300,6JVf3Pgvsp2W6XC4QbVp5v
5301,6G1nF3OA50nDc7xgVD7rUz
5302,1FJ9V2msP5EWhJaYSuTNRd
5303,12ECFOyhoatqO5ypiYHzf0
5304,2vas7uBsuXXWwLRYA2gBdf
5305,0915dMNbp34FBBoQ1F97Er
5306,6HwrhzVmhLdkLrjGa1Efad
5307,1v8QsQdq9qcm2ZXsirOaKZ
5308,2lvATKlypRsW0DybHWzDIg
5309,4lQ43hvYRrdgTVcztyHXDm
5310,6ReFkWoYUn18BIbpCb3H0R
5311,5Rxv3eM4ENd8VMLdGfI9Fd
5312,41KPpw0EZCytxNkmEMJVgr
5313,1QYyhrl0y1B6T0SLdJdkUN
5314,1trFWLqROUmpKRkFFJ23XO
5315,4K7MqNFLOsCe63hXN432hl
5316,3rDwIXip8ksQca2Cbskura
5317,1mV56mY6fCPDhrT1tlrefD
5318,6f41aJ8xhOYL9l3733VjQb
5319,1AA0sRZ89cJ0yTn3xiJq16
5320,7pxRBbUWBcVoTWi3MiFl6V
5321,2YZqJPRTSp9yZCLAIB1oem
5322,75cRYAm5AS1p8tdq6szHUq
5323,5RlVCZaTVgA8Gnq38COJa7
5324,7zgIdPmFuTRPj7MsAKV0lH
5325,2uddI4v4cp970pK4adLVpr
5326,2ZweT6b3eqIrX8OV33ldlO
5327,3LtneQPDsVu9sPOrrytH1a
5328,3uqLXi6Xq78Khiu5ZD0zhN
5329,5mKVaxff29odRRUYiWwjTl
5330,3yobQNuKVJ62WDU7h725Fu
5331,0bs6tC9MHag57CQU3A0Im1
5332,53q5m5Bpkr1Pin7mPKQxMi
5333,1SGTEdUECjytlDGrB6W5nm
5334,35kwAb0QfduLHeNm4lezg7
5335,09DNGHV8BxBu9AdgIw5u1j
5336,0vFK4x3J1dWUCMK5W17TVF
5337,6JrgAMiQvbPcwZOwuK3oH0
5338,70t3XJnA3SzfvRWyaXtEmy
5339,53Wh2MaTAUhySFwf2LLWeG
5340,7HX8vPJ5pGW7ZjSGsQym5Y
5341,5vyxusL9XBKbrxcplCVxGB
5342,224J7iAYYAPObPzjtPtJ1u
5343,4CGp8AGmhrkMcUQOBVWuiI
5344,3L1c1cwqg8hRbehzw8beLm
5345,1fSK0BmCjcuIXK3JP7du5L
5346,6QzSbRo0G9NXDZfgvJXa9l
5347,2ZagwBX7kXRGC767ZVBt0H
5348,5VWa390cf4bvdYhNNEZEki
5349,53niEpvhwVnyW75fL1neP9
5350,0iQ8rIFYUUJtCV20smTEHR
5351,39Vi6mFDUEVCmNqTD8f1jY
5352,2QuvCQdrmzUBxgJvdyBPcc
5353,2Xqd0wUttjueBfdcltADOv
5354,4uf0cpQRAsFJ0wPkEWA3Yb
5355,6THfFUlHUQEQzDSTzUHRqo
5356,4zlzV5wZhtVAiU6yE6Y4gI
5357,5odp9TRQ62O7lKyi9xXp3E
5358,035VjbPuSrlwDCsaIoERoP
5359,1nSjEkHb2a3CVUIrBZ0EIy
5360,4RvWj0cw1ej2whzXRPN4RA
5361,4K2dhclnoO8NlFFiwCrG4p
5362,46UvGDyEjvkBAbTMMZgsGv
5363,3ao7thlAYIVPJw3e1u51PE
5364,1vcZBUX6P6FHXzG2mUfmCE
5365,23BnbigyXXgfs0IcvVwmL6
5366,2KtGQIPsKb3Z1NWzfYQgXY
5367,68xGMc432he3KOsPlGnQ78
5368,7c5uWwRH81mmW4U2B4YSct
5369,30aKW6aMkaaJvNLfD2Sua9
5370,6lISWyybTcokvcrZcocWXr
5371,746fj4sRc2IqAu6XsCa2BG
5372,5SGbkP4fOFj2VnkvJ98sx9
5373,2UibPiVJSyWz3qCHqrzSMo
5374,2VmqucoAYGsQj0fNEob2eO
5375,2xbh5NWAm6zjfeZg3yrwbO
5376,6Ue7WObVqALEir33cEYvH3
5377,2ndd5SQqbGmjRzfbfdvFxE
5378,2H3jUXzgtegqCGEJJ3LYGG
5379,6Tk8LOAYslyYzh5UdhXwCc
5380,6tjJthrYkDjJeSglNGlGWL
5381,5CDaeX19S4Vuvk0FpQMayX
5382,60TIjcfID4z1RPuBRKd3Qc
5383,6rssin1aZu4FFquT0LIAqk
5384,62Xi63NkcmRVIwE63AqZco
5385,70wpwOkytczLO6rwTxLfUU
5386,5ptT8cuKLwyRU2qecL25c5
5387,6TedtsSKzvBu8FzS1V5GAe
5388,4AABRXdsrblYaypE3S8JJV
5389,3TjnlysXQrLh8SrxdFBPvn
5390,3pRnutAZCqrIzehholjSW5
5391,3xsYZOaajjyJouOEuKIeo7
5392,3cGTVw2edl88fQqQXy3m6P
5393,069VGijrAsQVSY9ihFv1Px
5394,5etgAFmCToetD8i6H4oK3a
5395,0yWBAQFuInNuwDc298bshu
5396,3NFMM7IW7Mpk8t3ykUC8nQ
5397,49xmhJzBfsIHKGIETsfnEY
5398,1Uvn93FipHO99UwV37Ig3G
5399,2MjjBw4OFQFyK5mSSELiPw
5400,6baZKhJhJt1Cd6D44VCP5X
5401,4kfavrmsMwzD6QnB3biWgP
5402,2jnpyo0nIUkQYVlB75Gu88
5403,1PhwQEsshs0AqhxbPMRVU4
5404,4VdZKcYlzLSCQByl06Xi30
5405,4H0wCWWb6GaYmf9WW6eYck
5406,5Djpxr52xQIF8vfvihzwPD
5407,3JJnFQNSIESFLSgnh945Bf
5408,0jYGbHYhUJFV8DKR1YtF9V
5409,4FpHjQoFgOLTbXvnlBH8LH
5410,5TCeacAidzce9s08T3rwF6
5411,72BGOrkxCKbq1XRjrhubUq
5412,63DeUSSaejT2QBXkDYwXWt
5413,64oDfogvtOgLFr5BkGZpHa
5414,0OTmYF5xB7UbXnAEPuDhbn
5415,5Ynq5pN8Bt4CFMPFZH16Eh
5416,5bN8eCg9is3LwtzXKK38kO
5417,1BFkWl8yfTlfGWJ4JxPhvA
5418,4cUv1bEkIyyBd4R8XJfyJw
5419,2xxXPjcw7O8uKpAm7wYC8u
5420,3glDULesGg0YH0XxhSNMhI
5421,5h0IEwVpL7GlM78oMIU4U4
5422,05yLUFZQrgUNn4EKPZlzst
5423,3e6yf4RwEB0aIvx1QfXqsa
5424,0hqxtQyh39D4f7NbI9QcRu
5425,2lPK4MLHakxKPj3S3xl1MY
5426,6bky0BZwgaEwmqbNB5BLbV
5427,14JDiPhnLBdZeZW3QyCXUU
5428,73jBD7jkmNkNqoDWVR2bQk
5429,19Xdxjn5OVBbbAkruqPzRG
5430,6KwSYJxD2zqROxBB9mUQ20
5431,60B1Mzy3yNsbJSOHfp8H2U
5432,1RE0oRihqcSBQhtUgXZrp6
5433,6VZttsnLzo1BvuBsSIQqjd
5434,5TridrikuB8m6Cc1Em7mKN
5435,6AlqUu3E7VdJB8xzZzEY8D
5436,74mEjdLvz1vi40cXXlIFv7
5437,40q9CXtDPI3qqPOpk74VB4
5438,4Xfm5XUMN0ToiBJk3cOwtW
5439,5WJnKYoPihdaDjiXTicdIe
5440,2zcPaG43CAhbqumKGhVgWZ
5441,5ilie52yDOSs3iRsGmc6j2
5442,446Mw0yywOdaah7NcmurYG
5443,486vBOPq6RbesQCTWgOZDb
5444,6LHyibAQeWmfZnThdHHMRC
5445,6zRi2LqCwWo8oCKvimA4hX
5446,44kq5UxO0d5jWB2EUaOJX0
5447,1GeId1N0DtmTpIfwr9aNQR
5448,4xYnOfXmEZMbfdIC8DpT0U
5449,2SUxn2O9NHL6GHGQFgwCY0
5450,3omOBayigRIczSL7huM2He
5451,0WkF8gQeWL0cPQgxbOJE00
5452,0k2bhZ9oM3boyUWaV3MfWk
5453,4C5H3RfqFOM2MtD13KSYhs
5454,0qFj461skkfEDkP8JF1pgK
5455,1lCuf3uU0ZdAiqxVuZUv67
5456,2RZTOHYYfQarBj1X41R89b
5457,7cqjRe0zsnmy4mB9pvpyMu
5458,7thzmaiAg6bzoLhHe68ba4
5459,7JdV3BczYXJ2EOGhjqYaCM
5460,3w38oEZjFXIHgQTihrnf8w
5461,7kBbpSuxBDZ5ylZmfQypj4
5462,5ZfgbHw6m5IVrH1QTD228S
5463,1JGwBWiSPVfTTpP5N5frel
5464,5eVrrHyt3cu3MI0lORWPJv
5465,4K3RZl9b9SZ3djLWEvx7tm
5466,6GSzGnGE4TdO0RoM4mcUAa
5467,7jZuueLRocdYHkvGdvAslB
5468,6gk5nfE7zqtiWSYTmzkMfI
5469,574y1r7o2tRA009FW0LE7v
5470,3crUAKD7hYVLdKXHq4vbHj
5471,3bLuiLSi7aYHTSABCQxdbb
5472,7iwBfr99PBqfEithoGaOAg
5473,4GLLzdDUElfPz2gZkNwdUo
5474,1S8cT0r8G3q7xQBDX1DBwl
5475,3VnlBfURyieSW4mCvM79zh
5476,0wvkCCU58Woz2EI2Hypuzq
5477,2v9iDETgjeaohEdsO7E92w
5478,5ah172BHkvC3Ifw8bTisN1
5479,0pawil3bVnNAIJjLgS1Ndc
5480,3JwWeIR0eXluf9rcuucIfq
5481,2o3OUVwsBPBypjRQObZsVj
5482,3G1ojwca9jTfabnsDgJLRa
5483,7hG4Bwl7I8P1g1OAKaem7Y
5484,3MhDgLnch7EtoTqZj2X7Ux
5485,4z4lmHZnpBsfmc5Bgg7pGN
5486,5VJyL18yn2VE5DZXucQwdr
5487,7cg2bMpFLfbG0D0xsbMwhx
5488,7n56WHCNMpRWKYB6NVq2uG
5489,40KYB3vaKx1b9261j2BfSv
5490,0DHp1JChyRKysehvaAA3Ih
5491,6FUXgvzbMrMCzAuYGIiGIl
5492,2s03Z86G09dg3K0ogdwcjR
5493,4zTHYH48021nSS4boLgVUG
5494,2MRCuYlcWyQiVgQfSmusFD
5495,1Sb2dgS6ruZnJYNQ3SxLHd
5496,4bjPCvSbkeAGPTv474BvL9
5497,5Pg5VdyTFHpwUBCyLcdjTU
5498,5vDjcNbN4m9fxWcrpR64Wu
5499,7rXfgg6jbK89XINlgcB8cu
5500,2MyO82xk9BcHXbIbpUVzCY
5501,5KzBTYd1zhOu2QhlBGGdMl
5502,4ZOYhr3CvPsdoe8nY5Go5C
5503,50F4nwlgvuRLPTSdX8Fqqm
5504,5ve8FDBRZEFtikETy4w0Hs
5505,3AO5tBMSL9MMTdwDzqgUGR
5506,5jnf5Lv2TJX9uYHsFKfrEh
5507,1vl4rjAzZSM532nU5gCGjl
5508,0AZrTE7Bc5CBeDjcufTDO0
5509,6SsnXHQfZQx4gtgzsmb8EB
5510,3Cl3uNEcYu5SDhLLXN5yhi
5511,31C9JvXTF6uOhTus5MFFhO
5512,4t3XVG7XpAc0zWFoy8nO9S
5513,1UGo1ldcCiPDttlfXrk2Eq
5514,4tw7pX7TtHShOY6ncFUm7C
5515,3re8FpVnPkaVhq4TmleRz2
5516,3k8ELwKv89mQQ4HrkKH8jf
5517,28zus0zgH9S2hyw5PDOdE9
5518,6T1iu3kOM3e3Wk9pE1rjZS
5519,4tNVfBdu6k9H85p8cJWzHJ
5520,3JzFww5xW3CDGAN6JbELbI
5521,7a8O6K16f0DUP0BmLu9Bo0
5522,0qOIttnfmJrhodlWRY3uDm
5523,7v05mdVatofiQQjrghRVYv
5524,2Vgdge1IJBTdU3NItPa1dB
5525,0SY9gSsOAnW1FcY2F7S5eq
5526,7EiwE660UWzVQc436p2AWg
5527,0IxA2nFzbC3yvUKcDTcyqM
5528,0zjmzjudjC5tPyFZJszvDU
5529,55ccxeuwJuxZF8MHsJqOzh
5530,4RaY850V8eP4mQTEuNEGy8
5531,7HTDpbjtRXebiPTEdRrVV3
5532,0o5WJiTBAkTBrMvGZ0UyFY
5533,1oEX4w5TQiXgYv21PN7hJb
5534,0vleRfOdZmbhzdzWVph38W
5535,35bKfyeTQBDQMcBoMgITsz
5536,1vEWp2y4RTmsoKE6piDIPk
5537,62Efccx2vmRpX5p4UUWlNP
5538,5e3H1hvhaoiocDsGhySGNy
5539,3ZZUWrHoD76llNoI15qdET
5540,3C5cvFzAklAzMffGjirEVw
5541,1dF3Gtrb2yYyGGjrE8Ybb5
5542,77mfCbe1JVooo2M5ZhZbHk
5543,698r38bpBfvpADzQfnYunE
5544,1YswuCkn8UfMLfsIR2M2Sy
5545,61ZsVnILZlrTAYs7z4D9yO
5546,5kLM48sCnXVOpbbXPofh2K
5547,34TAFsrcHSBvLxhXZMBRSF
5548,109gVvbbpUBA9PNGC3nTlT
5549,7ij84WwL1gmLCetZ9fLASo
5550,15kQGEy89K8deJcZVFEn0N
5551,5cv61GckmQMrioT7ey0jvj
5552,45lVvkYbumqhoM5J6enkp5
5553,6S9r0uAdzxkuyL31uTFdLB
5554,7qKua2wPHEY51Zc7p9mGKt
5555,2ilcdIrWzHKMP1UZYEM63f
5556,1NsSyOfXzjmArdZSXyuxvP
5557,7409tRO6Y8sLLIlSRZyXiu
5558,6AwkNZmtzAldA2bch7T9DL
5559,0SxWkJ3KRUNEKubJWR0xfz
5560,2ptx8MX7AvBMyh0WOfQGkJ
5561,0I9jfy8GggBFcFgk5e7SwR
5562,48djRTM6KrCuy5pTFcbj4s
5563,3Eu2gH6F9R6WUQw3O3f4lJ
5564,50oWfjBCLqeafhu6TabDhM
5565,7g0RYi9itCZ1NqmE1h6RLp
5566,5cwm0Tq8gR0NTfqHZp9FyO
5567,46w18VV5zVo45ZViyHvfLl
5568,2JmKUraYV4vDo6urq0Kucp
5569,4nhroAiXfpO6DZDM3F5e9I
5570,6PWiF46l1dqUm45wSI1x2f
5571,68gRTBTVwlnnwoqOsKPDCR
5572,3jYVXbhISq6jca5SuevEQX
5573,2SQ4qySkX0pOBTFYLBWKsv
5574,21YjO9iD9M630snCYTbK6Z
5575,48Gs2ENadYaJjVUHD0CUpC
5576,1YQa6yURPTxDHDjPHC5nEf
5577,1j9WiYut0demY3Md2B4gcV
5578,6a6DtE4sVwF1TY4YA0yiuB
5579,0gYWDj14AyLsxjL7Tp0fU3
5580,6IpLx1jAaOOmWUGL2TvwVL
5581,3cWDixbMKyLxrdsctpRZrJ
5582,7zcIOgWwyrlqqaR8U8QBg7
5583,4r2K2p1bnrOsXV3HLjGaJY
5584,5rIIBD9U5C9IMH9iUzX92e
5585,6WpSZXSsvf1iFUZRm5uD5T
5586,4pVmA9mRD6FYrVQYhi8lEF
5587,0zGfCKolJZ2cVhFYFeMhRu
5588,0qw1gIOP5ApEtfWsc8zWY3
5589,6kxo2n2WY48fAhLuiwYOAb
5590,7Mkp0gED0maUGQQ4pEZUbl
5591,0YwF53hsrb37gbMX6ZaUIT
5592,18dGTkHA1djMVWOS6GQelv
5593,2VU3v2sjK6yg98fv0mG8MU
5594,6KYqqgHpW0qEx54VOCncNL
5595,12AX3HbFL0GjTF0V5dNCaj
5596,1gCsMNGmChJXmbhL2RAs8k
5597,0PPomUSqCYOyGX3Yl30AmU
5598,1sLhBpVo9tK1SxYNO01zKu
5599,2OyKD4XAV7zAFaaY4ufgMh
5600,4atseK2afcSim8K4BSJ5Ru
5601,02UCGTLUpezK4xMFGYsa4q
5602,6rmlfJjZ2kmMIjKFtOQWjZ
5603,46s2QqX8YiZZ29kr6YIgDZ
5604,2CPfNoDBujE4HORgTQJjKf
5605,1ouHuqrpM2NlyOSoQqZvSP
5606,3OxhOhSLmmQsaevmBauGSG
5607,2WraM5Pz3QpZTHwSfMmTcu
5608,4XdT0ElnFsbVnbcJ6BeuXk
5609,0plaZk1lC5Oa8Mr9KgEHsq
5610,5oKu0dcBVTXKIpXInGc0bP
5611,1BN892sr4Ttr6LO0WtgSFx
5612,4lNznSUjByH5zWpPZFFeff
5613,24nfEcEdzag7CeRQESSoCg
5614,1Z0ipoxbqjsy9Wkkhdqq4R
5615,4g73tmQQc6pSfe4NMXKrZD
5616,3bjn1ZGENR5SeSRuHTEGIb
5617,6F5ytLWj9j9SIg0Dbw35Um
5618,5zug2NHljyz26X8HkwbRf2
5619,6BgRoiuxdxz6BMXtFYuf7w
5620,4pY4KEWPMsBBpRchNCk1oy
5621,5vmGZ4645Pyx1vHNBgFGDI
5622,0LLLH5GnwIsTRlMAr3WWLO
5623,7A5wF11gZ25e3vf17dH36f
5624,3EmgP9VDrNl0KXObrO0lG3
5625,2Yt2q5I5s00HF2IJTFd9Ic
5626,2wi3sZ0rTHJBdLVcniIDjR
5627,4v9ksxxzxEkuCUNVD5DwV3
5628,3P47txagtfRkdvJiiodPRO
5629,2RNn1yYuZqX0JpJHKTeTgm
5630,36eo9D7IxPSpKcEIe77g4j
5631,5tFyV4W6ycYUUnR48Nqmmi
5632,65hYX35zkbOMVr8yQLwb6V
5633,4vmFnEAiv8sWkSRbdjWp7j
5634,6uw0ccDTu2taJB1KU6ggQk
5635,4BogB27306IvPhWcS5vZLb
5636,4FsNksWJRgmQvclcW6lbrZ
5637,5Mk2XZ56x98UjYdhWW2nxv
5638,5NLDqBWjQUdmmA9JDABiIb
5639,1fTW6CCD4RFNnsKhxWKCFs
5640,47PfEnvMobr6eHTv0EiSe1
5641,39v8ruP2xiO6ifNWtx57Q1
5642,56hWSrDEJKCwwD1Zc3etZ6
5643,4mfD5smMjhFJPPgk2slz2p
5644,5Elrd2pjr1Yt2YYaPdveJu
5645,4TvCfnDm6O1gRSNA8p3ur7
5646,70z0X8vmN2qy9RcX4P122H
5647,2UZGUYUUXsPX0WHt1OzW5i
5648,61aJPoKikSDWTNnyp4fzgf
5649,5beiDgEbNZc7m8trUp04fi
5650,2Dvkcby2CJV2gp9UKfXfkt
5651,4d63D7tdae5UWrqHjfsiZm
5652,3r0hoQpWIxEfof1SIN4PDB
5653,2i74u7WbnTmh3LpM6DGKwL
5654,5HJqLDDjgdhON8LL9U3Oa3
5655,78mn5vaRaStp5zNoJvtkij
5656,7r1AonM8IQz5kaymxv1MkM
5657,2sGtT1W180vxjleHepIrPA
5658,4BCqvYy7rpPrBnNWzQccfH
5659,2tW4Os6tax3eOo85sZfDD8
5660,0iV7s6y4j5ahRRoFRDEkFX
5661,6rLL6hTZrFduKBz5xWG5DE
5662,6IoRncBNi1fvLZEnsegMXI
5663,4LgXy8rKj4rGYfqC6R1H6u
5664,4euWEG25j8IhtqwfhrNpwb
5665,3MGDv6Hjk4V8IzfsN1B4gh
5666,3pCQ1g74w7UtWJJ7VoWYtW
5667,7dnWMaJd98CwPky762WD4n
5668,0B4fFt3yD4kZr7xPdg6cp7
5669,25BJ3QNWw4t8TQYH4u97Oq
5670,0HBuaEn8Tifijqd1g2BEdo
5671,5IqX9FzCJW3YfUP0Zr73jH
5672,31iJdYrGyuCb0aQdcw8phT
5673,0oo0gXPKbaGJ4TAd9ug1GL
5674,2awIfePrp8Rqk5bYUVF9X0
5675,3oQmORBEsdgnDRkJRdn4xf
5676,1rET3Z09B3gLObDoULDrOS
5677,4VWC66X2EXc3LfZ66xwEMO
5678,5IiX19ZBkShcQ9GZc5Hmuy
5679,2PpMip6JAdA42d39fN9ziz
5680,34GwEn82HMjz3e9LoIND7Z
5681,0oCQDRaGQi3NsUY6dLvuRy
5682,6uzJPubLPHPGgeZ3HViHfF
5683,6CnCSRXHNjlEpMAbd1K011
5684,5K30tTeHUnU2MHf2o0Dnbo
5685,7wbTisZ3wnitngAnXHgJV1
5686,6Xkxs5pIlk4hQQ6bZOw7d0
5687,4KA6juOCgQVCDrrsiwZhDa
5688,0jzQFUFhH7Y6Sgz8vrJ60v
5689,6VcVJ7YddkP6elt9Ym8c50
5690,5hPv7QPMQV0irfeiranyta
5691,37SgiDGQSiUTQXZo2Ml888
5692,2weDHmvApLXiocAhM9x5QQ
5693,5WHyPvdJmNUyU0TtpNeaWd
5694,1lqRqqZMpYCku3hCvKwP8g
5695,00w0O9ABc0DIKJtbAcjEpR
5696,0TOj7F8pyN58UHGVU8VyEd
5697,7BG8BwW3Bhdq4PnZmjDBRm
5698,6ujb3lynyjV9x5rNQwcDNG
5699,4fhgyuca5whOVULkk6H9RF
5700,2ng2rDPyXL87eQcuEPqTYH
5701,2htBs7nFmIlqFKo25f4DeL
5702,30Ab9z1ev0s2DkCDBMZhlZ
5703,3coYDUUfzgL8bPwRuTiWnP
5704,0UpC42NXNWcj0rG5pipZ2j
5705,7HmEH46Z57kyKbVO8JvlQQ
5706,2oZbPWUfxA8U1paPwO4qHF
5707,2YXFdiF9QWGuZtrvCYk73I
5708,1OJO3vsGqwbIQuLPGeY2Sb
5709,2qDpzVE7LrDTjSj9SdJTI6
5710,1jLxJ4hFAsQglLQrj6EYDd
5711,6ySDFLU1v30Fxg0GwfnsAc
5712,0Vn541GBEd9i7s9AFp4SoQ
5713,5VrsE8Yy5J8KJEsf6PlGfQ
5714,1YZ9mU9r6RXjTRee6G8GLU
5715,1oQnkSQhOQSSPCN0Hb9DCf
5716,6FBL0KUYw12CUuqvK7ibHR
5717,5ThJAPtuOCTV8owZUop495
5718,0gos45OH7zwoZ61oglP4OL
5719,5bbsBwxuOZOxmIimuLiDHb
5720,2yIH1lT6qkfZtvGFVUk7tw
5721,1AAG2NjzmczwoQxi2Jo1M7
5722,78tMc7fBjKTx6iw9NG8HOD
5723,7kxSzrX5JR5AIPOkM9OZ1e
5724,2mXy6IIcZMcvWfzQGGjQLa
5725,1ipmXGK51902ij6SoInw1v
5726,0izUJP0GzHiFNlqEuBqUAk
5727,6Oi5FTOvWeHiauCJ7uxZJN
5728,05uJLwtRWDomnxWRw3Woko
5729,52QeuuXWneOGbkThonvqZJ
5730,25uPlqsMQDi7EJixxEgWbw
5731,4DTUNJi8Kavmr2WnUonsN7
5732,3IPTxYpDReCtPfZ1bLfl7M
5733,71KeQpMWDpugVSJzl6JtQs
5734,1wV6lCsV2PCeVZlyGTkVPt
5735,74K9eR3fwxau1Lt5ocy3tP
5736,5AgdWup8Pw5JgZlrgH3CKa
5737,2bVFvGBU2ihWJgMRPcav5r
5738,7LvblZmhejbSUoar7Y0T7p
5739,3dS2fOYTy6Ve3SAnWL39bA
5740,2Mi8IgAIDMXTyzNlWlSOe0
5741,5YNZlsA6rcnx5E5y6Syh35
5742,1veqcwyQWw6uWDqKVml6Dh
5743,4aR1EuT9zTZLIo2RnkhFpf
5744,0PL01YSSXVzrEjTtLmSIRt
5745,6BaRWQKYLr8IIkCEf4wVMs
5746,0J7Npmp7RjYAzgEbS29xjI
5747,0Z5ezt2wsX7fnip8sBVGlo
5748,4lPvQJ48sGao1zQPfnGDPj
5749,3LMlyh2WzNSJX2dgTLYbpw
5750,0CJsYQdW6DXVN8Rovti9cm
5751,5a8D1M3teat6PYg1cRiALE
5752,6mYzo58ugejKZmTCvX6mfh
5753,6ovtZLdIT3M4tC2CToQcR5
5754,4VhXMmar7cDdszTRYoT7u6
5755,71DReAbBp5AfCwCqakfqmQ
5756,0Ibmx4Jr34GdJR5w8xCJxN
5757,2Dct5YfS02aR5oPUfgrk19
5758,2AhzC51EFHbROiW2knKZYi
5759,0W1ZfgXpC23RYQPDq7RM5I
5760,7EdwWyPnHkbi9KuG4wyKmc
5761,67CSegLhAnL2RHPOnaakRs
5762,6YGq0IfrGMx4KsF0GnFpP3
5763,3hJhEXhpCBCI2g4RGAoUGK
5764,7zHnRZ4jZS0Qqg438xcsbY
5765,3d626KqzRDPooGl4CxrzzH
5766,2CDYOld38RLqqNYzLoEi4B
5767,3ulV9LhJLEztZammESxaXn
5768,6HJxxqHWMdidwTVZmZWeHU
5769,0GLFlCHo1JEeATaOvCEAtN
5770,4dBjr3mRrfmE3TjLJcYrvY
5771,44ZCbIUyIvHkq3zdx6zoiG
5772,4eN1tZiGxsWRD5sYCYjdWv
5773,3FRPqVwG14wKc0fAb8Nj3O
5774,4j4NGI2E4o9f3GI3BbUNPC
5775,0e7OMejkHMh2I4q3v776RJ
5776,1TwtAHHyQKTHodjNXQfpro
5777,5l0orn3FFCh1dsFhccLYkE
5778,3MJYKNInYbSzyrCJolTqcA
5779,48BA17CGTzcm85ULSTg5AO
5780,6a6lEa51OLNTJ7oKKx7407
5781,2cmIYFTXoJnBdFVCx2L5lR
5782,67By5qKuAjPQS0daJLRAmt
5783,3TFEfUWcTtcOTg8U5CPHkF
5784,76R45YAUEfTmCesz7GyhHm
5785,4H2jtIWuV5V2dRW86D2p8N
5786,2E2KWu51sMGFJRA2iGL7OF
5787,4OjqrdD3QILzxkGwNoMk0c
5788,1QxMrnkL1MwMz1aOk54rFa
5789,7u9r4j7KSMW5yLsgjLRZGZ
5790,19Q0mAxtBeNm6wT70sY49k
5791,4IyNIEbh7NQIBkyLa03JdV
5792,5659jbCFM3fLoD69GSv84J
5793,6y5W9k63WVlr0xDYyHYUL0
5794,4GyPTAq2jQaGg3fBE0mS9n
5795,1jG6HG3xJxZ6yAzL7Cofa2
5796,46CHYxn8EOG2nEDXGLMwme
5797,61avND0tf2pG66J5egatkp
5798,4SRdOSOlH100d4HUCtG3YA
5799,3hgHrfMdtnLtH54HYTdNHF
5800,2jzjhQa7nLIaDMhMjSzedd
5801,1vXNkmPY556RDaxSSryFwR
5802,4LlhYmenqKC0boXvDpl6vt
5803,5c1nPzFo0fziACO6fKtxqT
5804,6LcTvfYHt4e5Wi9Qd3L54a
5805,5A3A67t5iX4k4ZKE7mYk0o
5806,6UHeUnfR7DoipHKfn39Yy0
5807,4Pm6d1HchNq8x2Q67OkP8L
5808,6hY3ZBsI35PuRuxcMnxoVq
5809,365TSrFPqM66giaxJuafR3
5810,3UgZA53hNSPbwtNJ7x8Bd9
5811,4XcLH3IOkmdqFriZJW2HEU
5812,3cjwiHpAEd9qm9jrC8HNTv
5813,30Whk1GDOF1EC2UQNoPZ8M
5814,1jCCZ5i9UiNFvS3xxcI0XT
5815,2aTz0yeCXk7tOGkgnISyFK
5816,0CCpR480XHOVhjXve3Avmq
5817,2hrA4GKYKSCaFAbxNgnv9i
5818,0RRS3G0Ym55lS72TtbentI
5819,5f6tx5YIQwoFI6XLgOfA73
5820,56pHllZT7QOacB0bP56ofx
5821,6jWQopq7ozennHIAMD3CiL
5822,3Jq9rsqmRtqcVKtzP9dnxZ
5823,3JOAZX4RfHTmjIDcfmM88C
5824,4e3nB8NXaIZyjImZvwQdh8
5825,70gUpEnhuX4OxklDsYewHY
5826,6XOKUCQ0QoBVf1NmDrGkYF
5827,0VhSbjd3HzN3WVtf3l2eXz
5828,6ozR6r7aRzCFKLfF2MntRu
5829,2PZgh2Hjn9s2JSpdPB9ti1
5830,62U9oSSCZpeO4O3PtRyzqd
5831,6cQPMLQZWlUDaNCf0czhJw
5832,0VP99vmni3iPuuvR5r7lQd
5833,0FWi1WrX1GRwoPf0l113ce
5834,67zRzmAToe9zcAESz4bOCb
5835,4yAEzjMpN9RZxZLqjqmW0X
5836,5i9nl1Xr007o69GzizRTfy
5837,0ECXd938znyTQSxxdsKykN
5838,3FzvDDtyfLfqdMVk1nPI95
5839,3P00WijfKQfdMH5aRa6RAw
5840,7xt1KHm7ToHgfOaNhvONRR
5841,2B1uvI5uBgni1VBsQRljma
5842,19Rh5lgySF2Sh6kclQFILn
5843,3aNhIXhwiHGzu9OTjuOrzf
5844,15z2C33XjeiYJMytXMUIk4
5845,0Kvpr1OnKDLIXT3h26WchZ
5846,49sycYrDfvs4nD2TJV1FH4
5847,3CAr9cBTh029tPEEIBV3R4
5848,6Y7Eth6daKj80p4Ofmp6sx
5849,0woqh6S4GdEqm7fBChQ2aI
5850,1BK87DWhMDEVmGCHIDsJvZ
5851,6z6ug1DvIzTdel6vW8rHVu
5852,5GkoEIpPvBmXzLW1mFCLYf
5853,0dPfVxotklQkYkFjwyQkgG
5854,4Obz0S7OSwdNFxhk1nPzX9
5855,1DbC70QcpRbtAsobj3Cwxd
5856,7u1VTLrA80hY2ZU8jrtGFP
5857,3CptKaSHeec38sVxXSwGRL
5858,3MOaCYx0basuKRolaLeYlM
5859,6klcP8qdAqoembeI0PzwtV
5860,7IxWqdG1zG0gaAFYq2q0Iy
5861,0DoEUecCPGMYdpJcXBCxXh
5862,0CdKxtmmGK9s3LAMebRPI4
5863,5uziD3wPCXtFvEvak6SWo7
5864,5995dMCC91V6Gmgt5u0FUh
5865,78xcqcN92M2GrWpvmqtJ0x
5866,1WWPO82Q5kl5tXh46auLC9
5867,7y0jLyB2w4Cxsd7xLsoxoS
5868,3xPKefWdR954klGanSKVdA
5869,4vKhArCUMhuBZcm9ihxxIk
5870,27a1mYSG5tYg7dmEjWBcmL
5871,5RFoWpVO7P0FycLgCvTaZN
5872,52Aruw4bLuyzvTRNDgpCpU
5873,6iSHjomneoZO21qNWbRoGj
5874,5SWy9I5rCBEeErpka3xLkg
5875,0EmJRLb8a5axjX0swbsVBR
5876,3roajIqorWNgHObAu8mhmg
5877,61lTqPTfbBqg2y6p3e0qt9
5878,6Bz5zqoBKu62HyVAOmWyjW
5879,6s05ZWDfEPO9g91DkwuaV7
5880,32VygCu5knUb9ZmC5acyKZ
5881,4KAPebCeh0kfw0lUlHUmvL
5882,3WVt2YQVcT01sesITc0FzH
5883,6UddF1KoHqQlKJib4LEGG2
5884,5pubEZb63QoOA6LHk1DuLZ
5885,6GEcM1B08vPc9pyHdTTpVo
5886,7cs7EfawmfS0V0y6sQydzr
5887,33UKQwcLvlh1sz6slR67jr
5888,277bsbYbESu5YbjUsKe9J3
5889,4BXGsfFIZE6ChIqVufS8DH
5890,0lbd8oa3lJhUMpu89ghp1Z
5891,6Ha2dwEqdLBrDhImosfrBA
5892,6TWDSWEcRSnk31uOrW78PP
5893,4NhEFW31hBXB4KDi5fsxTU
5894,5dTHtzHFPyi8TlTtzoz1J9
5895,1W1tg43NBAltAwLruuF9Em
5896,4noDVqmoh4IwY8hiBKUtQM
5897,6ph37qK3TxJ14ZEZ5kOWpc
5898,1EmoXFZ5oXu6u6oxBUzafC
5899,2s2rB3AmcbQXdFBy9WcO0h
5900,3olvRkd8DUlDlzQeJXsWtR
5901,1FsbJDwigquxEPShA0Dq5Q
5902,0QHsB5YK0Y7DkKPFjXZ6EG
5903,6eSCc6kOLQgfxu1GG2eTBB
5904,3wfCCUKGXmb82WqqdweEOn
5905,5M5HwVjG9KTJUEnOOSSduK
5906,4bJVwUweGGljVLSuBwlaw7
5907,3sencp0C7JSfUUTXNK4ZTr
5908,1PPxqlqzSl9af2NEQsZZzt
5909,4wZ6pN3C0JMBXccU4syJtx
5910,09X93t5uxsOLBjNMWELurA
5911,2vaSbq6vxyBEcDfjI7kAjP
5912,5n0xRbvoK0mgaGO4xylyFY
5913,0pCpYq0UHY2pYEIFWLAfIj
5914,0vS2hAoFtJWRiEhin9EWli
5915,349ROTdCkkzFlT83eJnQLK
5916,2cYKMccMC7pkrVKzNHrfVL
5917,580rV9TRF2eG9rPvSYGiVW
5918,4F0FjRSJxEhEg2O2X7xAik
5919,6IwSGBUjtiPsDiXPR0yTSS
5920,3eAT0qa6ZyXkoxzKsofKEV
5921,2BYbtGfWkGLqrFyG0r0S3Y
5922,75hvUvHuniBcBHQdglDFjT
5923,7wvD299omOEJLwxHDs4GeY
5924,7EbszZ0IyBHybRXGuBgy5S
5925,0a1dayQBUKHTMhnaIDRibq
5926,2btI9j6ov2IgC5tAacIGvQ
5927,2AB9pnbBEUknKZvJV5pXrY
5928,4L2laOh04x7g7WjEtY8PkZ
5929,72bY8d6OiVCZglSfcFg9hm
5930,2ccIGrJHrhdO2uBiQFu1bQ
5931,2DTRx26dSINM5Ed9OrauxB
5932,4TpwDXdPRkuivdK6lGf1w8
5933,4JqRHJ7UFutHzXA1xFKBx9
5934,563ly9PwugmKqmFJGv4SIn
5935,2voWPWlDfIthC6GUjaIQyV
5936,6L3Q3GxOBa54btw4mQXyK0
5937,1wAb8b0Ao0inZ4pzujZvFY
5938,1AAZ5iqKi9WlESPpVj1qwO
5939,1hYYTyMknm1kbo5fHDlqwm
5940,2bakjb1VtjenKbxrxGeMms
5941,4XdoeWiOIDg2VMVUZSnHlO
5942,1mZPzwF3QSGFh6KMfcOz5D
5943,4CuxcBpQnw3Itmp5VQoCHj
5944,5Ijh40ulMyRn6HELy666EY
5945,6KoaqyDrVtZmlWET7Nf9Ez
5946,4WamMWxFi6ts3xkIhivF5c
5947,28UeGPsbYqdhEpS8X7PRSS
5948,7C0PzxbsQx59DgGVRsquwJ
5949,02BB33AUHqkVz3crQ94CnR
5950,5LN736t27w3aH0lSAMX4nD
5951,4CCl61GE6y0et6B3HLvILF
5952,5rf92DCtbJvUj39BifS6lT
5953,1hFsNbM31sgXuskqMPKZsI
5954,1y3EexhYGIx3or42YgkQdA
5955,2UwRkCgofSZrLURKLJRMF1
5956,4u7x1Fz9Y870uSRIAmpGDe
5957,5sBslDec1lIe9OFNyxQQCT
5958,73Nne9WZCMclSx8j6H4fVW
5959,5MULwvoltCATOJ9bZYfxxB
5960,160R8cDSThOrB3L0majbVZ
5961,0HSGK0LXpzEpSWlIYG2kCu
5962,6Q5E6uiJG4sqH26S5gYKTT
5963,1VbNiIJyEG0DgojlNREOrQ
5964,3LvLJNjmrlm36V4PgEIWxN
5965,1wLEJM4vNOamG2qlf5K9Kp
5966,5r6QLte3HllmrbOIzu8xVd
5967,3ilG2gJhGqqPi00dIBCv4H
5968,4aase9HPmrve4uOJ7y9NZo
5969,4zOQNl6gcbJSoZzPVpw6n6
5970,0v1XpBHnsbkCn7iJ9Ucr1l
5971,48iGpTiDwFneMsfw0jG2P5
5972,0UTboH70MCO5MsVh7Yck4j
5973,0hJQPX4a7QYjTv5FO84qxQ
5974,59XnLIjrNNdqrhxTl4kg8S
5975,3Ch9zofxkeb5Dh1poeEhF8
5976,2tDTbg3LN5gP5IUjOPcctB
5977,01bSOaXBCgOphqiGSu6kC5
5978,2Mugx1GjnOuyzbp0sYE4yr
5979,7FFfYM4JE1vj5n4rhHxg8q
5980,71XQV2ZYAD1MJSFeyf56zp
5981,2JKqN4RDasjR0mRfOCMVqx
5982,6V4k01Xr3HsVrfqUyQSIqt
5983,5Hl1HecGM9yame1jI29Z2L
5984,2azEd7G90dTHCxmNVxtaO5
5985,4ApzhoQ99tBuUnLNFJd6Le
5986,32VLCw2LofV32gZNbEFqFr
5987,7K71priwuwcWwbgfHVQJdq
5988,1U80O6A8kHgb0gdpxjl40j
5989,0ppxXXG3NPcZLrha8ZEahf
5990,6owOleIyu8eMPkpGd403sQ
5991,4XRR84uzm3buOyrnHm3IQX
5992,2UwTQRAUjbpFyi8tPoS2rk
5993,6BsAJNoNjKEkFqfvHsztIc
5994,50soGJxIpvJCqXDpk9RTjT
5995,3d6GffGQwHLItzh0q3QXiC
5996,3hTa7d0wlRH3CC5QCrEYMx
5997,0MyPqVDidAoYEpmGl5VHGW
5998,28OSNixK6pehk9qavIeUUz
5999,0q9X1RjvZnZJhWThRKaFnt
6000,4cwyW3uE4aanuKD5YXLpId
6001,0rRucaORpdCGuOCfjxBUeT
6002,48eVq9i1X4VqL2Bn96PIdk
6003,4avSaixVwu8uqfSs7zgoj3
6004,7D3SI4Nyrl1bgXmg8pD4X4
6005,7GlxMVT62agxuj1KeUTz4P
6006,6lNhkQct9KD9IQ9Iu3xiD8
6007,3zrvnphWjgDd9w3lDz2a4G
6008,4OLIr7pF1xnQAy4LOtfWru
6009,6mpuyQ5sdbQHVZ48vUwKz1
6010,0Hnd95H90FD4lRC538KH41
6011,5RR9LoGV83Lt4H0WvvTyXl
6012,4TGkG2mPUtxAzahzUQ6Xvn
6013,5t1mTpS6q7AhZdYSY3Sh57
6014,4IuKZ5BhcxxAIAf6p4ogtI
6015,3IzXutqHKyLeNBTZi7xjVk
6016,54YyI7HFkXz0yYHeTqDNwU
6017,33Tw7bBpn08xmigGaruVhL
6018,1dytArzS7Ub5ULYgQb6o8B
6019,4c9ygoZeMOjvu3uoLpIsl6
6020,0yqd69nX5z8x7Xkyhx2mOz
6021,4dnqJzbaHTsMZbvwqsuwzB
6022,2124PlFFn9RgDKhThB586T
6023,53WCi6L097CHCPvkrp4qed
6024,7EXpFYIWMaDHI1WGaq7Cqt
6025,32WoX9c5kVjmvS98stdHBo
6026,01ACdIbLskndpj7q5pMfh4
6027,6dy23IgPvA9UKwirjbLSBv
6028,5KCueinhCrpmyUJHp7mLKO
6029,2s7xngxh5wCJ2NYmNwD8r7
6030,4qaBHFw6eN6Oxa7gBXOvxv
6031,1MiVlLMCKrMV0uikVZK2Za
6032,2XxZIwXWl6eFmOBm4heq2N
6033,4BlSww0O96sqshcMnTdLU7
6034,3dvD6Ix4Oj2aG3HSr0kkG3
6035,2qi1E9bDvw2kiqay2O1mNt
6036,1F265E9AYKwmgMx6qBpync
6037,6Psd9z4Ou7pks3UjRxAhsT
6038,5afiI8ZLJjTDbL8wsIXMSn
6039,1BSZGNpIm2nBt1hWSK2bRp
6040,0d6XEjeRVohdUBrTKJfFpb
6041,319DNq8K48f40rdrt7JSVx
6042,586X9oAkWoD1oVlBgN7gMQ
6043,1Eu78wu2ILEmd4NpHxxEW5
6044,5uCmUMe4d8e1cmHB5harBw
6045,21nnKsJqep3ysn7iQxFxec
6046,0l4zvgqVT2sJGmgi9nLmGO
6047,4JuVz5M6b70iQyD64T1nIn
6048,2QzyjSN4WlRHMFfN3r6Ca3
6049,3VdpPlcOTQE4CbtUCVbGXK
6050,69RxnAtArHQkS1T16Fc7wF
6051,154G3VGnOMtz12tiMGXADl
6052,3InLntfCD1VBfzfQ5PWpJX
6053,710B9xFjNOisQtKtppZE9p
6054,3V4CILisnF0aBOQlhnpvxS
6055,1NXplAaTEUp8MpYTtxYCzz
6056,7JjphsHsdECj3Y3oPpvchf
6057,2iGbGSpSrWvogNm48wPYaV
6058,7oxfGhV5YQLFk3iOYiyBq3
6059,6uzKxvMoTym4D6Tj5nB7it
6060,5wvb73dGKvhmwzGgMt4VnT
6061,7uY9gL64DdFGeWFPmina1Q
6062,1Zrk3A3vq5T8SSkYU0Tzic
6063,65iUeFKzhDSQG08G6qlBCj
6064,7txQ95SBIZD4jAyd5kYMW2
6065,6pSjLGZm3yPt2nAXBRP71L
6066,5EPAgdnM8Nx98J3Yp5I4Mz
6067,14VdphoTiYg1MRl8QrhQXP
6068,6oy64cEchprPRCbkjRnnmA
6069,5YDAteCbYU2E2zdgaOaUrp
6070,4HNiJLypXWsSlGcPX7DzWu
6071,6AoG52kxfptY0QBQnjuQOe
6072,7qxSZLXR5ogngg6soUmnW9
6073,1U1t7xxEvvYW8Ri9g4Sz2l
6074,4xp2fRRJD1E0U17AlT25wT
6075,2PoNEfKMNzgcckhsBULZVn
6076,1fKWgfG23FbMhgJXmpOp9A
6077,2ffk7YYDp09sjFUQpdrsoV
6078,7oDXwILqFEISZBCBuq4ACi
6079,2zeWGWJwxe7BdZtOUtWYdk
6080,4x1FUs7AQv5EiPDEFNdiZZ
6081,6IlCkH8LtFOMuuORRXMbZE
6082,0PxVdhmplV34xB5VjK5kJb
6083,6UR9eIuMec2Xpj6Ca3gnh3
6084,0YLfrW2AqqJ8f7geA4yLOE
6085,7qZSso4td9XwiPClw6rHlC
6086,3l9N7l4kH0HOBwiiARxzVg
6087,2yNUj5XP1GzQMgbuvxouWR
6088,75mvBFA6FBKjEE4vp0vItW
6089,0j81ao7NYIrNvUKWFGMi7I
6090,7FKCzp1vnl3FxN3tGwFCYb
6091,1Ov2QxMauYfb0YUahrGqxe
6092,5O8uBUqc6rzlrS9YYCGeiX
6093,5atFAXIgMXP378op4FaxBm
6094,5WphWTUIfRe7x8NZss79cY
6095,2RSzPRq4NKwTqnqapywvCH
6096,3IQzVN2eQQI698rZfDQJhc
6097,2PxmY47Kt9kB3fQ7xsYfXC
6098,0XMl0fVTh3PyPlwyJTn33n
6099,7tjZ8xhpGaf5JTG9ZIUrXB
6100,470ny9EJ64KF6uCGHhNpeT
6101,4Uzt7S2w2FWj4hC0iVlcKU
6102,1m2A0wGb43khkL02TdRt4K
6103,4wdM4VkHafjDIkkSHvpFOe
6104,0AISJtBDtZXgB2fuvcjQEN
6105,3jQBAyQVJSl9fc6l4tsWWP
6106,4XoQQ9ifs7nN5n2AiyLjC5
6107,7BvuV4c1BGhaRapcXvRu5z
6108,3MzOXew4O56wJxivVRJyCi
6109,3O1w2cy84ArZJcKAvJeTFL
6110,12hFIo6qXSlxyDluikwc73
6111,1lhm29o3syw122xynSKaAK
6112,2jlt41vzQYDEbuI0ZGZdL4
6113,68lTEhMEx4MxDCJypT6bXE
6114,1gni81wRwUAxXqOghFFCnu
6115,0qGtOZQUSCT4sg0y1yMQgp
6116,5Oa3dwYqt3Mz9MGWSkTV41
6117,1cViyMpQyqjKwD8nYF5HrN
6118,2YomDykzfLL8Vc3I3robFe
6119,6QzJnYcO0ShTTHRsThOwmX
6120,7GKRdRDyYBCK5Y4WMuLtPn
6121,5cc3hChUyJiUbs47frdDwb
6122,1jmDDj54EyVF0fbdH2agZq
6123,4uy4OYmZ7uioRcZuAH6zj9
6124,3j1zWu2yLh0guDaP4P0MUU
6125,5wLrlzeUvYKQGsSMOle49g
6126,4ZcivayGJnv9CR2xNoGKJB
6127,2WrH1HsWxm0ZOoZXWoePKH
6128,7gJ3JAoMSpIA68Ngn10DIt
6129,70lftT6HmEkyRPjlDuiSLu
6130,6U4k2kjUEodvZ2W5fyLkl0
6131,3t5jKz342bC5KaYlsLj9VT
6132,6VAShvgA6g53jVWKLBGSVd
6133,0sVXMjeTJ4kBVlYwROpkET
6134,7ih2zZ80U5Fe9tKCxBwJHg
6135,2xjRMLI4KacbEuR3VOBRep
6136,4SaLiI0WNdL0hL9ljQz8Ju
6137,1DdYcBhWq3jjmQ2yaleRc6
6138,5VMhoIm9Cq54CZuRYjnq1R
6139,1zXG1aoxKdpeLxffwvPXwj
6140,2x04fw3fq9BcwKwx3v2aXH
6141,7zDEllvHX8pVRAY7GjOaLH
6142,0qBsr2mL2sbk47TdU6PvyE
6143,0G8ZYG35Gt4LtvTZKHaTam
6144,5NIbLzj2YVT7QGT8fPHxmA
6145,6jNWFFt1M2RRxvjXV0e7cv
6146,4JzCFEc3O2UEdjKzevvFH5
6147,5nXQHx4yYKsZqrm7y4bj03
6148,2SIbaQMAeuoKJgnYnsiYhy
6149,3mcbC5qVymv4Y6v1TGhjDO
6150,2Y53GnnKvWSQD5CnSkEhgH
6151,0CIDcHINNrkUmcU0pgWg9N
6152,0PNgEd6i23zKdlwmrY10qZ
6153,7H9bU66Oej2E4eTgN5zYFt
6154,2ovCOT8bEUZTMK6k1Lh2Bv
6155,4JejVsL2cUEFGHOR2bTTt2
6156,3wtZNVscRzFuTzIBvVTwG3
6157,7vOLJwP5O0woITaIQWOoUX
6158,1QCWxlNQcpv6LO3gjd11AR
6159,6pxxFcKy0rmlKhXOfGaboJ
6160,1JzVKAvm4ZF74G6xhuRu5G
6161,4BYCQiiIhDdUzG2pbZGJtD
6162,6kzAIfBSZv0W2gkixSIG5g
6163,3Mk5wTEo4OQW0eiHIwxbUT
6164,1S1QD1DJZcBczDIubLxHAB
6165,4XJM2pJ6iAlcq1ZJ92F8WI
6166,0vXBObhGFYhTSIMpuoXm3p
6167,6DLXzSr77PKMOx71f5MqOh
6168,3v4qL2RefiQZnMCQNrZYyH
6169,7DVVuEwuBOx7fcUvYwqngv
6170,4Cjhc4vMNntv3awJd5QXR9
6171,4u7BMC8f6F3EqeJT7hLH2h
6172,3N304bb7slt1RZhTF1ehRM
6173,1GcJVd8qhgYUtuHoTacLvy
6174,1y3BqiImRIUS45LzdMXXdn
6175,3KRInOJLfqP8niTXzz50B4
6176,5hs6NM36iqmmM5HToilHn2
6177,3HapOBhTeTsIuohSd7btNX
6178,6ICQuF7R2aG6aMkVzwWK2k
6179,3Nej4MnDboEWJEyEpETTx5
6180,2rdQK6baqjXvKNPoSxy9iF
6181,1kaVEQew9TU5wGlY1mV3I2
6182,2Byq9AiqDPnTGaEgnGt6Q4
6183,6EmdHDLs356wjcpAKYiypZ
6184,4eYzFuEX4ONGRb7CGF84hV
6185,08qOb78N0u8leJoN9ihR2y
6186,1yUSsJjifk4OIzxH97uI4N
6187,0fVgAYQCSvel7rwspDUjOn
6188,6hVVhORwKxGgJ9PC2jaA2R
6189,0p2SLgbRd44WyBz1azQcSm
6190,2LVgyu6SKC08kZrmvG7HUa
6191,5eSp35lPLhuLaFEoy3AhiJ
6192,14I8XOc0lBqMhjkDwib8XZ
6193,4LlCLhoUa94Hi0GqceUFSl
6194,6U0ILlwmr1mcLOB9piq1te
6195,7H4tvQ6HBpbKoE2jVDroY4
6196,5PLBST5LAcnIGpSjc6FHsh
6197,2dIdJYLxTfDOmeWnoOPZ5E
6198,0xjyOcLKydIprmVkGjnVrm
6199,7dt4HJm7mxDPAgDUQ6qYxF
6200,4BVDi1o2vZ1Q0paZhz7IVt
6201,38M64DZhoXKmKmm32mcqdI
6202,53g3LVX4NSlvK58tOZIj7G
6203,0GpIwQO5UvrW61Lu7ncMPZ
6204,0I2x4KTAgLtr4sTbTgeOV4
6205,4LdmIfeEHulSLEXH7RWwYW
6206,7EJx2ZHE39WIfNFhqoV2gV
6207,2a795E7H7FOgBOXz1a0Fgj
6208,3H7lUDRaFAXi5hcEzd2GsU
6209,5cDfI3KOa64zbuUgD6a4hG
6210,0MroV4OEgOkt8jQKw2J1ZM
6211,7pGWKJKvD2cMZ2qxFo8YdA
6212,7kSaXrHANOFv8iXgh2gvgA
6213,5R1Rn1o3Whmsrxlw0kqqTE
6214,6zmRoCPjIZA9ysAVBYiU9Z
6215,0E0rPki6qGhWXdZv618Q2L
6216,1f9plsq8JpWwDX43PWqQbc
6217,3e7Y6sfFlIdBMJhX7wpqVO
6218,7LzM57gfOnPzA6xWeWOsh5
6219,0Rbi9OpaGSFhjexaJ6lv2u
6220,1TtHwXMFMn08FbV7xLOolu
6221,0RtidRpyOifanwGDjEr7iU
6222,2co5yvlZrSxyG4m1V3iIgS
6223,6EN0QhYV8q41mBGdhy8o3n
6224,3pPirtTb893uRSatvGmy4v
6225,5AHXgoPwL1NGE5vOpHGGlQ
6226,1AuvN4A9WmFFiFmvGmii2J
6227,0k7b8Wy5ASpBdLWrDjQrlj
6228,14uIqdd0JNS9Kidj44klqq
6229,0atKZDiJEfq5fNEEIvtBOm
6230,29GVaXCgxiboQmUlRjtLW2
6231,5hsj1W6PvW3XZC49s3wBH5
6232,7pAl6xhxJtpuekgzY1dmlE
6233,4Nwrh5BlZ8I31znYQULS7G
6234,4rIAqwhHGfWChQvQGYwEfR
6235,5MzMIXDF3FKbL4iGX5VQWD
6236,2OXGegCjAut5HofUoCoFK8
6237,7uPX5QKvIT28CEIXTvp0tr
6238,5JLI6sbJzxVU1GS6E0gjDj
6239,1hcScgqxcD5gluFg8Pnkzz
6240,5qvh05wLdlTeo6YX3EwRdt
6241,47b5PN5NnquUNQ2jpQDkyE
6242,51A7q1xprCD5wgxn2HgGHB
6243,5kooeKULevo8TZZHd0CKxX
6244,40KbX9icU8UbIfYibLgwp5
6245,6mOh90IelPPtFrbnoL8HcV
6246,2zpll036ZijMjpLTGcCT4u
6247,2vOBdu0OUmaIPAHhgAaLYM
6248,0kSDFfxQIBTogtKP61iNjB
6249,4smf8WRMNewrDn7SGYuGgP
6250,5sTF3acSGI4iKQDxErkyct
6251,08R1hMx1ARs5s9ZkscPnnu
6252,4MhgNkEwzHTS4rgVOGIWHe
6253,62YQ9kob4zqe5uYs0NzcAi
6254,4MS6UtVwPQt1HV9y1pOVdL
6255,3z3m8k0myxaGhuBTsjKJEZ
6256,3AvncUehywmFC3w6OeOHid
6257,1NkTf6Nt4md0ZJR2jt9UZB
6258,7mEpDcfUnwVFzwamDGbGak
6259,74jZhGv0fdLaf9q8AZZ15k
6260,2IJRcC95cUWXYaygvXDZAD
6261,5bFwjbhaE2l5lU68eOyHEG
6262,4mnHMHQbblesMBFwkt568N
6263,6VDz4m1vEGHDDqQojf1mpc
6264,7ngYmPOFHdOddzzklRHaLQ
6265,2UZ0hDIaVJvN0J5c4mt4xK
6266,2EU8lLw6eYYtzsqaYe8n5p
6267,3gmsJrPEd8lmUCkzZIWSQe
6268,2nyBqOKARcKxrJaPyXRNx3
6269,0YwD8CgP1H3PKEguLThzuu
6270,54DfKfwsmjzyR62rsl0Yip
6271,6cNf9gaP1Cctudvvs9Lrxd
6272,0m3BNGjvpYtxywepORwT6N
6273,4vaXNYXNrCtSHOPDa8jlTa
6274,14DtWZA10VU7PZLxM5vO6g
6275,6JwaMDthkxeDpAABL9xQ4d
6276,6vE65mhmUStfNiQNuoyyg8
6277,1ukcthWnC6bqxhB71TgeW9
6278,0BL0vlXG7sKm2CLXuekM3U
6279,30O45WnnvGhqss5rDQzds9
6280,5QE6gtFWzskluQdCA1Zlqf
6281,4s6K2JKPuljpNMkOhxdo4a
6282,0lfOIGdYPBghcD8TbmWV0N
6283,2iwcmM5nd3rUvFfXdl0c0Q
6284,4QbPy85DSlqGzOXdDaFYLN
6285,2foNbd5qWgbewR0q5UhUmW
6286,5A4kn1a1vrkwwEr8bv0gql
6287,3wxh5ScsJIM7g3iO5qozjS
6288,43DngyQfyRtB7RcsUUtUuB
6289,2qQMrLIQ1QzRBhZmJ6gyqk
6290,04desHesbK9Ru3svTS4yi4
6291,5QYXBAiagfRIwzlouAnJXQ
6292,3Gsi316Fa9fA1Bjxys8fmI
6293,0KIWx7Cm4r6u70Xu1Wik1C
6294,1Fjcq4kCSif63hlWPEIrMF
6295,017wifdpIUrf6CDl9i9xMF
6296,75hZM97DNtWHmkJtBVCcf8
6297,4jGy1juLWQktOjaAf85nYc
6298,294nonS1JxvXJaqMNrJ19y
6299,1L0w7xn1ag3oTU4ZvSOA7N
6300,2tDgRJ28ccTitUnRUwhnmn
6301,7dJZjbVExc2xjdhJAqgkbv
6302,56fOf4Emny8KoCnKtogjDv
6303,6lDeVSpTzOFAx4E1jY0eV0
6304,2E3Q21g03ib45WwVUDSUoA
6305,4TjS4A89BVl2lveXvbQw14
6306,2AagLBFRUuRsRvQXXYOIgW
6307,53CF7h46IJsfBq0hdfu1iM
6308,0nEiPA5ZyHNYiy9SFGHvu2
6309,1gb5sUe1CuRBuT8twq8uhw
6310,1qzwTTQRBJcQ1FKitWMb9K
6311,4CLKEJJfs8qwUAC3FF36Oc
6312,1WiLZZc2TNYqr0bMwEQL8X
6313,0Q75bkIyDFzLQzI966JE4J
6314,7xkt4VVkUfC7MLtb2axxiC
6315,7vBEx9HgiEJDMwougw5bsa
6316,7MnokrfiUAnNlFC7XZ6VeB
6317,26NqjphYzU4JSx2xJUpKO0
6318,5d1AGB455kWMjmtOQLx7Pg
6319,1wz7zPxNveoO8tUo8eBoG4
6320,2qKbFa9wBAufvBDKeGYCLL
6321,7BPa4pJZNVk6W8VGY8m6DW
6322,1aPLMz1KDzR3mGr157jFlY
6323,0Hte1KSGeMwNtP6v2cKY07
6324,2oUv0JEtGUVtQwT6HmvMZn
6325,3PdGo4sFT5LqlmLaPCxEzB
6326,2YcPBBa0K32C429HT77RT0
6327,02BRK4eoNcy6FrhOjz9AGT
6328,1EXJjENIAkevp1omvBqf8p
6329,7pRuCWho98q80P1mle8vIo
6330,3ogzFigBrffZpKcP5fP6q8
6331,7tfSlkyv8xmyoUEGd53mBC
6332,5z3lMhdrfOP7o3d3E8hEa4
6333,0wwLIhYxN3Iiay56Z95ilT
6334,0v5TdcJwcraaD757Unagp6
6335,638lByUiSCsQTwKtbgfz7C
6336,1ousSfsDRttQLg9lQcWsg3
6337,2U35h6lh7C4AIJd0hHdB0J
6338,7sMkskO1CuQDvAwGs11SlL
6339,27Yl9E3YteiPAdGWY6c5tO
6340,0m5C41cYiOve9JPYa4Th1M
6341,0Cu6ZHzHnC4HRAzEzL2pYD
6342,747tpec1a0Hfqvj2za1pBs
6343,1b2ReMGta2fe6lEMpvU6eB
6344,21jAVA8NgkB39vWQg96XqZ
6345,2agO2urCnmIq7DlOwJTqpq
6346,0S001mAQoYNpTyVRu8BmMp
6347,067rRZjCtQOFnuhfeYlMou
6348,5oou1UzbL3Ea1T3KrjNen2
6349,1xnlffPIq3yKph87VmCiqc
6350,651aAF2bGLvvEFncLwztdx
6351,2IgAZXJy3eXiJh393yu0b3
6352,5ABXmXkJ7Ofw08IXn2Mn6B
6353,058WYdKjtPVuahMU1ey9DS
6354,3u8YEAVRbJEozzWp9WZLVR
6355,3B6kpRx9qx4EEc5290OyhS
6356,2Hf2rjHrJsJMJ3brbKQctj
6357,70LIe5IYE2TI8qqxePAoOR
6358,5Cd7HqwrBcpINtQrrPta65
6359,53SIyYVxD4cq6MjVozxoDk
6360,1tTxt6RtTqvuSEe4gFhWO2
6361,4xiyq1iRdsxuU1BPUJ490Z
6362,0j2uiPYRsIABWrwolozq66
6363,215Qx4WvrjXhFHXnswRK3s
6364,1HmelLO0sSAYlozPP5DmWb
6365,3NahWVsTxtcqVQDVrbJbcn
6366,4NWzEj2Lj7TMTepE9NrPgz
6367,7lQFwOx8I45Ce3ePD5IAiI
6368,5FyXe9t8t0aqccjPQ6ZPMR
6369,4WPQsg3uARQqQWoxWqevPV
6370,3Hp66WUQ6yu69jMrirhSRs
6371,7Ay49grHKtOoQJTmmjGDSe
6372,3chgoA4cf6ackC5Jl6Dwq6
6373,3wCMCEs35Fl2cmb0IpZdcJ
6374,3SEupjP7CBdIoNPrFrMozG
6375,6N2hpFcNy4mHBv0eTi94hn
6376,6hvBZMTNAJTCei1BxEATzK
6377,04tOaCPqiQAqfz6oUa4ECX
6378,4oHYohMXXYINJkTSdJYQqo
6379,49jWS1fz7QZQa4mBIqB0mu
6380,4k7o7nJ3TkfVPbQPuGR1MX
6381,5M4ysngkPcOG3at9Fo1dvv
6382,5d5ycUFRQo1yj50wsfkB7g
6383,7cn3biwPOacPeUQpFW6Lvc
6384,5bjRnbwLYw19MrqV2IwTG1
6385,3vCUelLOtiuNF78p9LNWZF
6386,3lAmmJ6X3ggJ3GhldYm6eT
6387,7smlcMTq5Rf16opyP2bq7k
6388,1dD3VWLWFHltKU8CqmBRe7
6389,5PkuqYwQIVhNJQTuudLISJ
6390,4nckks2KT9qzC5fWdqOSoS
6391,0u5aO1GYsIhAWCPuXdwnak
6392,1GpPe9T2C59shZievJKRM5
6393,7ISIqewgqoRByGPWOsWUF1
6394,5ppD1tnAc4W4DUQoDYOEcz
6395,5lsV4GoS0WSC8UP2ycQyXR
6396,1pD6cTGBxRTKpzRaZX2y0k
6397,1ra65eTZs0DhYDrCoWMvs9
6398,6C9SwoZ5OrxcvkntgA5t8s
6399,4y2H3furQscdUube7IxVeu
6400,1Daqxoe5ywxlGwWo7FxqrI
6401,06YKRWJJaaWT7CKEKloYLs
6402,4YkWL6Ugka6jnejBqlVN3s
6403,23FRBY9vmafj2KvybGxPZY
6404,5eDwoZdv3Qftzs8ijKviYg
6405,6TqwILosb3nuAeeytrpXOE
6406,5Y2xqXB4PEtfy9X5YgqM6h
6407,30uRGI2HcPOxanLSKrWzUT
6408,3O1o7YUXyY3cHdZqSnc1ia
6409,6JyEh4kl9DLwmSAoNDRn5b
6410,1tWDkhjG26auP0CVsvGHFs
6411,6IzijLoprF6dUrXbBeGCOv
6412,5dEyjGoDvm4anASD9kAXEZ
6413,47YVaPzpAi5s4q8D7I87Em
6414,27OCSBnkuEKBz7ghUokwZk
6415,3yBT7IQ3XMOlttqAjE86C0
6416,710os6f6jBDXuNfHJXY3pW
6417,3DFgf9HbPP8PQSTkanShfu
6418,1fvvGeseey7524OMwo7b2P
6419,45EFL3gYhGLLgaT8xXXUF3
6420,56eiSTatxMpZORodQornkK
6421,16LfmfZ4G9TSUCuif9XhaF
6422,1GIFDbwxGx1jVfroBbzmwh
6423,71GIQNN9yzX9FVm6C1SkJg
6424,2A6vQ5l3fb9U1Ad7nKHUV0
6425,0wlW1FqfNqWK8h40rQoaQM
6426,39onxiv9Cn7wsyxNl0bAyj
6427,7mnGAAIQVhT9XNlBkmHc6X
6428,6SewJZC2f9ETwJR2zZWkOP
6429,53yTYusPQJ1AApL1hi0Dnc
6430,0iU9nYQOIbZSqzdVZ64NRp
6431,1cvDIWMKmtrXrlMuBhffMa
6432,4K4MDaKRXxWf2sDDWeWMoU
6433,4BhtaYRbWfg6bkSwF3N5rT
6434,6P3JX1GOFtTauWQ22g9tim
6435,5NVdvk8BYTCHXg5YUHG9Gc
6436,7BAu8TEl91ZHBDAj6A4cZq
6437,7GX3w1oGTwavMU9pHjFTJn
6438,19DocMK31hDqKSvCJoPkaD
6439,0LCCrDrHK9RUdueJL3fq4X
6440,4L9ADSPUpRMa2RIpNQCOFU
6441,0qpTRKsDxuSSRNPHs4qd8p
6442,2VQf36veUuakCzas3qc6a1
6443,3VrgqEDulROtmdq2wmpeWc
6444,6ni54s0Bm7Kcruduo3WxtU
6445,4vNFWlHaZ0m6YinjMCPu3f
6446,2aYMkxwaaYUrVuvo20jzNp
6447,0oYosGUw0iRrNFABmS0LV5
6448,6KSNouHU95rpfqO4i0ca8s
6449,7Dx4Kc17hIrvGA9VY9QOoT
6450,6TdYBEcPJesOcSTDaCnQlb
6451,63njVmfj4MWLQRObk90geN
6452,70gH71Zh5NQCBFPp0C434B
6453,6bdHiaBLvZH35sbSP0sGVA
6454,500h8jAdr7LvzzXlm1qxtK
6455,6lY7Xqgk7sJByPkeR2cCXH
6456,4F7O0XiGLDTBJHF7L0Y05y
6457,0C1T6YOwB7MMzspV0UbKKA
6458,1u6JHuC9YE3727sLNAjQY1
6459,6VUH9VJl4mlIuA6jJrkp7v
6460,1uF83YB0EcXn0TJ4wcuMnN
6461,3JRmeCjOaBqRCvzwCx9MNh
6462,7jTaydvVpuIwkKrBj6QIhN
6463,5eS6dUL1WjRbAwZqvEBA0H
6464,2vpAEM0BRgFPcHov8BcWKe
6465,7KH2syzA5bztkiH3qHZ8V7
6466,1hcMdkYr3oswSEPG4TGOe5
6467,18n0GPPIt7v3zSqUFnrZD0
6468,0RKv7sebi8uGmi6EYjAWfJ
6469,1H0HetcEsDY0DfWo9E8c9A
6470,21K8U92LfWf7uq5qMMP9f8
6471,0Yc2gPL8g9P6FUEFXhtI3q
6472,69hAy22SZS22fpxK0XFZAy
6473,0Y8bkLkHDCGdCVQbXU3wnx
6474,5AIcpQ7JFM3DZju7bPqb8t
6475,6idZyCpG3dKZgHVg4vdh1T
6476,0E9lk1H6Nvp7Ta6KolNELb
6477,0XYFjTZNwDg72Rw3JRCpEs
6478,4pdurlx6ud1d5ZDcucGxSo
6479,3s0gco9dCNjVm1B0Pr0Gau
6480,1xUkiVf6VdAMLL41z8nLKo
6481,1RNboncnmyTAyoyrDa0Pwx
6482,4rMLQycynM5w0fmZregNe7
6483,6AqwH2Y9FJwhUE2dCSkw1u
6484,0XilnVkb3rgHiWM9v0wyvG
6485,7BrR1hSh7CxGuoCv4Ep1Xn
6486,1HrKthukaHfz3K86zsC20S
6487,5gLJZBGkpvRXWbEbTcLIz8
6488,6FnHXFxsQGNKODfpDo8EeV
6489,5BNh9kwqauiZhcAuM0nICc
6490,0AlXmoCTiMibUmaZneTJwQ
6491,5mQ1l8rmzCC1f6zzJfTkP3
6492,5SKExzWuDKSYWQQuU1F1uk
6493,0flYos5C5cxdYWwfD57NzB
6494,1yfD78kTBVVUjvNPfUKwZJ
6495,3r1CJ9m4Ua0giFy3lRVpCL
6496,5vDxeY8L5znxyPUVpgjXFT
6497,1vwvwT2NxGIc4O3pDQ0tUN
6498,0lH8bhXuqdX9sBNrWgBpcO
6499,6TghWaPh1WHJKWXow7iujH
6500,28lhqsjWoj6S71vCFq0vR0
6501,20meXI93BMqHzaTg4Tlmuw
6502,5jmpn0ls7fYuxzYlzrr3dL
6503,7rMaDtUq6qR5nxoAd5ou4M
6504,53GzKd394URyonJR4CPzyC
6505,1kothufWGYPLSqsMUFEbu9
6506,3l7zbf2BRCEbnGVPc6y4zg
6507,6Pe4pXiTIXylBx1uGRbQ0u
6508,6Ug1Q8dAEo7lP9Kq4ptx38
6509,2TvdoN9BkZCiBIalvsrNer
6510,19TtZ8aNGEjrNTIi5VFzhF
6511,6lq5klp93lSLTbsJG60DOt
6512,0ax0FdnXcycQbjvn5rTVc7
6513,1g9bHoTfkPXwd1d9HZs07e
6514,6KzYW7ACRRPIRLPyDistNL
6515,6GukUy1nMEgKBosAxxP0OS
6516,4p25wyCj4N2t4zNAC5UPrI
6517,1i1Vetda1dnHDGmXhhaRiT
6518,7xrYILNF261Jk5UQkJZeIU
6519,6gtIngaby4y0trY2X8hWvI
6520,3S3mDF1Y2uu7j1erFhUhKw
6521,7ksEZYY8xqCktowcGdLGqS
6522,6X92l986jasw5nvGsblwk0
6523,4Ls0zLUccPv9o0G4Uio503
6524,1z4KMMo5Etr8Q5qh8Wt5bZ
6525,5JcORRi4twZxUY2ppWg0ZZ
6526,2N8eUw0uAr2WHe21d2UbyI
6527,24svFQXYEUfd6mjhlGnx1U
6528,79CTFuuz3ZgsPtXmWuxxMG
6529,5VmzeCbSwgbfLY9HYeUu86
6530,1r5NslAMujqTYmLAOd89fY
6531,38cNsHpBI3g2be4R0ikxrA
6532,4U66v5HPx8UkBLRjpMsv9R
6533,4qIPSgvqri8XcirtRO6KjP
6534,4My7bWTHuFqPVqE0EIx8xC
6535,5dA0RjklOrfCXgZsuw7nfe
6536,7MvOTVd22fMEbDc2hoisBr
6537,5sBqPuJPv00Vv5GDcEfL8y
6538,15KH6sqO8VxNl5nwVARxjF
6539,1fxbXM0YXQGv2mqV3Pcupr
6540,5vOr8PCLpiKnADDFTRDKbi
6541,1cNZ6H5kfqqrXYod2Mj45k
6542,3xkxcbnc7G3XYuZt6eUnI5
6543,2YELdprWYhuyxPY9stuuHm
6544,0fFWxRZGKR7HDW2xBMOZgW
6545,2wf0dt4xapeHtfUyizyQqQ
6546,2uKbReiF2Ul4RGmhvLiBbR
6547,0qAt2WY5C9k9Gj4WF8E5bK
6548,774NlvObUKwRbYIVAHWzdt
6549,75XjsFU915u1XRuJXnMLRk
6550,0IGPP8O6CQvFoGRYSxTIXh
6551,6a5SoJ7MCvNo2asz9EF74q
6552,27Hy9xVNYxG3q4xnKvZago
6553,26qAO4zfxZlLY5OnlgBbAA
6554,33zfc69YmnH1G5p7uGLWGt
6555,6nrzPRiEnErSWZbTZWaduc
6556,3mruwwpKfG5NYmnEr6O5Dw
6557,5g7owRdentwBdf56ms5O83
6558,7HNCLzRl2fZQjheulcH2k4
6559,0oksV4blK63iagpfT227PL
6560,0yelbFU0gJpmEOxJVahtD7
6561,1Qg95hQ416EYT3hp04aXz9
6562,7utW1CWyGNbNUIPFPiW2eH
6563,38Qo9g8vkIbTovQanVzUKa
6564,6sj3z36Jiy7vc8NIVgZlIb
6565,3nJjIYchBNkYm7B8XfJf5N
6566,2gF3wvkKkkuAXGFzAPUBSa
6567,1svIjf6yjUSLUQ1J21Gf0h
6568,0Jf0e5QlfCa9TEZD2OsKJB
6569,0WnFHQ0j5d7gU9XA40csAh
6570,6XV2s0jov1VZqfOPySIIiA
6571,3yGEXeeMSZtXoEvfcLFF1m
6572,5PhITDWyxpGcpDnEm7bPFW
6573,6w2q9iV3oJAjcN8cPKNT4a
6574,01c9sDv4paB121N6l2BFKY
6575,31t2fDg5jtU5op1fDWR6on
6576,4rYmx5SwP3wUSlLY83ly2o
6577,277xBb6mGl8yNEY3tjntiP
6578,7d1cSXkS5BkuYxi0B5tvz1
6579,39uMEpBRdvPjrV2rGIhzu8
6580,6lh6uhVWxJ32hc1N6mkFyD
6581,3zuQMMIcBwRrEmYA9na1J8
6582,0WOLMlN0I6doNQ8W8hhsVD
6583,2pVYDjXOc9IO6hAHvuwMOD
6584,6H0Sx0sukJPoYdc8xRenLa
6585,4MS830QIWVqUNhGwMeSaPJ
6586,798i5GZpvjzYUxr2SQuEvz
6587,2iIIMlxYsdF8qzumg0vXwq
6588,6giYNaycmjkbf7UmZ6RGtL
6589,3ZLW2cv7EIzapgaDzIP3Vv
6590,218745002hjRpfDaeKQvJw
6591,6n3YerpTsbMvAQoE7bNH6X
6592,55sGtA7tInBz6Rv2Y29uEj
6593,7DUZS2hUSLstgpMjZ7e7yV
6594,1QRDOjEAo0MzQ5ghlByyvy
6595,6jsNM4e9uj3sPB4goIzXPy
6596,4o4NCu0rs6BtQu7YDZHZ76
6597,421qoOyuldbwUlAEo2qGbs
6598,094nAP4qq8fN5x8NGpiT04
6599,1N7qGCKRRnvjoy8MGyHgpS
6600,67aKQThan6g10IxNHas58R
6601,4n2zeP8KUWNgJr1bZnbslz
6602,0bBwZZyUD6ysEY27qgi2kt
6603,5pVYFoShbCfbeiQvrOtanh
6604,123KrHbDKQZJAi2UTWERj4
6605,37AGPGLGYXxxGzA5xTmY2U
6606,2JUdMBlA5JzuemLGzZNDrf
6607,7kvRLCxTBWILHWiWRvgipl
6608,1WgpEqJ2S48DQw421NwJ61
6609,5WHWPRAkR2WYH1CjKV9Omh
6610,3q1TvtIpj2gA6dNhK7rrHS
6611,2Yo68Jc2Ua4jNu8mGOwnLx
6612,5ngw5tfnEt7DRquLlLLhoU
6613,4X1fCyoOws8MQuAv3rUhe7
6614,4dg13hEdWkChx2LiMyQoKd
6615,170MrIQ7TDXQnuQ1TxyM9P
6616,2FYHAhMtvOcBNOU2qK5w9v
6617,5OsVXAWDMK7v37MwKEDjcD
6618,2I3G8kFw8O8RnFwvwJ6baR
6619,2ZQ3CJY6iddn38oOoPGKfb
6620,4MCPNnJkkIzNGCCBE9XVhX
6621,5DcGn9s5hGYf4YodfkHK7n
6622,1o9bvxdKF8PiG1Kb3mxPFG
6623,1EVD5ajAhXCBx31Dx2Uh3n
6624,4QyhykrVaVMbkPFwTdGxVK
6625,62toWd0bQkBDE6b58C50jO
6626,67yBeuBK5NtZv5fUS9ZhXA
6627,3FLPwF1z55hPXobrFhVTPu
6628,72kU3HcP3mAGfclNxqtaad
6629,7jjcJtREGhtgpleXAeM5pk
6630,43HWuuW7HCX5VjCQVCzjVA
6631,3OiH3dDxHDnwOy4WaYST9Q
6632,2jc0QOOrH97ivGq8DR3Li3
6633,1IjE2x3kirNQXLTnmgeXJ9
6634,5miGuaa0YYbWfH557Cb5P9
6635,6WH4eQOmxvsuK3943Uu5ZB
6636,0cHtok9IcECmpLhkKsdznB
6637,6havpXIioTsgU3M4D6cn83
6638,0ofHla4oR6oBH8iHt0RhJq
6639,0FzGKD3N0jK6nNOyOJBvNG
6640,0c5AuyqFVJQyt5aecmSsU3
6641,1RbqDG2sX4DNpZs8NaiO2x
6642,2rw6f8ewTlzmozkSOQoek0
6643,5SAK4pJLz2Lu8RDerM5qiU
6644,13HCbcY6Q1lBaQHhpVmhby
6645,27xKntLxqf0HDGVdcNIkcY
6646,5s5PIZVe0vWiMHrSLshapl
6647,5tH8JNTFNEw7z2wdlfGB1D
6648,2vg3JaocAE6s2YlY5XHR7C
6649,4AeCKZS5UQPeqjxLP5jqoP
6650,545N3VnU7ZSBEUtdRGSUS9
6651,7CwUoENzTnkHzFlmFfFby4
6652,4hnw9aR6K6NmDl5FRmMsWU
6653,5NcRx9STODtQLKN1q2cdIo
6654,5RMe2tA7RRyWP3cb3upPLd
6655,4WS09L62ZmRMYuAbtcR3ii
6656,74II80mxYNbXFbMzM7e12o
6657,7jr1VAdFGIv4dUMRe2HNjX
6658,2SxpbQ2ur8e65XmgSanQyG
6659,2nLtzopw4rPReszdYBJU6h
6660,1o7BCIevVGOfxw659lJT6h
6661,385DGwXBspwtI6HfrG3XOM
6662,3yQyGskGTtXB8CcupYiYuS
6663,4xbho217DqHc5cGkaBCUpH
6664,4wMR4fRKMTyUJG6VAsmccv
6665,3ty3wkNPwA5P7YQS2NuRA0
6666,7zTRtdutW8YiIEHpPGNZyE
6667,4Zkw5iVj1rGqGgdT3ITdFY
6668,63LHNgp26PHrJNPMLL3wp0
6669,5H5FgL0qgZjO3WL74ggfvO
6670,2erQ477GekpdP5l3xp5adl
6671,15BQ7vEDv2LJuh8TxWIhtd
6672,5PQhQUcdaUJy6t39LdOOX7
6673,4nl4CC1elj3qzEusMxpir7
6674,6P7DStTNQ30weKZBhVi9n0
6675,2pJCNYhpSLq4acNXcBUjy1
6676,61k4xxA4r0Fl3PNwXGJKFc
6677,78XJDa83MwR8batb3BVskl
6678,48GeFQBksRa1rXwCWlPIJH
6679,0X1vxw7tFzOlxRFPs96HgY
6680,1lWaJhgbMqsANCNRFmJPMf
6681,4MTmAFWHpvB9kPMSRgLFRp
6682,7euYUzZ3UgQlm7BM6sll65
6683,34bZpL8lqhBcER6M9BqQSV
6684,5l8GRqPQWpU6hcXQtdpZBN
6685,0aGCsZXI3Pw60pGYL2BTq4
6686,2JzcrgG7EroPtXVTfSNo8G
6687,4jeOc5YrcgFdjgOQqSahd1
6688,1tLOMOM060aHIBWPlZf52A
6689,1kh8bl7XtySSDOdCykj9ml
6690,5AHqwgSXdIM5G0UECVOOt9
6691,2TKZti1dUoxr3EGsNN670T
6692,5OgLFUPoUgRUxaKMpvrsBg
6693,1Mb3qejKVGKRQpvhzY3VqH
6694,0XInxkp4Jlv9VnaKsZn9Qq
6695,0kIlh2nOwIxx4SgoDrRWDG
6696,7l3ZYFQfcHLuPAhj85LoAd
6697,6SbxRHk1NogtTgSv5d37yN
6698,0Vg13rCt5QYPmP8heLR2YM
6699,2yCE4GSFWSglPmjWpnFMBF
6700,3PnczrUPUE8F2gDYw4Eyt5
6701,6HSqNYj0ML1NLlLt9v1Es6
6702,3C74eT2VFhNWGthUKl81Zp
6703,2eBm5Dx11FN0SaozOAw8YY
6704,2BwTTHpaBZ9DuARYrIccyh
6705,4aT5N2wBZNs7NHGb3I2Jgr
6706,23o9oGD3kBE4RPZpzhFkcC
6707,2Wtm3yc0paBifvBSjOhO3b
6708,6N0hmiqKS92niEtD5GCllR
6709,71EHEMznoIlTltVMxIEMHt
6710,6ePfZSL65nQl1mhTd0YEt3
6711,1eUrfmvVOuy7RsS11Kz74Q
6712,7ysM3K2TuEw8k4IlwhywWd
6713,7t5y9rgty4rdVPxaLhHgal
6714,6Jb3xg0EO3Mhdt1Tev7RmV
6715,19gwdCshHVI8msunxPL9kP
6716,0j837M8XBIAxegtxPPeRnl
6717,442XvY0Lsh3GtOZVxfssp9
6718,71FMwQXRyiDC5r8pTnaY18
6719,6zKXvojrZ85IMObwv4A8mC
6720,0SQg86odv33piyPWPgNpBM
6721,24OH9IMmayThTraKzZF77r
6722,0it5CoPuAnvmgxqPpCIpUs
6723,4fw14C2fAIZVfNnzHEjJt3
6724,2oiPju78ZfnBRePyM95iq6
6725,5LCTx0IfnLxCc6Nsiy7VyC
6726,2VToqqyaWPHJD0uPfXdn2D
6727,5ooiTZRRjdOlMcNw5hsKlT
6728,0RVaSGKMKIcygVyVXpN1vK
6729,71EXIRNfzPSP5anlxFKPyp
6730,3nrBGiDdNOJ6bQzmwGw8F1
6731,2T1GbU75iGVtOhNUbZuNqk
6732,5AU0pnmcx3rF7qbVzIC1fh
6733,3in8BLaCnW7j1xI9hafdj8
6734,2a1WseWXM7GWJpMOYH1ht2
6735,46GxHFFUhBqvh7JAUvjUi2
6736,2scfYm99NAF56zgGFQiP6L
6737,72uVHOVQnohsqQDQ7Ub7XD
6738,6HaIl2olnbDBqM1Cz8PAWc
6739,5RQHeyMeUSWRqbDN0rWk2t
6740,1TuI8Qhn4uyUCRGxVAfWK3
6741,0XIhH2XenLSbVGkDOwjcQR
6742,6ybewMi4CCrXdOhDYt8ovp
6743,1okEj9J55kGn1QKEqhwL0W
6744,1aejsZt7laSxxlclNYxrr2
6745,4vLwDW7CFsJe750DxnUv59
6746,0B1GpLz13DzZVxng9rT8FQ
6747,4VMW0owhGhG8W69xK72DOR
6748,5hiUBcY7ZvytQfWOOfV1pA
6749,3D7Il9cojvBjEzV9yDxqsx
6750,6KASi9xbG1S9YbNsdkHfj2
6751,6VbFOBe7iaJ3s1jUDzoe4B
6752,4pqiLICe0uTHb9WfY02ek9
6753,6u3kx9yk2tCFMtBn2LXmL5
6754,63irPUP3xB74fHdw1Aw9zR
6755,0dYN5GO3qXJsZ5zutdii2B
6756,3eGQ7TL038M84i4B8TAJzm
6757,5uppLDaYYfPlnyh6NNKKq8
6758,32NtzeH6M67056ClPL3c6N
6759,6hrH0p7KLrz2sczxhdGuCh
6760,2UxNM020iWjmR2nmZUbrmC
6761,0gp1dCVar182dW0Ocmljxw
6762,1rzKzDBMmgWgxQi1cQS0qZ
6763,1KsSlsvm2hjzB1WWkryxIj
6764,7GHB0m4ZIGVBDL7lbsAUrq
6765,4WM1hvYr2NC6bQnQXcj3sH
6766,2tNx0sauNCGfpniMNu9hEh
6767,5wHzRjjAR0kaYa1ZBMqROC
6768,150eNdHgoV9hYBUjsQXSVM
6769,6roC9pJBDZDzczW0WJlnBd
6770,4C1JYNAlukwXgDcJ6ur2ID
6771,3pYhjSy3bsc4keTaWc2tZn
6772,2Idk57w66kDzJK0lhrZ3x0
6773,2yququzKWq8jyl61m2tnDb
6774,1jCk2UYGvtpxtkyhTRbKgF
6775,4kBDDlh8PN6SRobI0uANK1
6776,1FmO51jLNUtWGCCaLzhsng
6777,3642IuuhpMfGhUlwYHWIop
6778,2dIrHo3O098GTk9mXbtvJY
6779,7xfFD9EjZRC9uSJ57sTFeS
6780,1rwZzWpcPJb3znFXARRSyY
6781,0gcyVS3oR9SUNBO2IYje4R
6782,7jUPBsGFjpWBxR7EAjs9bl
6783,27H7ftAZmkbROLZuqHZ4QD
6784,5JcxvBHkHJbQEDkbCrr1Io
6785,5xgGNoHM3JyNKUup0cTymV
6786,4hdO0XZ3OON2Tfi93K01Tq
6787,0UuQAVjrEHCrwAZsnB2dt7
6788,1CkEcONOlJ3BAofqStjVps
6789,1gjGby3q0Gq5H7ZnUn1fat
6790,42S21MR15t40FSpVsCYGTV
6791,0e4uqHGcQV1rewglNnAljP
6792,4HkWUdsEembJGRF2S0GavW
6793,767T5vqvDToZ8LtqT8iZx9
6794,0ZpoA4U1BrI1omPbc8Ce0l
6795,6KbBpkGSFsNKcTZTUxXx2c
6796,1ORYXdltGHkcFVNpg85uF2
6797,1lCAkAzKu3EriZviotgAQA
6798,6l3A2EWZSOA8LTMmzRCyD3
6799,2dCKlQfMeSMBRbwjiGXn39
6800,5SuYgobL7YUhD3wqhFCd4f
6801,4hcPCdWM4kUpOBWflYCO7w
6802,6BOTFSBXEc7rk8MwAWC5cI
6803,77vv9vprh6SazfOXIJgYpx
6804,5YJQVsv01xVlQ5paIInfTS
6805,7v0PVb2nKwzPpaUXma530i
6806,1iqSOIBajNHshGAL4UNv0h
6807,7DadGqxfyT2zMPz6N8LOC7
6808,6kte0ffDoDZNiLCD8NviB7
6809,6V9l9oAhcNXltKk7emPyMW
6810,5rS5ZUYY7rr3cZiP1Hwzaw
6811,61fSpmv006z2FDLHgqC9eM
6812,4zglcMAGIqPBOPlrMrEdQ3
6813,4rhAFUvirKhm8E5NrJdQcN
6814,4AyCPC5W1CcdcPMlcWX8rD
6815,5bTgoja1WGd04WjGVVUyRG
6816,5f4IxhdTbmNctBqLgDt8OB
6817,2OA1Vx5k00gbJA138NIgoG
6818,73se1tj9Ezidng2zYpXYZ6
6819,1rkGk3ZB214yGOwhM7Zz36
6820,6xVSy78Sa0NojQ9kOVsV3Q
6821,6p69N1C6QCLEe44lPUQzZ2
6822,2a3oIg3a0oV6A0A66A153I
6823,6FHdRD3043EI2j9K5jdIXg
6824,18hkIB9hXNVTuUz0NK9Gom
6825,1VXz2xvaND00EKcGD95Pum
6826,4hbvydc4yLLPI77FiMPeQf
6827,1fGYLVHVsAfaXeAIPTgBvQ
6828,7N0O23Fxo00ToiQ50RGiaU
6829,3ysSemMmGYs0ReHH0JEwCh
6830,0xhu0GilVIhvEkGPUPn7pG
6831,3MKuAAOJOu4mNcN1jXk5q1
6832,5H4SSu5PKQyNv5Te0b5jwu
6833,2ANzAceseE5lQei1x8uMnK
6834,0qczhh8fOxKyXqnaKouJyZ
6835,7dLPNbO8a578UnMJ6HDJ3B
6836,1zfZr8Du68quGUondXyQJG
6837,6iPcw8JGbj9XHVtMNpm3r2
6838,3xPIndCsBuz27cLygsUhSB
6839,6jSdxVYPnsYyDof39UxbOL
6840,7AZtv7mEE1jvZH6YOisyPa
6841,2Qu6PFUSC3gPnWL57E1xUW
6842,4fcAOGulE7yIxlKeANWqKo
6843,3ovrPaK2al6DOQgD15ciog
6844,34xNUQwuKLFaJBasbuWsqK
6845,0GjYqTJA6yqmfBXqbWACHM
6846,2rbbUDOf51UAlY499lGjZW
6847,7qMgr93oSebIkwQdZNzXjG
6848,5iWGUnYtYcXS0qokj9AhV0
6849,0VGNnnuZRtbPL8vy6hIit8
6850,41LaCeI0mP5UAjeSsG6AKf
6851,7FRoZ4CyGI7RtelCSdUJrG
6852,6fKypqrrygNwfoxsFXzLpd
6853,3cq1Ob00KaVFGxdPuGp7iN
6854,6BFM4yXyMfuMuD9ecYOMzr
6855,0b3rqCvsg3duYpmHFRxNWt
6856,2WX60bCE9R6GpJWDEMUwUe
6857,6prqmfgrlIc8EzzYhVnvV1
6858,0C4e5m5HogFCgAc5GaYSBD
6859,3hbAotVqUO6yNtmcP3smSg
6860,15Uaxin3YQTiN747ybSkFo
6861,4SWFAKgghP0mg9MTWuRYbo
6862,3oz7gtgP28XyNJqEXTfqfe
6863,1clKxOcE89BbnYJH4Gu8UP
6864,2e83Z7NX9uVK6xtIcLNPT7
6865,6GEOWuljRBx80C83sbyb7F
6866,6txWz9UapYHVxEd7dDIHXT
6867,437B7MVyS4cRTtwIBCDp39
6868,7bRTUqOyn3E1BpE007GY49
6869,2RCp9QBnFSxdKe8RD4xF8s
6870,26h0PoMOZB6Xh82WS1VLHl
6871,295vEhzGX9nuKjGjb2m4Dv
6872,1vyq1CLuq3oh74aPQhsYLL
6873,5pkHo7x7zt85N3ryuUb3gV
6874,3WQGwy4LNHMmeeb2PDfgWo
6875,54JN3XmkKZFzrjkviXuI39
6876,5RQ1oQUUWBv2urYLF0xWzz
6877,1DSZ88T235UOUaPpeYPioH
6878,0ljZIVFbf2Q7golLjzRo17
6879,78VSoe3vn4gR4pYSTBiAXA
6880,5bkLurqPBpM0Yu8F05PkDJ
6881,4gkzNrFIea1F34OGhKUloJ
6882,7vcfHB8oxfC5cRBQ0o6QvU
6883,4USs70AsgPDl1Pj38PM1WM
6884,3SZOieLx7nordT1BcbudJf
6885,3zcvzgUlyw3kfX0czquf3k
6886,1voGp6rhnQCWnnVyRD2lsF
6887,72kIaSizJbfTDSnL0RbRpd
6888,16cDy74oEvNxxbLnpIDgDP
6889,1hrTbdDgxlNDXm7EdfqYT1
6890,0jE4HN6vP1dzb2oEp5WE3I
6891,6BP4bCeeSyU6qYilRH6hNA
6892,0npBWNFdm1G186Hl3lp7GA
6893,0VFKZ7GZJUi13aeyEO9cM4
6894,1Neg51VfQPe2tUd9wYfDbb
6895,73UtkvDFF7ffh46YXDqVy9
6896,43ay9lQZ5rfNcOOHhRF2cM
6897,4H7vmEZE5cfDjurReK1WtT
6898,5PsLcFKxHevuXpkpZgFzru
6899,3e7Uk0TByLEuuSpsfyyQQR
6900,3mWyYD84wiMqjRMnKWCQVo
6901,6tmDsUnNy7V8idKatLi01O
6902,5faK5bCuQfV2HNJHFR0wTH
6903,650KgvF6JrJjxNwisIwR3h
6904,2RZ5LHKUW30P4Pu76h4wep
6905,2M3dJRBiqyxi60YiuWziiS
6906,4VA95RMfqI85sx6hlzzToy
6907,4WbnpFdgm0n5GIxkx6tT22
6908,0aYOfPNiTeWM7WZxHTC3go
6909,0GZb9ybFRyfZpg1wyFnU8Q
6910,7mYPEU00B0szYVgeNAgMWJ
6911,3J5WsNeAemd3uARiuLjulB
6912,743pV7UM5Krhb8uNNtDHRz
6913,5LiXoj4kEhs2cFFM02w4Pn
6914,0VoQKJsH4pCLdWDCTF395l
6915,6ILsmoeihYSqmZOlGi6aWY
6916,51tMG9uEUOmlZxv9BDBtDR
6917,7N16cpB5iswKYDtAhlVZwX
6918,7isj76DW2xuFq1rMCOaw7r
6919,2FGOg7uYBfnspkPOISXTFY
6920,4RZtQ3g7vqTM9ighZ71hQJ
6921,4Kd1NdF0a47qlVqn72sFw0
6922,6AJUezwV3I7jhKGbd5zWlJ
6923,7rgvhF2a3WjRkRtx2lndyc
6924,7eLMOKifxy2HniqWuKPgoI
6925,0DPVxc77ao17VOjj7usXTz
6926,3PDzzgVvHKbQvcjoeNgarx
6927,5MyjPPvGfJLuEVsy8vz98H
6928,5p0zSEdyC59aCOd7sFYjg4
6929,6SjRg6H7dvvbD2I0vceuhp
6930,1J59wly0AV75s60SxNAFyi
6931,176MIyKPXL2HusgEXU5NEk
6932,0kjGQTJfTxat60MUtls2Qy
6933,65hwaTsYfnESpATgSIIh05
6934,4OEKwJsZkutzywd2ny4UcY
6935,0qy4IYEUWMsL0JWcxASYqg
6936,1crT4b1YmKckWpK23mSnnO
6937,5PHuaIXRMg4GOkC8Cg2op0
6938,6kz4Iukt6Zyxre5x7Ja8Ac
6939,2bbfXi70eYYGTkOY0XuRq8
6940,2lWET4hBU83z6woSJ9LhIa
6941,6nr9RNkScdmnCtuZLXssx4
6942,3pOxPpj3JhsmRAlaMrrxSy
6943,0Tbc2L8pliw0rkd7kqCaid
6944,0AcG0TlryV8Tm1m7jTpoJI
6945,3S7r0q85p3BVNYxTAYBr4h
6946,4KGyQfes7t5BiaoBvs380e
6947,06J62Mez5wWHKh1hvuSuOX
6948,5haID7N284LRyj8WzDJneL
6949,0R3cH23MzAVqKj7T7kZwAC
6950,1SC2baSJpW1wSy09LEU9aT
6951,6DArqKWdqmLcJoSIMEeRnM
6952,72cSQVBT0Uln5RitecXHLr
6953,0Xu6ZcuiQNRqtvvwOxm8y8
6954,2tRIB2uK6B0EE42pMWnmhn
6955,23dC4zCpB1bnLzBxAXDLD7
6956,7t4tQpRaltMgv4HaeSg78o
6957,5bakaD562YZZOOL03RZfnE
6958,19CKLFb8SrjZ3IlpalE3RU
6959,5GTbwIMnj2KspEHIgeib9l
6960,3rgBKC6gUaFkLaoJ0mX3i9
6961,3VYEHEaUE4Zh38xSQtXCwU
6962,2jZRzSfN3T3fnL6KKVHezK
6963,1pVtcuenXqVp02tMSlSnCl
6964,6jqmAZiQEqypR2BZHZRxZF
6965,7jXtAesGH9rIqrM14aEI96
6966,1dUUK6ftAZNW97kqB9ppUt
6967,31xqbaSu7ozgcK8desDuMK
6968,5k3VjTwIsOjQ2woGz3Yx71
6969,2KYQ3NrpKTATXq0v1XtHoP
6970,36kIwdgLjwDT8JS5kn5vL5
6971,3K9PlVybYhP6cOSSsrYbtm
6972,5jkkya6qouKO7GqeYZg5a7
6973,1QdijT3d4feqhc39m9Wm6a
6974,4s0SvMHuitYvOJeYX3M7WP
6975,1zMuaPVcG8QTFvCwk1wGwO
6976,7rMLmoVArHiGk9xnWZ1uCs
6977,1Xmjt1LkQipbu9LFd3alUk
6978,6u21RThtBD5sbSaDNV4iOV
6979,3diQ9VzFZjIorh0N1Ufzqe
6980,1pD9wyBOJh1y83a4V6SRpS
6981,2LfxMpanU5TaVWa0dUOWbV
6982,4wavvLf7CTGjyYL33GQ04T
6983,3vhbH5P67sLmul1BqDuL0q
6984,66pYH4RZotnmEdnnzZWpWQ
6985,3vHbDXojfD2sqGYuGmvdtE
6986,2Zr25WS61UQTm84bchGPe7
6987,06g0HJD8IVNNDhICfabnfe
6988,1eP7b0KohRpeUcEJ0dzijz
6989,0IBU1DNaFoKLh3ZXERIQ6U
6990,4hD4hIptqlxaYHevLtBn7N
6991,3q8LBIqDChhcA1LkYKw2QL
6992,2Ol8tZtgVjCASi0WV7gaaM
6993,5F4711boHWnbjQUyJCA9UR
6994,0SanYUy9Dlz6fIzJFAo9x7
6995,1XTklmgu2Chk2eSp6x6dI2
6996,5K11O4fano6pzCLA0LRaHl
6997,2AAzsdPqRhRMU1Ykmp6gzA
6998,4ykbXSPhadCNicPQJSCYJp
6999,7Do1g1b5yFUudjWKTeBvMH
7000,0kkgkPUY4RZ025HKYfoGbk
7001,55ae7UuzfaDIxhpIgG5Zrl
7002,6ZS9D69RZgmfA5mTuGzqqG
7003,1ubepvEvMWqNhlsGUwHnyo
7004,5A6A5mNsTttXGufHHUcs4W
7005,25n2QkT5gaxH1Bga2Y866M
7006,0n34p0KQKTSBWWLXxot2fj
7007,6ekSX8AVzwRSs0mbSlPc0R
7008,0FGBM2rxyn7DhT3dPkk3rF
7009,0VvhTZgKAykzVHD2oOiOLT
7010,0PRXwr9srM3f1TaENFMyUW
7011,23XfX1SKc1Ualtf610K5rs
7012,4BdlStK990YZ3f91NGyh9K
7013,6hb8MK0RcVOOxfpNDbZAIS
7014,6uIgRI986fP6Pvx8olPCtI
7015,6RikLgWpzqNCLmnpBLShVs
7016,09cJcfLgfFPW7YeBggweW6
7017,21DQSoP5LMJkpSFxV3pmUD
7018,5vr0ljKotsIy8qfX54NfOz
7019,2u0d1xFM3NfTNrynEe6Fmq
7020,1HuIThAQ9aWdUJ2118ov8i
7021,3q2kbPXqQV4LxTbGU8dKa1
7022,3E4sTVFdD9RIUSqqsD7OLt
7023,4YsgFGkP1KeSFDWfZqVioX
7024,5SxIr3zvftg7HKxvTCKHJe
7025,00j2LGPCuwnNz7OgSVcwdS
7026,734TvXtXZMdMkLcFowsAro
7027,4t4vkPr7LWZXxrkofl8fvg
7028,21EhWmp2yvVNPa0wCMnvd6
7029,45lTac7VjsyP92PUw9OnLN
7030,0tpTuc9yJJ75G4ddeVTU9V
7031,2Rng7xhw11lUCO72Qb5ZHC
7032,03kHvoUV2HZdAUftW0HeFz
7033,48scvxqDJqX0VhCoxcDsOU
7034,78jpu2HPm0WamahMf3G06h
7035,0vwo4u8paHtVTTuCIOBXsz
7036,62xmHGK6xUejAf4PFIxpaY
7037,0rauek1QhEntNFuAN2nvkB
7038,1HFRTeuo0oJi28517P4xRM
7039,5UY3CQjtxzNELVx0Lmzveo
7040,6lQ0qUraNsThrovmS5vnPC
7041,25dLNd9Chk30W40C3Bc3hN
7042,6wpYutp0e5dtaV2kCDv12O
7043,43KflYLn0Nc9yGK8sq0zLq
7044,4zoaSqSAXaicloUNsDJWpR
7045,1vuw9yHOI5g5RdXtfmmswH
7046,05yEFXjmkmrw3AWEfdDu10
7047,3offcKRzBB1LczlQz4N818
7048,1EP4wGBQoUbT1AndnFY7Vq
7049,6rCvs1W4HHEu7ks9Yuw2hr
7050,17RkBa8mTYvRgI52res7Eu
7051,16rS2nAK09gx4MNHS0nPwF
7052,6Jnflm91DuN7CAnAIvU9jo
7053,2w7zZg7V5Ul0yZ1QmN5NVD
7054,0hHpikIVW5d97oQ0XlcOeJ
7055,7lM1cf3zZuish0TjRnn5MB
7056,5TMsw9ZqZbEyEioNIhzTYh
7057,0ayzwKGDITQAZPJNynMbey
7058,5ATaVcsn20iM668ESHym0U
7059,2uys5BxGhtuF1RmbiEvJbQ
7060,4ESyCV8gEwdfi2XYFHpBQS
7061,71gZ4Nt3Yl4Wl7noDpodV3
7062,1csP9czQAh1JTYjavj9MO9
7063,7jGt2KuOMYp3Sgr4k40pVr
7064,09ysC7AwUN6C3wodW5hcnA
7065,08tXFC9ngiMvBeH3lzz7ra
7066,2lFFiNm0XtgJ6wkdncTB4k
7067,39NAboIZWWBV9b8ePj2LpA
7068,2rOUEjIArTUwuuXwUn6IrP
7069,6Pl7jZsa09kHfnaRWYPXQz
7070,0KBvudwm5onKpJ5edRidgA
7071,5lqOhHKw9WzRmPCgY6cBYh
7072,1vPzpKiVXQt5BsZ91GNEOk
7073,2r0qSEDJbKujbVBSC8q815
7074,7mtyWVKiQsDJX5sMWwhDkR
7075,7uQPXFow8FMEGzVsHYadvE
7076,4rVONof5K5HYxeKKg4LrIG
7077,0eRsPwKIsMxSUsIFQUMuq1
7078,2h3RRvPmwSi9Hk8PJGSVC5
7079,5hvYZqa48qNhykAXzgfH7a
7080,4wh0E9OwMCxcaIKTg0Mts9
7081,4o9vmyUDxJCwfBESTAZQLs
7082,0QhkBYz4QJwzv6CsFHKtVN
7083,60va3Wc04fVIX6y2h29VOQ
7084,6ABNFYu0RSdgukLWRkPOmR
7085,1yxF17wIcY9oiLOOkCcY6O
7086,4CLZlTPjaKqbadAJc031OQ
7087,0Z7LbG9TmgSQv55rOxxhnW
7088,7LAZoVMv0qo20VpimTOBsi
7089,20VDb9XVoOyWOzH1MUun1o
7090,7jbf5HTZGIORLBkJqueO5G
7091,3GjJNweblnTDj1i1eof1Ll
7092,7yptsEanNyw7muAmlCHhMw
7093,1zXioxSxFCTbNr1otQdsyr
7094,2Eg8qlFVfqFmhV2DAozJ8S
7095,5UQu0J4Vhdde14PomZ17Jz
7096,3ZcKGMFcalxTOdnGjxhCJq
7097,2o4RWENIbybNNF2DwU3sVS
7098,4VxZBefFby6y9gO2NFpgJx
7099,0BeLqodgbMiNXTn7iQhXz2
7100,1fQs4aVU5hIKjEeDpJdxDR
7101,1aUmwzrSA7kQYdwI5bQsSc
7102,568AMd9BJXW8XD83SJQiom
7103,6xRD47ABwR3y4RytXiTJFi
7104,0Y4DxoE9skwRP4DIAMXKIO
7105,6Wbmypd4VETaRDio6Fnvm9
7106,5ggWRMAGb5XhVN0bbCQBZ6
7107,3gRdV7Aonv60OoZP8bS7qo
7108,6g6qMRK4ck1CrWfVienDqc
7109,0S54opeGeB1tkVMIxkTsj3
7110,7IkNEZUPTvouYW8QYnHymd
7111,1R0qXLKNNfNut6BFxhlj8g
7112,46jrqGkZ9TPqP9u06RMfYq
7113,5iDRMJeAfsOt6yM65RHRyI
7114,7Be81Zrxv29TyFJEPPyf8h
7115,74SX2IagoHL4GqE8ZbD54J
7116,3ketcP4908iXsTE2Fd8H3g
7117,4MCIaxxuAdZADjEbnAEEs4
7118,2C01clEnZKU5CxfVk5z1Ex
7119,5nYEkCkbGSA48XKzNb0nBQ
7120,7by9QasewukzoIVcRoE4ss
7121,46L9j7CjtctvVNSZTmEJrx
7122,6XGugUXQZ5pHy5x3Cdgtjs
7123,1qlJiLPWJ1sF1tv8BXMoT4
7124,3rHUpjfq9JjrfaTsEAmQBC
7125,5W8DSMQe7cbTtKTHY0yEnP
7126,5N6zAExePGdU5s10LAoqMb
7127,6EdSN1iGtLPhcz43QDRkdK
7128,1yjck0Owf0HfhY5kWHiXIQ
7129,0eW0oIEKPS3hjw51eSP69A
7130,47igVt2xj8WWwn1C9vUOGR
7131,3Cl8IGVb7E63EDIXTn5Pk7
7132,6aD7zzkzL8ml4lMgklZQph
7133,1JJ8D0KE144weLOGrjqJrb
7134,0PpDFT5x4BjLtz7OG1n46I
7135,01dkXNjEN0NAhf2Lj5hYbq
7136,7zQ5jHabYdZwb0tXv4e6Sn
7137,306zYyz3PFvBgLFGOCy9Xb
7138,45bFl67prA7LMOld5TZiAr
7139,1mkLQuNljjNzudvRsiZLAF
7140,61aknBuKtpMGJOxbZTOnlc
7141,3l4bS6VyWXlPF8JDTasCP2
7142,6uKvnGeg6xgzPTH3QSPTB6
7143,7sZeuKa4LxmADoRJm5svgw
7144,1rJCuds0vDMAjF5RdZU7bq
7145,2SpVlyUps3AcbDkAMTRwQK
7146,3ahND6eWbmj1XNuvhokmb4
7147,6BnyFo8eEoSRNasBFcCi9q
7148,6MkrilYcA8x3dXWmpFT9hX
7149,2O6g3yvCX7vdcj6yKfdYl1
7150,7pxAbufpNzzIpdhAyE9LFV
7151,5dWXJF65Fz4XqduHhOVD7S
7152,7oqG6E03whcRbTjTzVP5pp
7153,4hxF0xVBNfa3xvZH3NdeQZ
7154,17xdSv0g4gDQIzeblCVuFx
7155,2Ykl0Rx2vw6rRBkTnrxOC7
7156,48Il5217BJYjIqbuJEkjKP
7157,65CZDFTxYdBCoDoQnV0pDz
7158,4XUhIOxtRh6KphrDBrUeaZ
7159,3QjKcs8POEZQHgkwmBUS87
7160,5reT1HpzEOyAXLSbglG9Be
7161,4g0eaNj4UO9Ftr6N7iv8Z2
7162,6rvnIFtbi6OD4pNWHL0ur0
7163,7nlbvD4fO9D3aocMGkiYxq
7164,5He9JMtq7HOEJIlWVcnNZz
7165,3zpu4ggzT6TXcPKFsNzP3m
7166,6WGcpIKsYSG53Rv9tODVFV
7167,3iYYUkgkIgZy20xUVaOyLU
7168,1Md5xt33olgmf8PnVMIxkd
7169,3eQJ4TBlW5VuMqfWENy7sf
7170,1ALx4MXQeWeDU2BXqhs1xs
7171,4UrwO5dip0nCXZAjMjHGHW
7172,2NFf0lo7aqNuilv6iahFLG
7173,5yp9eVhPQBMfAiNrf66THM
7174,0fm45wm0tNJfmt0LoaYgZA
7175,4la9jiqXYHQlEwbRhqYsd7
7176,5BO0MC2YHg6nk3kSY9BOCi
7177,30v27OarRyhvCNNwlJYYU0
7178,34Dzpq8x78ebf4hXGYsrzY
7179,2sFyPLj62U6CrXm6CBCzL5
7180,3CkNQ8PftJdF4NPoRYesw5
7181,0BF04q5kqVzOkLNqTAi5bk
7182,56dPkTyjaRdpCyKXmSqsAQ
7183,6pnPvQkxi4QcYTKTsdaLma
7184,2Fl7CCFIkhkZPaT1fupbGd
7185,1QEb35ECYtguAezXA2dQjy
7186,1DQmH2WjZQyH7M44vbTMV7
7187,7wi8Ja8GMHJQ4wNVcuGyCg
7188,1VLzca7LUFQxYAgEVlGeUa
7189,1evX3NUBE7QujnSmky2ox4
7190,4rd3uWC1flvgG98T9N53L5
7191,0Ewi5DooMqO09yfVLTudUa
7192,3nKRYKbGxhzv4BbwlLOcWU
7193,5LkSZHRBt0kfr3wnauwUhn
7194,6SJTWpNsVGMcMq7pUwnrvX
7195,6bIwkgZ3cRYlZlw2NmwK08
7196,34CjRQ0JvhqT8sVG1QeHAW
7197,3t8izcl6BTPg8kWoCEHFdT
7198,7m6uJkkjSol6gvjkW81sWE
7199,6XEjl6KUSS3LZbOrQ8jbcR
7200,1qyciEFi4CDyq7tviQZUvD
7201,1eF50vk7sxzgWkz8wKUOAK
7202,3AehkdwpqlX1DXxviO6SqF
7203,4yJsXSve1itS5mYPcrULsu
7204,0H1d7E5za8Pg3j5khFfvVM
7205,3Du7J69Bhw0aVSRv0HOXWJ
7206,6EMbedCO8n0WyBLmfXFtWh
7207,48p5Wz68ZDpSLTy6PxzaFU
7208,1VpenLkKxrcdjYX0tKV4Es
7209,66ELarIJWfsMzugLRpdLvg
7210,6ZIRjfQ9GmVJdleVpO65id
7211,1GzXk6xL66BuEvUdc4rfCN
7212,7pxtzcoxg1HjHehD1q8IMj
7213,3sGxSVMiuQbBmjFKQ02vmJ
7214,4xqoeNP6vVsPADksReLOfs
7215,7oUQQZR50VewDk9Nu5AsxF
7216,3OUqz6I3Q8Kjz3PFeZA78e
7217,2bEBafnFsw7a0X8rjJxdBh
7218,7IzkFVFTOxYKHCeWMGC3Og
7219,2KZVDEQXJUNdDUDIjv528B
7220,2v1Y7hLrn06sXMOMsQeYJw
7221,2G0HnuRXjzOZVX07JIi3eU
7222,0zWAomSKjbO7vWk4WsZdIP
7223,1Pk4BGCEwlTKgDhKNZUbRg
7224,0fzgInpTli76tceLB6R78s
7225,5NKzc30PZPESdl8a7j5fJ4
7226,2nPJjXH9YGTSDDwIiKo32n
7227,0AWpzF93wjSS57Zuz3YVuN
7228,0xJarkE7bptFyxLxFeDLrR
7229,56J7o1BuXpJH2UXqElmsEF
7230,56V1qME3Kwf5AcunfiApL7
7231,5rtGkBfghA7kPeg8o1PKw3
7232,5xGbcQQjti8fsjB5lqATqC
7233,0CDdIP9vgk3iSDH0bPGww5
7234,1SrhBRvz9v5fHfj5Vyxr0B
7235,4bu566KF2pNjqaXJC0qXH5
7236,4QBkBiycoN3fak3PSk1Dlm
7237,3QNSNLraMF4vEKQ0IZhDkC
7238,03mCHgTJkxEKgdIHDOPkEM
7239,0OM0EGPdlFdFJhg6ZjAXqS
7240,3EG1zAvkCtjZUUfZhxGyeC
7241,6tUusq5keNmGvTV2cFTwaC
7242,59hq7PPL3x807dCsKLy4MG
7243,4EhZdTAYRzuOQcVFfoCcv5
7244,77KQ6MGqORSHTV8k4XwD8S
7245,4imJ7kX6dCFCBLnO8yQmd7
7246,5adGXBp5gQ23V53fYvYQSN
7247,6yi2f4vcOKuJviFsBAMow0
7248,4Ts4p1uY8VlhF58TrIlBPz
7249,75vrKWwyWzy2Xi2VPw9maj
7250,3doO7ybkSWBHCPPE65RYBy
7251,3YEVDrvhH7YK34kmRrOipZ
7252,0SWrwrF381V3VaVevkQ9XJ
7253,2YrZZsYXNu449o5UhiDDXF
7254,10n7ftA9Y0hAdaFMWDYsk2
7255,1CaOMLZXTQxif7TVD9ieSd
7256,5VRRtp5iD5hIZHx1yRxNhY
7257,60A1iLsmRmhoRxpqRUDsCJ
7258,1f79XoJml6Fubhhz82ebGl
7259,5r9csCp47CtkKXQbXj9Pnq
7260,3hYHrVsxGaMFktxbOue1px
7261,6yu77lmvZIOSjWMAPB4vXx
7262,3CGU55Ej8RYPlKwFqh4qWb
7263,1wrpy0qijSCNKlnjTnhs6g
7264,0i5LwajHnFuR7aAT7R4j6E
7265,4Xs6R5G5bsMHUtOLZZbjzY
7266,59pC50vkYv8E0qzBrftVV0
7267,5a0GI2T8so1fVJuPSSmuD6
7268,772AiQoYHA7lDckryjGyVj
7269,3cdy1jK0wLr6R2nAo0oIXy
7270,4bUnIY5kXGJKLaIO7rr3N9
7271,5vSRDbe5QYVeGrug8hFEER
7272,60M4rTLVb0h7NiTB8MGnVJ
7273,7F6g49v4d2bxWF5kuaiU2v
7274,6MmvvkxJwkUG4HP4FC1OGa
7275,3LjuE3zQIP7HZSf7nI8XY2
7276,3pA7Mk4Y4y223p4ZpkvLWX
7277,148uYmn7Ua5SRTlgveflqE
7278,5YmUheNKfm5UiZ3q1mxVEF
7279,13lzgTMDwMynmAtBAOB5Ee
7280,0vYgc3RB2QNA3jpfkslRt4
7281,5PbOUQpnc8NTn24KdpWaIA
7282,1JnLTx6HzwbLpslHe8WuAW
7283,7ujQer4HYvJEWAuPfbeZYr
7284,6mtjo5kIHKlboGE84lf1FJ
7285,1u8ghLlHOdRhrcuXv1CsCJ
7286,1awbEMH6zLGM7dTrl7a9eb
7287,2EC7k9AABIbB8wqzguFyZk
7288,2GKiLJrUJzSavAZzCUqJ3i
7289,4Gjpq3iQuK0sQeUeOXjsGq
7290,3Jr9ii3MeGSPxgnvDRYKxI
7291,5LNRJeKmVEQ9lC7GTwXzFy
7292,5DPASDOoVakOcD8EIhb46T
7293,4VH3pEo6E9Qya7jTVu5f7c
7294,3ms9tJvFtCRqWMagyOnUAt
7295,047mKKeVjieMhCiLO6Q144
7296,3QiAAp20rPC3dcAtKtMaqQ
7297,3RV8G3G7ACo0lRLvE2mhXP
7298,0fWyyoX7LF2q0wT8npaPyI
7299,4Swny18O6OSmj521UYbZa8
7300,5PQ30cJV9DiTmsAZ0kFoDo
7301,6irpRvnr8C4PtoJoW7JfwX
7302,4KEJIb7momHUiMCxmGirDS
7303,6HkbHudqbZx5eAROslZ1jA
7304,3Iu1ULHdmyGO9lEUOrXKqH
7305,2eZreuMwFbYsRogA4WQ9Uk
7306,4cNjnUoV6Hh1AwxlTkHdw3
7307,7iKDSQJUWF9iJPmWnlgT7G
7308,1iZnibGKsmOvHPLBLYb1SM
7309,5uTqNpTqjJ1uNCRBtTJOAs
7310,54WoSDb2dHRK2TZ3zhWaxa
7311,7sOAXsRDGj18Hc8EkplghG
7312,76kulOiZ2H1J5keR7gMdLi
7313,2zlrtodRDvPLPgjAe14lA8
7314,6tZF1isUvYNQviZjSlVPmr
7315,35vDqQStG4XRIzg3c17uaa
7316,0V5jtkwnoeJ4vPKiqqdQMH
7317,70kbSwG3XGJzv5vp8208kp
7318,62mGl2bpoJMLLbNjCwuAjY
7319,4a8ZM2lWmEwudXM8Iyddvl
7320,0PRPgITeztXKg5e129fbC5
7321,6T6FiZVhTiGDVnNkJyVwVf
7322,2FSHOstfVfHia9eBS6vz9t
7323,6tvs6KCRXP8zKhMmMw3OO1
7324,4UXd99Oq5psNA8drSBPyRV
7325,6Wewci1XiTo3I0a6TklajL
7326,0uOeAmfdyaekD2RIGwCDwq
7327,1fZLuVaJ4OHEr6Cy7lc6Oo
7328,34vtBUMtbpfvjrcUInb4sa
7329,7g96GMqMFfkrzEvDwSIWzQ
7330,2gDDD4oixchNOXZQBWuvp9
7331,3IQ3XI5Q2RjGYKGzkwCA65
7332,1WsHHXH4X6xlSydc96wPtN
7333,3Yx0YOmzfP5tbSTVl6DFMe
7334,33r2XtaXXcIx0yQepqsHfM
7335,64qn2ubksGYFxUXaJDZjvi
7336,11BAOsVRXPbaPXj0lDaKRr
7337,1jLsirPDkUS2g4gnkYua58
7338,2mHcbk6YQt6xjbgEszZHR2
7339,4j1ICBkRoVnQ7CAaGbyiFo
7340,5cs567UYho0VUGXHPoV0yL
7341,1FuvIoFz9gHPHdXethWWc5
7342,5T5X1awq0Tzg0NgQ4bSVAE
7343,7A8nTtXJ36UN0mjEhUJyUO
7344,7appAENhuEWDcVtFAzxF3m
7345,7mRLfSiKVSG9VYvcZhW5Yv
7346,3iXcmVbkXl0fpQAiIuVTbG
7347,0rNitB3KldxUG4EL9iVC2e
7348,6YxAwwNgPmVMyIPRQRY0H5
7349,6wXoBSzl3FpT4OCE14seNe
7350,48402JYECvgQud0BmRgeWm
7351,5grapy5yRWQo4MjOb9nNjY
7352,1IQ7tiadcvl72tCmeY0PBh
7353,3TwC09BN2qAhZEam8Rclky
7354,3HWyzoH2N5FeaZGQaeSAM3
7355,4rem9FL0xeoNt7CIa85vuY
7356,00G4BJW6XuPGiDuANJSPsn
7357,1nkMih9NE9Ha0hH9aTGYCI
7358,0n9c7Cdk5zRue97htSFA6J
7359,3gmu5gTVBCfEBzw7f2roj7
7360,4CQExLcRw5XWiWL1FqwE8J
7361,0WAjUWQ3CMRoCjrpac5A11
7362,2584zPT5AwhxX3LnvilyDi
7363,6ovlMmTTp4fyvD9DBe1zo1
7364,3nTVd3oq7wWnnZgRbHCVty
7365,6OJj8VUwT5Cn0Arpda4cHy
7366,0qxunoDYNNChniA5qB4XPI
7367,4jwj7WcGHwNpG0ovatCbST
7368,4HWnA4wcUaIRmokVCcePhB
7369,0kDpFPQgQYeZ7t04Quiwkn
7370,45psteAtfoH6lMVpNmaGTJ
7371,2tHPu6Cd0siBrWYOaN0lvU
7372,7i66sFWJyTnVHZllCncHn4
7373,70yhzQRe15DKcvRajH7FoV
7374,3CHAchC7jadHqs4O94ROTD
7375,7FZhK9riqF0XPML2x24Wao
7376,7zoZY7GDNM83ia1kKcgs65
7377,5TdsylMARn0PxbHqrmmJoS
7378,7lPWSar299hReGsKkZiheA
7379,0b0n8tVTaD1QrU5hK4YZHW
7380,1bZyzcnDnbsw9pOspV0UX5
7381,4HxwfEPfm5yOcqM7kcz689
7382,0z7uyvFHmLMOdETqTpuoBB
7383,4i4dtbnx49kSQJXlzx4OV2
7384,0FvYbfE2siVMEoXM8j0p5u
7385,1EhGKYU81Y7dtBCz477OF3
7386,7ojeibPtE6JqxInPWAXtTi
7387,7mSI5NMzVbk2SXVCICBC3y
7388,5Z5kuqGBSmmQHq07Fi0xzW
7389,3uoKwyTzV5UAH6ggDlKwVB
7390,01U9C94sOjifeKtl7w9kPo
7391,6lj4umSsFSsx8csuM6Ge8x
7392,6wzsHIrxcOmqMVuAI3OlZL
7393,3nvwZycm39npL1xU9ifn0s
7394,0FT7FPiJFHvCftZySCauXn
7395,6d9mn5XfnskYlIRoNNkFEu
7396,3k56Pg5c3qpEMeqkRUQnj0
7397,4yrNzSh3l1lh7YV50rNymS
7398,3Gs9iqS9Ux7Ha0BiD2lYFn
7399,7m9FHKSpOYuQldsTuZNc0n
7400,1pTESlRPSjD6zHowGLZNpW
7401,6R2BliTd71BgleBMRu01b1
7402,79HchvTg2sSZnb049uSlfQ
7403,2a0reV9qStZ9tqeaoiUTRa
7404,0lXo22MBdmrrccpbFmAUp0
7405,3kcFCtiV59zeyadyKbybhq
7406,3UY1XAwQEoHUB3AT5SBJTk
7407,2kH0emzbNE41iYUqNznJhz
7408,03pH3cgV1NUlqO1xA3U4ua
7409,2vjQGDxI8OY5dHXxvxAaGA
7410,0nM9gjhjLREY6h1O5wx5Jg
7411,6m05mCDXbKInzpnaphCTcY
7412,0iRT32YBuYRjmWpxXFutHK
7413,4fb23IlkGiPp1w8ZXpLxMo
7414,10QrlBvLlOCDOBnwg2EgFE
7415,7sPU5dIHrmLzd3XqrOIXz4
7416,2LXwqdDgH6BmJ7YayguSQW
7417,6wgHVhuEhQSasm7tfAa6qt
7418,1dlgaGdQXmsYKMRuewIZkF
7419,5GbRLz2efKURoOc4ntewIf
7420,2plNWm2QPMrxWizsIjQtYn
7421,7b57hGeEYankNMNi2P0mpZ
7422,7aZwVoOcTatNeEIi8xWq9d
7423,6xnmOEgpKhtF5tCnDQ2dAG
7424,6ABfDPCSgrjEYt9NSu25HA
7425,4OMn9ZxsF3pDbzjzk8i5nm
7426,7BZbNggEqIu8djAOpRgc0G
7427,4KH4DTh5QgVPLdiAIUKrjs
7428,4bZnIdaGBf162pZEkxXSgQ
7429,5c8x0DFmgH9KTeXap3yENS
7430,4SWme0PjIFPTwXLyVWGgOI
7431,5SBa2cfjKQeLi00AgqlI5A
7432,56LpwoRadEGcZCE6vAV5aM
7433,7yr4d7Wl2EpFGF253xugUy
7434,13B3JNzf2k8NIXORyw0jc6
7435,79KQDz0mmr16TpoHuPW2LD
7436,4dRniFxRxKT606rHTuEl3c
7437,3rKYiySCDMUKTw5kGVVhaa
7438,2v3OJPZ01Nm4cBKe5VQo4H
7439,0qmpEzs4SWVw6zqhMyrOvc
7440,7119eLyxsodGeBpxSyhIz2
7441,6MrzVqmgD0zqFBP0KsZczI
7442,1tfyPRRzzcxXRroAz1n5Mc
7443,7dxswB8XW1czIlk4i66wbD
7444,32ctjyXly0vDaMjzerwFn8
7445,5FBD2QL5Pw9HOveO7j6AzU
7446,2YKFTExad9zKRTIWOI6DDu
7447,4D48EcYfbAW7pwMOVDYBnB
7448,0UsD0uKhhdutyrTqoqG7GR
7449,0b4uubOkNrnhTcMqw6Q1xR
7450,5YcXUikGSXvy92f2T0EnGN
7451,4rEewUBeCHGkKoPX4DJNq1
7452,4zlph9OlkmCeQGmKnNQuFq
7453,56ki6GImzxnVhD6Tqo7GYU
7454,44BKx7LNbr9RQhkF5z7gLy
7455,7x79SJ96Jyp6snVRZddX1A
7456,0ObP0gbyWpS7eG7HJZhCWS
7457,4FHbueRw1LmHV4ns5THVQD
7458,6vlFwDYx4cZYc8JI7aJFC6
7459,1lhxZrr5oYFMoPcVAS4oGg
7460,1nQbCX3ybkqbWHU3J30pRq
7461,0Dn8Y4gWJ4ZHWRuPVvPb7a
7462,7wI4xR1OMtb0z03GzY4hTO
7463,5AwhdJ3o82zm6OX6Xn5wxp
7464,6q4bAPmbByv8n7yyce5WDB
7465,4lM279Rc7qN5iaeIacfwK4
7466,6lRjAR7IXJVi4O5u6Ozdf5
7467,3ehxGScGRFvH7qoK0gt1ft
7468,4UMa4gdhtHPV7mDMoZoVDn
7469,5LZ4d69L4TK8hVyh2q7YEJ
7470,5EjozPMy3zGQ5wsX3jxax3
7471,5wBaNy59nK8hJnx8AB2zRe
7472,7yQKapIDUatR2R6xAgU5FB
7473,5hE3T2329sdMmIrHxjhQDL
7474,6K7itTDgmgQopMXg3JK18U
7475,1FgjeW8w7MCsMebjszE0hW
7476,6Ee3otJFljE6eXlYE6k7mu
7477,3z8klrCTw3L63v2V6zNK2i
7478,3Ghh9uPR8BBI1Da8YOH7wG
7479,1pe9GelSnEHIa6Pk4B6uOj
7480,5J7YJjByQ7x4GoyNOiCVhf
7481,6POX2FOrHjkapQB8x25P1V
7482,3C6fiZI9I8xEMbUSfXfQCD
7483,5H7FF15O9yujsj79WGSF3w
7484,1uzVvumt4H6CIxVXlkNdlz
7485,1gSmN84niQf7DZSCCWfOyN
7486,3DE8qtnZ6NqTwPHw99QKp0
7487,7uTZbLZrF3gqyMdQ7p9XeG
7488,6vscP7Fweq7fwosyliwjRq
7489,4YDOteqPKItMDO4AceIzXI
7490,70HSjj818HXGcmr62N1syA
7491,42ExrVF79VooKmYc1INiGo
7492,1it9InaP4WWoEe9Vm8haGd
7493,7qsumwbuTugTa2oESxqXzk
7494,59VbZXe9QPoPIRKYfPdF7G
7495,6VqCe4PcokSekHPJQaDx0B
7496,1iBy3AqXYzTAKDGNvCUgnz
7497,5nyIfhRRnV2vC2sses8J9g
7498,3K8hcut0l2mtvAVOTvQfI8
7499,3gnaCVEWPk1bEKB8WQ9AnX
7500,41hbN5xKxVt8caalPj3uNu
7501,1fOSFus6rfrlyCzrjIakP1
7502,23GoOp4r9iO7pGNpf04Va5
7503,0KqUFbW6QIP3l4IldqB9Gi
7504,1h0yRbSKpwQwnxQlGZMdgn
7505,0fz4xxZhSBR4mUOyBcaoT5
7506,2Q2CECDQyLxG3yahCEJbjD
7507,34vCGylFlvOma9UN0w4vfk
7508,52quc1rVzWyoOYcO0mQ6Jt
7509,0HcBbLlYIRf9AqUnKXJOFk
7510,6hwTIyjMsbioaFk3pckeXi
7511,42b5rRruNIvPcknHfUkkRn
7512,4xQEgHtxJVlV2GAVu4zCAi
7513,78RIER8V6EhrqVPOBi2GYa
7514,55jRhEVSnUCtPfhdiKdsC2
7515,49Q6idYDCJGAVvcqnZ2Vej
7516,5f4oD2jzyYjGM3Ds3bbYQx
7517,60AygeqnOA1CBmz6AjaCt1
7518,3uxpvRTu4VSeJtZQDrU3Gy
7519,50Y5DKzkMsTws48NvpuN5s
7520,6AMDIoPSmN0w5njSHBsJXs
7521,7DNtZRsvpOZXUCLW610GE7
7522,2GuC5ymXRtPYQtF1dhTg61
7523,6hnFawujoXIosTfuWT4DVV
7524,1OQofIG7ROkZh5vJ62ojz8
7525,1ymaji9iiLLfPOq91srHeH
7526,3koPNalAOcO8orv2MBvxen
7527,1Hv6obw4EAh6WCUGiLbGrN
7528,2loE57IWMTUNzHXQu3T17W
7529,3GxJMEoucs9bRuHaGg8yds
7530,2OsO1OPsuqHdgcDhdOEFfH
7531,3EOR8POUZVxgDQGTzXs8Rr
7532,1iM5kXwHdV6HBwb3TdbjQ7
7533,3OMqdAmwe17NWit4YphzIu
7534,5MtYwSungnCDRopSOVlzFh
7535,5fyTsmQbsQxvxptc0BnWuv
7536,2EHVBFpl5cegGIlqBNzZl5
7537,6zNwN1VcgG16tKJ9kwAjqX
7538,4MFZBEsF4RZ8ihiLCyl79f
7539,1Yz40Z10hg2e6HdrIQTrG5
7540,6i80OMtvd1JW3F1sWallZd
7541,5N7X3lGWDi4P0v2h9Vs9mF
7542,3iEWPBBP5Pp3bS7eACwAjc
7543,2yBhzvkmcqmupIHx284D8Q
7544,3blXaFfcOuPimcVVq83jvQ
7545,5v2oSKLDBdZBUHpZrrAjh6
7546,2atmk6aGN3vPVgqUpdRIQY
7547,5TqiDTaf0jqilGj7pPBtRD
7548,32fEfkwByHwr9XlgBwuIFd
7549,0XjjdOzns34gjrvCdSjQ07
7550,6WLSu6K8oAb9sulES7eldE
7551,1P7TUGjviIYVV0PlUzxGWk
7552,75kswOmSGCQAyrkOHhA1bU
7553,0F1oPyEZ7fyNsYJstJBKD0
7554,0h1ednFFd4xK5SCO8mXNOe
7555,1g96P79yraeVZxBxgwjVTW
7556,4kNjKCJhu0aBIWrCLmG5HC
7557,3FfxN6oyZfYV4osU6PlhJZ
7558,0xMIjEw9LKTVJETBI1Hbak
7559,3lsvFNqQoDOsPkSrTyojFj
7560,3P1Yb9uVorSSXPWEN1WhZ8
7561,1FK2eVZehS2SzBjwrsQCI5
7562,0VBEEj8HLa6UWfCzWyBzeN
7563,3ynsNp8cPnuCpiXROlNVCU
7564,1gQnv7ua7EzxApdD8UV07p
7565,1ZCjuCZtXpwrXqldAkFAZW
7566,5bgJOeXp6l7IeJJO2pGq3P
7567,4MvMl8hScHpKhpwt0Pgnjj
7568,4MSJ7B6g4XTXxZ6LH6Rfdv
7569,5hlxswETS4FB4oCg6g7JHk
7570,1cEaDj32tZOZOP6Vu5atMT
7571,4UMFxIJvIv7z0mEqKSwR5z
7572,64IK5Z8Jv7J8QYPx8Ey2vl
7573,0AU50oV3ypRPSxXqpmFGSd
7574,73L7epGqDon3sOoZX4qrTM
7575,4R75xNkodAyC5fvFYKPUs8
7576,0ev6G9C26W9EiOX2gFQveH
7577,6Lytqcs0fMmCO8JNewrnbj
7578,3K2YM0zZwJMjQrzMqpkOSQ
7579,69aiKMvHBFFqAABE1TEy0K
7580,3P5IxgmbTBhBV6qE867LmD
7581,3yLCXY5LZNuVYVBVojdb37
7582,7FCnni6vDMumUEoupS9yeV
7583,6rE5UhskbiwqzvkPB33MF9
7584,4G4kaGEzH3Y8ID8yqYKYMK
7585,3uftyv2SS2I6umRFchzG3t
7586,70XHAdaMaoLIOVb1hSaeJ4
7587,124CKPET0gQG8XzRfv7FKD
7588,06kI9SWR2U8wfWTlLrsoEM
7589,17KaNZx3krZcxkz64L0vo3
7590,0Chr48bf0HYe6JfDWNIs6L
7591,0RVdsBQkyhmNFXgQoHNWTf
7592,27tvZW96fl5TrUbQx3xAXE
7593,1kNZqRCXjgIDlCajMEYEZm
7594,3yngMGdI1R0RFajnSoAv16
7595,10T3nGbdIJ20aIS0cCW22Q
7596,5jR1x8L2xHbZGgbcammNoj
7597,75lcawxGkKNtDgyVBAfA7x
7598,0HxDnVRx3uPigX3wTWsWw7
7599,5RlZypt1oKiPrm7hbnXoZS
7600,6pfB6rNoOmKGfCOFaUb8pS
7601,5TvAmyE1cmdu6oRhKWkpfk
7602,6qIfBjpuqAVtA37DvWWqdB
7603,5QsrXsDGXVds7kq2roiZEB
7604,0Rd9raNAFToAAoLUShve78
7605,6mBDvP6skutOIf99z5kg2m
7606,5iIDxpviJfO1YyNtQ3fmh0
7607,40rCAsglPwi85GIEwm84gB
7608,4ePzqmdDgo7ojf6n4h0qq1
7609,3ddLVqFzW2KVnfOenMXsGS
7610,2POW20BQrkPEEdHlPwmqmb
7611,1x7BLSv8oAbC7KOWP64X9T
7612,6GveatpHOMdsC7C96OJMkw
7613,1jVZAA9QW2FQD5x0jdwu16
7614,4J98NbHX34jWKdXhJLg39N
7615,0KcNRlKItm4AIs4sixqRc5
7616,0zjsSYSeqDXT0oPOiOiHjX
7617,5jRSCdszeggflE0vSMXhzd
7618,3dcMbvaYRwHFXnDF9CozIs
7619,0gWuTppZDDipDIpw70KifW
7620,3QqKrgKRAt54tdt6C1NiQM
7621,3haZcHm3HydDVxm3je3Zmg
7622,0IJSLjuQSjoVMbUa6ear1B
7623,0IwUuiP8QujcdtiCToRANl
7624,3S0ElohISytIjaajQnJWqm
7625,2F4gYFqzPvxTZ3CArLYkTa
7626,7w4RpCrXMAQtA2LuWNU4lc
7627,3ehuQZkvZVeSgbshFFZKW2
7628,5MU58SrHMBxOpsLRN5Prkc
7629,6tgTTBaIf0tO6lvDhoXfMg
7630,0oTY8aNN0ty48wR8rwdCaO
7631,1xqW0GK3OJ4OifKFWP0GYz
7632,5ngjF2j8RYiM2lmSYw5EIX
7633,2pfYqAMeTEwLOrLaPKQh63
7634,5YS3QDraH2wWk9mx8Ec04l
7635,4ybSXuUWfhfxAWAeey6dcN
7636,1XZPhyfYskAq6uHYXvaeLs
7637,4CRdQfoAdYTNcZdMUEFm1Z
7638,2AIh751LQ0Nj6flHbhJ2nU
7639,2TZSBaIoWhl5dPZGkZlQGj
7640,65rHMqe2xkP68eY78QPPc2
7641,695ZS8EPcBhDJESjVcoskI
7642,3ntdVK65Rvo4XMeHooaA30
7643,7rsEe10ZPM46ekavcSBuy5
7644,6kdIruWNgwZnBXEvU9wcFd
7645,2JFOi1m1TO2E6lRnPQTVug
7646,1N4olBir4VizhCVuF2cGcV
7647,1T5AxPlIqzg1TSgj1DRpML
7648,37O2R0Y6IdqBkYN5SGg4QZ
7649,5SgQXgVxifJEMoKNlqhtDk
7650,1xKRwUhgYO5FEsHYXfdQgH
7651,4f0HiyWZhreKLfnxof4uRu
7652,6JO6fHEpjYE8ILDhweIqQj
7653,0YGDufp9Yo0GKVq0N4HZEf
7654,00uAaNg90rBBWU5vgkohUs
7655,3rHFo3c176QQnZ3Ucdbp21
7656,5yrsBzgHkfu2idkl2ILQis
7657,5JDTljy4XmSGaXrtnjvghk
7658,75cot8fEMlxzVNdszoRcSy
7659,7sUXNdvR2ycPRESXCMvnnS
7660,5UataKynZI2Olp6Wx5kaMk
7661,4Sh8gLhAG7SsT0L6cGM2S6
7662,2eSaXyEr5F1cojfGcKZipq
7663,77eER77s9UlbkQ2lohBK1u
7664,640NhKy4XXrWKpBUBmWY0B
7665,1r9mGafUiSgumJoRqyLrSt
7666,6LlUAzeDR4D5y0YsCkAlFO
7667,5eOtC16HlBDfAzaWI8bGkT
7668,2wHSycmbPAevJFbtVarkfy
7669,5BHIaelBIlUh3Xeh0tgKGp
7670,6B6MWIzXwsTWQpqYzw9bBI
7671,0pUnXODNHRk5FcydW26A2z
7672,5t2SPirir2kgpVC7ajGqAd
7673,6SVlbchNAGg4xWgn07cX7O
7674,6CCVWVVqhhZgywZFSOAX2R
7675,6U8qPqH59qACfJGqCIAa8D
7676,60dB36D0cDJZrUXaXVv3Mf
7677,0KtoSz7d0VNbU7omyhPpUr
7678,2Kspa0jD2MSkaEdonf4Cnb
7679,1tnXIIJfc8L3VhXjizFRJz
7680,0cXTItNAEXrqvdqXh4Ii4j
7681,0MT7RXj7XwkyvA0e05fgo6
7682,7pQQzqKO99KICwaN7jVdOe
7683,5GZEeowhvSieFDiR8fQ2im
7684,5WPTYqK4CkaYkBY92WhDHW
7685,5cjEpqDjMpLykMZx7IvbDx
7686,57yO9lvrCFaPcBxofeZSRA
7687,0thawe9J98yAzPxQGvbPry
7688,3IOS9KiX55fiIMi5l9OxJS
7689,0cjd7hXm53E1xAJsIYcSJN
7690,4PQOIfA2YlJW12UL9NOCa8
7691,1eRVv2aEhno7auqmwDGhCu
7692,5CPMSCsaWfEZW2uGTj2jDU
7693,5LJ3pG74uokC5RtLmWZZP5
7694,7eEXgFdeel4fKpThaiKumy
7695,7pWDkoTeGpd8WjFQRMwaxT
7696,2VFP9o7M6gAsDdvrEuVZjt
7697,7AhuTH4FeLdr4trLo7LfO9
7698,7lCe5WGwfRgmW18B9Qndyn
7699,664ISe7m2Oh3GgkB1hx5ev
7700,19ZzQQ2j1HEvr6TIfRao0I
7701,7HglpkvAIM0r1LKANGNuu3
7702,6GWnHbQsEBHBArRFQawFjP
7703,3yTVdfqGwV0DM4EEOYlVEp
7704,22N66Nd37pZS5IwpJYZFko
7705,0LfHOBtDSVu3GqMepz5Q6L
7706,5khW4TAuQhweA91mkkN7Xm
7707,1luTzGIJd60xpqTggI9xBT
7708,1F7euzYeo32NncoyEBo63v
7709,6TjnJsjjsnUvzZ29s81gii
7710,6xmkAXNYvbOGMvNwtemMuZ
7711,7rfnWoni3z2SUAKG7CO517
7712,5c6y0ost21WBanUfwGnwW3
7713,6bes1nUaBoHwYx8OxPukoL
7714,3jC87fox2sHZKY1VKHw7bx
7715,3PmJVWfvvKOQdv1RWEY1Zv
7716,0pvI7Wae5yPfmbuvJK7oyo
7717,4JqD66IsCbamtb46abX0xm
7718,1Xa4wxpBf0DmaumCCzyIZH
7719,0hBN7k2AAmbc0mM4cUAmQH
7720,7lltddn6hadTukxKNLgiyD
7721,1LOHJtcqflBK9EQiSB6Foc
7722,7tUqFypbLDK6UQ7wZdVTcV
7723,3MrBYCqoZYz0fVVTfdSFq6
7724,2Rq1E44FOtCaPFILroOq3n
7725,3UQ8LJ78Im8REs9YqnhTap
7726,4baMV5wlmXZg9AXf21wHEh
7727,18FpsnFOXDsZHqVMGpQH7f
7728,7k9daKJdSS0xvjMJ5QEjpZ
7729,6N9uyMZf9pbNOuomveWscp
7730,0fwdI5mBCHeMcpkvgqlQIs
7731,23gqFO10HOZVmIz9JOLWDK
7732,0W4NhJhcqKCqEP2GIpDCDq
7733,5tj9dyFm9ZhI5A6BxbohKw
7734,1XPf4kPMZmhxXViiv3CfSc
7735,7Jz3llEkrqNYeEuwt4WUnx
7736,1t6moIqtnuDpJHUTMDvKf1
7737,6KGggJ08SRmMuJojRYM4Lv
7738,5CwQJKlLDyoZvLfoito30W
7739,5ql3ql7IU8d2Q38Z74NlS1
7740,2NGIy2TTAjQdURNM6sG1oL
7741,0jRcwcf1zkyrxpc6znGOpz
7742,2jaKZMHCNN09I15QUWOwdk
7743,3dOdTTBgaFjWQQwkzutYRK
7744,1bo8dhTjhEzYf9xYV7rWd7
7745,0Hi0801deGQZNMry5GQjRL
7746,0frwy6rOEZwvvujEagPhAz
7747,6MSHCEggEnFCKqEc3nW9ZY
7748,27oqAdEmp480usR8hPV5Iq
7749,0gRhXiFgrIz8OfSW4up1k1
7750,2tWrm7IeJVOjazBAhYoBjn
7751,5bzaS5tAni5oUpW7bWVdtY
7752,0UdvkeeHhsqdlUSGJWZli0
7753,0ENTyXOauV8ECRPkOVGRAe
7754,0ydLC9YQTxCzV09zfLOZvY
7755,6lYFOxYfLyIQ7ElWYiE6gl
7756,2Wez8ZlZdXLxjxpekh1PGZ
7757,4Kdk0pfH78tYPu3FVYJ9d9
7758,7f3eLr4vhHMrGjOXOuArVQ
7759,1ZiAbdXtDQBhDHdYcmyD8m
7760,1h9dZPr48ANzFAiWDu4lU1
7761,5UXE4O6em0Wy1KhYy5KsBf
7762,6MtI49ggHHumUTONlvMQlq
7763,6BudTyfN4IAnhEndUwB1j3
7764,5M38MWA6seLDUqZrW4n5q3
7765,3IMBepYf5WnZsHljkPCEMq
7766,5nPArou2EXsymzuAsmQbTQ
7767,5BROOYEhCSYxPmf3gBRAbc
7768,207WuCPF8Rwsv7Ko2ZzXhr
7769,5iKBrWAl19CE14uzotYr6T
7770,4us7ODmkxyy1PAQlWXdW1p
7771,1Ldc16Fn1PpjasAUWx9mFm
7772,6yzty3y4JAzaDB9GR26Wu7
7773,6AyP4rJWBeg9Tq5jvIlyiS
7774,6cvDm4TzE9Rartsazd63S5
7775,0aYIzQse6hDxvXWFZI1SdP
7776,0iCpRcqgoDM1mX74kufIvK
7777,25VTznfloDkPZOa5SpY8gg
7778,4X5PkxLgpmbgOKQbS3DfLO
7779,1fAJRyUJ4U5xtfpSfLw5MR
7780,3n5kbHG9eG9qqNKeLEaYmP
7781,7jioQ8AsXJlHgLKwNtTSmc
7782,3ofPqjGGOgZp4b6i10n1de
7783,50D8b5nR3dHXCtEmYJ8yeN
7784,4YUIBUIdS7Fkxyl3NIflqv
7785,5lFnHaxp7ackzfgyET2WhP
7786,35UMS81CUOuElhIkcOCSsg
7787,5c6dqKOdbyDFvJ43vSQBxO
7788,5Ku0pfmAZUyEbO5grfQsyP
7789,2IyFYm8UYOjXWKxNJsG1yy
7790,4dCIoFnNwKJKdvxhECyerF
7791,1piW0gumM5RVAL9zoBcJkq
7792,3raN3OHxmFyEm7E941Ez7T
7793,7FwKrgidVamfkCL3mcIAK2
7794,5cIDMcxMTuSl8Vm7IbydE6
7795,1GlJFT0adhfgzWYeTPeizb
7796,7ghiReAyiSJSZdE1KZ5pkH
7797,0TO43wRfSkbcckF3CFpQiP
7798,5ilgu9Ds54wBPKL297K1iH
7799,0mYpdTFLWzHCz03TfnBFYB
7800,1oUZzUNJ6voEqlfB7YqJFi
7801,3Ou23O6g5ng6Cy7BQE6uj6
7802,1QhfLopkAAkDRpUmMJ1ZSh
7803,4OnqJ1ml4Jgr5AAKNrrYCD
7804,0N5x5UmYcbBeHFJtCCqf62
7805,69ku805AjIcFQh0IfkGohf
7806,4dLyzmnbo7dMAA2FsdfrUV
7807,1Mf1vedT66sgUPJeraQafl
7808,3cA5PBQGFlyXIemTOFMjPd
7809,4noloR6nSCX7XTvCo9I6hB
7810,1urKUd0SiWZflN8CZsvXzd
7811,2GzeLTxnkNzSeul1E8Tg0l
7812,0IYAfWg0hShNH0RvxP0Kkp
7813,4PSqyl0DNl0B6HTXk1jlNF
7814,31LixRzS5G7vRbfYFBAnOe
7815,5N521RK66Z1FP0Oz6B4OlT
7816,6QS7xGnz2B1jVbIdReS0YV
7817,3egYAohHRKpeF6EdEZ2aoO
7818,0WQ95WwaXYyJOuTDwWrYcT
7819,5OU9pkK0wkHJMCOBVYafye
7820,69R7iiljD7i7pDMWPp1snL
7821,4P9tzAG2BK4cM6rheLhRoN
7822,4HE1z8GUYUMzbpcVapjZ3L
7823,0wKO2qrYbK7EXhceYyGhjw
7824,0FOxV2KPeh1k1W6Qe6ZDpg
7825,334KWMv6pxI4aUZbBjeZpp
7826,6UWR7A6tP74kcuTtfymXgd
7827,0RPNFoYLkR21vJM2tn0fdC
7828,3SeK5y5GP5fhw7r5PKCA2D
7829,0LkssuXRYPFYapjXH9pJBX
7830,6lvw7F25sLuIqsZVeM52Ks
7831,0zijOBomykIqg9TQzIH6w1
7832,0QAvQR0sWqspMYMkJCp1ox
7833,0nZ0I4NnbeUN6pSC13wbJ3
7834,3r9aAO80BKpY4MhohUXAab
7835,2FSDxZUXcc0UqkCXK6QXFw
7836,5zOWI8M4N6tzX71kNYab7j
7837,3VUe9CYgMWFJhF74WxuVm3
7838,6R1OXiYnIvnOooUPOGgW1l
7839,2hhJKC2GMc4uRmuvCs1Hsv
7840,3cv0TkSSgK9UqsQuhlTczG
7841,563HSFCHokFZGaNL4WY4dY
7842,1Thtye2xsmvvsqCDOGfCfL
7843,3m7CSJJ36AIrqIaDF4E3lX
7844,3ciIJIV4Na8ZTcZF9TeqUQ
7845,4xZSaMuwXBJh2NjS3npsib
7846,72oWCYAmF5wNPyw7LGdx5s
7847,3olGQGRyDZlxnuZY5ZTIJv
7848,27rSo4fuwHbH01QuQeBPMZ
7849,4iGOsHRmxmL4wIci7Yz6Zc
7850,3pAWCNJ1cfWwaLfjCErBCQ
7851,4ZPYgcQeQOT8lksne2hCad
7852,4Iwl76Tygtg9i9cz4BVzlO
7853,6ZZJmT9Fqgu1KsEF3I1rYv
7854,24lepQuZF60EYEoYrBHVvW
7855,7DPCB1ZCbEYe8Bsl495Hdf
7856,4xv65YSaomeOHAYZmjhKbK
7857,5aWMousRRsFOROMVikDtpx
7858,6K5gz2PuWu0IMzA96FE1b7
7859,795GL6zHUQPwX9HXZBCaVS
7860,2om26BJOzO9DQEzhPr3WNG
7861,5li8Ec2EOwDK9Cx39nTQLF
7862,6smSxOTQDrVojUbe9s6pEj
7863,4Uiz6feKg4CdNtnPmd6OHF
7864,6zWJc78D3bIkRM8e7sopl9
7865,1lj6XMtLdw8jp8KeeqHob0
7866,38EAAGye3SgcHEdijs7SV8
7867,1hWNvtvxScwjYUWbosrJUC
7868,3UL6Lzsocv9Ucizgzid2B0
7869,0I2M6QPwpwi7UajAjtqo4h
7870,6RJJxFkLGM3Ch6MeBNFlRW
7871,18aIxk1Rfxx0X5p0Mx0bK3
7872,7oDC3JMYI55F5F4iFuzgkZ
7873,57BSBtwKR6yDQk1o0Cu2hV
7874,1IGb9DyW0T3xrPM7iwG6Up
7875,1dytORtqcfaRkTqPyH2iQy
7876,6DKU1Ox14Q3yCd96mPzc69
7877,1B8AwVzcSW6JzPJcGm9J57
7878,6s3CGfsdAkYArD9tnBAed5
7879,36jNHaDGVAT3u72QY3IZPg
7880,5vX6EEjC11MiFdiEtH3qUz
7881,16TG8BFJFTPnl6MbcTq8RM
7882,2wzsjDlpb7IomJrFweCDKQ
7883,1NNIhnPts9ths2stf3OzvF
7884,4XOnM8efyB3PQanXQnwlGO
7885,20qkOeDtdmO06und5FLf4Q
7886,6FuDoM4p17sp14VLKwGGWc
7887,3YX0cOiEoVT7GutdoG2qe4
7888,5T1DnPsg7KzzOaPJfUnLlD
7889,6rgXlRBlq05UTDSK0Xs7Qo
7890,5yB4E4t77x2k0VJTvRazQq
7891,0NAjI6Y4CxDPUudZxdCSBD
7892,5zi2edGYLcRoN8ZKFQBlWH
7893,225UfHfizIxa3iOotygCeL
7894,5VarZFY00sO54HErJ3TPCI
7895,6DZUwINpkn25FGGDlbTlX2
7896,1j2qKAU1CrR4yAmN6eLAht
7897,2BydLQAh7CUIFvSEqAMc4x
7898,2mlIzqDE7RaMaMx1UPdsXL
7899,32m7bPVwDWMOXwfBKNbOoA
7900,60BxWeVv8JXcnO6uh7MIN6
7901,3RsNFwGaNQBXWfzf8rm0ft
7902,4QLffUPe8WpiKDsfk5Ctqn
7903,1I7dV8H242D902gR3UUhN6
7904,3YN2Q4dBTFZFXOJv5e4MiE
7905,5AQT781Qa3UmmKIkqUloxC
7906,4ESZ35tdq9XokXxl0RCZ4V
7907,0QIjsbm2fh1cJ45XO9eGqq
7908,2VMVjIaUarr0QCsbCRaRqc
7909,5kVn2ll1bQwIkG84dqAn41
7910,4yNQQDEvSS9A7ZwurbID0p
7911,16bWuJvbPdRhhsPox1hkEa
7912,5wqNmvrUWG8Li5K6jWkgWB
7913,5fBlnN4KvXlH1T5CmNE5Sm
7914,5IWFIQzlb38d2FnMvUDZPT
7915,2d7DNxyQl7NiA9ajaJjRq7
7916,3dvynJHFt37j6R8CIIEZh5
7917,0Uk5SIuOr5PYk66ShxGRO0
7918,34OK6exAe08bwb1H3u365f
7919,2S4XWQI2J4kUptvOAwMrFf
7920,7pB9qQiCGYELJWHrNIxJ9x
7921,1BuTKhvxY74Ko2t8QIbsCx
7922,2h6sZZe75FLYOOGghYdtvz
7923,5jNUEZods6KMBOQi3Le3PL
7924,0zN83srWB2hu4hPjQVdkyV
7925,0dgB0XzxiiChPZOQesX2SB
7926,67k9neQm9nlnMnejMpRXSN
7927,2Tq1h8MLqSCpsaCrvlWJGw
7928,1rV7lMDYvzhWh1LBRFQF6q
7929,5kGDLjDIu0CAXydC1L6O3g
7930,4n5WSwkGSIjygaZhujd2Pg
7931,021PQTMq7rwoMDci9piPVm
7932,3AlYAIWuDs2bYLevsTlHVj
7933,7jMCYENwZNflD2HJFJxT2M
7934,0ja7fAjEUM6qNaFrBT9fzM
7935,5nSJEh3lZ99BRMB61BCQUB
7936,4arVDIdjflsbx7jljD5uzc
7937,4Qp314pb0AzgGkkcaxfoPu
7938,3z5khpA9rB7HcDDT7DxeBq
7939,1oM4t0qaBbG3IabKOgns4B
7940,06YpdiJgydnGgbkRSTpe0D
7941,6YOXIjeNcuh1y6SpFoy2v2
7942,26rUAnUqFtB8Ysr3J1mwdV
7943,2nUHEv8eeswF0LylAs7ehe
7944,03W103mnpHhuanRI87IHxq
7945,2MQHvbj7XVpBLRsQtTTKFK
7946,3EX5oexC0zOx9eBqBncKpv
7947,0ZqGgZlTx8MGKMxBiuftJO
7948,7xF61dJ6ZU7nasaLUCTxdi
7949,0FZbWpr0eOL2pPXM5f6RQr
7950,3kbNK8t4htLuksbX8Lpqay
7951,1ag9WqGdUwbgK6IyXHh4Jd
7952,2ERoiswcZQdXztyYNODB4z
7953,7ME0GbntgfUunXVoE40d7G
7954,7mBSwiqs0AAcjdojLn3Jxh
7955,67o4SPT9JZrBwtwm73eKsx
7956,6sDm7q3xvfcZZs3xvIKtva
7957,7H0vMBUk6NFhLGKFcdFuHe
7958,38AStPB2gQdztxRShv4ZKz
7959,3xZzwgGEKZmEMsqZOTTw1z
7960,6KcM6et6Pn6UIna1o8Vl07
7961,45Sh8KXE3TcsHxQ7CDvLrw
7962,2nNKXDFRz6cog1kolC3efq
7963,6E1OJ2yc8uxlwDDNHC1LVx
7964,7wVdKwd0CZkzLT2cRcTSqz
7965,1gFU425KgY9AmxTkQfZDd3
7966,0l5cmFGWcVxwEfDpZXWlPM
7967,0tnWttCjnY4Y6bBikKNnTK
7968,4xONf9uP6alNXvAmupmy1o
7969,5r1rdd0eq780nePBvcVJHe
7970,5qGwtGxM7zXqWQc3AOQKbL
7971,0Z3kppxLytZRAz7upUHwRo
7972,6hVWflIh0QofOapUEGTDcm
7973,2DjlBiBnBF9gugeaN4T2yV
7974,2yvZamzwXZAtxdmPPtEtb1
7975,3lJdeFEpz2clW0FXrATXvh
7976,3iGW49tnVfBJ8iatKOF2Ao
7977,6Bhr1syxudcSLlZ4Rd0Hwl
7978,1xugsCboIm1yILqpLvH9aD
7979,7Em7L9CjNgqdKDum72KQDt
7980,5aYWnrsYvJk8NT7PmUcxVN
7981,6ROC96qNrDlbWmIKtt93TV
7982,0zj9RFdQPvHs2SAqoOENU4
7983,6RKTY3Hg1q19kmrlPzMCIh
7984,0CNAObKz2jAqpIRsYzMUAz
7985,3NRWPQG5KqYSv9PDojRpNK
7986,4Nxx6yYca09mfXVn13B4TG
7987,5hPkYh9o11ORkeLvioOC3j
7988,0yX1VnMvtK1QNNHF3JQYMP
7989,6ANTcHah5IvtlMw6xKvW1X
7990,17J922Dp1oLqEil02s6QHW
7991,60AjD687GHAzJTcBKwbjwo
7992,2D7RkrzbpHw2MwABvAlKY9
7993,4gfv0mYZvVXDJNRt8UjA1q
7994,4mawUzzbSUB8WfbGZLGuUk
7995,4wWY8mfmAutHKzqBbmP19L
7996,49oArb5U9DsUXpPSjDPsob
7997,5NRIgPRBChNTdlWbhCK31h
7998,7lax9jvWoSKXIxwaotLrTL
7999,1jiL4fE97gcq0cOvHqkLfz
8000,0b82u1GxDqFM0uqp6K41dt
8001,4zXaiC9Oi5wFN7oBckt1qn
8002,1RmgPHeZ5lzUKgjRFwHlSj
8003,7nHNAe5SXIHae0OfphN7DD
8004,3N58KBcWcAN07amfaLgKwp
8005,7g3Htzh3rezIFVWAy59vsw
8006,7dQ1tN766W8BdRHei6H01t
8007,2kA8eQ3PZLNVCFAAiPJhfN
8008,4Fenl1PvuqVz8Zwn3IDs6x
8009,5Dtrd8culSjl7adkcydArk
8010,4cs8SKrbcjbXISYLQpqqDf
8011,7pYqz8KJeGFSvoPInbupQC
8012,4a074b1YQNkbNBAIDjEXHI
8013,1wWNJGAE7PtqBK8CaHd00a
8014,0DzHibv42PeGfZu3feEmQp
8015,4k9T9gxKGhjKJpTSRhGdDZ
8016,5jXkIfEuXtDo70a3KbmVUB
8017,1C7lRm2Y5keQtYeOJ5qHh8
8018,6r5jXRHhCKgPj0fxjZ2fBX
8019,0jwqqbW9bpJDM0FAUqzTrB
8020,4mI4VMbIZCyhgf0olUtfb5
8021,3lSQlfbEvQuGyaZ7rqk54O
8022,0axj1may4SXBYi79pjquTx
8023,1fP83UzeVxoBzzaumStS0d
8024,1QgU95WbOJulz0Kuair04Y
8025,7559mU7Aee1Y7X5Q28nBFQ
8026,0HtrvRY1NIlH0wKNV0obs9
8027,2QV0yWj76FGLzK6gqFWNSb
8028,5yHRupjhJzuqxW5WjGTRr7
8029,1hJZFxflhsCvlfVIXh2vlQ
8030,2bD8inNuOzpVuflTNpors8
8031,7ce0ZikjB7vDPSTsDEP4fe
8032,0o13YGGsZ9VJIS1hM71Rl4
8033,1WOBqKFHNfoPbQRlt4gGBn
8034,7bx2SaRNKp1WOB1jeZuOVl
8035,5qMq8ITRVuTwqd2pDL0gff
8036,01aOUePAENh0CgStk6eU8x
8037,0SUn8NQdYxQEn8H536U2QF
8038,21SFcZoCkasEx9Lu9B8uZk
8039,5LVOCR8fgGPdFrnWhsGM4h
8040,67tv8s6iNlSwz2RxVPcoY5
8041,3Xj5xN4z8qIKFSzJTCFbLf
8042,63kqWV4uJovbh830PAwC1J
8043,4nOfftSXFXyc23YJENWNwm
8044,1QlYeIfIlj2PI9mKN9gElX
8045,2howvzFOQExWLRPIi5TAcn
8046,2tGJyoPfcbc6hFtHBj8ki4
8047,0B7zlif5Wt690zf7bWBcH9
8048,2UDan51l6IdY0x9ppCzu77
8049,6QOEpr2YBXBOjaeefT7bKC
8050,0p2CRPwGvoL6oO0Vqw2N6W
8051,6yqPlpsE8kj4KpVu8FkEe6
8052,0snhTvHSZ5ACrvdcVWeCDS
8053,3KNahSOED9ZUJREZGPNhwH
8054,4iBUK11ltUdoRUVWf7LXGR
8055,1n3cDnsKveliNsejFGLTs9
8056,37pmMCR4KBMXLTZ4uBrLTR
8057,4pKPYMJybLjuNeczYf3Vlp
8058,1vFhNqNIW2DF2RKRkd2pyk
8059,1pnjsouE0VNvc9kKc4rJnQ
8060,1BCBKl3lmsP6AFTC6U9O4L
8061,34LMQb9wE70d6KhZhzHUo1
8062,3eVaBg3RL8hJ4N2WtpgcUT
8063,0gGJO7JM51uAUu7EE2lxx6
8064,2BfJzVGz5qM0XXSQfZYOW9
8065,7zkxhHLgFlfOsQtteVyy12
8066,48dZME0N45oe8jccQlTqtf
8067,1gkn90ExKRNAOlhDs4RoW0
8068,0GXCkKnneRQ1BIHKcAxh9n
8069,6tJQoO8UuVeCce7YfOzOjG
8070,3Xw3UzQjdIWMuHvkOjOL8Q
8071,0L3FhWW9eaDbcxrhoVdxm9
8072,4ahfLYf0VLVVvN3sdOyQN2
8073,2D9l8TP1yG1L4dyL1j4Wxx
8074,2nLV1Q26el5lZLnSDVXlEI
8075,4qCc2AVDeJYIpAHi9AX1N0
8076,5DTybOL5IIaw6PqDgCeAnN
8077,4GkS17JdvJY5vnsYqTGPG2
8078,5QC8pVz1fLnw7WPHKlMGJq
8079,6OG8fTcc7S5HWuFYVc5WgR
8080,58L5Hzc19P2R3xbNWuPJsA
8081,2crZPjOUT8UIaNG5FxcSxd
8082,0pbamYwkr3Msd1GwGbml3p
8083,1p5vC8IQtWouQOmT8w73vs
8084,7eeOmdMC38rRFXIDH529sR
8085,0TIsUKdA66nUJsuN5S6WJP
8086,0mH0iiNINYULYFwszeqWnW
8087,0Q1fk5Vv47kO55maGLNkfp
8088,5tUxhJPbbOB4vEwm7ax1m2
8089,5RjJ6qDkxfXjHWRD1FESPY
8090,0p2CjR04VBOz2Dy11yzP20
8091,0O8cjpT4jO3ngCdkxf9726
8092,7qRPjRdEHJYRx3cFpFHFj5
8093,03NMGwdg1xdoayJb2vApZf
8094,5wWQWPXrFhGcs1qCZtSA8D
8095,5WVyL7CxW1ZFzrrwddj1tl
8096,34V4AQJoRofrIqPQWbNODn
8097,5GCiYAyxzIq663P3re2IPp
8098,3o7e1QvmXiEMudi2QKP8HG
8099,14uhuLcdJvQmoGp7GsJfbx
8100,4NcjuNvFzSxBz4mHOGMNZI
8101,1X8YgRhzbdXb1vZNLUTn9g
8102,1t4daXDoZ60IcOXvcY3EvL
8103,1w9beBXijjhi5neTVuyQMc
8104,3DF1OtBQvEZTslUJtMfuWq
8105,4eqRCgBy6HPbzwxu3judR9
8106,6sn5LhFm2H5lq5JO6Q9EA0
8107,0kNLCXZ0d2ZGUUrYd7Fgsu
8108,1RPjRfGj71g2xsv3BpK1VV
8109,5aEdPIsvVxAALTNqsntxZF
8110,3V9yMecVDWLlihk8kRBR3I
8111,4QE1eDmgkK7b29TQ62WSSL
8112,2oZpJ4aZ9FBsb8oyqTsz5f
8113,7E839QKCRUgVp9c6CwlW9L
8114,23fvKUmcwIb6ZpQQaXcN7N
8115,73mlvsfJM2qwlDUJxeaatI
8116,5PzHp9QK2syHELWf6TLFOd
8117,1KXXEs29uuTPpIdXnpnXTZ
8118,3j5YAo2eAquGDBFTlIv7YM
8119,4ySDmMfESe2HBLqxGH5EIC
8120,5NfDTmK8fnXgLmUqnFWmbx
8121,1KVydny31g4klYerLWUOhh
8122,7LPPCLJk8VPlHhogjk3948
8123,6CtaYLn7qhHp7SxtKMP4RU
8124,57L96bOMeUEo5OiQAceX0x
8125,0XsNujkZbPOmHLswSnepiu
8126,3rVAv0JStzyY3G6KlkO79y
8127,401EB7VNKSUZeFwQxM6vYM
8128,6ExQ3wt9pDp0xdU7QbG49s
8129,32d05unhZMESdKv0dBZJoE
8130,6hmbCpyrO1Bs3fhwwajGCs
8131,26xA10RQiMibHGcvLCPRlJ
8132,26rzYxyfEcuAfga8ZtPt64
8133,3r2Lm94CCdDJJ30BDh0vmV
8134,1lmyD6olLDWFAn35iIEoKe
8135,0XaKKWRNWX2TDQ8KgqvVfK
8136,2lJlYPEbrOitlS7jI9VPwP
8137,4bidbyOK1pdyHM3Hu0cvKO
8138,56WvK6Vvr2C3NIH4Q4zqs6
8139,4jd8HClRXKSPLMiXBPEakE
8140,0k4tYayegQhTiVvy0dmWAK
8141,2IOViM71uj8xksoqLb8TCm
8142,45PgDDXwrU7D7WvQlze8VB
8143,5YdIA3pW3ayKXjI8HoXdnR
8144,3TFO78JhsoNbQUrfKfGdIo
8145,0a62hyADXEUpPzjkzXaFUd
8146,3WpfQa8gfFZI5DZ08zHTIx
8147,0Sf6UOOpScHFaa7YgZhYYq
8148,3HARK7l7hDTcKS7MymQYw7
8149,5xafH3RXDs4GQqc0O5IhUa
8150,5773KSWFzg9kCc8yazjbSt
8151,6GGLRTdSqjrOqnve1nVAbg
8152,27Az6RYkO75XoPCeE8gVX6
8153,2uATd7prh7ibxeIggGG7NO
8154,1kdObeB2NVMZpxRG4u0C5v
8155,3dygHSr6gI25idXCPJVKsT
8156,25NQxzEmnYBZ3BKo1L9EKV
8157,7AzunAhx3JfoHxYS5N6KVx
8158,4c4mJacXKGo18ZPOg5BfYH
8159,1t5BZQvZuICuYMLqNd8CG6
8160,20Hn9fyx8S3UD5AsqVaF9j
8161,1w2se7iPNv6zowccB9vjYw
8162,762yuu2n52bzhTvHl1x6vl
8163,5jbeHmZqDW5bTzdusnBAzz
8164,2Kjw7ygiW4PngpMOJOtJo4
8165,55BtXFyiZudDfjYlJAuOm1
8166,4MZx3WVkRQCNRZS20OOX6u
8167,1Rj9XHNhkUPGPFNmjZqOlb
8168,2ONbk3L7kUrO0VeGczUkSt
8169,4rbn8EyV8t6geVGAE2Hm6e
8170,4uTcv9ajPjdusuepsT7NXr
8171,3x4MNvClOVXAZASsdjQb6i
8172,5wuN8B0FcLmMO2CapR9cpQ
8173,5I2FzN0EdlQncZ0fu6ZnOK
8174,08QJlqezBxnXUl65gvxoAw
8175,6fhi9GwdH3rO8uU48VqyJ4
8176,1o3VcZq1LeHJQlxpSgymQY
8177,7rOpqEYYtU1cjxkgdPQ6Py
8178,5dv1VQpsAbUv8xf8MrhoqA
8179,3vzDXdr0TvvDUtjmG1Me1O
8180,77rHnD0WmspHJjJmv72LMt
8181,6XqSaqfQCbHMtODYIcIMlD
8182,1REX2q4Fverp8zH7KuSeZC
8183,2uEuo87JC9tc1dzmPUtOxj
8184,2Biz3451NZNHOMDcf366AL
8185,1g7NUaFstaB84jLTmOwIor
8186,5bvGVgllIIJwcy2YstlGU1
8187,3TIgDzncZqyZ0GhrEic3hE
8188,1WWJ0Odv8cdtltd0fHV53x
8189,3RKV0qgfRwF902iLcbdZDv
8190,1lCSVEqFldH6cTMnm28M8k
8191,7KFm13P4rZJUSJs1p0AlLw
8192,1gXBi2I04CLJkTQnhNfEJT
8193,6mS3Rb3J89Yk0pARkeZrjB
8194,5NEfXf1TobiE8EXaXkGy2I
8195,6oAb12ZbNpaX8vka43v6oh
8196,6LhNTfMZSZRuMz2AReDKAD
8197,194UkgY9yuxcIGhTBpFVPp
8198,4h8HaUH3OTcJy19RLNqVhS
8199,1AWX5GjF18inI2qjSabbvt
8200,2gAkdClREoQWzp5hjtBc8C
8201,7baHwKZDrbFGsCz2NBKc6Q
8202,3U8cGq7wVI2N2jmrUC75qW
8203,4AwkzbOowFuCCUq3Q3VJxq
8204,3AqydzHbn8KtlKxymfe1fG
8205,7aHpYM3FtwNtPfq1Xa0CkM
8206,7yRmN8ZwGbceM5tHCrymLs
8207,4k5bbxYSof97AjeFHmz2US
8208,3v9xlH6BpmRbqL7hgNJhfT
8209,6uFrMDO3x5OuGFm5sqESCA
8210,0ycGEmWwSSIydfx53lM65M
8211,0xwBnVDGM7t5rjDN7AWqx0
8212,61hyN4WD3KyJ8adCThANGr
8213,6A5CzWtSnXMaYA48hGEd1E
8214,46WOptLnXUtH3LOyYvmMO1
8215,1h7nTXiplKpc0JggrHi02s
8216,2X2bXBnt2ny794ybtj4UBM
8217,44my0KbiDjyTIy0JWlvolJ
8218,0MF11CjcJSFuv9Xq7hBzWz
8219,7BEFQAKvJMPtLUVUTAnO6S
8220,2THDyOsL6sCPy7PUBmcPou
8221,4RBtkllVOCvi0p8sfJouko
8222,3NN3bw0UMt3DbFUVGh78kV
8223,3nlH5ZAcuhwjOf8WP0bveh
8224,6ruTOENIpqwSHwahpnxV21
8225,3q6Yi9jkx2haudm4qqSIMm
8226,3Y2qOAhkoxQlu70isD6ZB5
8227,77LwwnpmNJ4mU1yEzK0pf8
8228,6sisHSMosobdW9KV9j8v0Q
8229,4YK1tf0C3FDrChMBGhTfge
8230,6hZxURvhGJz56rMdnaOgiR
8231,5hDMv9RrTCRN2axs11CQQT
8232,1pobKkzl5TXkJf3VlEYRiM
8233,042CVomhNU0aFrDBfWJmqo
8234,7qnCJHj5rzdKzQKkQmrlad
8235,1rinpe3CAosv8ntuzy0dVa
8236,4CsJKIAK2u9wW4ynmUlCDl
8237,6nbm9s3E4SR88pCStgLF3Y
8238,20HpRfGcg3neSqboaQHvLC
8239,2B5wbBEuFqos6qiOqlxMYV
8240,0Z0PC2NuNTeifRlqlMIb7H
8241,2ar4BCZuOW9HWxQCmYcYDw
8242,79TCwUjcFGuGGjkG8y5hYa
8243,5yQrDTZQWPbhbpGW7acvmm
8244,0k5PuYlqXIjZGRhwOqHVol
8245,4ggLe4PnJfll1PJ6UAdHpT
8246,5AvssCglyvhDJFOUYn4gOF
8247,2BUlzsFF1S9nGbaRrxTjRW
8248,3WcC6NH9J77xPEvj1SOL7z
8249,0r796rXjRR3dFQCwp63TyM
8250,7oEqmzVu104DGJn0MSlZWk
8251,6oFJhsqq3m58FFDGx2wH3K
8252,7skGFJCVGH5hl6HagmBFff
8253,0Cw57YrHhx11N9HgnBR6eb
8254,79WZGXF8nSMHtZhCpM1Q6A
8255,7xhJ61CrY16NxqXzWusKyA
8256,7u5EKrB9g3cjIBFPjTuK63
8257,6DZxjGsqqoOg91KRcoLaBh
8258,54SjAgNdacuDHMA8ocM809
8259,4ziChG7mTYsGzq8SSzCy6O
8260,62ZQaNo7N6hf6U1myRbXcP
8261,4yonc1RodfsP1rAcVYsKR8
8262,4G2VE1LHFHl5bqpk565NQm
8263,2jRdbTPNdnMinvovIj9xkm
8264,2IyXeS5r5pGye3zOSQj3Mj
8265,0QPRe1oi4nyTde5aISVQhQ
8266,1F7tSdRIWtNYW9QyJEkyoH
8267,3Ab5q5f3X6wlinfXu85ewf
8268,7uyVP3983S5CCUMdpZTQVD
8269,2cxtDYLRwQqRa3PRapbnWY
8270,1w3HCdSYm4vO7yrU2abcH2
8271,5pIIZSeKA10sHhWN2mOdr4
8272,5KUTUYiZN1RFXp6Wuye1Cp
8273,3x8NQJlgdzI5aWMVkB3BIp
8274,1nTkB3IqtsPtQXL0fCUSnv
8275,0V1iYWPXCBTaB6dhbiprGF
8276,4XLCOyUIUVv595vfIsh9HQ
8277,4bIvCnXIjuxEAZP00Cdv0m
8278,7cJvNmzTOO4WR6f5Zcaq1j
8279,6bro2XN0CyWYoSTJHcm7z0
8280,0QnQZOelJIQEWC9Tt7syOf
8281,5LKWVIjtkzR9XfHj3icAlN
8282,0WR8TzaJaljDFTv9dpWP1z
8283,74LcJ9wPRothuwAMQSD2Oc
8284,772gBHwuvPYe5i1Rp0NRli
8285,1dJl64o1nqoHcwegSIqzPY
8286,533wlfiACA1oP5ygANpOez
8287,1K4VZwgvFxs68itkIULbLq
8288,7lzsbb8E1IEV1RyjLsnqtv
8289,1twwdGlek5RmdXLEGWBOT5
8290,6kqRLfEnKGMkYnolbksIHq
8291,4N3vPjL04eJNzUdGfT4Dfz
8292,2BKIwvQYSFGyksFXZW0yiZ
8293,5kTniAdnWOYfqvzMSfgy19
8294,68Z6NhvWtLRNpK9O8fkije
8295,2bDCAxowWfuK8BW6Njcy4Q
8296,3sOMPZrDt5zYeu5IGRXxuq
8297,1MspSKKfXwp7JHqutz76vo
8298,4Zdw0q7IiKBsk1bSCCjjpo
8299,4wQNftuMU9ckC88SVwbkhd
8300,1Mbmvn8vVfmLp6R6wzFegP
8301,0eIKxsmkoglNrh5cL9J2Sb
8302,7tn40gmCOWxFrsrUJ9mexi
8303,4Vl4sf0EljY8GxAyjqJD6p
8304,63vEpcWRAD4uHbVKTwRhBO
8305,4zworCuBwlCfrkcFWCRaIo
8306,7y2mVb3JEsCSIeHOThsFK4
8307,7v75kgVJjc88kmhKadRjPV
8308,6cxSwJe0peIhqk4KtYQ0gA
8309,2pbvqzl6nmfTZApIEiFreC
8310,5QDarZSL4bIIfLKYHkyA2b
8311,3jlUhYASKFwxdbFfV3S4Zy
8312,1yUpgg0J5Exw3DzTmgQe8L
8313,2OnyENEbA0PE6HSVTZG0zl
8314,4KhVzitXp0CSZs974aVyVz
8315,18jpr5IfbVU06rCO86sSV1
8316,5ziZFliBWh1d5MD1HFbKcF
8317,0agblaLTMmvqpjzGMfT3Gv
8318,37M74LOJrYckIt6jImeZYz
8319,1mJyDeoXkTeJwfUniybtXY
8320,0cXm3QqepHVzXKdm73sqkl
8321,5ngBo7GDz5RRaOJi6xOOTN
8322,73tK4HPXSVVkVo2sSvmDRv
8323,2VqrJJwnl96ILn13KYeutP
8324,5Jq7yTRSnWURGLmE4ETtgb
8325,6pxck4yPbvXbnHiNIc5jqq
8326,09fsN9ZNNRLaE96raiSs2b
8327,4jU4Go8TPo3bkvRQSYbp8x
8328,6gkkXQoQ3TBCAH6KB6IwFQ
8329,15DcZmjj7xXS84GN6SEFUn
8330,2rFXm4M4ByPu7jVx8qcye6
8331,1EYTUsAi2mjrZIQckmPgq7
8332,6hRrzZJ90DNQdEF1Wu2Mrf
8333,5PE0JfuO92PUl7tUp1qqCD
8334,5ai52fJUyrvMWe9D9w279y
8335,1i8pVmQ3q4lE9sRlTIr8l3
8336,26dvKZpovRcoR76a40Okjf
8337,4xzKL3bJLYQQtMVJeIfhKu
8338,743gENPTdvRReBeouxMinh
8339,1tiPas7gJo6z0t4ZQfjqoG
8340,0WIph2PpbG45DUOirR0zMd
8341,5hlFhhyIn4xHkVMVVf8fJY
8342,3EGCTtecmx5tCgxynydIDV
8343,1TaeNA6443E9MHtbGXV0s8
8344,2iWvf42gXbSGC2PWaI2RVf
8345,2aLFHMsULfMvXOrSG0vNmA
8346,26acaraVrO13gAXPlOK4an
8347,2D5J2ILrBY4wPaU9YNmIqP
8348,0XQyGIaBpXHlDbmcHua9vC
8349,69lUMelFH9UjhPlPiNGtyQ
8350,1saHtxaqY3zZBRzvILJpkd
8351,2W80o3uuR64IJelV8y2jwa
8352,56CQztthjT2M0WVnBzPGSL
8353,62ZS7KGqGspb58EhgM0IGc
8354,5s5s4tsN7u0oqQH5HaQYPA
8355,2rUCRk8WADafoUBXbCmu7R
8356,2Mtty4uiMM8z8eDeUYBqRp
8357,1zqDhfkq6yfPBx69iqpLIv
8358,7aqiDKiC83zDz54vzp0QtV
8359,5qsNe0QvXk8e9bIDrTreAn
8360,04oItkpD3fFzwQjZGAEBgo
8361,3vJuG3Uc9yUmB79azIEGDE
8362,3AxiDAB3838AKUUHtBCFrX
8363,0makyVVwdUtw06F4AWYT7p
8364,2anAsJahYmwJcZG9TNC8ij
8365,54g58dNZt3y0v3i25d6c90
8366,63MeauQl3QdnFEtw49CUhH
8367,6ZIN6Jerts9KgqCHWYzvld
8368,6KknJqy10vDUNwUuNzafSd
8369,0ZDY8SV0kAfbq6L9JH14zn
8370,2iurA3nSsyC52aowfjY28S
8371,3U2wP3cBUGJq02n7Bso0LV
8372,3ujhjp8AOg3qKkdcoy9d4f
8373,4d8F2eB4mxozQPkbwjfFwf
8374,2v7tUyQCbXY8O316ryNcwx
8375,2Lk1mO78gqC0CxlNkldTWh
8376,5yfrc6CGOXxDWx3nGUDcNj
8377,2M38zNMI7gCoCwfEUZQPq5
8378,7KsSc1CI3GAbcsqv2t0G6K
8379,0PsZiLg0dJTSktbRT7FnHd
8380,1mBIT6BpIuaVLe7hw2PbPs
8381,5qWxe3kubRHKnaulDljVY4
8382,6W21LNLz9Sw7sUSNWMSHRu
8383,5zVjs89nsOIT7I90ETawau
8384,4cwuAYkhbb775IejX7YgGn
8385,2cBX4yvmD5SJE7Z0strNdZ
8386,3PXPKC81NbQc9Eaig0vLZO
8387,0ZbtwVBQNA475n78UrBvI8
8388,3UN9tK1Zjo6OJMnhbMJfZ5
8389,0QK4BTrQjIKz5aCjMWJEVU
8390,2wIuiNxHAuGWBuPuGm0ZXo
8391,4YkMADiCB98XqOGQb0P1aT
8392,1rS8aSBVuN23jol7N1yCPU
8393,49z7wytjJh1p822jFjDKqB
8394,312HUshtCORgSZ8rw0o450
8395,7yZw5MMYkpTWgTZZYb1c6V
8396,0Jr8JBSt4ipAy2bwGyPrw9
8397,2KI7jwc4PaEMEclXcnI7nv
8398,4G1i8QJ2htH4Syo2vDeqSt
8399,3VMXthb167x6pQOQe42m6f
8400,3TvW5shS0C1HEji1eocr4h
8401,05207NYmxP0rJcJB1PNuFE
8402,0xfaolnQFiBRZLff8vvkUK
8403,7ajL9wggzr1aY4owSKMgVo
8404,4lZYxOP5bb9hZ5dNjj6za6
8405,3ITCORPxFEHz4XsUPIa21O
8406,33F5JlSEr4wHCM3Hn79W2e
8407,2t2yo00K9xgHY1zaPxihv3
8408,6NcCZaHvfCP97VN5xwGIlz
8409,3NDe2R13Mqpyaou4v8D3mj
8410,5cHsdNCJtUAmwOoeuQXikU
8411,5za89V8JFOhSbjH8cLI0U2
8412,5sjjUyRVhBiBIPWQWhLhRQ
8413,1zzQeiehbYBPf6MmaM4Cli
8414,2v3qNxVzduFv8RmBKDoGi8
8415,2FYFxDuc0R0kKwtTqLxuu9
8416,2LUFEpqjiB5oMMTaTWdG7g
8417,7jCkMZdvs8ABVd7fAHyQHM
8418,3yiNSC2zDueAuM0gdBzm3W
8419,3RR7t6ZXi3U2cYEdDYn7nv
8420,371ABHyKGdBXttXxvx0A6T
8421,0FZcwqnx151K5KuMq7PW6T
8422,7LdKCWO2RY3QT7ap8ts9dQ
8423,0rcJX1gJdAAm7vnqY1H7O2
8424,4ANqDxV6jTzVop9MzjZSXI
8425,1igET2CDRJCIXuXBgYTsDu
8426,1jTGmGHqXwAIPbUDmfNU47
8427,4WcE1kxLtdBZiPFTYEYAo9
8428,3FTxyyq6MhBvWTySfU2fOA
8429,43JOg7EAhMKqlkPr2mZUIP
8430,3PISWsAtL1sF6p0DYBH2Xc
8431,5zIm0Zi3i3PQ8ZNXqxyqhg
8432,3ZRCY70K5YfIeO2udPF2af
8433,2FZZZ3L1wj9xTgQzMlQEed
8434,5nmzbxWk4iOQXkuTIRboPS
8435,6LYyNlMW2bcXiBxVZ9yQMd
8436,0F99vhrNAHLkx9KrJp5iri
8437,4QLbG6Kwi5AZhXMWBeyG2N
8438,31Ud88yS1bcYDstxbcbDkC
8439,0UZoLW2jfRPoGMdKPvBdBl
8440,7rhcMR3iMjRLSpkkxIMzM2
8441,53pQsM38Ud2Ggq0fYqDOKJ
8442,282iccj2oRByB7iLZ5Daq2
8443,5WUxLqUKQdEZ5oW3uZiSni
8444,2LsTBau0yAZ2aMoLyGzFKe
8445,2aSFLiDPreOVP6KHiWk4lF
8446,6g6DvNEdiGgRqrNf8izop5
8447,4z2ieOswSHp43fGYeKRGTO
8448,7mJq5UJOfh5yzyjCaiPaZH
8449,0zahxNSiP8N0BxhCmoj1zL
8450,2oF8uIUmY1ud5j6d11lQva
8451,7BRMjvgdSl7NfuNRHvuRhd
8452,1GLQcSrjYqCv27c0ts1J1w
8453,3N9lKNTyFzO7leElimryKS
8454,30UkHpzAOHM22GAdae8zYJ
8455,3oNHgbwst6qVGomTOKK46a
8456,6pINZfzsnBBtecBQBhi7ni
8457,4OC2oxqFqUFX7haqSC8q5l
8458,609OxRpBWCfNljZxnjUr4M
8459,0Dta6mQuETR3YUAg4BEa2f
8460,7iU9kLfTsJxwBA931jm3Rv
8461,03VXrViYqJpdhuBEV0p0ak
8462,5IkMAWUbdQBcyexbrfsrtD
8463,4Jw5doedGvkV1ZsB9g1Be1
8464,0gZziRdBUBIeucaKpRiAYO
8465,3vO4zGlRiqe9xHNUNJw49O
8466,1HtdRbhn3EmHiDvYW8MaN6
8467,1mxaufUe16G9wOoG9ptUqr
8468,7GKVxKzYvC52x7pFdTJprS
8469,6tgpjpfLXSLIiuRl4cnQbk
8470,1wQixSSWydeLgkebOzu3yt
8471,2DjhK8kKIELi6HJub8lU7i
8472,2V6y1V85isv7HlEK81EXjD
8473,6UQK0VtVqDLj1Z5QMhA3sP
8474,6PrVvctb2f27bGf8bXR3rI
8475,327LlR40YKX406DOqCEQmR
8476,2DItEBAPaXbxNOz1z7z9qx
8477,7rGrEoNDOgAN6ImsWCNYvv
8478,0eDVClItJH4PkfPu7dciKP
8479,533AUHJhbw97XAgKFMNKxD
8480,4JqzGkkvjziDmYfPB4r8yf
8481,6sNlER7HgTlDxwTn2LdxgA
8482,3fw897rLj3mDUiaFZimgCn
8483,40TQn5Sl11NmyOmpiGGtVy
8484,6adhpSbrhat9S0WEVjf4HP
8485,3hAi2vG8MntJmR3Hp2nWk0
8486,3BbCRTcpMIfQJZyErDhiG8
8487,48NsukBG4QqdOszvGPi2XE
8488,6zkhhG8iQ8waiwGkQuhoE1
8489,4wWM0uUeCcdWPr44sB2eKy
8490,5e6P5tRkfz2nWMalA0Xomn
8491,0umjjgJMJL7i2ZfRETGfvY
8492,3i5S6hoetCSCypa076oU9Z
8493,6ZG8l5oRSrPVlDZYpWqxqq
8494,1kaiLDwSKn5cHZ5Y9SG59D
8495,1ruxb7NMclcjxmuL751kmY
8496,34ALhvfAPXBgjLZLaHSiLI
8497,3caDK3e1AAmGIWgFFQPmTy
8498,5zPBoXL4QKaDlPDB2LOs6S
8499,3RoeJlbWCaYNvfQWcXm9bM
8500,1w2ygPmDKpCjh5we3jAifP
8501,5Zyyip64w2WkNonvkdaQ3V
8502,1XU8WnwGs6oqpt1qicvw34
8503,4TuxtqKGDWfPwSmXhVwys7
8504,3Lqqmzbe0R6prQnH8MT2ed
8505,7FdPNzOaG7FnIXiFm53cq4
8506,25cyFjNtKNRdp3Gn22JPvW
8507,22NvOEYcQRH4h4fN7d5E5B
8508,7ubhNObSLGKIazr3ObgNNQ
8509,6jG2YzhxptolDzLHTGLt7S
8510,3dmy26xy36J8GtsU2v7pNQ
8511,5kHvcG1X7sSnU2V3PDo72z
8512,7iFLytKqignkkAZudfIQlK
8513,5JmJVj3qLsCnBsQ8IC9XLf
8514,2fzm3n9ReqXFn5hvX7KDbH
8515,0EYOW4mYvn74ZhahmeFuhs
8516,1ZWi67cDO9BieeVvobGme9
8517,6tCsc2brlBydi26YXFoTdZ
8518,5SbE5ptbYNFahUdICaS6kp
8519,3k3QuvPVVDWyF4z1xHRlhv
8520,0NTLRA28pZnq4SbxnjPpjM
8521,7zhRpQXt7uzOklBM50CbvI
8522,0Y7zVDS3ppK8DGTGOfu0c2
8523,6qC7zlSImBMOwfVTxdTZSs
8524,2attMn5BCn7AlW2Q2vcZrz
8525,4szPdmfyPyE5UaCi5xq0Y8
8526,6zU4ims9oVbprKkjpdGD5c
8527,5VBLt4EXClD7LwycNgqfL5
8528,3aphyfHb1s6AJ3TvsUbwQO
8529,53TamJsa4jZ85ZNBSjRl6g
8530,20rSQWz7sHkt7F4LiUK5h0
8531,6kDYxQDjBW4m8U9wGOz2qa
8532,26DOdRCnKwTfKS17YZQVOn
8533,0AI566c17zoeG3u1Esocct
8534,6wQlQrTY5mVS8EGaFZVwVF
8535,0V1p6ie6hBhgmOlGcWDQci
8536,66bIZJo1rHOsYdYGeQ0GOX
8537,0jKTDQi2ta72JRpGoDjbYL
8538,5HRyWQerKEX9eboPSSZvR5
8539,3ouQmmuGW2TT9S3XYl8FOX
8540,1wHGMpKH9USBpLWSdXSAIk
8541,5gAuZSGGbtk1SNoJGFhRLK
8542,5v2wpobtl2w0qcSMviXejK
8543,6t5sbYsY6TvVfpAw8ho9T0
8544,0O0M44llUQuPdJAkROQRch
8545,3PMu6KJ6o4MbQdoed3WI7L
8546,43nWz8DXkhccTES6Z6j05f
8547,5pAGl4nTCwcXdce769jJuI
8548,2ZsndL2wd8wCKKZjyGbzC0
8549,1w9ub5WToK8EqR4G60kBS7
8550,6pcnITwOMJFjQBdRVIKdVe
8551,7c8jrZHJV9rPLoCnbkjDpp
8552,2WusLfavHv72u8EYwpwTG3
8553,7bV589441R9I59lNpuCuDU
8554,7bbM2LkPbdHVx7g5JWbkrO
8555,78NDstvbMtbdiPsYmGrHid
8556,24K4r2Kjf46CqX3PxLf7hU
8557,3ABu6BKamvnOqELTEB8lep
8558,39nxdt0WwOtcIzio0N6Ro7
8559,27yBUDE0EBDxQUkg72uL49
8560,1HJpHUpDF2G8RBp2AKN5kD
8561,5i3LygFrW6En2YVVZPyCI4
8562,4wesXxipFhZg13VL5ADMo2
8563,6jxIJ0IvvSmSgrKkxlE0HW
8564,5w0eqTueeoq1D0cHmGhKQ6
8565,46vLvEli902DIUXPVjtJmo
8566,1n68rfCb7j4WOLetwDLCps
8567,1q3uOKnBp2Myx5HXFACYQK
8568,13HWErjQqm72LCCcKAFUKS
8569,0d8AVyUZAFyJ48L70xRgXH
8570,6teqwuB74aLYjj7Ahuz5Hx
8571,6gtbnRIOZGeDREmMuRJCHv
8572,3N2rQn3AyLfkJGAS4viDAt
8573,2c8WbESPtql9rRE2lB9Wwl
8574,79ewdqlQ9TFNdXgOkIanxa
8575,72YIUqsXo71v1P3Gt5yaym
8576,484eDk2TX74DiCIwF4H2oF
8577,69IylEGoj1a1OEKlINVzsU
8578,42WCGd8b9J771EyHBxpxwP
8579,6vxkqv1JheZ13gppcxHRXO
8580,3LQ7Rd8SswMtsIzALPUOZY
8581,0xYIBGskFMUyrSHv1XFbiJ
8582,3dMUVsYqx6qRFcvxAqA3Yu
8583,3qyu5Q91ajSz7GyPQGehin
8584,5nendZOQVR20b65UiY3eJp
8585,3gy6JIMU5Z7e9Yswdv49fG
8586,3epcFqtXPYfd9iMjN4TTOC
8587,4Ob8lebX0NmLbjXZPtKmvp
8588,1kTw2DsKm0ctNQArQwfpr1
8589,38pNnyQFOzCpLN9gsKAqGj
8590,6v6zSkuOfCMzQ4val83XWd
8591,2DUkbddNcFTVwLvzvj7lUV
8592,2jbg6xqB4lbWaUu4L6yorK
8593,5sNZTT92cLJI2zdy40ZClF
8594,5mr1d04qe0s5ux5fQQcH2p
8595,5dOj7GiVVg6TJFYe63aoZw
8596,3W5FTTItOmSxuBNuVgHrmf
8597,7EYM8ZUVIPEMG8iLjGIm8K
8598,79P8B3adIquQudTkBobAom
8599,1oDmj1SfDVTT85dofYDMRD
8600,23UbRcbWIsgqDDAExRJqS1
8601,6OKVS59XK33PFvbsVK94mC
8602,5FTh4SziuIQCHr7Sqr22yS
8603,0oWCyE00JLuofDawMx6Iqq
8604,74QYqtBvZ4AB9yNUICEABW
8605,4myUGO79rbjZiecLNDbZFD
8606,4C88mqIzURtA32ETEe8swK
8607,5XOxwP6peGN829gWXkBOLb
8608,0LsCkzrajts1wkMwQzmHE2
8609,3HeSIKLcXhhSDDcw33PpDX
8610,0qKV9QXctdZUwQI1PgQLKz
8611,6oDEdBvYKhSHXxSNdYWm8J
8612,18OxLasxZGE5I73L1oErLp
8613,2cZlcDpN34ygOV8rao1kj3
8614,1geaxwM9Ri5hRtQTZ1fEPW
8615,17TyNUVbdflOGmReGO25ut
8616,5MiqmgjhVLNYYDFQM7XYIz
8617,2luhQlvps8ZVRbLF6SJ3Af
8618,4ezBaK7V0KTNNNKC03PNhX
8619,1U0JgQRSufNmWPvD9aklZt
8620,759Oj5sm9kV3fNk1HvLP3s
8621,7HEfruasPLwcluVCmByCFD
8622,0rRwRDSuaAHeC96LyQdliG
8623,6mIJ5vuNyUWkQAndk6MYHI
8624,5eX5Frat708mmW3ZkxTekU
8625,01TreyTchXP0J1Mn6wcVHt
8626,4PY7KuxSdMKwyWLu21A00Z
8627,5SZw8rarZoLUfp7jAgyqiN
8628,4SX6EuivtSHMNnWAByVuES
8629,43KJXh5E1hzhw1GdHFmNM6
8630,1ZYUBzlF5Y7og7d1YEM9Ar
8631,71dJGolLDHpy9WnUABZECb
8632,4sWZwY8RQfK6Fc2pYC7tN1
8633,5UbG1tsbneRmdBAvcagvmS
8634,5F6XhNSz3NAc9vRpscowYo
8635,6TwwpGPUVnp7bo9iEutI88
8636,1oEmuy4F7fWqXTYsuOF6Xs
8637,5aHHf6jrqDRb1fcBmue2kn
8638,45pvLeeK3mcKz1O8hPmYMX
8639,0XvffYLm3jb6EzqaXNolQi
8640,3PdgNeJgks2VhVJcqiOSQl
8641,3gkg7zoFvNNGYtbcZ6lrSz
8642,6ICntTBgvTMwZgYvI7acwD
8643,3TN0jC2y6TVwTeAqRAJHjA
8644,0l99o9jqYBg6AcZf0dw3UQ
8645,73FzmINIcAspvT6VUeWsrr
8646,78BHYuPCnUBh9wlbNWTCqC
8647,5njIsIfKDybWULkucnZwSf
8648,4fcb817xjByiEdz3vLbrNT
8649,4IwVHR0L1QNgxS3tA5m2Ia
8650,6lXodhrMAuVDYhgZuGUViu
8651,3z0OAw2senwbGouKzVJMgi
8652,2TZG3JIzjoRz3giTDwo0tx
8653,0catTucAg4tQLIgQXqYaDX
8654,5vGIkNnjlvIJoiVDPpeO5x
8655,3A9mmOg9Zmv6G545MaQ76s
8656,6v2Vdjt3YCwSRj3gh2BTDg
8657,41bGzJ6yrWw1ayZwvyojo7
8658,0xmRO3yyk8Zmrv64QspXVs
8659,29lhDwQqaom0wotfiFXE32
8660,68tLijfQnhzoC0yofq7tuE
8661,3F4u5MZ9Azm3vh1aeBahxt
8662,2RNFxAEeG9YSXBWm1qbv60
8663,79onN4j5gwxAGJAD5L32aJ
8664,6IxHkdkjcpqQ1RgUovGGuL
8665,06luxtMuY4HXVpfWIK0rjw
8666,4iG1VsXgcJrMzh7uvvMhJ7
8667,1dhEF9rum37i3h98mldK99
8668,2vCcWsj8p4ZSw8bPKYlt3I
8669,7uPWcFLraDvx9g1nUh9JC4
8670,4JrnZmOfgmVStNzxqDnznZ
8671,78NRRItdJccVx54XFvWU1O
8672,2RPUH8ONksBvsybrQn8QrS
8673,2wynvPTKNSr6t1ccTS52pi
8674,1LFrK9Zttov6mmdYrLX3gh
8675,3NYCaxkggl0Hh8vQptSUvV
8676,591A43Pg0cBG1AcQuKA3Mq
8677,75CnZuQmjlt2Zctt1TgEav
8678,4rtiQE5Yo2gC8kW91VCoXi
8679,3oTbVhJi5pZjVM5XA287Qn
8680,6SdQ0ZTmUFOm0H66l91sXk
8681,5luLUrkak5BqgiHoXlHuvH
8682,4LWXJvwI43g8cSJOiHIcjJ
8683,0JiaZN6yZY4LumHpgl5SfS
8684,0OW1giby0jqdaXrLPz6IUk
8685,5U9KVWwlJNcOYhtdihBJO7
8686,3wulFLghtKmicJN7fIC5we
8687,6JIewN3g502CBr2Wvvf4C3
8688,3THxTXq3IFFDrwFAGakDkM
8689,0FrplgkKY2EUWe3V0yiOiN
8690,5SMabBcRvLYsOEMMjnT0Nh
8691,0W67zUnbKRXkNLFYYNbjj9
8692,1CukP6GJSsbAUtCKpDLfpp
8693,7vVFnLjrc06SS454bHkmga
8694,3a4GRNSUtzBhUwrj2ggJnf
8695,7rdb5iUnifinTtHql8QKNx
8696,0hK2p5WKgQvfk5QqZfwmms
8697,5NacrWDvEXJzqO2FyT3Wpe
8698,0WIyzEhRpnZcJZOIRuIVsQ
8699,205LJJUi7ClbjjdfhmEF0Y
8700,6lXoEa9q5rTI41yYPY8yIJ
8701,7hp8yFaTXEGZszXDb7FOwi
8702,5UTFWjDV5xCWxUkkzDM5bD
8703,6xVcc0NnbFMDwBBzMX61qf
8704,34LOoQeadO6cc6kpy3pMWy
8705,32KeeUAyi8rUDL5f9Lq36P
8706,1fU41e5cCCeZddm0Lk8WnJ
8707,6dKhqd7ldW2llqAlF5C9t5
8708,5hRxxN8PRnkxBOYbb9A3Jb
8709,2TdzkYQmKSBMkc4cCJg46q
8710,3CJ60azPXtva8OdBsxSA7a
8711,5cltWPM1GjCEShVZiz4cD3
8712,1EhBI8y2ELvxlXDDWGnSBe
8713,5MnOxvYCKoHlWkkr9Ve6sB
8714,0NFchYXJVNxHb693dpIs0t
8715,2tWzPLiNMcgzGmgTtSbKsY
8716,0JhTbPpPgSBKmZMfuzsKCJ
8717,2EQUvj1QJsC9n5jnh7QQHk
8718,7G7TWPGbztIiqpyM91umS4
8719,03F41IvVVaKoDJAsuaYzDy
8720,3a4UuAErF1VMAkwqzkc1tj
8721,4aS4dFQIvkjPzxoOsVXN1K
8722,15GUWmoJmsd79F2efmNtWb
8723,3w3qWhplVQcO5aGU6Ipdhq
8724,0Ty5LEev5nXXu0SCDdDfzG
8725,2qEndGWSu39bLjOBoU2xLq
8726,0cvUZAGiTESzbuKfewUzNl
8727,42vKQfinotNx2rAb08RNQn
8728,6mvdbO2OTWnnegdVWW0poW
8729,6bPw2fKzwx1hKDihrOwFJf
8730,5og3tqNWLZ1gGAJNYOHnVE
8731,5QyBCeUIhd6ThlSb4YWQGJ
8732,6jbxBrbhlIjSaMjip0x4QT
8733,07gICvHBXpoqwH9jSgl8vz
8734,0a6sKqqMtPBvQga4KM6Xf5
8735,1p3mO3uvvHsUQuh9bHFxRj
8736,5UZqZAcrcz8QdH0vdkLREo
8737,13Ty19QgheovcTS4lXn4LV
8738,34JrJDLnQSCdcvX54bRYys
8739,6gzIcEUuswJQGfJNPYMjjv
8740,5fkPqMD56tm9r0rv1EcC0T
8741,3lzaBl3zPCv6liSjvnaE3B
8742,0lGSDbWTJmspGxjtCVJjCC
8743,16iXDqnvAY86m8EPzaGRGh
8744,0liRrZRDDyGA6PHMl1zOHS
8745,7lUZKiF7DMVdZGbzONUxtx
8746,35LcIDtEKoKNw610iTC8eg
8747,3xXk1bheRWJiTLHYhyM3nN
8748,1tVbiJCgdgto1EoLJruPha
8749,38nw3jLlJBK5qWJYwvkQWQ
8750,1hPAXegxX6cSebcQ1NePmt
8751,52IGTutVk1wJI3OMz687pT
8752,3IpfXGWXrVi7jMgC2QnBUz
8753,5zo7avEFmAXh1Xh0lorTw0
8754,3naBmr78qAUT9euAhwW3Mo
8755,3S5S6XG1htkzBvrhqb6oWN
8756,1Pb1xxWP3HxhIDaJjjtaBV
8757,49xEBAia8IaZDOBpXIDVUE
8758,6hrayVBogxDagwmvl3SdN4
8759,76Gr42u95qinkkdqd3pnZA
8760,1f38y9BfVa4uey7d0dNNqx
8761,7y8Sjxbfmg4mahaobhAirB
8762,0Qw5T41Xsw7ddABBN34qRe
8763,2Ox8Scn2MFYgiz4NlyCymQ
8764,6zm8Es0roB5Vl2AgOx2lyi
8765,0BtzgTzxYZs3OZ5sMLKVsa
8766,7xwFOVYwBuLvFquLyfooRp
8767,4KL3FJYexPrPuMdPagHPXp
8768,1mscYl0vNlVknI51wOWDG7
8769,1XrSjpNe49IiygZfzb74pk
8770,2AP2jEip5FuEmkxtJguNyQ
8771,3dlDj2anSgUd0mFZr0WECU
8772,68FTJoO8edSpzuYb6lGW6P
8773,77dcKrzRUI02XjHd2okARp
8774,0t1lDXmMWBzF6mfnQ6KwqZ
8775,7o024yq1D6r6wGfAcc7POB
8776,3b48LiCezhgIrqnDeA1fG5
8777,6iLgfbyvQ8lRjixyIYZCW8
8778,60xkQwnQFMztQJVGSaeeW1
8779,5KiKFJdmU6m0QWxpW9xjOB
8780,428YQP05den3ai8oqqJXcu
8781,7tobYEqlPiAPZv8H6oGVE8
8782,7oZ4aooimMLhCcjjwufLg1
8783,4lpzv3dvVsDaUXwlwTHKbC
8784,3DmemtzZ0IyBld9FIKk3Au
8785,7GD60K0hM5PK54sEny8KqO
8786,579Mb1bAVxA7m0Kio6Dn5F
8787,6xKPTCwCmDNDKYRDHYPNGI
8788,6BE3Gxwmn7GHLWB6L9Pc5f
8789,0h3fouQyfqqBM9i2LiwYxn
8790,1tGDzgsY39GmWPjnGlBjsY
8791,4OnJTihTW2zHqvJOlvxBzc
8792,27ZZH53psVHr4bRKrVICZ3
8793,3Xs39Ac21Tr4Sff2C15rOq
8794,5UMnerbDs7WqLWdTXnfvyN
8795,7dflwjBFc4Nlce2ch2SEAw
8796,1hgmxT8ypfN7v3AIf7elkE
8797,2Wp46xqzU1H5fEAAD5umaK
8798,7LmTuTGYO5MLQ11LVSL50q
8799,7pzBUMDAu8HLc2xaAwl6RF
8800,4KTTq4ioVF3MTu1cp7pH5z
8801,6O603ccEetYdVpvBj4xPkA
8802,0mBgPugbdJQCIAy0YMxG26
8803,1Fbnj7x5ZRMGHayTMc4wrN
8804,3n8Tq411RtiXD3dkFbJBRp
8805,5uRXRlOFJl8kRBuv7WPvhc
8806,79CqzCZFwaP0wiVvONdZML
8807,5iBMbJdT8aqAKnHQOsM1Ji
8808,6xjHeCdwsBoUYrEN2kJ998
8809,0aa5ab14xrlJm3GEmwDdtc
8810,5Z7H3FalUdMAIdg8h2FZa7
8811,4XgeuGxpQxNIyFCiRddPf4
8812,3iEUxTn1IJQ6qqzWVaynNv
8813,05V1UMkZHdg8JiZlzRCZo5
8814,5uXyom59l95rWFZTUKfmOj
8815,11ol2UCyVvdV0XtuSksoxx
8816,0dK4cAHHNAlFf7FIel2njT
8817,1SbSnr5Yl8uTxYy3K7bW3a
8818,60sRT3aNeHYRyr8vKLzHel
8819,4iR1C2TyVfDqQk1D7cdXSx
8820,6IRjuoNyvJItHvOgV0IVPK
8821,09W3YKEDiMFsX7QxWJm2zX
8822,2ofOe2OaXFpZF5ETbsc7Qu
8823,7BcfSj6KiGa5EyZG9MJPmh
8824,0ik33iwk2do6Rf9rQs7e8X
8825,1KZcY5rDrb2CN5p9PzyZM3
8826,41Z1gnggllzvu7qOWTaSTE
8827,0hjut5ZrpwmV5iX1Ed2yVM
8828,4O4XsRFMDT49tA7OGYhz2a
8829,4b8xquJMfASLPxHR0hTz6n
8830,0DUrdV917olRPxTesJAI3n
8831,3Fwe3XoPOiyWUPYdBKMTqV
8832,4DRZc8ogPpe9PENaUVoTF0
8833,53OTpolwEIxZuI1ZcI9JxB
8834,6SU4bifjXJwueCHG8maEXz
8835,6F6Kffh2HZJe3VCnYaxnlh
8836,3kYWrBoFBQGctF0UwgP8N1
8837,5gnjaZqOaqE5GZKjby8KoT
8838,3dsF06ndccWV4yD71c9GPg
8839,2tdQEG9fIL6rwE65jeCrfR
8840,2HYJOHiFxEnNDiXx80ZYkj
8841,0Dbz1ECYa8KrdAYudMQDKH
8842,3SQcoHinbxB3JnjgyR4Uq0
8843,6tLEYkMGG4mEIwmOMf86rk
8844,2c1FRsX6xUDalTZ5duta8v
8845,1aTzG5OLk5m868nYMeAn7W
8846,0pwElV37e0Zokd48zfMiI8
8847,2ul0pISPxM56NaAZXoz3CI
8848,5s6vOJfM4WWQgmOYsMZZ4Q
8849,2y30NMqTmB8NoAhKt7rtHY
8850,7lr8PCGWEmz10RIpig2Nl6
8851,7p7oI5jHWewJAoKhIlLGcW
8852,4nAXcpLh6hO3lwIB4BlLJY
8853,36eRg1MvXbMbb6Jl4TdTNg
8854,02Q5sxABdREoeCCggQTUWK
8855,39BbhpV3E1qHK3YOUZSQDt
8856,48soOfgYskFl3jGXBr12V7
8857,4lXf4lHJstLdWIoaY68DzW
8858,66YScT9ixRBmW6wFoYjQJj
8859,40bynawzslg9U7ACq07fAj
8860,5e7V9dadzBqQOBwMWKm3Dj
8861,1xT99FX6HAEkyno2uTGIeR
8862,4Yt2Wdl3lIUGcPzyCwzP4t
8863,5UIWstHZP3VrVkz3SWiUlX
8864,7ByE66a3dDj0jNl6mH4aEl
8865,5FuisxRsdcEOGdEvBlmB9L
8866,7HvtOXRnNNSrsFUrOz2ICU
8867,5acDyD26N3HycdM47EcCtP
8868,0sDupoA7ZCFOFq07bbpiCn
8869,6MoqVH4xRCjOu3B2dKu31l
8870,4YwuGAVDvtE4jlvST7Z7fK
8871,2oUQH6F7Xi4qQL1ebraJiB
8872,331UR5steGpYXYC4wu9XYi
8873,3ua6g0qgWvAhRVax2F00kx
8874,3tCaMg8GF7CNXrZXYHhusz
8875,6dGEgvbavvb1I50TGYNEo0
8876,1v5ZHcr73tclNI5k7y1W0g
8877,3SbQ1N1d9hNqTG4d4PeyvW
8878,186hvCTyrni4KT9nwIQ7zS
8879,44vHpjNMRFFzd29Txt0aPU
8880,0MNjRyIHitogdis3NEsMTq
8881,61WLNc16IKif2SzqPNtv3Q
8882,23HWMskoMsRHyBjLSONRTA
8883,6ERQCuFIYaBEEu2AHr4qsV
8884,0oUMhkFaJR1T203cxz2r9K
8885,0HI8RJaoPD7GUhzHK0bXRv
8886,2qov5brI2fhCGwlC3i7Uje
8887,3NfMciETbrr3z9JGVu7Uf2
8888,26ZktfdjHQ25GFw9Se6ux4
8889,4AuWxu0EQhC1K7xBUPYZpc
8890,2rdfZFX6eHx0d8rHPO9mNO
8891,2Gq2PaIwuiFgwj0y3iv5Di
8892,660Xx77dbeTfBY3IuPyXKa
8893,76ZgyScuEanqiNUcuBh1Ak
8894,3DakouX0AK62dbYE4FhEt2
8895,5WSBSvKOvN2A9yMIiTOyKL
8896,1DBHss1DcHVu9zMrGIKSL7
8897,6EOiczDbSZpM9YpyUPzHMJ
8898,1Ypwu4RXwhzp01oUMIwYN2
8899,2dZxqBx7gfyf0cuI5u1yon
8900,2trTFBbZXVUfEQo10Huk4K
8901,45lH4k2lFJCWACIeVWN7C9
8902,2ws4VlBs6JTT5U61RmcHVB
8903,7Lwj4BttdzmwGIL5pigaMV
8904,45znDER6ghdltzbU6EyvPR
8905,0GgJfwe1GvQ9v0z1bSzxGa
8906,19Ym5Sg0YyOCa6ao21bdoG
8907,3Uw6zQRrdjIAhknidiOBJ6
8908,7sVnEvwHJHIy30mDaJoWCy
8909,4jSSPIBpwdh1KpAYqZTJbC
8910,3pI7Rqsij9njeF2h1ZvuXb
8911,4ekUX4pWizXXksJe0JfS9U
8912,0xQVgmSg9lREVUUNgxBcef
8913,5djncPqYAyRieJlr4kGwaS
8914,0kw9ZHlFNULgpGGTx2JgH5
8915,12U75usK84nM64BCjP8q33
8916,4sw5RKQIhpd9NrAguUsKas
8917,4jrCMOG9OPe6iF4vWFxatb
8918,0gbLfFlEyVHiKzlZIb0gce
8919,7qWwWg1oIczYhL3kVyabG3
8920,6mUR3hNAhMFPnOLeSYz1SL
8921,13RPxgFD0xrvNxMB0FQESB
8922,5oUsldIjQlbpRAGwRcrSpY
8923,6dET51TwAJPrKV5wmA5Vhr
8924,7qew5mTKp4XHXBPe9bpoNq
8925,5SJAB9vOWTEichPXYqEzuJ
8926,1hi8PCpoNojIpjwqwVpL5c
8927,1a4Z2FFhzFYGl2iv3h7oaH
8928,7oB9kEqDXWZ5deYKlWr3SV
8929,0qqp9RkjJ6SBQRodHcrS9e
8930,6BmjRVrkzQ2DcMqJMdLB3O
8931,235NwuF1NO2FYQvLt78p8n
8932,47ih1BN9dECO0Gu0yPeMyD
8933,4QsJs394ttKebKafg1CC1e
8934,0chh364YM7kzpS7OU0Io9b
8935,3UKz0g2J3ZfjQsAVeRTWDn
8936,04IgJXw7Wq1lDLefyMAUAC
8937,6MqpnIY0eRyHP7uUhxnkZ8
8938,39daVR5fEyW1ontQkLlIgJ
8939,2uMdBv3XKtLPjwIu9giH6c
8940,6Nm8h73ycDG2saCnZV8poF
8941,0QPhOM2s2gsQ7sWk7a1Z39
8942,4cfHJ0cNRHUkDFNDPk9ces
8943,0PdxksgHTpKdt2OUWXnUy9
8944,0LP99CFTGRXm5YO1jjKFuJ
8945,6R94ahl8rRPxlzgxyJG5Yu
8946,30uttv7LborAsj0HxCLnXF
8947,5Jer3FDYfZNtNe8GWURlSw
8948,742TOmjV9s7ztwzPyyumOV
8949,3xjmWASYMpi4SilIpfyteg
8950,3vKjaTB6ChLUKQHk1Q4qYt
8951,4KlpnaOREJpWNjuoZPeOQ7
8952,7w0ugYXk1aE4OYf0xytGOZ
8953,2EemfN5sa32UizO8dP21qe
8954,3f8cX4EmZMJr6q92z4PM9x
8955,1NTDTjBmP1un2itNZq9OTV
8956,1avuG0JHGZZB8HI69C0f4E
8957,7mX9prsyIPIBVP9o9hak1D
8958,6utJkpdIDaD2GsHhZUfrNX
8959,6hyUZdooUXpquHKHbte1FJ
8960,6JQZb5gw3QUIsk8szkMyc4
8961,3oQMIjNA5Pky97lSRqNqm5
8962,63qfgKT5znC6O5f30RrHC7
8963,1TBr5codxpZ5jmRQwCEiQT
8964,0PpxVKoAzcxHmm1kLQ4ZpN
8965,45Ln3F9PRPYTXBcMFkZMzS
8966,1YK29h3DE8929r8r5uzECx
8967,5EqXvbkJoWMfJHbAs97jRb
8968,561pjTp0D9ZmpXkbwu3TBB
8969,00qPGQA4OwoHoZl8cHqYQP
8970,4p1zdcNFLjWowc1P3joCOo
8971,7zw4ZapllzFZqZDklIkhN1
8972,5FRsGxjhmwakvoeK2BaFBI
8973,5gvTcTBgjyQ65uw54bGD9d
8974,3o61TmQm5zWVCQmRd45sz1
8975,6uaKbpJpqnjzcj1QSnXzMr
8976,4Htv7wIzU8hVW4SYz1Sp9K
8977,3898X5xiidWYtAm4LeDveB
8978,7KPnhOGrQg97Y5dpkK74Kc
8979,30b9BU17BhXe9vR64l5uD7
8980,0j1pCFG3xQWRNxaGvzGbyp
8981,3J7qdT8nu7l1zVNEfcrXH7
8982,3wa7NtMhqwiM9Vp7czEvlZ
8983,1KdNocmD3hmAtB3sszVIGr
8984,2jV1pya85H0liOzN41bFeA
8985,6khf0Ip1zo6KEHIaqTL4YG
8986,0GmeA0tDBzkGnMh8Aj1yiF
8987,1WTjEuTblqIkDsxJD0rAh9
8988,30WNOfFRiqgebO4eRkCii8
8989,3uM8HGU49WdKenp5pKxKzC
8990,3TPX2opdVfRSWCnqslFECX
8991,4EKcRRDXq91H2e0NOG2edQ
8992,0b1OJjkfHeFUrlE7jJFWhg
8993,7FpFV1oQhhZm6Vyj7K5FcS
8994,0eDCLEQnSUbWOAjFRd89Jn
8995,1XOpTkq8FE65jWRcB1lpKy
8996,4cJuCHyw6DyMeXFIHOKkVo
8997,5BxQsQxhmK7OEABtbi7DU8
8998,6XQYbIDUUBEmujc3LJszyT
8999,5G9WBRnU2CVOfRtykUk8XQ
9000,2gqJpg2Vr4TRdKpWaCTKMc
9001,4JkBXU35BA3ZI57EWxbNfe
9002,0HT2STwBKWX904nAyiqEch
9003,2fdQUB25AccDpoXW83kR0E
9004,7DgUpeIbLDiFP2TQ2D5xr8
9005,4i7dhKueeh0rNPmt03UNdi
9006,0YEqtC0vC0FbHA5VCXxUBC
9007,7AJRcy16p1i78f4ZghyofL
9008,4GHbpGDKYeyFeu4if5BlZc
9009,6DK8DFFf1YLur4WsH6Y4VR
9010,0ymTjH1advUevXkigkMjxU
9011,3GjCP42rKiKj5s2bnJIH61
9012,4kZK5fZmImYqnS6HGL00m7
9013,0cZcjVkg0exNgnjLLzzXCU
9014,4LRKHjC3WH5AKZSGZzlnGk
9015,7KxK13xRxTz6JlDtGG9GzL
9016,5eXcIijzSufCLTcRgpVhbK
9017,7dtul097B6ZJsJiE1mxzVX
9018,0IlTJvFuvIutNJcdzBIZOj
9019,7EYonAkGX14eaAxskqj5Ki
9020,0XaMRpM6Uxch0VuDUUgOWx
9021,46l7fOJggsNqrNPJeFk0og
9022,1VqDgFgaedJLSQa5dPI6pC
9023,4gmfCLQ0IgxyKjI795KPFf
9024,327hiJPLylHt3rxSlGC8Fc
9025,1kzIORhZnMI0uogctXscRJ
9026,6yRSyaaNYRbat4bu2diaPH
9027,42Gt95ZCZKR0sYbPhj0sgH
9028,3SyYfDCCGJDP3Fw3yyYBfk
9029,3Aa6Un1bD0bwHVMnfFqTzY
9030,5el8zXF5t7JptvOFw0mYRz
9031,5LEtpDMM45tY3oOLSi5D4w
9032,7nQ31LboCm3d2EoCSLBaOr
9033,1dJHnMEzWa8v8q9nVvH8uQ
9034,1XiT8BrTij1PeFQfxqYG3z
9035,4caPaXUo5mXmtGEAA7Wz04
9036,0QoBxC0ehpzLbeWFEOVEoE
9037,4Q1MkEHltS0KPNaTZYrVuJ
9038,2BJpaCGbSfZeC6AEK8Zx8X
9039,5FgPwJ7Nh2FVmIXviKl2VF
9040,1BijxvkEYB0kkftwuNFlCn
9041,2Y9s4V4i9M0RNWRQjxdAzh
9042,27oyV6HHoO8VVh8DpXxj1S
9043,24d2Lj3peyJX2nywUySth2
9044,6ISgf39hqL5wImQpRrLcCr
9045,3Ce5vCpJ6Sr5Q3fm4KhH2b
9046,178mRkASEfgswfDMa71Mks
9047,2IXjLCG6L2xi1RFCWiKSrl
9048,7t9sMe70mjE8QOIktX93X7
9049,5vbzdF01Xq91Rpvwcr6T1E
9050,5vv5vMOJOPYH0yUMVWpXsk
9051,2ygghAyw8vYr1OIZhbEomp
9052,2WtAJ322XWSpVTnAOlhedT
9053,5DhEz7h341d9vj439HitlN
9054,1kmPojhjbBZWbj45HZpBGu
9055,6XyRChyBhTj2172f2rxgjk
9056,5xqjCYUKROrP64l5cmUdEG
9057,3hwjxbqGvTRUPi38fLgeM7
9058,6nfs5WrXaT8Jrd8ocIxzbX
9059,0X7yvYV1TeF9orVgKl2Kmb
9060,3pGRj6u9DCE9PQips45eJ1
9061,33ndXKe2AuH7cnsHSjrBv1
9062,4fVqFLE6j45jVi2hTVLpOU
9063,32W6cwtOkJWT8Hkf3htQKf
9064,5iVxU6osOwH34XD4lv60qW
9065,2UTROxDu41AUDa9gNo94l8
9066,5RNJcVIbbLQzbAW5jqfW1G
9067,0YC8a6HXxp0cKIYNOwZ78W
9068,7szQ0xSNOxPTeUdhCEmCvJ
9069,2nDTzTpUoa2b6wfnXNPsX5
9070,252nFebVMnQlSkjWtC62fN
9071,2u75Nx4uqqj2LnxhUho28L
9072,0GGnyeZBwI3XfK70Vg8aj5
9073,6xiHeDurTa416Gmd1wrlMY
9074,2m4Pj6wQvhiBITHzjYZpsh
9075,3gTNMVKSM6ILtkb424xjHI
9076,23160WlAe6UYWkd490K1FS
9077,1SI4RkWbR3CbqQjba0ePmO
9078,7qvVHhzqlsObMAFmofBILE
9079,5kA6OeKdG1ghfS9ZNGCYz9
9080,54gm9vV74qM1yS97A2oeXZ
9081,6l4qLohQGGoTZFhgGjvNoJ
9082,2zRe3ulQxj0W5GFXXSeiLA
9083,0SaHsRyRBvU722EFYgFyne
9084,3C0f4W0lQSgMARICJF3KLh
9085,0r1xFnJScIdwYhWXOTHCn5
9086,3ttbMVzyeKtUabIm9XoPUO
9087,5rtoggN0e32xbIwEkC58Og
9088,6rTEuGHN8KJuWzhvWRu9IY
9089,7EGJfqDpPWgucTPL7j3BzP
9090,0wbDDhnkgYtnjYFTg9N6Kz
9091,5kszaCs3KbFYffRKy26CFA
9092,71F9Fr3dFwMMEtauxs9i2I
9093,1fDDqOc1c0n0jh8bonUzxo
9094,0PpmycayWd0U0gN35SUL7d
9095,41EG98cma5gbuGv7sypRXg
9096,5PX8r18mnIlPWs4adWBg8n
9097,1QRKeAlaLqJUeCWMBRP20A
9098,7Jx4WOvwzmgXcHjll9CphI
9099,4LL6D5dYFerQbcHcuFRjCx
9100,3BkPFyejx6Qf4otNHMvxap
9101,30AW1wD8qK1Bqw3Z44xs3f
9102,1fj6Qkw0kSIitdzYCORYKa
9103,5sN4MBmo0pyd9X6i6DkJiI
9104,4qn0WdWiTHNclRuEp49sNo
9105,5FexwXG6IS5O7GjvjSosA4
9106,4MA6wZfoVrJ0kzXDWg6AFS
9107,0m5OloQN7f6QehvwgqECn3
9108,0bKg2V6xY47U5UCU7QuoAX
9109,6cQ83qmvEThfyUx2iVzTy7
9110,3Yrr5XPVCjuJWY4UdbXvp5
9111,18Lfddr1sIYFw7g241AagC
9112,4hxvec8eYd8wv2eUTerp0h
9113,5n5za9rAqN29EDM2kleg06
9114,3h9ltdqMEiGb1aHEiVPTxe
9115,2296V74WubjV1D6t2sJFhH
9116,6XR43DC5kaOvcXvrtdDDyG
9117,37Kj037Is4AcOvj3vwzN7Z
9118,4dx5kwvWKeAHM5mg4ciAWB
9119,5D4vJ4Bd23Cc1318pcBwXG
9120,5fbkmVZEjyfo6BkwqXYMjD
9121,4oZ8RZuO1VHtCEunEX3DI1
9122,4HgVUgtL0TkpwcuPgThTd9
9123,5NfgFRdfNQ4HFVPGRoVMU6
9124,53Cu1gqTLfrOvMIIHSALGE
9125,1EnLMIzUeX3cAA1uSDhmF3
9126,6yeAKor5kNI63VGuI4cIDn
9127,777g3fqG2dZ1ZMDpTyO6At
9128,56AJWymLgUvCombMclBEuw
9129,1Wlf8uLptDyJ9AUSXXIy8i
9130,08LAyogtI90hvNsyr1Hsdm
9131,00WvgXmgQP9IuVygrw0IZh
9132,5YwgreWAmWaWvzU9wwADCN
9133,3Q69IS4SzCvFCWkPd7o7Ny
9134,5a2iYnIwElwhA2MR3oMtyV
9135,44Ae4UTckz3vtTrqyKgmxZ
9136,6PrUmPAeIDiDGMWnU0QLIF
9137,3DA4SE262k6rdEtlHteNyq
9138,4L0D5RUtXIg1aGpGdDwUnB
9139,0crvolcKNxcfLMBFt8I9Hx
9140,7qXOfLiSN1CfojZrNcMYBs
9141,2K0r5GD5zYlEMx2M7ZMcqG
9142,4zEH0wmtKUm2T4vLmmJnBi
9143,1zAEPG9pYqQ24l13d4AfH8
9144,2Ndqm0uXcQpedKXgIErI2a
9145,5ppKTsrKtQ5Ivqn3AJaR2l
9146,2HYOOnbJu1cJ2wnbJVOskM
9147,3aTFKFgsBrRhtqKgbtUCUG
9148,5d1KPI9gcAZsM3ynSErGtg
9149,2zP5F9Rvu3WZ5VIYOXsICT
9150,2mu8T2tVOZjuze0We6eFho
9151,2fDrH2IpdWapekjg4IYFtc
9152,3TTfpRIKwp6MjyvLqy3W3J
9153,2GPezRoGcyaiYnoM74Qcvl
9154,6E5By4xxtTgxOP4JfP1CvX
9155,2ZLwoovA1pv9VjO3NtMg2I
9156,3g8DqSjSZyY1o30Y4xnWqs
9157,40M3IB3Myqk455SL6ZMuqU
9158,48QmKjg2FI6BfNW7SX1h86
9159,5y7AIHBPkzYh2sP5TnJYdE
9160,0dEHnISmXM6ca2b13HDnOW
9161,4o69uBWW0XtVEqgVBLhBMy
9162,47K897QyeMVq2BnGqauyfa
9163,37aPq0kSUDXCi3XNWWMtYS
9164,4MO3qA0f9agQkhnfowNBZE
9165,27FnDAhPtmDJkY1GAbYv6B
9166,6SPbI27uANdv5LoieppXdd
9167,7yVrrN3wUi6xKOsMjddCic
9168,1dcWrueMISp5FqK2UjN8lJ
9169,6NuIcUsWqoOcuF7Voc85nA
9170,6ys79liXwPP4H0qcVMjdE1
9171,59Y9DoVh2U8Vnq0NBG6c63
9172,6Ty2Dqz7NL2xm3TgtHxIjv
9173,3LDJQuvazW0M6hGOARieEm
9174,29Od8h2a4HZyD0PZ8SkBo6
9175,7els0lT9UepXWAFArc9ufh
9176,0IyITnva78Nx54gyyIVcCp
9177,1bfTXGpAL4638bmw5Krpb3
9178,7kmWh757H6leAXfZQSe4gp
9179,4bKLySp4gYmMYJuZdBnAfV
9180,1cjay4ZRHLUEPPYK9sWFI7
9181,7xAhRY9tqtvMTD02aentsA
9182,0ReCEc0B5vFdvMMpc18xYf
9183,7hCdJzzFBEx7ZELtADWNG9
9184,0gVud8clEhk5m2uKhkrQUR
9185,5x04dQRCdcASTXwIC4ddhF
9186,1s2xUbLU0bcNRWKK04X9NO
9187,4vqtADg0TMJqjZ6uDpcSVY
9188,7zKoboLWr4yfJhBtjrLYb5
9189,6HNVqFyHSDqNmyCXlmamp8
9190,4VMU2AbMWdvsZaPGO4LbMY
9191,6oq9NGk91u7ojWfdvAwCtx
9192,51USqbZvbggkBaSR7Pfd6M
9193,52IFB7DWC4B4qwv1LFvvgx
9194,0vE1E6ZNJGlCHPe95z5Orl
9195,79y9yqpX1u1QBfzZMGBt0r
9196,4behsNa8x0dwysWBn6gUHS
9197,2CLmqGqTk9okK3N4hthCiw
9198,6k0h5ZY563BsN9LzrcwdvE
9199,1JjaPYOJEb5nvmVRGbpPz1
9200,5OWPGGkT8TvdBF40WlOsoG
9201,4e64oQwdgwUUADrC26DCdI
9202,2hDQVJDQkeeQFnLEwQORMJ
9203,2D1CGcYlhehUDrwyJslMGL
9204,6gdqSzaRWOOgFnWUvsGb0d
9205,18kyqtuJdj5Pvwq5nI2FYO
9206,2kQ5hoEwG10gzHruQMNpH9
9207,098XudZ7oiJY25BFkhHmwI
9208,4CajAqrgmTEYZBsM0GzWFh
9209,27FhbLy30DxeqXRKE8aTQE
9210,2wj6VJfPAxb89LfLwTsCnD
9211,4HN2NyPtU7odhXsaH9A81Y
9212,4867ROajXu7QiNQUYiy60a
9213,3BN7TK7EAgwqyRtfxlX07s
9214,49V4HBHFcFq7phI149CzjN
9215,7eBsrswnxQGxmvF444Nvd3
9216,0XCKv78fPSafw0nVwKzxuo
9217,5WXTRWFEU33lQD7LCBFmJc
9218,33sCyymqBGhI0N5or2GAvg
9219,09PmHueORE5tpEMoaMBMdi
9220,5Zu1mSUrb2yYS7RETQMx1W
9221,40KUzFQrfzDNRVP1Ho9Iky
9222,2Zjd4im5Edu89LwVvEHKiv
9223,7r7Kq9RD8iKaEpptKkoYtA
9224,4PrquuUN34hswtM71OMvxS
9225,7kYVzPTRUiHkKBIOzp6Wkv
9226,0DXfbfprEkHi5y5RJBSluY
9227,2ma1iUjoPg3Q4deMf0m5LX
9228,31yFXUaKAQlXxV03DluNCy
9229,6ADhcc9v360jcf1VmN3qqr
9230,34TaDA5GzARZZ8Ksmn7Mmm
9231,6kYvbQS4UdLC13vl0yLXNr
9232,6yLqo9qx6aoKe1A7aGl5FJ
9233,123Ex6nWgoFm9DUjJ7Nm72
9234,4WrO0LElzjiwvHdcfzpoLL
9235,5kmz2sOQT7gcfQpRLSvixM
9236,2MchMKJTt0gQHao8r823fM
9237,25UmmNMVDCAMghSdRNGGqL
9238,0CwTsWbRl9vohH2RHAVqBy
9239,1pDWME60MwZsT4ckBbvLi6
9240,0D9coRWyPMXstwOAWrLYPP
9241,6lokhs72QOux7ME3Ya2Gwj
9242,2d4pNjjhMnKFOlx18R1BKA
9243,3fq4oRCbIQGuaQ6fEKxVpw
9244,5K0vSBpDPwR6gWhVuck0tn
9245,5UMeJsvUGhBPKaRQehLWd5
9246,56RA5adzrddMjWT9sQMSvh
9247,0v8XbO9kWfjN5Fv7fRvYXn
9248,7kRRCA0UGYiOgRNZdmqBKH
9249,2T23zbVFXJprjiKEyrsy0s
9250,2Ia6LfAOorF0dAAgCqYDWd
9251,72WfQrnXCtxGFeGcCoE0tU
9252,4loXMor75kKVBB03ygwDlh
9253,6GtqEOYkvKPtf41nUs8YfI
9254,359krpyCKcFF8SFvqWES9L
9255,3MGnsEqWdewqk1yqeU4WGe
9256,37h8NUvj13OvoT1e94cOzY
9257,0jxiXkhOcCjGlTEh3kcwlp
9258,4zKbeou0W6CXJAqTzgznrK
9259,3I7ex5yTdmKneXZx1sHUwx
9260,5nEqOQjZdTfmN3fQzL5jyO
9261,4x5l1gjNcoBhhWBPEMo7OQ
9262,2Kwhnt5RWCBSuqQxZE5Rvw
9263,3PKw5zJjXpMbZ344t9LSe2
9264,5T01QvJoAb82oEawk0Lnyg
9265,3HauJKjP9yFASj8TxPvVLh
9266,5XnozudaDl2ke9N3jFl8C4
9267,6Du3sbT2IiPSi6Gqd6yr8l
9268,53PY1fq52LNES6TdABRwI9
9269,1DIrNrEUAKvbwRAkZICo6E
9270,5AihIu9yF3flkw1jFMyfwW
9271,4J2LfyoawpJP2s2Y2ogkWS
9272,3JggruqRhNvMJdWFEH0bKt
9273,0XJFh4VNd5iJbCLzLOV1Th
9274,7FQbU1bWmyzWl755eLgG6f
9275,6rkcASWuv6WbFmYee4P87D
9276,0ikz6tENMONtK6qGkOrU3c
9277,5PGvQlDeUUUpyncmuwR7FD
9278,1bSFWyVcamk2V5cSIzPvFj
9279,60iSKGrGazRzICtMjADNSM
9280,0jIcvsZsCfWnXUZxuIJi0N
9281,1QAC3pYva33vh3vwyDR7w6
9282,7AiNS1OIdV12Ds0CvecCKB
9283,17ZX2lirfQGxbPLcn25sf7
9284,7D7j3FhiVuSUNXDApJPjHS
9285,6emBVeM12njgE1H0gU8JZL
9286,6jwsKMryRpinH0rpPTrhGH
9287,5GgRhQXcf6PbUQrce7CDnm
9288,2P2Nv3W1roGXhUhr7QF7uL
9289,14dYYFR2fC0mQy3HqLv1h4
9290,47OTksldOYCxAJ7aH3zaxx
9291,4hiNifrioMZKAG3YRMZUaO
9292,7a29KktoPt9qD0xcVNF9UI
9293,04myyzKYXLUbjJkqhLW2dV
9294,74Psg0xeytTgB2gHtM4V1o
9295,0JLRbovJSwvjqh7wUyzPtc
9296,6iTMLC0TQFiHnzWAUcmw7M
9297,5ccZqiUCxFJL3Q1mvG8Wjl
9298,3I3YbQDkcjxT07B2peaRjF
9299,0pmU4DftCAT2wYRoH4eSnz
9300,2VbIou1DtUewZVgfte6kIW
9301,08sn2aLyHIGwUalxqkPmaO
9302,1yUA7lA3QT4sxBFxENvMOn
9303,1MaBlOFnldwpuPQJLew4Ds
9304,73Np9hkRwUIpHBKEcIc3ZS
9305,3BoaDj2A8ZtdPWD7qeFlk8
9306,0rWZp2XYroEvSqWSc9VZHl
9307,5W6FXi0roQZLJmVAwd3Hfv
9308,5nmo9aLBvc6RxzFjVJMTDO
9309,6rEWHc27Quzg730zn3oCRj
9310,7a0BpB6XcNoWublnP49fbn
9311,0o16sIjjfhc2USqFhYSiHw
9312,7wioIWUPXS3Y602ZEHZmzr
9313,5OhMt5k7UjoCR3tBZsai0M
9314,1lMJ5SvAH2s5hr2RUaZwhZ
9315,5iwb509jAq5ri4tNR0FGfy
9316,4SxF2jLKbc6Dz6wbkPoxLa
9317,7wnYW5zboAaiHE5KBaVc0Z
9318,4mFtu4HXisK4IN39cFOTv9
9319,18rBrM8kRRTylgPyzs6nzw
9320,59z0wptpQ1Ro7VyxvUIQi0
9321,44gyai8k6K52sM98kVIhnZ
9322,3uBtqvQNv8aW4bQBBsiC6j
9323,3YXKkdwyHjeyv6gHmawBRc
9324,26BK9BsAZbsMb2D6O76DLK
9325,2oWvF05P4Q96X7a35zUjF2
9326,0j2ETZsGM21Q3wKpVNBVJN
9327,337dtugmOJLEJkX5fyQs3a
9328,2P6jPNjkth79sbtPkl5GbF
9329,0PUhqtiAzw2qCbdifCQKoI
9330,7G2CbHjdnkR9woozKKGceD
9331,4vwF4E5AQh289QfFOg057M
9332,42A7bFG2Y2mZhU4O6Vv9eJ
9333,78DrHV3e6JlGoDMBOmnFkI
9334,0qXHCGjulVCxu9pNohgs9M
9335,6XDSSxwOntlKPkE6wVzucb
9336,5KPqCjzt9d9EEgSHoDkg6c
9337,0ns55oQB9v1MsFYmSzRu9P
9338,7pDRd6rZ9TVt3y06faYoEy
9339,4wLVdfAwDFHd3XjhxBnv11
9340,36H54zxjqew6EUp8Y75e2Z
9341,4CeYXBkgcbwD5hbWrachv9
9342,7hyd9VWmJvy1ujqfKZMWYn
9343,5BSs3svG9OYrdYpPV4orxG
9344,3F4OdhFNT6x3VMScktLB3d
9345,2b8l1Te19JZ5PrCsJ3oZkU
9346,2S22odTX2oIV6GxRoRN19h
9347,52BhDqMkcY3yvKUUvfLrEO
9348,4IOVThlzDO4CphzbVIGd5U
9349,0a4OHHbm1ffKkBpq7Xg00M
9350,1DaHUMcaC22IWHG9ueTm9A
9351,1zB5B6D9AmvbvvL1YmCVCl
9352,3oQI89ONOFsbdo8mkm80fE
9353,0yTnz5LrBAe1IYL0kSovr4
9354,3BK4aMyfebZxpyS7hMhkft
9355,6dlWHhp0U47m1vQW8YMrxe
9356,2ScA8lNPulPDSLoR2OXX0K
9357,2PgbuDVrncYKcViqrB3L0p
9358,0448cNUvZGCAlUpIPO5kdY
9359,0cN6z4iVbKWzfJlF6ssoMT
9360,2NBGNKapS05nmPalkrL2Df
9361,5l0YvtHzzyNPJ4rAiw9tYT
9362,27MJBWH2Lo5GXLY0bAHrcA
9363,4INuZskTQeFkHLWcYVjaqG
9364,7BsLpcQJSprcNf61lyBZrT
9365,35qVh6fK5lQBx2QH7k9KRK
9366,2wwZ6Xqc1SkC7sZZGUCNeF
9367,4p9QiasqHfOkPnbc6sSxgl
9368,6SzJU6XKj2BDxC8jsK56Ie
9369,53jZzKacEfJrf6xqOh70A1
9370,26zKr68t6Qu4D2bsehaCbt
9371,1R6kaDYviDbxEMtQ9f6Z0y
9372,0YfNxmRH21ycWjDLjLQKK2
9373,2byjioH1halnSAXAd2uGHZ
9374,61mIRqIKyoKaWXn8puXoRQ
9375,56ekHzJ1kwSlix4jQ3mBcG
9376,7pu0pLvgwopOa7lp2OBXep
9377,3Zd3l7cYsIh9w5DC1vbdgK
9378,1lgQ7wpNDxSukuT4cgYrfW
9379,6PAr1wwpxJQhHn2c6wKN4O
9380,3fAnJdzLO2f3Z1nsOl8rco
9381,2JaRNvud7nNZjetiume9IA
9382,3kiZ0cCAjRqLOMmaYk22ty
9383,2uRJCbTC8k3FOtPK3Gbww5
9384,1ZOM16wcdahHLMF1nbQaBh
9385,1NAYWRWQhEglu5MvcCjsJo
9386,6VkGvZnA3wNQnnp4ipzQjP
9387,0HVgj7MnBD51o17lNf1Hf6
9388,2OAamrBlC1dTDxcSxv3jdy
9389,0mjYtnWmbZm5WrAwn4P7yD
9390,7sseku5Q5DwnDoDH80Fd4S
9391,418ve8CTLM3XbeGWSq8fA6
9392,3NwFa69jpNIAsM3HLnOb3k
9393,3DshdZLAXdcnd4TalQA9y0
9394,0M0bBnanRqRGKs8pz7ZWi0
9395,3I5rm3XcJOGLOwtPw1s75k
9396,6j1yDGV547WxP9NZQ44pUd
9397,77VQ1sC8uVA8fTZPeU1hVK
9398,2xL0rJtOfBlmwhv0gycDot
9399,16qGMIKyC7JigKhNCLjx5J
9400,3DGaYKvh46E942ub6UvZrS
9401,79HCq8onZ7WMmXk6ZZrp95
9402,3kY7f3qkk184PsKPylIEes
9403,7v4EMLSAG0hUjUuYcjwmrX
9404,27qsQGjOEBiVoZJB1ViI4Y
9405,4V04yXsMYX3cCQNRdbVTB9
9406,0bP3BJoTU82e0G2PwDXqez
9407,6TKMXuPoDlPZYEkpS5CMB7
9408,6YEr9QWiDprJLOaQUVA4tg
9409,0YjRLQOZyazbajf7T0snoC
9410,17cWlhMQWQW4I4ZkJE2EZ6
9411,7khrg4CmKVfDfWIVxmGV0e
9412,5vrqH8ojbphANEacSewUad
9413,0wz5rqLVTrBNuxCW2rewoK
9414,21WoL3p4jO3035klNRhf4K
9415,2TNPagu8Z4zvDOpmnktF00
9416,3CQP1BDLEfD4VsaRai9EBi
9417,1am4cCqCbquG3c9IOPB7Xz
9418,6fRTEf10jhCrS2tdWDoTxc
9419,68ZVCePM9IP0MSbcmeZuup
9420,5Oz3TWYhneHj2fo5ttwPu1
9421,0bUO3Dqgrpug6pqLf0ThgK
9422,0Ap7djMNcOo3jQOUcHKoty
9423,4DIj01JQlvRG3QXlJCAHWi
9424,2vgsR4fSm8cxNxvmZeFxkg
9425,0gdajfMrIdhNPLgv1xC7B3
9426,2rObT05oR8VLpd43sgURiM
9427,4zi5LsnUzMHxFuFlSeX4ho
9428,4x4fU2SlrBOur8RvzWuUlU
9429,51huBfOMn4A8CyNIUyZRas
9430,27d33i5RKPZX3vdL8hirT1
9431,0VMO2HKQm5zZ55K8XjTD0X
9432,1ZaRcmKtHyIxKANFNZq0Q5
9433,07JshtjyWwSX0BN4PAjLkZ
9434,5rM9g0m2VvG7jaUXLUtNck
9435,6JtwcNey6yolKfcsagTzBO
9436,1ecIqo8pOc8S6y3l80iGxd
9437,1EIMbgDV20qBRAdGOYcM6W
9438,431zrRNvZf0f72qzpJzoX6
9439,1jy0RbDHyBMTupSdc98XbG
9440,1Aq4MrYcKRRFJvvDh2T3tw
9441,6kEP5D8D9xongkcKnTNcxa
9442,6gXKFEqHbpTFSnGEuFKrY5
9443,77jZktjW6wpcCwvuU0Uq4m
9444,1pkWEZ5Ss6LjBNUlmzuvhC
9445,5mze4og0e9BEynoPxyIelY
9446,0SMKwo6XG4nU9BmMIqcL3s
9447,2mDwfVXAn2JRn8TGMIKImh
9448,2PpHwVwuFq8SQsxuvDTVf2
9449,2QHRE0GhE94YVar8OEp3J7
9450,0o6bDMkGYmz9Iel0f1RiDT
9451,0UlxtrJdJuf0CAkCop0Eyq
9452,1Bi4qf1oGqHm0KszwnKCph
9453,0qwoBdMnysN7dDT6tK3fcE
9454,1BnwtbvZibyzmxlLd4ZiXB
9455,7e6HuwLhptfCW3mltSgS5m
9456,1juZY0JbbkkATQP9LSeOQH
9457,56V1uGS6UGGP7KqtTiWOCv
9458,07xnm46gUHDSCm3Kqi9x8T
9459,471BGA8QAK76LgbU3d8aUy
9460,4EiCzV6l570gHYbY1v4m0b
9461,7uXVP4LeDf0B6waBcKBLO9
9462,70LiRa7d3VhMd1kdTeTdH1
9463,5LxpNtvmmHgp6ZpWbD1UEQ
9464,1fqecfG6vCCF0fl8jFy555
9465,13NAqZJXNZ6RBId08X5z5E
9466,4Htt3QaBWdLggq88rJI5MU
9467,3vPZNhkkhAupLlC9v3SrBj
9468,0fsRAbEADTKaAj77UDMKYt
9469,7IvJ1dH5k8UyM4swccPy2d
9470,4ptPKKsZEbdtf8CfwCBLRC
9471,2KS7b9EbL3sPGswRf3seAZ
9472,4GAhAw0RCzNVP976NRMOqO
9473,2a3oa2Z4QhB61uueut9ww9
9474,6QXw0lOS0s85YFMlejSUEa
9475,4j1GA6HplfcOPCbAE96TTc
9476,4K5AejrYf9B3MAcjKJF5Yk
9477,4HlFJV71xXKIGcU3kRyttv
9478,0KV5ruisoW4WvmxOQuBSMj
9479,0jF8otm6XyGaA3tE4AZ7gx
9480,09vGJOcKY9ZH7twxMA8eCN
9481,59KVlTMPfKerd0ejtF5VQL
9482,0eRU5d6kdUKBDc3oGikBqH
9483,2rvX8xHauFfc5nT0K3sG35
9484,7AvpYVlNQeztzq0vPb54CP
9485,48LL9FhEUSpt2TVUipB1E2
9486,4bxamhBmhbdj2MFX0nYY6Q
9487,5mRONDMTOItI4NJMynRKaf
9488,2ySKRXKN58cbIlY1cxd80y
9489,5h7hzFpZZJmHUHAizTvfO7
9490,396phnbhNwwddtgnvlwCDq
9491,3lwfhe25JjV3GnaKaCfcUT
9492,6Do9jkmNTqomSkKvTASa42
9493,1BSfJLqQqihV8RqtDh9y2J
9494,0mpDVGP64H7envMbMz2Tp7
9495,30mxdmi9a33Y9WmqkFyt51
9496,56emlFiMyJR7sibvKPjiGP
9497,791lTZdanD9enWd31Ov5nw
9498,53CsxSUfgPmx57WLdXpKXL
9499,3ur9HJ52mK2QuWZ08LCZh9
9500,4bdfIfhw6McKwL9W233Ptz
9501,0OM2vfnhP9f1b2Gf1anlwm
9502,12ZLfFr14TJuTabuFPLxl4
9503,5fUJf7zatj2p1wJzieKebu
9504,47ReVc3e4YlHxh0t0gBk6l
9505,77QMWObQ8MQeIqbzXChhtx
9506,1qDe5CRWjbSqnYLwWbr8pC
9507,3cTrAJlN5HtB6z3zhET08w
9508,6Ot1jvIoVPAuGRKY8Qxue8
9509,7pJgodBSxGGcZmfC7b5RMZ
9510,4dJ273yjZ3jLjI5mPz0yd8
9511,3fsuoT5Y9VLe3Z0nynGLqy
9512,7He4Taav43HuHhRl4nfd9j
9513,5xQkY7ia30xE1rLnHSblKI
9514,7B8xZi76PHCT3SCbFnBH8p
9515,20ztEpdghFST3DfVxjzW0y
9516,2AEebJOZYwJOt4IZ9BGZR6
9517,1SmwVslJu4F58yis7mRtJ3
9518,11XfYrFk8faf8r78wdOL6r
9519,1zjmb2LzR5fu0DqFN5Iuk9
9520,17rwWWbLyRxQv0cfOGBtf1
9521,2LrCoc8yPqM25uJdzHRBrr
9522,3w5tSTIW0CDQtdnYfB6tUs
9523,1SocZf8KphwluZ6Z62H20X
9524,1jDHQVdfVmMO0girMkHE8I
9525,4Yt1hzaeJHdSRAfSS43C4j
9526,1itgHuvz7JUQIczBsY6Bra
9527,4xHddRoOGWt74f5g6ngxa0
9528,0XDBvv2G1GvoPo2FJTjHSu
9529,1Why12KdhbVnp9RkhL7FDW
9530,3vF1Bk53lUz287NAu5RCpS
9531,6kGNTI0siWVMVzhaiTgUX6
9532,4RGPWfzJwvYMSmasEuxelG
9533,5wCMhluPVc7mhPBgOSfmBR
9534,20XdpYnDfrjgy3SaFot7hk
9535,0NaNbWaGY87JEfdgB3bf1B
9536,0BvHPZj6sF6wGNZSKU9ttO
9537,0qk7deDSwNU3XMtr2uNXjF
9538,2ZOBZY2tdrzYU7adZK9lpu
9539,3hDyH0pfiYf3L2SF6f4TCP
9540,7d1dGY0j55oqOmJFAdmQlR
9541,0ZZ4nTGGQrNlTDbr0iPS3k
9542,1gp3VijPBKCFsc6ZCs2Lq6
9543,08VsSDNBuAOwGu8tkpJlSU
9544,3f1IIbxQrT0OxRy7fvOpSr
9545,54sbPbTYZl8KJuonNSP7p7
9546,7p2vJQZJP3AkjmPtZEF0cc
9547,2PSKYKSFe7r7cEOLCqA0Yt
9548,0fiYIr4BCeDEzmdghkE5aa
9549,7jZpWmDwhQDB0h4XRzSDv7
9550,5J98tolBQdHN5m9oLr0R19
9551,1SLEpBaQQsT4oIJ1cgnQvR
9552,3t61HuZKUHvGkMNE2OgeLG
9553,2JUaonWYhrEhtbpVfNCSmr
9554,48MebGFBVtzHGIKiTPhPxp
9555,4zIQHs0jqrZgRp8NpbXcmi
9556,56kOHC1yQlQZ58gMYSN3e2
9557,5T13FuEf9Z899oAyR0b2V3
9558,1jiKHrdidImSUab5bOQL8X
9559,5xQLOM0wS1jch6uhCNfM2E
9560,0r5JBSP4DjI699aPiVk5dw
9561,75Ejud5a5EY2KchqjJeJAf
9562,3e2Ujo1ktr66oVfmZCNjLq
9563,1c719qmGcWhS1QRhGo1Wih
9564,4GhdcgobI0hdI7JoCShg0J
9565,5bwGUv9VP1m4qmvkRNSqIQ
9566,2O7N84fjQK0c3dRTAdndQk
9567,0lZlINwCTBFqmdn0RGjsYE
9568,3fuQljkfx15wVkDhgb3fT4
9569,4GMIPTH1aWxFMVAfmXdujd
9570,63ouCvRO1W9dpCl4D9Iotz
9571,1o2ELa68oG8FVI0mpMhJeC
9572,0hCs5qwhfgpH40ktDg1NKD
9573,4LILNZFbLgjep921c8vLHN
9574,3UITTAslZBNrDYM6mCtXW8
9575,65vfhzbHsGalJGbnFHZ6sF
9576,1Oizk80H68Dr7PFDdye1eS
9577,1jKH10ufuA4EzUCdobVxu0
9578,6yIaTJLSz2piM1cq9V6T6Q
9579,1hkerQkEkctLntTsgqQO0R
9580,1nnhYsaaxGcMXbbuokPUCZ
9581,21IMqScnogU0bv1v7DxwBa
9582,4RhZnY2435GRS3KLQnMHiW
9583,4zNmjFIyJUlrJekBMrtpLu
9584,3ys3YSwROSxPhgCsP2m62k
9585,0cVWYnhI6Y29NXDMqztWvI
9586,0AkKwgg6rD4p7EpDlNpSz2
9587,56BNZWC2EW1nO2kT5ijs6D
9588,4NGGPfP79OHw69Y9OcxBz6
9589,4iOO1JLS7gYX0IgxDagp2Q
9590,2knr7ikPt4l7bk92qS4ZXW
9591,79534UgfcUxAbzLt6zLh08
9592,5nioQlXPxKYlkVvMSAQtzW
9593,24QKM61lbQXXwkkBjM0c6f
9594,6d240Pibf8XKjh64tsKYGB
9595,2U9pGSOzVrF4Bb5IRhwVQd
9596,2ogIwH7SqsgCjXc5KJOes3
9597,6zPshBHmcutr1RmJFXfino
9598,4dXQ9d5EBTcBVlfWfSqQfF
9599,2SAXaxKnpWfcudiLpMWz4w
9600,6KEIJkOkr2Wp1rhGq8ZrOZ
9601,5cPZCyYTZcOM2SZBtSa2ex
9602,5J9epRTy9KS7RlyI7Cihjc
9603,3fS37XI3mOur0Nxrg8268g
9604,7rEHzr1CSabntboVc7BWda
9605,4gD0BrFQzIXgkt84cIHLEs
9606,00IyeP7sRybKkJs7Y0kBYW
9607,1ezSKHxdoyyEk4g2lpHxV1
9608,5pcOBLTSwsyO0zoFhPbqsv
9609,2yQkqWfSQShgbBKFVGXOZT
9610,5UwORkHxe4zx2CGLzzRyUw
9611,2nkuZha8Oe9puQ8ZX1P9ha
9612,1PEfQp2BYxtlZaLFJPQodq
9613,3o2DFNCZG1BCiftyAotY6J
9614,78BgTxfaQFlAKucjDo8EVM
9615,6kIMkDPg0y8Aht79f80J2g
9616,6eXFUPGPHK4V0CgsLNCMEM
9617,4qhJRWbjp9qdXBxKpDiv2q
9618,17eJSoxPQHL61A6ZO563UP
9619,1e4iZ8QLzldOl4H56Sue8q
9620,1ZpKyES3kDQwqamuPMmUqu
9621,1Jo3u8eXp8xobbrvq0FIi9
9622,1iKVDnBTqmZErf96ldGrZe
9623,5NCHPzQtAtq09fgHQoC05X
9624,5PAuyhBNkrHp7NTHWjvF7V
9625,5S6unkOfA5eZyKsf5SFNM8
9626,7uLCbD4Tl9coKjrH7Qp4iu
9627,2hRzFcYxt37FAaGl2UYGx6
9628,6EChhDFoKq2r3aNDIJpeKv
9629,5IMGjEnGJXxLLOisLZ2bSl
9630,7fkWvh5N8kjspoZMQjijkn
9631,1fslCOmxtyPvE55p3KVTWY
9632,7tXKYCMVUmillzaz2ZtrYM
9633,6EqqVSSlnSBRwgu3MaD2kl
9634,4P3IsR4bBuPYs8O3FAk9eC
9635,1najvSkBet3BaXv8gW0j0o
9636,4EudGVLgyuuGVVdy2KWOWT
9637,1IoX6rEQdnexv40lN7ovm2
9638,5b5UfzayiX4EXXusCipNjN
9639,4g6ocHYRvEysPF9Jyj9yjL
9640,3876qCHRIBMZdUx0jSkBaH
9641,10wCao8YMwzrCkmq5Q0vuw
9642,5btaBUeFhGDC22oRgltzIj
9643,1VTQ8BaKJdwhG9XUiLhFGE
9644,0UynH2Kb7G0snIUHBV8SsJ
9645,4Ct9iW1EbmoVR9lqXM1ewV
9646,1FzIkVzPoC3f9Zeb9Z5Fhd
9647,2VLGHhjRYxM9C4HjlUDmCr
9648,4Ddc0kcRwquRzEh4DcaKyE
9649,2rnPOwMzSVkK8QptKvOuOq
9650,1E6lhSYlV6sBux177tAm9N
9651,3dFqLof6F8n3tVNleBbCQF
9652,7H0WouIsaSf56fLi43ye3n
9653,7pMD8YXl2VTPStgP5g1EuC
9654,7AJBcJ6NPcAxVtTnuIZhxR
9655,5u370IggbdXBffxc5mWZqn
9656,0cXJRFzkMqGWPuHcFqnUs4
9657,7ewu3NUZ5X7RZDByujRXZT
9658,3dqxSaa8z4ef16yC022bcY
9659,5qWfbqQUmQGS0fy15emahR
9660,1mUAUNJEBUORUkWligNELj
9661,0wv8n7RADKzvggTKp1eNRg
9662,0bkNJm3BcQyHpytMI7a3TX
9663,0ZHiHIvNumGdUbO1Z5TCPJ
9664,3NTR7FX7bsSGgwFok8NWHd
9665,2M2Xo0BRxWHKkxWSmJ4LSL
9666,55zUN3aLm5ZTpfvQ9n1Djj
9667,7w9LkdBMlQnQtR3ZC8Viq5
9668,4qg2IYWyLS6nuLF56xsRfL
9669,427iU2NUrKLdErSpxnCQiL
9670,47RCEPs1JnUe7SYk7iv2WL
9671,09oCOptpWAPyV0gqxBUCJr
9672,72b0ANL1ZiV71OiZRs0Lny
9673,3g3Ht5QpT6uPLmAmDVQOjj
9674,3WmsyAOQGFXw7JGavvkpNE
9675,3SR7WiAX2YNAMHJCzcJaCM
9676,6Pt9xUGrDSZ4y8jUHGpWZw
9677,1gRQxbfL4ULWyTosgXSbWT
9678,3LkgZynBoXJyb5fPXnPqDV
9679,2UDMIBpb4TyLhzXr07dpQR
9680,0JlHIa6FuiYs1rVlXvOrrU
9681,50rqbBHROa6zDSWBMfzKCs
9682,270TVH45y3aFzNSZQt1wsC
9683,6KiuVJves6Jp6zEqjCJTHo
9684,4NQ8FN5YR7yyKV898rOcaM
9685,74XzT6sJuCIw0Py539SNQR
9686,6UF4ifXTKHOrgSMk6thVvY
9687,0OoF7sIsAAs8pMmhDrqSLj
9688,56C9kgD9wLknpD7dNOQu6F
9689,6pFeVD8cKsYqTbFR2U1lbs
9690,0wDu7SfZrMdHAhIg6aCuxz
9691,1Xu569PawzQzwFlFnXLv4a
9692,6dSHNRIgHzR7EnvGRmQts4
9693,7mKkJuVgkR72ozJGvJOTHP
9694,0pkwhsj9o3LjRZ5WPrzYOa
9695,6yl8Es1tCYD9WdSkeVLFw4
9696,0VmdveDdlr2FMGwBljCfxA
9697,4rqkWp4XfpLQh4Nkn3PjBB
9698,370svZM4vWhiPiCe5ccvMs
9699,6zcnGbjNk1kyoSc1VgkTIm
9700,3r3GtuxnklFcTwPGXhRm4O
9701,0cSZqMUNvIyCZ5sDCf586E
9702,4VsXWD0J5Kz3JQy4f8YEKm
9703,52v5n9OW43dlORK0FqrO1u
9704,3CexcFOLMkS80yBd3wPSwY
9705,4k6IOBRvUBAdYIcW4wQO4t
9706,3UQQ7g6J8fiMB7oldQzBoq
9707,4LOVHloTkdq814DN3XCFRq
9708,70E1GeaVv51mFTbE9lzRx8
9709,53vLk1aTKQjCzqwJmL3i6F
9710,2aU2jW3hdjMBhPy0oN4PMz
9711,1giGpOVhevgbX1epEuzFRv
9712,35GHrvZNoJxQabeVQqspd7
9713,1j2daAxodwXAdmVCM7dhBO
9714,2dE9MEb6blPkHSR4MwW8Od
9715,63agXlivenWbUK9dU0nSks
9716,3zk0hw5TYUyNwLLkAdnSD4
9717,35hfuechuOqaW31ogdauO7
9718,15O3cEqfhnudkoMfZcJ7XV
9719,5wjPmjzfJVxdfHxSBqdbXb
9720,0950zBhDfpTlPmANus8lIq
9721,6EFqjXS2NinmyYcUI25OdH
9722,4lT9DHfNzDAW3fKm5akUZA
9723,5acSb48zFAcXTdL5Wsk8xx
9724,1RPjGcYj5adaDY0qaJLb2q
9725,1FIW0NFwxTOblkAHPuy7Pn
9726,6m6VCe6QkZAJpm366CZnhE
9727,3BtcwPXSrPPT23tjj37XZe
9728,6UH8cs6VFdFlUcGYjTbWt6
9729,0hgDFMHX9JK8lx3cjX57xd
9730,1DSwIyCi6pzb7FrTrHlrnx
9731,3NG2pfHRhjnRxqRnamXbyi
9732,3nwrL4fwfjeedQaSt7GxcV
9733,4WbOgZ7NyHHGF5Pikss4bt
9734,7xyExXsD9QqhWq0DyYPZ6m
9735,33ojwUwTyfhBCsMcFtshGW
9736,7qwyanNu1VB3MXclmLI6pk
9737,4UzU6cJPROwlAnpcCJ8643
9738,6UsUBpi6LrMJUWBZTctaC9
9739,1GQ8XGlRt1QsSIqumGG8WW
9740,2SDHuZC8INfCC1lHM37sBP
9741,35ximkanuSBu1dezz4IZzz
9742,62hHF266kPe7hlbsyFhWrP
9743,3E331MxO1kspxyYHePVtPT
9744,5xcu9C1lnfPtSbu7WKU9eQ
9745,1pUq8SFrZpKF6wgRW2rETq
9746,7eyhxafr2Q09JcqkSRSkOX
9747,4eNm5QVtXqaHfOKkE0XnOZ
9748,2p8pms3CGeYK1iUO3NdW0z
9749,60zBus3fgE0n33HpksN397
9750,54r3bxpUcCCxMVAgayiL3Z
9751,1IvaiLWyeWK3wzJ3BxbLGq
9752,0L2fSXIR8gUwD3Qy7N83EV
9753,2t5ziJKs0faDd1FMvyJLIN
9754,7ppcJQGVa28mufNJX8BxQU
9755,5L5elWAasTkXolvLzqRRLg
9756,2kQXIGM53tybZyPvtyaenG
9757,4KGh0MZ1dJaTTLsFIRIhb7
9758,3LAhnYX03O2C4D8MAJulJl
9759,1XSwFsk5IBxB4Jd6tBe3fY
9760,3xoEy1AI2f3GANfoeBKyq9
9761,7wj1DMxexplwaIdRaKqUHr
9762,4FJATskjuE9XYCrZkVaUx8
9763,5fre6HXCWNvHpsV88VyJZS
9764,5FzgkVitiLFdKZcxiMXclD
9765,14wr2I5FsCigi2Pkbr2qDf
9766,4u3oXuVeOGoByIMz9pnOKf
9767,2Od8ItKmRYyr4gD8gpf9U4
9768,2wpB8VcHC35cyjrFpohLHR
9769,2q4N89Z1qvCWbCMtq4yRNC
9770,4j9E99eRWlD5CNrRcvU9Y4
9771,2GPoj9AFNBHkCPCK69OlaA
9772,2D3DNfnwhsT6M1TyZmdlwe
9773,1W4tel2cVJValBXsE0FjKQ
9774,2tc4sURntZ2uaAhovJnotx
9775,4CQE1tvTDq3qWuBtTkVt7C
9776,34PRFgMjpf1mTiIDIve6Sz
9777,1W6JxyFrqJmm7FLUCwDAgO
9778,3r6MbqYbQjfvU1mIt86E2r
9779,0SOAtoLr7PcztjCnYmXYuU
9780,2GAaGPdruK38sZ4VphDd3j
9781,5YTDnlr6qzl0XIGCqHP7sx
9782,4l5gXBSs74bHDiDnDdaYAw
9783,4YmcZ1rOPfgK2HxerOzSj5
9784,5JhRYNgUcBzX3pnttGfu4p
9785,40vezKc7BEU67yGmzf4AKL
9786,5gDLtFXdZLBYCJVpQNDXiG
9787,0wEPplIdnI0Zb6gLMmpW5U
9788,2P7Dbp1jdXEBHKwWdgnUJs
9789,2rxcwqidg060W2IEeop7wF
9790,0RgIohXIw3T9iiAqvc5vHn
9791,7CQLBG4phetRtZtyY5dsWf
9792,1BtKinDUz2lvWpZJQyHYUD
9793,5Ghyl9pBTYueA13Z3oKAwX
9794,3ZVOFUTv6qozWwwKfV4fJi
9795,7FzT7oEYwxLrRscgDUwzuk
9796,0EGcldYOAlTDC4Jw4Gw9Tu
9797,2pyZc9Xfn3w0AcmBeFHjjX
9798,3An19NvCJpIKaQ3B4jlf1r
9799,6gzaJMCDm1GRFw2zJdlrbK
9800,0pLaskm4eHcvMTcR7BAd4S
9801,2tcuauvBQMH3a4B2Jug5sm
9802,2JTF8oe4V274JR1WnOW4Jl
9803,0LelYcBXhfPOa6DMImYPmr
9804,4LZoGMotPps3vpUoVu2sDE
9805,3xpel46iSDeTPmwIKsY71V
9806,2zrN67FvHTC7ff3Bimj9aO
9807,4fTzEH6FPyTupQz8UlB8QZ
9808,49nmGvfcJNHzPl329U8Jnb
9809,2GnI2JHdEH3NkGhsyKsXtQ
9810,4eoXwLQ3N9Ek8hHCHEXt4C
9811,77c2zLdIbM3x3ZNZZ2JHx3
9812,2YNddX4EViIjsJGbO2DXru
9813,1Ci3FsMX2l4SzclPhExM7O
9814,4xAbuuVvVa2SQeemtyjRGT
9815,7LRAvMdZLTZ2qjqUMQMNtS
9816,7hZhyg8pMHYoCxaclBkG0L
9817,62WEnoofMhiCL79c1g0gEu
9818,4jDC4nORGYK08g1fSETe8m
9819,7vvIllVl9shN3LFiKEZirr
9820,22X1Ue4LBLZPjeQhOXEbkP
9821,6U1b8kxHdZJKHqMvvW1nG5
9822,3CU5cYgEjwjaW7pitNKZYJ
9823,6rNUixMdgquEVQEYNB9nto
9824,0i5dYPp9CIL8AU0fadjkhI
9825,0izpKPU5GanLj0Q9OyXMXS
9826,3nnfZsKguDexxLNInB4rDR
9827,4v8NqQzAIHp4LCiSRbhipF
9828,5iNr7y6iWNkwVvVeOXSLT5
9829,6TXGN6wIYEUabrZjQFrLcs
9830,74uVFINzID5nPc9ELqmhL0
9831,1ixphys4A3NEXp6MDScfih
9832,261jEqa1jgUfYCPZIhfYtR
9833,0cuILJWxNn9P0uBFnrE737
9834,3Tl1G1KBQ7yKOIvKVenHTH
9835,32BqlI0hr6muTaXi7CQ5ZR
9836,78t45xb5InXk0CnvRl8aXW
9837,1Scc6L6bMfJGbRtOuAIAwB
9838,6MKF4Ak36gYFgNud7Jc5OV
9839,3voftQitw6zaKNvtFb1cXD
9840,6BzCD3KL6f5dtzDTg6lcTa
9841,2lDbYxxX6Yox7QfLFudqzq
9842,21s89wKJ46tYm1dOnHRVts
9843,1zedfw5iu7XzKJT8CupEIP
9844,368sgQMnEzwo5mpShvPFJm
9845,1PgYN6hOBCpnftBXE1dCux
9846,10cBVZmka2yfa7mSLprlNQ
9847,5mwUu1QDzKy0IwpLdlPXu5
9848,4hcwkV5Yp21SYQcu7EJrcy
9849,53WN2cEb69TWdNiOFri7EX
9850,6LmXz2aB1zwqBZ3sYzsPnt
9851,7GKgc3jBwTdCkUM6KV0gUp
9852,6BI1F8m8hxrbyMbo8w6dC3
9853,0bgMhua6KFnkRtASFdMDnM
9854,6uHvbKL0Yi37AuvNRmUfMw
9855,6GoAYyahqwsNIFe4ov0nV3
9856,6aWuHfqWOTwoQ6zmufQoDB
9857,3h3EWrZuKw6clzXGK9Sowe
9858,43VLCLKVFpQNQJsVEXoDKJ
9859,3O7ycprzEcYrj7o8iBBg4D
9860,4JobnBxEQR6KTDD576Pvyv
9861,3eWLVRuBrsTnKvqdHTbL23
9862,2HBXpKLYl9C58RnyNXcPLs
9863,4blsgJTKfFehcYdPvPkNoM
9864,59jrhdBUhOhVXO520an5J5
9865,3pSVcQ3yDy86JT1VAxPMPT
9866,1dBibyOWSsKSxQkP172O6g
9867,0f0SbtoKGe41cX5LzlnX6X
9868,4Cd2OckVw4KoyR6FvMvpxJ
9869,102b8r2nQvvUDkY5ceYgdJ
9870,2XFTCJ15xr0nKcRHPH8YzU
9871,4CbpzXK6qbIyOCpVTIyfJQ
9872,5TTPAqUahainpPWU6ax0Va
9873,5YZkufoN2os2hqaBI5cO8n
9874,0THknukGrwkLTaquua5Oke
9875,1XypFOGNRXvprXmEuomlMK
9876,73fNChRfqTtht4uRNuUXmf
9877,4VVUFEkFl7ti7qMrH3IMii
9878,7sCHcNQVpyJ9gqDUGVryTc
9879,6BFIk9zBn0QDKwinnEnclg
9880,13RhKhfIq1mKOIX73D9DXA
9881,0HCdc7of8JVMioMtqUW2nT
9882,64V3pp28I6PTQJyJ8j0WF2
9883,4sln3hvqGxLEUCcAmTO4pR
9884,1RP7ETq3Fy9V3jCfuy6sGQ
9885,4jwns1dt0ZdmMB05sxMzmO
9886,36DcCSKGShF6p3h2JMcPDg
9887,0HqzDjLavJNDRfoimuM0fe
9888,77Q4nulkUQtWfYJWWQe6s1
9889,3l91v7fxuSJPsVx7WbiKLT
9890,4F1anPpW2Ore4FCP9vKDlX
9891,2IPKFnS3YeT6hKxWpbiuFT
9892,73BpGkyfZn6WE1sXlDwuA2
9893,2cKRsAaVNG3qYLdF6WIqBL
9894,6015DaBwB49tXWlmNPo64w
9895,64WOVClAyowiViY5RbRiU9
9896,5I2VapAoss9eQHmuwXfoMt
9897,3uI6ziCGDMddxik6vmlVGi
9898,3J1uevQfqJUTIr2LgCkq2u
9899,47BpPby4EKARBmyjuW5B3z
9900,37AWxJfFokpKZhn6b0o483
9901,7kxUWELujpoA8xoBmcKOMO
9902,0k0riUqe7zApHtI3jOjHCO
9903,0ElrwL1CyHCzJ05Vlctj7Z
9904,2UVvIdoPfBkfLD0v7VwOKG
9905,2aWRLguHzyb7xJzPTrAfHk
9906,0YFXOwDInUS03roqlINilZ
9907,5kq9zqh1U1bn6eCqF9gDbb
9908,6r6kCFY2XKmbdpla1Vty8g
9909,6T7rTp5Wxiccao19veB5kj
9910,2EGkodexxQPpBX21rHe5JM
9911,53J9ZOQ0ezFytsEi6AWlSr
9912,3fTvGuFZUVvklePpmUAzHQ
9913,4Zugrw0t0tH7h9vj28WUbW
9914,11RUlvI7PSrbcxR90JWjTP
9915,1uhty10RvdJO0eXu4PKgW8
9916,5gk0dcTvWZGg7Tlq8PEfNe
9917,2krzeiISo5AnhWm77ghTTT
9918,5IoJf4xqi7uxoFP1iP8g9y
9919,2pc7Hr9gcCxvKi0M1k7ggT
9920,4rzifqWKGydQfRihp8QRCZ
9921,4zirtDykYKtyBUaxdjTJmZ
9922,4Bvv92jtfq5ozsQdbEsZys
9923,2JlzltQWnKXAVsKvFXento
9924,71v7WVJD3SJaT7M331tUI7
9925,44X44C3O5g1UijWsK2X1Nr
9926,4xTjyX1PVTZJftjY2dUzBi
9927,6ysEPZlnEh20JQUuMaOFes
9928,7aiYeTWsZBOxBnij88bs7o
9929,1J6OHcQjnrD0upP4skciHO
9930,0XSHcO8JNMSA8kXvppB5bS
9931,1kPQxsuiukvHOprP3jFPYX
9932,5nKVBqT38uEUB0HSkPmsIl
9933,6dC66ztLWiYp34KBd68E2b
9934,5sVtrXg9J4bwH5XeeChuqD
9935,6s6VV7DPuhyfaMYVCHWdrJ
9936,7BjZxJbr6mVvywE4RTg0WY
9937,3ftN958TYXCrBwv0HH7Aj0
9938,783BrdC571WpofER4UUUHG
9939,7q5J9CFbkwKNVoXMU7uf2p
9940,4aWdWaiHTU552SALQE6eCd
9941,6kBwgs0T08WHLAU4C0VPg4
9942,3ncX1PNhONlpP8vzeyNIle
9943,7oJHfuwG6hEVdw7H1pZSDf
9944,67BPY7ijAvZR9xbn5YwF4u
9945,0Sb4tHnET8q3XUoSBFrTm1
9946,5hP5PQRZnBSJcKBs0um55E
9947,6AwQ7Y1762CXRB8K3Ali7F
9948,6MzeC1EEq9TVkKgTCKtZ4V
9949,4hqrCpIKaOkye5jTQ6r83A
9950,1iJLyYspcbBW4oghhiFny0
9951,6aJ90LBl96bly9zuEH1U2X
9952,2ALEhWrcpAdOC7YYJBQIre
9953,4E5XVvDkTGcPa71m5HQnTm
9954,7uDvuLWCGRw58zfFH1sRDO
9955,51uGoXB3PbXLyeH0aPGo7H
9956,3Op4ufYjwb76FQTdWU0cOj
9957,47cCnzqPF8QQj7mO5Ai6uR
9958,4nxKBNr8HH9KuihloWVMhO
9959,78VYl0ngZHpTXAmbAz81Qb
9960,4Jh0e6u8gs8vyGZKMzhWlF
9961,76WdHqZllQHCiehCyO8tbp
9962,2Q2xsmcVqNDZNBzIk7SKCe
9963,0Koneg1gLy0BEbGhNdoIRd
9964,1W9ZIqVQMiYCTkIzRJRX4m
9965,3DwYlfZB847X3VMLJ4EBDX
9966,1Mx8KJepMb2IwZyE4dYGme
9967,33kP85fEuVVoZUbMIvvJkx
9968,4kFBQ99y2NcQmtF33QRMv9
9969,2xwnaEAK5cvrjcx7Nm1lCp
9970,5GQKmeqVV8qKDOCQLZ9gdQ
9971,0ARO9szQTBz21rK22VGI5Z
9972,3y21WVr6I7tOdcCq0B3vCL
9973,7AMeg9eyG61CaSyYeiMyog
9974,60Gw65g2ncDJaRAQUtSEWI
9975,5ZuVoBLjDVQBaIrOpQYODK
9976,7lSWPNckVgPbdQQnuF6bzf
9977,0J8uds4t7ZrshU5qX00ClP
9978,7rR0MQUh8guB8KFQYd9YsZ
9979,72hJh7Knj7yH2LxhqWecq5
9980,7F3oAF4MyXnItxn0Oh1Fls
9981,5css8d6tc4sYLpjBNRVCO0
9982,2RYLANXUjmN8PHDIUDyPcN
9983,72rsR1v3dnqC0Mw8EwjrbW
9984,4bwrshW28NP5yOkHcRfEdC
9985,7n6btGhPdM3xGc4PozMPPP
9986,03ig8Asct95IIRVbEKvqmm
9987,3I7PM0ArfQPsLWpk4auNGx
9988,5ypZJOJbxjaPdZXB8W7Txe
9989,3If7B0ai9ReI3acd5Hatc6
9990,226pCCrMaCiDAgtLonRvxv
9991,6oqlcJf6qJFiMgytmW4RfA
9992,2QsXx7k1no8naCHWPx1DGi
9993,0XKFFKdwjBrwiisJKnoxdz
9994,750vuAyjSZGt53r570s8ML
9995,0TpTwMXSFxCxMGLFtn706t
9996,0dEFiIxRfXiisPp00kAQrE
9997,1e94BlwdHDMcadDh2abL4Q
9998,2JoP5OhoevGKh3ULGzaQ1Z
9999,1o3WOg3x0KmglLt1dleeLb
10000,2DKX0jTAlgcMlzbgqYJXv3
10001,4PK31pguEjEqR34iflg8wQ
10002,633mZ6wVFz1lGCXhfzxMhB
10003,4cZX2I7NRGQ5S4cs3SRQ0B
10004,6oU6dWGBlobPsBIb4mRbqX
10005,3vEmpJQC2p8h0U3OiBufQm
10006,5BYDIE6CAqglCcBfTpmBqt
10007,77xNKAq581eD62ipzK81yc
10008,0164s4rGkAgFgQJcJ4q2Z5
10009,38GcVZOToCrBftphpWUg4O
10010,5sZ4zXVpvl8wdPLnn4nMz6
10011,2K4lQ4cjcyXflmreiE1xEu
10012,6CKF6AY8vmt7xvVgfJ8jEa
10013,5lN3ZccnzpEGDEWm3lGdU0
10014,2gZ004qCMK82mKtOyJsdCC
10015,0T6wsLOq4GmZL4HtOseM4k
10016,2XcI6AOkLKEOixhAVdt6Mp
10017,4MWQ0HRkPlWq70BKxeY1S1
10018,6VkYQL86cf4vJKLaTf9RON
10019,0iWZ47kH1FzmP02sGMlq6E
10020,0VNlabxSAbdKJgGqska56I
10021,3M1aZaO65nz2yuA5g8LIVQ
10022,14tgX5dfPaXfWsbnCj6tlX
10023,2MXzYpun38QniKUit3vTOc
10024,6CDK4htW8KFdmhlYqrWLMJ
10025,46qcNdZnB6KPPgp3E15tYT
10026,1Av7ZrJZ5E3bS2PXrokOAp
10027,6yrdWJSq6CWZjdYFD86NL9
10028,65Q2mv3UlVi9eO70OpsmSe
10029,4BCda1bJa57fTMB2laaOeX
10030,5thrU09Q5Sc2kmwXnu3TRn
10031,1Z2zcOBLizuAUvKDhXqcZ2
10032,78JZdV25TgDZLh1FRpnnX1
10033,0VpSpAYEc2DlNSmnxGyg6F
10034,7Im2KkL9w84lCJFcFTSxQg
10035,1S7Zx0Ro2Qd648jkQtPLs3
10036,31hhXwoAJFDjveSybCe0Vz
10037,1pbW28ChARLa0HxMG2PtEG
10038,0AiAVFWgZiPnm7QrxH39Ns
10039,3OxToE3F5ExgYeTgK3Vy1B
10040,3NcJLTtUsQbmkzOAZDcrRL
10041,4PlQvFKLUY9DSesGdXJREK
10042,4S0D39t8ykqMEK9wlgE4Qk
10043,4AjvuzlekTd3tR05Rg5cCH
10044,1mvZErZBp7WZT3HfGBykao
10045,30D9cE9kzZymn1OA5rRt7f
10046,3Su1UIgrdxxniDRm9xh13X
10047,0A8OJ9IAy3wDm64aSoJpwv
10048,49ilH22U4yF5iC1DBsLOMQ
10049,5lPSs89hKtGkoJ6zE4txLi
10050,6tqHKpZwkPxABHugucmbYo
10051,3JvQbtaMy1cj5XE6UOSpIb
10052,0lQ0poRi8k2p9GKDu43LNB
10053,1ngdgtEfXsLQE3npYiMiZL
10054,27LrnixA8rfUZU3FABVoRv
10055,0Oy7NDCORe0z2wEUjtTny4
10056,2fkNQ4gDHk2J99tjFRsmQE
10057,6mX1fun13BWGl2RkYyxWlu
10058,6L9ea0SMinGXfSK8jZ3V4v
10059,0K3U1dvNR9spuqhdUE3A51
10060,6omtWgXFEAeIoyEkiMFe9o
10061,0HfqPRtkbZcMoDbfVU5YQX
10062,3iyJPBtWnucN4b5CoC9Zhv
10063,5vENpNhFdtArPAJgTAtnla
10064,7eTg22wEvfdBKjIkBxfVVT
10065,3RRYw4hLAfTbN4BHZD3tBF
10066,20l246SBgtgHA5xkh5LEfT
10067,4ZZOqs7xZ1tlUeLLB26hv2
10068,5j27hxs0dKTm7NiDBCTeNF
10069,2HtB8ufBuodeUcNWhTNsS1
10070,0KRfy8sELPcuRpriNgLd0e
10071,3eYeiW0kEdNp2VNzMEq5QC
10072,5dUWTDJWoGAGQv3v21REYw
10073,5WFBoHnNKYqPInKRwmxT9W
10074,3J6jE5PGpTSTuJcrBVLcJF
10075,3W6RwTCFK13x17yIH0rXKo
10076,1WBVDMQ1ZsUfeIw0we7wAf
10077,7N0iCGxTzN2gJPxnTdIRiT
10078,3xlbRc98jgICAN2ZfAjLOR
10079,4CluYqygFAd3OK9audWRRP
10080,03R9OfjGsSTxJ3IjV4ZPmx
10081,7AfF5nwqGs7Q40w4QyLOc9
10082,4A85dJfc9byVEsU6ByWiJH
10083,0QcefNLo2rQlL2wkOOcVto
10084,3hFck8jP1A9ASZqaiu5sVW
10085,5eJBLSElrA5kBn4Xvkr5RL
10086,5oHWypzi4FW1EVcYnd0VUL
10087,7cSi7K9B4swi7814BG58jE
10088,3iG7ldddtaKeYMWUAhb4WQ
10089,6j4EYygZNvec8JDk2y7JNO
10090,4vrOAcjaNkGkV2ZswUZHC1
10091,0bEhSzN9gh2YAtE83RyD2F
10092,2ShW0vD1wfBTKRjzkc70Vq
10093,52zzYSu7RUsSFn8cZlVjWp
10094,3jw96zBRkwo79KFZNjvOtb
10095,7dju3RZcfdg2uGikXpWUQC
10096,01QDkn7Jk9M464XlN0PQaM
10097,6ex6gjvDxvHjyzutHmLV7A
10098,5MBn92n16tr609xUbqQpu3
10099,1upVvXlWQUwAPuLN3oh8lk
10100,5ruKzFBDZGo4o4vTF9AoxH
10101,5P0iciFegXd5dq3zSECm0P
10102,306EiBGDYOesnsEGZRU2XI
10103,4rbUVrcZ2qX4ld0jthoKaZ
10104,1vi7GEXO3clGjxub3Oosce
10105,2aBoUu846J4ILDXmgc9tQ3
10106,59NdUkl9DPh7JUST60pGQQ
10107,70j2VozTYrP476lvZPQUq8
10108,78wMGCuSmawxe9ZaC1HwQb
10109,5L2l7AAN8EWRPyfyQF1QUd
10110,7JNDHzUN1EyXW8VmcLm0Ia
10111,7hwJv8VcK7FGJx8Y20LmhT
10112,1hV6W2Rxoi80IvcdOKD1hq
10113,16r3mi5qRp9Xnj5lYH7g4u
10114,2YZrjrLRMfGdyue73N6BLY
10115,0Z7N6eX3wzCjIfcqTU7ft4
10116,7x9NTk2n9iHuFiVtTTQnLH
10117,44XdbGn81JYWasHCgGWKeG
10118,2BOJl2a6lwqheoYYxrfosf
10119,2CtCwQhY0ZLvr8L2l8Bo6e
10120,6sOB46Abw8SRKDMBE0dlMi
10121,53m7LQowBw8KtCDKhqPTdz
10122,3hrHKtsQViO5KuUIeIuvbY
10123,5KVISJL93AgXcQG0WRJ3Gq
10124,3Yr0xDKGjqsTnWVLgxT7Yp
10125,6lUfsINDFfxpiBmGTCcnfJ
10126,4ahAPNlQWhauiwKiUchk1e
10127,4bRSYisRabQ48YMCP0tCRd
10128,51d4PUmqkzl6K1H5KRYT7O
10129,2Q7eS42OelgvAjF8Kyoil5
10130,0h2SvdsU1Hr4TP6w8mINFM
10131,0QozTtDAwSRv9FW5tWiaH4
10132,3m426A4MeR1eq7DIwN31Tf
10133,5C55En2nGvC80MCjWMV8bu
10134,6ptCUu32BPTxvaIiefkWgR
10135,2HJFvUWKTSB8JUCLTdpFrR
10136,2qdMvZhBpNOpaWXIoSK3DQ
10137,4oWoHDW1Dl0QKiHHRrLrTB
10138,2bnEUVTjzJrdlq7gtHZRYL
10139,5jM9UTeLHTWDoQ3ikqZDWD
10140,1YTMZ1DmQFfXwCJSkR2WzM
10141,39GDAALzQGHczuR31oDjxy
10142,2vZ30b5n9GkyUOyTTyYXmC
10143,00Lem3wL69xGhUnF7WiCJU
10144,7DpymAMCVQTtuAn9peXRmf
10145,0JXTA3GNLAdHjWNGo8Pkyi
10146,4oxHTcJaYcFYpYNRFD3tyc
10147,3dXp982mgdSDetxHYBO3Pi
10148,3EUcIIrziMUdxEBEwPsCX7
10149,7G5UybIia9nPATLwe3z9fC
10150,2YgFaCTNTj8J8FCd6RIhsx
10151,4CjGyp3Ti7iRomiXwDEa5F
10152,0RdSjM36bQj3osIxxE1184
10153,7LJkGyL4vVrtn1mho7BmtA
10154,6HI02g29HJ1xZVvuDfib90
10155,2YWCNBcq1M7FhRqyjAd1Ff
10156,7yp4SgW9Lzk5kLmN4d9eLw
10157,7xR0dem6gJ2f0250m4SjFJ
10158,1iO8y8VhSpT27nCLwyoGuE
10159,2naBVHNHinneXOYmczG7xE
10160,0kRTh4p866kgmbVCOeVaCY
10161,2Uhyi6OIUVPDRegxF9kgzU
10162,3QFmH99wPoNdU2JHwKpajc
10163,2LOGCgLMAr9tU0p6Gg71f1
10164,2WU7MsBLOnH5hvufxMLNoI
10165,16X85ETIZMhJO6jJszc0Ft
10166,04DTN3hJIXJFwNHTbsrxoY
10167,7J9uc2vcBSUW46QITjKZEH
10168,51NVzJTsAoOnTY1mbcQCKs
10169,3pDbE7dCGTJomNNAuklErp
10170,61MZN0yyMWSEwrLPUUGfgJ
10171,0neGoStt3efUScxnFPPbGD
10172,1MKpInu0vSzVPs0Phr27V2
10173,2GMhTbfqswlZiGBuDlyLeM
10174,354y768766z3iR3aThHVe1
10175,4Mvj5OuRwwDlURcZDrum1w
10176,74J2stK19PZ5GgaETMtHQn
10177,2biS8VwDKdSnu2KteFRIuI
10178,3dUjTUME5YObeHFJeT7oMw
10179,778lOI1N1ZwMjQajE4lALs
10180,5QSFgxt4EmMWQxlR85JO26
10181,1okZNCN83RbfetlXRdvY3e
10182,3awaqfhfKamsH2nCPHfL1S
10183,1J3C8kdqUckBrTtgttm0AA
10184,1RSb1yH1a8DVPm7NNJovQJ
10185,5S5MZMXJBh9DrVeiyIT8Zr
10186,43IlsA6r6yO4qTySfNNwsq
10187,7fv8w55N7T95xtX72TycwQ
10188,02xRBWCRzOwK0JdWMt8l6F
10189,0haJEvJ1GlEk2G38GRskZy
10190,56nzy7oZcXjCsgSwspgXwp
10191,7Db7oyGe2cOj2D28w2Fi24
10192,1R1NIZpyN47AJa3to8vu0x
10193,1TX0ImiGMYiikRash29a2b
10194,5V1VgLrU4BFtLswbpKl0Oo
10195,6kBLnPpaLbmnC1ECbDgoq2
10196,7jQoWWf9y995F58Zk68vr9
10197,6qvWPWnv43V14b2rToG4J4
10198,26vOBLHS116a4WNUVlvAUW
10199,0gn1VqGwjM2eBkssBs7zo8
10200,0pfHfdUNVwlXA0WDXznm2C
10201,5IGLIRd1rnHRaw2Qqzlkph
10202,5ffqbcfs34EURQ7mMNWUXN
10203,7lCxes2nCb6XNuyuZObdyI
10204,3d8ETcwbXv5SR43rq5liOa
10205,2prt7Yn1NheVqcNcpoplSp
10206,7aocXr5Lh1xpL1oqgDtBVx
10207,3FT9ntKByU1tZ6dBD8lAEl
10208,6jducty43riokMKYfHjH4s
10209,26Q1WhREftU2HYIVjtXI7J
10210,4HE1X1MtjHCjxicUHYQmyW
10211,5gsJXt2AHM5imzIYNLkSNT
10212,5yiq280AZAw0JJ39nRZEM3
10213,0tqFS9nAXxxvXksF3GB8p1
10214,1OzavjTvCisJ9pnWlAQToN
10215,7KysI43rsjlhjTeWO6ePUq
10216,24KUvSg9QsX6FWsOmN0ZxP
10217,7MXD7LWhcgXXLgZXxmwzVO
10218,0oOVCjcqIe3H925RGLoeQF
10219,3MrCO7St8fXlwOGO8fNNQy
10220,2QICivlnnJVdZVuI8BQdYc
10221,6pegokipJAgtouAOd4iWye
10222,3vZbNsOdFBNWw1utqWD3VO
10223,2Qy2WXyAZ9pth8Kb9TgGy9
10224,1HDaPtZuixue2q6VGNRdVO
10225,434ah65N1wBkIBgz1t6Cy1
10226,7aNd1jGC378uEqDEyq17un
10227,0yrDNhwczPrh4obxLsyKdn
10228,09E4gWfEJdfpqaN1Vegfwt
10229,5Y5mqKOWd1wzqSqBeYaeO9
10230,4ivZnWRUoSokU0H3172Iwp
10231,1tWgwttq1I2RlcJFN1dfNh
10232,1Ks3uG2wfbqGcHTDxzWH3E
10233,3i4ojLwnlUFUfy276FRyP6
10234,06UFJgQqTdS7dBgDZtzapX
10235,1IZsOzoMD2exSjpMMLmJhE
10236,7hLzIknDV5aHHcEib9h5nY
10237,3j1HTRodSjGtK3YsYMI0XF
10238,7kp2RyfqxTvLSvGHUNshFc
10239,6GtJqo0vr7DqWOHQtp77cV
10240,1Um2N5YqshLZxUxOPJGwAE
10241,4KYIqAuhDwA9hjjFo5RslA
10242,5Y13aKMZ3noi3zcToUiQMY
10243,0nt2FMNuQAZwt4Tz8ttS4B
10244,1SWeQP0DT2DBTGfgyyU6RP
10245,6crD4oSMWnPtmRCWQDLIY9
10246,4wPwqit2ytuMCEhqjrRt1U
10247,3NRF4rYSnfu2H0YLDEkl50
10248,4kGyHNczlH1daiH5BADntJ
10249,7eO24STEaaN6488IIIDhdq
10250,1WtgYGiueYt9QQdUhbfw2o
10251,4EaBMhUIOfnFEbIgqCfKbi
10252,3aLsMcZZTLgQqjpWgeWMMM
10253,11hil3T4O8IqmSUQ4HoOpY
10254,3UAXVxOVqegxni5snW3Lht
10255,5QZPbHoVeKUSyj4l8amdKF
10256,6mNltF9rdSIuM5ot9n4idp
10257,58H9Q4wLPF2zfMombizkjO
10258,2WO2F70wJ3Y2j0KUOvg8zl
10259,35VYDl05b9mlqVUaIXCfBw
10260,021oWN2TK6Jyx5eM58XaDw
10261,5ukwsGUcidss6JZM4cUXNW
10262,6grHvZ5lYbMeAYuSK21RtQ
10263,2bSu2FunqGvPSJ8S3dATTf
10264,5Eov09m0eTNePDkH7FXWw5
10265,0MatNW1EGwMFpSB6wXw0RC
10266,3iFkB5ClKZJ6y6yZX6WqYy
10267,2L9QLAhrvtP4EYg1lY0Tnw
10268,3F2lBTuscsp7qW3K23j2PM
10269,7laWZ7wQOioblHjLDkoxkO
10270,1OZWCFzV347HDKeZg9yRIk
10271,4HxVweMysEnuYxy3gkFtKk
10272,4Q9it3Hnt5wCMMM0DrPLKV
10273,43caGWF8Oldx6v8nGF9Amg
10274,4C7UWyhCJ4R0DBEMZZLl9t
10275,7zJ9QW6qw89mJAtzEDzzai
10276,6MLsEJgVs8sF7EHee5QqaM
10277,0XZKzRSvXLqLHT8AVfhZmE
10278,34JKnD7w3eWq4K5FJ7yXui
10279,50ylotxMnJtiT0e5FAjXn2
10280,2KEj9nMUOPHiaDz7ntytsj
10281,3hQxN1FHYBcHgC3VdoWZGy
10282,5dBJR1aE8WzEp2REW4dD78
10283,6xutfRShsZCWh6J8zr6cjX
10284,59ay9zHd9sKSQoUqwI1rUq
10285,3oZ42UeCSAgLc3GbZa0XnA
10286,3Q3VhCDPc9g7qUoVtzbumb
10287,47MXzO5brMW51ElqYycgAb
10288,1vlDUcBrV8GyhBKjdaEfgH
10289,0Tf9Mwk7DwysEajSNGa8n2
10290,66Y3piIv5OM4frqDXB3ZgK
10291,1R8uTKKZTWnHRkkpFWcJfd
10292,7tMJ6zhoHWNfUJV2SfIRJ3
10293,0myKUjAqkq7ChI1Fm8hd9c
10294,6O6nSsHdobsqaNVzy1e5eh
10295,4SsQFJmocv05ooJ2Aj1qAM
10296,657O4nJxZktsNDvBimhZ0i
10297,1hBM2D1ULT3aeKuddSwPsK
10298,4mjm5rqX4ZjhvKNw6uTkLk
10299,4bTFXVN4ZyQ8zfiEzO2BGy
10300,77Al0O42PXCiU35JZoAyhz
10301,0TDDp0shAgrnUZbrYHs23w
10302,2YKmZP9f5lL4AQ7R0V1ez6
10303,5KYn9MLpVLGtz4ROM2jk5a
10304,4LFJRzaJ3p3pze02cDlTxe
10305,7dPhVn5BwAMGcAUPJMIpJ5
10306,0zl9JGNm3Ob7XyMO0jqRwz
10307,7C5atbXdv6nTkjlEKp4jLX
10308,5JVAIjtWoNQO7wJBWWsLGv
10309,2tDKzVSCR247hCBUm1sL7e
10310,59yRGBJBDy4jpm8G5bz8MD
10311,3U61Hscyv1eoDYr8kOPwrq
10312,5jDRujSwRaHvigxCa9OwRl
10313,2nL1CLyEl09Fa6CQKkaHcW
10314,5p4oeiZVvNIxlhXzcHEtQg
10315,4ZfXZEznggQ0s4eIOOJqkp
10316,2GXVa0UZsXMX1MNtvV39tM
10317,1wnraERlBZNnDMPgHRVU67
10318,46kh51xDfr4xyKgUnnGmQU
10319,0FOGgdL9pWfcsWBraUmbwo
10320,47uqV10AbbNif8VsHvmli8
10321,7s8CHtjJHwiYxXUEBeXum9
10322,4zCgJHtmM7QVRfS3Q0dNSi
10323,6kDWIw4wh0rW18bLieMoN5
10324,1U5QOyelnnmuzjQGj2I059
10325,457p7UH7hoHrbA2iI4PSCA
10326,5lZtXVDsSQaa43CfCuTx1F
10327,3zHXsywWD1eRE4KIKXGK8q
10328,1toDs3oPiksWakGvs6LK2u
10329,5vMzFat4Zkzg2Nu9jmwdgB
10330,6wsCLvtcXGQZu38RluW2v6
10331,7D7QUD8xJYIzzfhUmh1hIe
10332,4j3qZHBTNBC3R8iTMmLpBf
10333,0Th3B5aFkEQnzxb4Fn13LO
10334,6W9DAYigXljciZiSXMeD5c
10335,3HEVhCkpDjL4J43lZU7SX2
10336,47fXfNLU8VnhySwu9JypZD
10337,07hPYiRUp3ihNiBuJ7iZcq
10338,6swlNbCFOfgJqm5pLx4re9
10339,775URyP9yUt82QbWVxJwDu
10340,3B0pZYrbMsNDrnOleadkHf
10341,0jQvU0cpPu32slm9D9BF8E
10342,7INHJI8QevyNUri2JKinLO
10343,3cAKPafiMhDzeXltBjln5J
10344,1CheI2Iizhw1a3EiOtqUBr
10345,2TOQYYrXtFxgCs1ao7NbfI
10346,1NJoVAf6HvRbAMH1Py2XmN
10347,6oIzz8WAYB3U0GvhxARRNl
10348,5ttUT5XY3zPZjvAeJ5fXvV
10349,6zo7petcOQfFEslpaSt64w
10350,47tecZSXSH0lxWbubGdgbI
10351,0boyItRqFtbuxryyvW5nx4
10352,1j1llBHosQQjYCP7DSPy02
10353,2ifUVjqRqZW3rIplZPTRM5
10354,1fv69Amrc7iErrkP0ePCRv
10355,04dPLx5yAEiGHKrxtCM75N
10356,2CpIzsORlIOclbE1nB8NEq
10357,4EKrV6sIclsZFjpuZvpFvK
10358,59DQjXLvUdvG6JVnGYhue7
10359,4UMSIF61YJERLBFiFRwswJ
10360,3yyeRHMUJLYsYGVa7r6dHp
10361,3iz6eiXwVskbvtCdzE5OkR
10362,4ekMOih1uhesNKCK3VEIR7
10363,0oU1wL8FqgKwTPa50nACdd
10364,3URnRabOOq4nEVUrlmdzJ9
10365,31H8QT4djW6aHoLOaKHddk
10366,5dHmGuUeRgp5f93G69tox5
10367,5wwzdIH0drF1BF3fcqb6eu
10368,3gtFX3PZsaDAT1bsEK70AA
10369,723iQKE85Tp4ct9kApanQK
10370,6cWZQNgaL8yLtezJvag9Y9
10371,17ag0J66GyLX6TZ0WM3csA
10372,2FHxWxgf2RykN08Ea66Kj3
10373,0ssEj5FKc2aKZvkNH2LdnO
10374,5uWswHtVYj6AgAcM6XmoOH
10375,2ZEyHxGf4QUxNncstIB7R3
10376,38Vp9GrKO33zeYW67CaXAh
10377,4IrtitetQVZ5UXgj1bc3Vj
10378,5D6nPbRJPFrIVDnxoWKEyI
10379,38sJx8JlcygtNKWamNVNW4
10380,4Uq5tAWXRu77t5XDhMl7od
10381,2DDuylH5qi1JcSLt1Rxw5z
10382,3evG0BIqEFMMP7lVJh1cSf
10383,0sw9CYe70vnF7qpAt9LtvE
10384,34GqQ5hxgGIMwynnrYxQeJ
10385,31S6Venkv0CQktDGVFYjKn
10386,6bqhtaooVnXpgcSfOo9mfV
10387,1eBI6SUkhOmoeTVrxqyQUJ
10388,6eXL5Ix84DVHLOpVi4RMlu
10389,4N9pgIA8TfQGG5ZiDX3F8g
10390,4ViJgsvbALDhPNp0dlF1AL
10391,0hf76ycDOx1ByMfHdqt0r6
10392,25v5O2q4TMYitlz9br8XGt
10393,30tL8UFxndNcnlNi67Ctqe
10394,6FWRRTi1DIn0pcG9FhWlby
10395,3kBTVKTYSUunoWI8SVNSCX
10396,4vhKRjmiboAhfunCabpXap
10397,0CRn2ZBhROcV8kegXJdKbS
10398,38iPe3YwiyN4Pfl2cYnWPV
10399,0X7vtxVbUeztolndcxNR4t
10400,2bnMWWAMVEwVsLEAkkgDtu
10401,68NO7CSC4qdLccDKlHPv7I
10402,5uunXHE4kIW6uS4HWAXaOQ
10403,3IVmRkARL6KjCEXOdMoBTA
10404,4cxF8s7u9zMjfBqUOawrWH
10405,4KJGEDFd8f1JRDjAWVNBuV
10406,6A0RxqkIfD3sc3w0jxquhA
10407,6NahIJHL6m3ZWFXzUi2r10
10408,4Tp9HoCLMn5rD0NdpnA68u
10409,2glDhD5ZCLYCv9KKiZhfl9
10410,1vKK6I8jrf1SqQClwZhLcv
10411,3xBkSwpTpqPozL0yBOHiKo
10412,5D6Cw1dGkZcTB8hQgyZdvR
10413,0XYm6E59GxzX2kc5RrhjcY
10414,3TKWCQMU7xYEEslFXsj51i
10415,0xvn83xMSqfDZBziknNAvU
10416,2KWGJikXkweHrLUvGDZGFG
10417,2rznWwHr9aE4gwGRF5XJHH
10418,7vJv5WfyDUp42a44JrTnas
10419,7FJRlsFylyJrYLGUeZYyLv
10420,2HtBS27rw9QugQrMZg8nX1
10421,7b9OAEk6wobTNEGilEB3nl
10422,4Hvo904RublabQsDBf8ChA
10423,5nLlyjxJDgLNsAZVYHVxuT
10424,1T6jo9UnOM68yOJtkPgTuT
10425,34rOW0yx7mEBKfvI8b2wSK
10426,3NwOFxJXyZf5rS5vfgXTsm
10427,2QmemE64Re1EeUxX9OUPNT
10428,3KyOb9LT3DFLKYJKpoM9Xh
10429,4G4LDcHYN639kf8m379kdy
10430,049KSornup3DVwWNxLY9UJ
10431,3Jyxg5Tlm0lqwOv36IoAzg
10432,3Yx0ngO540ovQQz4x37zVl
10433,4AFYnVcvKMqR0ZSA02aaAt
10434,15W8qc8Ok22EJGNwEKhiw9
10435,1FhSbIQaD35hMW6nsXBtDo
10436,33XVXNJanyyAUjYK2UwjQY
10437,2Yia0Gh4n61fPAjrNE5i2t
10438,3AcPWqMSMpfiuT1sUNJ5Yj
10439,2jdS8TnwFHOR7ieCWaaKcX
10440,1B7rsWK4bD7UYhAVQq6Wbq
10441,5PmltdxL6JdCJYffCGOb5T
10442,1nZIcFJYF9ZrUSEe7Vn8gp
10443,3Vlf1kfSbzLa4ozbyIsK6f
10444,1KaMfpEZnzSg0hQNtdaz4B
10445,2XIaetAZTyR7oQfHh8DZ2B
10446,6z2n3sxVOPzEGyqSjhXyJJ
10447,2ut1vtEw1FfDZjdyTwOZIZ
10448,5UYU5bIruw5Aeizg66zLiy
10449,6WKQngrwMICjHOhmT0eebI
10450,6tCk1N85t6h4v1xXI6o0Ad
10451,1YYhDizHx7PnDhAhko6cDS
10452,4dA9s3ai98THG4nQlStPes
10453,0fVGe4dfg2ZD2WwDIksMKG
10454,3hRwcwpkOenKHjOsyIwTxf
10455,7cNw10QMiHoGfNQulA0PFp
10456,0Acc8Z2mhTiU6ceB4DEyCt
10457,6HHTmr27htPesl0gnpbyYI
10458,2l3STudpnzAweQiCBPxjXh
10459,6PYo9SihLw6CPQ0mcjH1t6
10460,7ubZMypWOrvB6es2phK9Bi
10461,5zCpWLazIyf6rxhCDcTSIi
10462,5h4rW0tsfDq8n9D5HNju2J
10463,2IYMqudq12LFX3lr1Dmg3W
10464,3c3XnCPwxGhQEHFxxjQcWe
10465,0o6OPdC6tQr3dAABoXRJEe
10466,57Vgjk0kCIEN4wJRUutUNT
10467,3kINkhepwRifQR3I56pAYg
10468,49PrqjRWKJx7kj21ssTVxc
10469,5Wg2WOoQeznJG1LqFLuhEJ
10470,7F8b76dhWp1VnuR4ivaIDr
10471,6bNKaxRx9rmad2DJMX6vUa
10472,5Lm0rky2koBRVny3QzWV9E
10473,5PS9aFF9hDJDgCz9keV35C
10474,3BhmkhAPzQQjKn15ZUtJpI
10475,1zBvbzKgJxXspQH1FD8Dp5
10476,2lBOsxu0y8c6vc2LRhbTP6
10477,4Yh9tr2atoZUh0kyA9LhoH
10478,2BFzx5rPRiNCfuWfQulO92
10479,7AN0hFYz8HBixfNKRn1sls
10480,5ejYqcqwX7JjbGQkkAFgE3
10481,0iMoRMfWBgJVEFS4dfkNXg
10482,2bcWKmywXaj7OKU09CgfJE
10483,4gNErDjikE9QUQvkkqoB1S
10484,4Y478iUiyE4jHT9bjDduZK
10485,5hT2RwAQJ0yt1fcjLfWVlP
10486,2u34ZVPVlr7hfN7vDr1512
10487,5o9mLE72vVOIn0XWu8sdfh
10488,4CeMCGrUZByXsrPUV7Qzsu
10489,1p8Fz4Jr0ZcXpTmfQNfVOk
10490,4vC4nKK6bk9pYEVOU4EIbA
10491,0m7zbYkdTXAQzb6JMy4zrt
10492,2PcOdLnkUuaqazCauCn3bY
10493,51lhSlCjHp99AGbzGAmJCJ
10494,5WnLKDCDm6ReobXpyoQDoE
10495,0xzA81ZcLR8Rarij0hulcX
10496,2TpBueEwNP7WBLQASiBWho
10497,4AXBqTx3h7KnjsLwXRAQD3
10498,5CXIWgBcyg4qpHIrcOF1da
10499,2Q9LcPZIMLk5noA3m1s8I8
10500,1Ak89vujl3AqjxDMvKmJRQ
10501,1lkyijhb61fdb3E0Y4R54c
10502,1SKP6znnOPfBdo3bxLMcV0
10503,2y8Qnis1wrEUtPyMsXlicf
10504,73gTCLYxfJ76HtB7Qvgbtv
10505,22AAcfhKuYA3dHEael6UUp
10506,6E9cWJb7ZhiRk5BEPkBUUY
10507,0KNHgnf1rqZKggJVHp0EDL
10508,0e9ektNFolgGnHQPd41Hvk
10509,5IfG02WEQQxkta6mAamFsZ
10510,2ZV6e6ku4KAUQJG0TZBKcx
10511,6kEuPZwUI276SWWHk1NYPs
10512,3n3MMky8FIpbhOfOt5NVUX
10513,48R7CBEiVqh3c9UPn26JLr
10514,4NI3PHIc0ueYxcWVyRAZpm
10515,2rnAL1DFdvzq5TBb8TbqHh
10516,6xlOPL8hJyyAf8FkX9aKJk
10517,2S6WtevFdsfg7dujq8pyb9
10518,5FIp4LrsffxiHLhmmpCbCx
10519,6FwllUvOjG6gWbEoXWZYRk
10520,1bEhJqfp7W31QwQGtGWs5K
10521,6smJCC2En1iEuN3b9ZQnLX
10522,3ECeT6MBz7dOVuYIWNltM9
10523,0SIKrp2SkPmflfKtCNkZXX
10524,6qJiQ2gmgfthrvdPyz1ZSz
10525,6ohJk5rmwdTwNaceVPSIyg
10526,78NPzpjdBP3oES96c5wWZk
10527,4Y1wrEOONrMegBEQ69XnMa
10528,3e3yEKLTaXLKoEEud6nMeH
10529,0zEEIptTgLiPmugk7AXBTl
10530,5inHMcmm2kQCVp1PX6kgXF
10531,6o3VW6EskKYZfNjom6mElY
10532,0bwqMC2lzdtXdawqBZyVbc
10533,4zqdwKxXUQm2NR2HeJEydf
10534,6vVBreC5z5i6fY71R5r9B3
10535,55AywAHi7xrDjuRREP4run
10536,4XVawSsTnbGL5Y3e1rFvmj
10537,67eFS8zZb4R00BprNhoknu
10538,4rTcLwjdYO7GjWmteGb6oQ
10539,0PPcv1x7uCQAe3oF2j66io
10540,3g1eNWbZoDqQLD7mA2dZHm
10541,4ONdBIXlm5NYuDxcV5U18f
10542,3JwaOKoVVv3uTfNBf1RHKK
10543,0hPt1GeHQKu3IjbqzxrlD1
10544,3qIMYwB3PhjLtAbeRdWm9O
10545,4VcPw1c8BdKv6rUKAD1Hhw
10546,6L8DyJAP7L4AWbBbwiHHfO
10547,7rgn0gIttrF0RPXx4oUgAi
10548,341wvxKw1SEfaBqgRlN3z3
10549,0QIbxlGRyI0ZEHXoGJ5BX0
10550,7HyfqWEfFmaJkakYMMmjJQ
10551,21DRFiBq9G12EAq9RoW6iw
10552,7v39ZlKGijunXzpaosBksy
10553,1xLXeknuy2AQHLSjpdq4tm
10554,1Jv5A7JiB8pijVRBf2YpPX
10555,6Lz21pRQZaoqkhm697L1vq
10556,5nJ9WqiiVz9Rz6a2xLhHlZ
10557,7uTqWdJSWme1NR3QlVRsxT
10558,24RsblWmtFyBZLDInNgB7f
10559,1yaEIBb1Ify3Yrun7Dbcb0
10560,4mOUxoIa22ZULLv8SnNf4H
10561,5hC0PHHxcPJnhg6Mnncub4
10562,2OPm5OfTzC4kzMvFGFqjy0
10563,41wWrTueWew7qUU0Ru87Mp
10564,2nUqXAlMSrBdbcf22tkZeJ
10565,01df8XbcaqZ7OF3Z7a1UH9
10566,75gMrQKXJctiyN6IOkj6WE
10567,3j84U36KvLeXNDPv4t5pI8
10568,4sb1pnxWGbEaChEvITwFtT
10569,3IGidq5qjagmNmwFsmNeIn
10570,6FWata8Lw1cAetC6C6BLnj
10571,1euszbbvkUzQzIhZUWFmXG
10572,6CN7FuZ7o1xle9TNxApGeQ
10573,61AFF0iVXE4qBlJMRzJVZl
10574,2oBweKXM5LRYS3QQAeXTUK
10575,1MCdN83nhchNW4oKaIfpIR
10576,06ZxSPvvmyjrDcrv2BkgnF
10577,2b0xVwr6hNUTvn9qwg4lz0
10578,3HBiu0NH4GXR7wZDe5MaRz
10579,7MQuezFDGBxu0rMHb1nzTm
10580,0dH0pegRa3TILf9wzvI7jQ
10581,4eqe0E8JYPKjDoSZwPhpqg
10582,0CvrggM9d3WCvZdytfa7Da
10583,4jS5Ho70Scjk6rucwTgaNe
10584,5nH9xbLr6ShTsgM02yfW9Q
10585,4AGpeqhGNwrFwyYTEqTFqO
10586,1eiLLURUL7PgpkY99Mg2XZ
10587,1jVNFEBjjsM9SOQzOBOBzi
10588,3ldPt6lr2KK5dMwv0fkhYV
10589,0QYwEzlE49iFurcyirVALI
10590,39skcmUVUTqRwZvotFcsqi
10591,57miWCpd7kX78sbys9uWRg
10592,3d0HYdisN8Io6F1V2Ceyx2
10593,07js00pwE6jjp3bGhOODR3
10594,3JfBv2YfwPdflYUGMCeHgt
10595,1J9a7BH4psw4cswGZvk0i2
10596,5iMlNlYXeZ3q9VJ9FSsxsX
10597,240qa9N5vXelDWylgM25Bq
10598,0kWx37XgAavZUoS8b4sy4u
10599,0EhHRZlLq0wSW489JuK9Jv
10600,4R7uf9JZN5DajyUuYTQGIr
10601,5NHTtXGCdO7ul16xr0q93w
10602,34rNN7FmEXoe0bmdoaD3aB
10603,1yYYIilGsCoijulZUZpllx
10604,7nUmCOAZTga1VkDrubTGSl
10605,0tRECF1NOE4LKkkhxuDO99
10606,68Q4K3h06FMBQGK31bY0M1
10607,3vfnRONnPwdQSc2cnpgDJA
10608,5fcLhbEUSmGimndHOc7p2d
10609,12u8q9WcwWQpKToQweXLyY
10610,7rTKdug0ScRi8brDZ3V7NZ
10611,1FtN0oui9dtPCrxtIqRXIZ
10612,2Qqo2gLmaBAwfQWnTWlbtV
10613,03csMcRh5OEeBQbSxc4xla
10614,6EqCxnulMcawu0qN8B8Y5W
10615,6bH5Q1I3ckUwzXPHyjQIsH
10616,60RVpisFXcOhFCxierDSCJ
10617,1SDiiE3v2z89VxC3aVRKHQ
10618,6zLfIsikCt3UECMVrcagrA
10619,7p949cKSO5MDSjajSrAcfI
10620,1OFtfwhXqUYO08yD0QfTQE
10621,6vKHIS2nrtCTOpNXl0CWbc
10622,2Yua72XvCO1QzkhArwkR0L
10623,5fPHgWoK5fXQhMgx509N4W
10624,4ejNoyrhgjrioqJbgTNPu3
10625,49oA30OB1jCPG21no065wh
10626,4cCYH4XBF210amMI1lMQ50
10627,6wKXuvOQxG5Ui1Kv2F68E9
10628,6uKf2QQRrh0doPzyJEBpwb
10629,64vI0CRUNcgKfjT2dvig7K
10630,4KFqUSrmNWMfR6cHrjUcMB
10631,7rBrxj1rdRDszXvE2OmpOq
10632,1FAEga9d3ZjPRvBBwJmpCW
10633,1Bf1WQHfyFjRmIIavGV6cj
10634,6oo0urN0kLqZ7GeouugkOY
10635,6PJ8FF6UR8FZXfEvpHkIVN
10636,75sKkAB6RLm1qP4HXT1eqQ
10637,2rQLaelEpFdToTJj1OGBVT
10638,4KpJWjfmodlhM6XQeoZXBd
10639,1KvZwUp9htLo71J4k6fHtL
10640,4ispoHPyOPUnBUTsVBnDrk
10641,4G1xbHV1ntsvgOEaeIpBfW
10642,5eTfSVawDnkxjCMPYKkJpe
10643,1HNs07uZxZniPNmniw2GTa
10644,6FGGrFuXzsDvQARcGTGmn2
10645,5l8AvWEzLSiHajzkdQ6WYZ
10646,2HVTOpuW5zmutgWItqrWSI
10647,1d3eKyE0JJFcvzfHWcYbbg
10648,6o6Dmd2gQW3BXzyzxMHnfz
10649,6HMT7AzGA5wmn5m2t1BuZR
10650,5xMGVCPC8fptCrhBGqeFxa
10651,0ZEK6MHn9EfZtH9oaxLTgG
10652,7sWaLgAGXLdAzRdqmwXilZ
10653,44VBs4CkSUk6UVEGcG8sAy
10654,0gNADiT7IWZIZZfQGj6JN0
10655,6JXl3I506MfXVBrN3O9e9S
10656,7cA7vHqRyHmh9E02hZ9sxb
10657,1xfqbzemnEoI58gzxlgbhg
10658,6SKkN6yuQFnzMEHMQR3sWw
10659,0h06YSqzwbAU9ZDuIvw8pk
10660,3jxwrh0mWZG1iqZdWMhgpt
10661,6nkWsHYP7ztpUeKKNhdAMj
10662,19oPsdlHwigJm2Ewk1ypRb
10663,0YEtI2uFGTwRKbBepmoDEj
10664,4hz5Xvsw70VmkbmcG7a8Vh
10665,1XUpszUugWXolcz63sLz5H
10666,4QqVaqIPd59g3JXHfBiaIl
10667,2g5egJm0qwJPKgpblzIHlI
10668,5IjKLh01upJs2TcQnP7oCV
10669,3useO4DuAMyb9LZQqZvgiK
10670,70J27MQhKmZJh3Vn1rfD1Q
10671,5880eYQmXx3c3oD22IljIt
10672,3MwZoGEVR9i2AWzA8Vko9O
10673,0yRo5ErURsRUDckWP0Akl2
10674,2A7j0RLnzvvlUFrevBiOQf
10675,2efUUeVwQQBi1MeDqXsu8O
10676,16GkDyAijbdmMumuizxBLV
10677,5HcnlD5O6c8WKj69nZgRjI
10678,6f6vA6XGcbR26hrQd0Z6qx
10679,1TCCQ8dyRFCC5Rko1X0PRr
10680,0uTEaevJy8TUD8MgzuEOc5
10681,6dZAM6Jqs7HFhFlFBKqgAP
10682,0HwODn5NaqsWvJ8yuaLUSp
10683,2TIhGk0feex9c2HauwaKTx
10684,6nBuCRMSFyez1ikMk94jyI
10685,7oIKM4pNG2c0sqnBueUwGv
10686,3uYHZugj4xhuDFeAMObBzd
10687,0BNFCM5i8qZrJPPtqECmEy
10688,7qCnzi8vb9RYBvrhUbgKwh
10689,7uaG1yOumui9NQi4yimEIS
10690,6iR3ViTYbuGkjYuKB3odsv
10691,5rZCgR2Ywue6fCAfgnotWQ
10692,1XMFtC6Ph7wznKtEmIsoYr
10693,3zp77tJUUnzapFFrMkBiyW
10694,79zshLLUoqncCBkd9YfVUE
10695,0XVum2ypOSNAnsdeKkija1
10696,5LUUzNM1QZLIBpoqfj7xEn
10697,7G06HILoIIRiDDRXFo77f0
10698,3jzVD4wI9bwSQBvKu1ifxD
10699,4rCNlARRXyJCCgrsvMaCKe
10700,0wmZOCWtc9OfUTkR5isTzi
10701,74TWnnaL1dJCK25UxKg1Bw
10702,7jI6UgeGfC5WTJUN0Lk1UV
10703,3S0NUHnc7pjLQxIce2dkvJ
10704,6RHJ98LhKfusO3cOvRXnet
10705,0PrLmeZIMM35Z23r0yx4eD
10706,6HD2HF8wKUzMwEKbXDme4c
10707,71Y5hAEZAhpFCyiQVP5vBa
10708,1zADS0QBrDSrzOgUwlmduN
10709,5OLtHzhssg8tFRywt0oy4p
10710,0OtK6gE4DipBy7u3rUWBvJ
10711,1go5C39EGZabrKd9pcnbbD
10712,0OC0QAIedJXtTz0bjWAs5Q
10713,1flI5thjv7Y8e8t14FXOIF
10714,69WzNkdbqaJEK6XanOkB4P
10715,52lICfotVvjwXKNAXWPlTJ
10716,3edq5ajyl9X2UG5Lh3GPu0
10717,3yYisS4yhNeExXstpiQuTv
10718,5Uqac9ii9XAudEJyAV3nw2
10719,0EptzjkocyuSlgJhiUwTbP
10720,1WuUHpXs5m5DN6ZflYpIBN
10721,2RVQIq7bLi4Eu6xHPyQ46t
10722,0Sgv5oF4OGGGFlEmtzpAEc
10723,7JqH4nuLNCwtaJbvoJa7cF
10724,3BKahyUEKKbZawFEUcWC3d
10725,0Wv8SrR4kycxh3GIpl2adV
10726,0Y5DiSMLZE49iCL4EzCSK9
10727,4nReGzidxUxHUZyJSevbsS
10728,5OhLBEgXp9TPGlnFw5pXeK
10729,1HcywHiwIWzApeOsaNWRCm
10730,1nUFuA28SzeoigY3SLzc1L
10731,318R4cMWaAkdh2TYtDZO0U
10732,2XeXtPdgzDj5IqlSCwrk6y
10733,1n0cU1E5azUFMDYsl13XJn
10734,2DXH04FBSG444NQk9vvxxf
10735,6r9427W8dUoK5puqK72XDZ
10736,6lqxlJWNaykLli5cIXMf7l
10737,7K5AW06x1yGf8j0kGcs3ra
10738,02pC6bLqW1kU2b3THgVf3m
10739,07fqonJcksfEG2Fav9SDA2
10740,3ZTScjTJav3Yak0OqLTuAL
10741,4IlAL320WUMFBHU0mf9H2y
10742,3Cq7ib4PKzs7QbTYLMkh51
10743,6D7hB6mCic3aqaIbWOIPAk
10744,4RYksZuX2OOLjcPJdYkgSU
10745,6PwJwgie50PSJYiABLgBQb
10746,2QHZAFH3mO7kJXLuuZ1n5T
10747,625pKRw30AyP8F47a9pJo0
10748,5f1Qy1JKLKghpQF40otLbW
10749,7wwbrG9c33qulAdGtiffeF
10750,0SU3NLZqmQJecukuP5YaRl
10751,002uYDBLOvJz21C4FuArDS
10752,1cR4aNHFDCVESzt8HhxO17
10753,2BsQrbdxw9iDPJ5o1NEeEe
10754,1FLueI3sGOgUBNyk05xkSS
10755,4tRkqkDHCcT967NpLfFV22
10756,5vBnrDZZkuXdLyRlXsc5OT
10757,4KgFSGX30L4tbOLHxzPeBQ
10758,3hqWqyfObptiKEPCrl62Rz
10759,6Dz2qh16pUZnMQvsKDVyRN
10760,6Q56Y2LaXNdJ07VdqaKl69
10761,77vVnc2bE2aHMqvsWC4Tu9
10762,34WSK8o1ngejwhpnlXIQBy
10763,5CdHpCeNWsDyMNU6zHLD93
10764,0W3qE53w9eZ3x2OurS5nZB
10765,2DQSeYdM44NadVbf9e7hAN
10766,3dChYFLFRUbfmjrjeRS8Fy
10767,1SwaCdY5T9MjgwabK5BWH0
10768,2XxeRadxMDJQX8R9wOKR61
10769,2SSlSxZdGQinlo6ZQKKWJP
10770,4vS26SNRpWzbYxr8pNt5P5
10771,6cCkDfhOOH3ZEc8G9ogu6m
10772,1jp26OHgtFrvCuV048weQo
10773,2OKWlT1R99aAGWBB7v5Vso
10774,0H38xOoLmhE0FbQ7lmQbyO
10775,1kwGxVGHb3GX8pQOAsrN43
10776,7JggSvMQBhiDpJ3yKAfnN1
10777,0kDdjHylcMnCU4DvsAL7Fi
10778,0aFnPJUZHkWYQtMApAQp7b
10779,6KwxMtKVEHo5ffxsqJ3suO
10780,5qPqXJy7MmQb5YuNBDBSOu
10781,0jdLGRdYoi9BHupYV2rsHC
10782,2eATt7RUpMbE1oGi8y1c6n
10783,1g74Cjek5nDVpWkAdcqxkU
10784,2OQyHzGK5srQ8JQpgLaUw1
10785,5T4g7ExLYfEdvxoY2qMy0G
10786,1397Q9P5FP2aSACCHZ8vHg
10787,4m6rK8RF2n6yLam58eYgq5
10788,0XxRtaHDsFZ41v1geziuhX
10789,2HuHopKnnuGQEpGb0CssCs
10790,7Akl8VrcJAAkzeKESQW2E1
10791,7IdZyHbuEXKIs6QhdvHKvi
10792,4zMQCdwl74q3DISlKJ2tNh
10793,7favZ8Oq42dbrDaUcZxRWL
10794,4BPIETJjROnN2NrOSnAmgR
10795,36sdQcU972verfQhvLpdP9
10796,5xAIrVOjVkqmMe3AsmV3VG
10797,37Hw5TgxCzkS7qCAAieCfK
10798,61k2b1tL7rdHzffQ0Mm6wG
10799,7n2vJGstyl3Dc0v7PssZYu
10800,1UyHKeQGn55FpfwIm8H5cM
10801,2KvHHiBqpPUlgbKqCJ7Ip4
10802,6AuxNj2tEa7PsmSnvvITC7
10803,7aTOFy1CECNIVBJgXROLh1
10804,3XDJAN1UaoTjAhYNPgKsD1
10805,2hl2rJ8Rz3VeHWZPvSkJR5
10806,7HxWZggiHyGWT9ZSmWzcxu
10807,6JUaYiBfanAQy8pcC2LKfu
10808,2TO5WLmshbR7ONgygarTvc
10809,0bTCqU3NKuSaQiOaifwsXm
10810,4bLtrrVDspeDNSaHGGMQkB
10811,04c0qM2oSmfGYEufFBytj1
10812,1wAbixEit62vpYuedMLEnn
10813,1CeizRCGEYPWooEeVfmyFL
10814,5F0sY6wytQcDy5oLCPzY6u
10815,67CsIfm0uHKcz48wTwoJFW
10816,6Tw05ea53gVpwXyKYpx30X
10817,1VxTYGCoS9OZzo8cKyowdw
10818,1aQOhe8l1ohgCMQhgUpHTu
10819,0aB5m1y4CBA3t4GCyeI3W0
10820,72dqefIxolwyCPj035ZpSf
10821,4F6tCmEEgYLcnd5vs4GrcX
10822,7uIvzlSStHcQCvNpwCrtZW
10823,30jGJacfocGz0erjEuu59A
10824,5Y8eJ9sJKN1I0i5dlANMKT
10825,0P0s7PqS6x2Y0Nx8cerAMK
10826,1FUZ851YjDDBLt2gGh9IVQ
10827,5GGGht6vOsveoUfRjZe3kC
10828,0V7TKvePK51PXVefvnjbGD
10829,5mjQ96AtBan0tmpnD9eKGs
10830,5pHVAQ5LD3RgDG5m11r2Jt
10831,0tBTnrMcc91qKP9dHqhsS7
10832,4EJeuIlQrfh5LLLszcdgoM
10833,0laa6oRgfahqQEDe8YMpcS
10834,4P1WDz7JvsXey2gWSIT5pC
10835,08rEgnzwKvDQLKXKPEjdhO
10836,4QaXqaqYgEcIeqbNH0fEQE
10837,0exSvhejpghLVX2p2Kap1A
10838,5AIcClWqUR0bdnSWCSFyxy
10839,08iyGT91BCeL0dKmtLFXG8
10840,71GFsgwclHNzYn8qiyUY7M
10841,6b7B92At6GcqZwndlhpSH7
10842,0fnArGklEYbiuEQsJ0hLWs
10843,1DrirX7vAJMDAoz37ZbSeA
10844,2OyNziDM2M7wK8HlQVX6AF
10845,4ZllI6LbOKHvtnMNh62hA4
10846,1VuRxVYsI9hVybSTxVUYoA
10847,0ctdTtMWk71AkiujloWJ18
10848,2RQ2CwHD5mJBox0Hc6HYRc
10849,1aQTPNzdckgsK5dmUhLcVW
10850,6HntR1N2pESmkjL7qs8B6o
10851,2DRyvhxLuIga0SBnbrdmWu
10852,6PuBFoNJV7bgWUSgIaRbZN
10853,08Gk0qHkzxcdJgSJtB57cv
10854,0ZAPuWOQiiY0nGbLPlozT8
10855,73nrq7e9AHfi9t4T9qfmKh
10856,2GNj9KRwpxBWgEiPQc3jEj
10857,1gnGpGoosJEKQRs5MNoQQw
10858,2JE15tbAhAlxTLLvkqXgAe
10859,3iQxKD67vxkRxUWHEXqGRg
10860,5xGXs5aeTh12xBf04dcWAe
10861,36l0R9OLQLhRakstDG0sII
10862,75mQAFJhsrMD42sC9g0itn
10863,5pVYEZAiIn1pK2VgXQGDcm
10864,6cO9ZuQcx4kT3bk15jKmnF
10865,4tmdn5RO21dIT95GwRSH7Z
10866,3QwdvrKY66GppDxOirCm0i
10867,592nTDJAy8AucV4KKIDCmA
10868,6MhFN4lIc9qgzpIOLxBreM
10869,2XAS00FiAYaTTC7SpOfPqb
10870,5l5MuCuSLGTDTOFlmnlo7u
10871,56qPRXQDRxrq31G7W3khgd
10872,3AnoE9uD2gG4TkGHNd6JAO
10873,2vyFpHGizgMNijbV7PE9Lt
10874,7wlTp6MbeNQOyneVqFcyKm
10875,6ITBVw75dAYjcaEXiRM4UE
10876,1PTomDgM6WfP1P4i9srpUQ
10877,2Qm7HUXiXKIKRlfGGyEHL5
10878,6AK4CsZUeSnW8jVN5rVpl8
10879,3WRmZ0LXWZAQopeGlFvN48
10880,5oAyGEvCOvwKwcd3KH6xZ4
10881,5kSM0eMfh8WUThLkCSJrUF
10882,4J1NeBDIrgmZ8k0DU5E2Nv
10883,6JBC3HPzXBOaGOQIKSxlRY
10884,3INwJW7d78EIQq7xVfxN40
10885,4aiCy98MqryFBPOKN8e9GP
10886,0Af7MHK9nbBG9Eqaogm1wc
10887,0mDb3QXMdTdUOVFMj9SAPH
10888,1MqJfjhthmNPf9iSQzQOwM
10889,2Zuilfy2fKHpH7gfO3Tslj
10890,2RxDAFchouApF3yUwE6gxE
10891,3HsLcknntzg5RUJKyUNX1d
10892,5rfW4HfqC20iXhjcVqBgWX
10893,6ISBFZtIthTwTsd4eoYKaf
10894,1Y2SycJGw0qP7HwICEW3kY
10895,3FEHv0NlGXYzdUwiIaoJY8
10896,17VKOxxvAM2K5s3wr1CSnd
10897,1iQD7oXToNDGSlRKLzmkle
10898,3LSCSS8TEkWLp3JdELpDkJ
10899,6uXfHJjLKBRcK4UDhcPC8W
10900,2m5HaP821nanPQXQLtfoio
10901,0hRFDhaHRJt6cz69n78G3f
10902,3KALL5XljQujn4cgx5NoVW
10903,57FRaX8xckfQhfaQPm3fGa
10904,0lPQVH6TN7Yu40KdS3YcMl
10905,7uYiPIFQw8Y9J2hO81YzWU
10906,1dNt3eUZz9LaUIPz5YY58o
10907,68ltzHNpULjf4Iy9fWWKIH
10908,5gRsliQqZLc4tv688SE3wB
10909,2UIZi0n9oQzC45Zlvf64Ez
10910,7kPeuEQx6kiqncOOlaZRT8
10911,0VgkBIBFS2cIH2AaX45LCO
10912,7hvwBRJ6DyDfCeBmBvAvqm
10913,0ne7r7X4jkdCdSRaeevNvC
10914,4pJCC6lAVFM1ApmZcjTqxZ
10915,3kglRq6t6F0ZUs1SO5jKFf
10916,4a8Be49myFRB0hwnLhtSdH
10917,0z5fu62vI6uSVgS2FatHw7
10918,0zxGExNymd9DGYqo8vsJcl
10919,1kfiVmfrGvHKdZORtXCaVS
10920,7oZCvBzjtnkGnypYrBW98g
10921,7nPKFlCYc0IdTGOqZZwk2o
10922,66cIVXwMJQKw4GnxIiCeP2
10923,5JWsQ9akNICcams3vL3vRD
10924,4eBvIlQ3EhaP2b8At53Woo
10925,28Z5vdsgAzOgPvGMu4GskP
10926,3CYmTJFBaLzqIhTsdkWQmu
10927,6s3dgEQgen7G85NtYUTEbD
10928,1XibR7VrDllfBz6yuTndmb
10929,3L1bBpBTa1SmGivOhR6DID
10930,6ICw8Z9VF0KzSK2dStPK5A
10931,76OSY26fhv9aJ0WZTezF34
10932,5C9C24tVaYA8l362btStQR
10933,38x4HDB9zZJXAb61BZKJja
10934,76LvBoCblRQUmNi1E6Er2L
10935,5itLpIlEf1LqGzeWsP3xOM
10936,5YxBqKIKdYQzwHs1cKyFeP
10937,3QcqUffnkbQGWJlfyaT3yF
10938,5ARGeCfsLe2YiNcmPM8CzR
10939,6Z01gUquJsjJC67uNWm6P0
10940,6KAzf74gEAbv9uIBdv83af
10941,3sfEUHK8sxP2ncAkkmj7zv
10942,4g8lRiznlad8Vy4HR1J3B9
10943,6mhZNDteYhVs5hwg7j4gBQ
10944,5qrBMEsCQPTsev7yAnMR2U
10945,6lBN51cxxtQgOIeEzBAxuk
10946,6RWjfaQLrRaOIpCDjYDieT
10947,38egTYjnL0ShPa3yaq4MpE
10948,0cJmqVqxIrjenyIGf8O0Wj
10949,7uYoO8Jt7BUib2teUpLFLZ
10950,6QemAIu5bX02Xc1AowTFBu
10951,2c9BrQefkJ8vR5eeEgZRts
10952,6APb1lUtuB3qxjTEKOmLqh
10953,44BrW9G0DSu50xItRb1gFK
10954,3RCdXV0vx1rYbOGiR94ytP
10955,79wCyqugr1udQEe1qEDaWJ
10956,7zsvI0bpkDaRtNEn8riQWx
10957,4Lv4E7epiw4KRK5IFcryAC
10958,5EcWkJTtvbcLCjcI54ZuBd
10959,187OXWLl8U2i9BNT8wjs3y
10960,36xrWPOx6eoJ1YzPTTF5Fn
10961,4a4jlsn8iOXvCIB8Cxp99R
10962,03wH3ut89BxXymrfCyOafF
10963,74nVS4ttU9Q07zeqnmQyCb
10964,36vmJ41hubGoxCwmnhWyyf
10965,2qAxmDy2MH5U6NQdcU6zeL
10966,11Yx9ADkGhUJ4FuBjOewV4
10967,2Jok6fkKmcP7Lp7XLzQ1wj
10968,0IIbjpDe8hi9lmNbJ9Rzkj
10969,2DRx0dnOqzgW7Eo3b7VbV7
10970,4mJgvJyjYSPNboUhyGejD3
10971,6weBbKVZO7Lq5VE2pcvibf
10972,0yhGDhwcsRRIUnyM5x5bCy
10973,2X1Z1k5wftCspyRLrqVCza
10974,64OKlJJSCSv4LaNNwQmTcY
10975,4TGJgdEPwUcBxO8nzCjR2i
10976,6TDceSb47A30vTPU8uWmzk
10977,6oq1L27bdnLF3rb8O4V41t
10978,2aj5kAxPRs6byI4jGPiHAH
10979,0Ey2I6fDLR79F8ijLnzgmv
10980,435SnpUKUxCaOf0ivxMQTF
10981,5usQET86kxSpLdk7iCP1pw
10982,5Ur3FZ0DkRPDwXdyjmx64i
10983,21qfm6E5wmKvy3YJYmQ1ar
10984,4Wxe3RNpraj5GZ7K5wqHNE
10985,4yhZjjxAPp72ZhRZZZobPb
10986,5YiZqG8WWYLjbhL5v9vbWw
10987,6tL8aL2B1GdwZXzeX8SdYT
10988,6RATuzPAin2iR4c04MLrP4
10989,3Bi9awIplCSHPkoeh3BUbk
10990,5THA62XVoUShbvFeBARjY7
10991,41VipzFVimtyUgProD7JnS
10992,28mhXB41dS8KvEyM0C2NX8
10993,5P8K0CutsQXi7LMyUA7Q0E
10994,3mwIr4cPmonuThsKAa6plN
10995,0SBldssHUYhqbrHYTiVtKC
10996,0zWf9DEPWsHhRA5J6tvlum
10997,1jvgU6FXztqc2RCVZ4HAyh
10998,5B7TDq0VoHrA1nXkQ33LIE
10999,2v22teg4rv2ZzGwGku1maf
11000,11hu1mUTLn6tGKr8UFAMFn
11001,1myUmsHZJT8zr0PsgkfntS
11002,5GFHfoOlgZqxmqwbEN2iOk
11003,3cNFmC2656AySpyO7Qzix0
11004,4J7VWj4ibCSw3tCiRKpypm
11005,1kkiN0pKHLaTdma7STaaeR
11006,7Ixlkuh4pOIH3Q3NCkoUMG
11007,6TZ7rJdf9i46P2ku18xhOH
11008,2dhxi9QfjrYkpWb9la181Z
11009,17q2YhwwvQyEYrs11CmNqc
11010,3Efyuu1f4EDYimyuBVn9G5
11011,0YxtkUXqBGWQJLGha1WdIY
11012,4HQ097bQ6kZsOo2vbC1NT5
11013,7nVhafkS1UxorG7zxRjzlj
11014,1dKtSIAgryE8TeQ66jmaJU
11015,2iXvnjL5CH66UpnGjXHDmZ
11016,2U9ssbdhwSzqohCugqzSlD
11017,4jG6CQxElWUDC1Jr38i3Xs
11018,4Mqs6irS9aCNTjXznGfRbe
11019,6NMqDcl37l75ivbbzbY3oD
11020,4h7wUvVV8Ff8UL7JqAByiL
11021,1sgqUNdnYgK7tzYDGlFoQB
11022,6HxoKwg4ULtIvONBqWA8R4
11023,6ice8xbiYVSqe1MrpP36OK
11024,1ssMNCvc9ChqxILdhMw602
11025,6Io0lJPIkkCgjObm3KYddr
11026,6alpON0s5j4DgW7CQHuRcD
11027,3Se4qtGcv7ix09o25BGOAT
11028,5Nqbzy9kIwjXsgp7gkQGPy
11029,7AN6vXd9GD96gm442K6Ue9
11030,2e6TqvBIN4wqSWiCE4DVKg
11031,6wM9guXRYeDeshqvY2LlQs
11032,5gdafBEy4PNf3HusHh3qzu
11033,5PNZ2gatBeL5ql3nzeN9uN
11034,1HB5oKc7X1LlEex3aHksuc
11035,1DodoiDR9j1AgLeG8RanmP
11036,2yyQmFCUPenLlfpfUxBnAd
11037,3Dz8CdccDjRcpO6SzhOyJY
11038,7uPs0s4IMMblWs255GKkqO
11039,3FQyijPxxQZOD7Q5n9WJiD
11040,4rgakFaOOgWzmK1TjfbUVa
11041,4rH3MZ1sUvRZneMoU2ZDpj
11042,1740Rb6iptXtSTlZk7yHYu
11043,2NVIV67YRvetjkpDDT7dTZ
11044,0mgpido7XIxhaKui42jrhb
11045,2jSJm3Gv6GLxduWLenmjKS
11046,4i4ktHkSqZ8Ig3Vfr4kIIv
11047,4G9XPPPqE2kOAdTNNNESsZ
11048,2RnWnqnMqBuFosND1hbGjk
11049,3GQFIM6b39T8dAOXkPxbZE
11050,4k6fepFXineulQlvEnyO9d
11051,2qD7jGzVXhPKr5zAv8CysM
11052,1oEgqFagcGV8LiIkA69FzD
11053,6gayNRDeVKqRlHvAsuG44S
11054,1QcG4svj4Hh1F3Du0FigIx
11055,0FSB3D87n4altsmaNlL6va
11056,1tflnWZ9EgY5TSu8f6HD6i
11057,3e8V29PYhoHxZY9lQ84Boe
11058,7LYO5cKQjsfGm67hsPHl7G
11059,72Vs2oGgvrkCp09iigyiHA
11060,6gOtu2EExiFKr9JGuNq1Lu
11061,0gU4FYjdPFM0pSoToJamvU
11062,0MfIvQVT1222HuBORrE5qI
11063,2iICy2M7GpQi2pTXjg18X3
11064,2P8Upp4QsyRiQJ3nlw5KTZ
11065,16A8guDmx9hibgSPEWSMzs
11066,4hIbkMIG6fVN5R1LzMcol7
11067,0mSRTb6mmbd0widrTl78PB
11068,6Mv6BUv7qLZkiX9qNkRwXD
11069,6YvEUrNGJdheloykcVdeM7
11070,1AFWCw6tKUMlprbXEYwegf
11071,4iZKaXtL6mPxLSJfYmxQ2G
11072,4VvhdAJYKkQoVqug73IeOL
11073,0VZpOdbgo1g3UxwMRdigo1
11074,1nUeomTVEGSKSs0mGMWogM
11075,1xJCQLEukZ3KrL974z0wLo
11076,70jtZsS59vhmyZSsln0std
11077,6sbZNeGOLDz7WqLk0Nd51J
11078,7uSlqazMZoKltcHfCfNwZV
11079,3ofnoOucsNxASdxY4t3tkr
11080,1beSTpNpLaCBV4G6z0SnUO
11081,4A0ua150ZZemZHFrrylVdx
11082,4EeBqJXppO1jiX3Nxz8esj
11083,7GYwQpHMMh6aJhpsjVGjC2
11084,1Z7DlH9AeV59TyD0LQTvNi
11085,5qifvAvoodDIYwv1SIaqk1
11086,1ibixmJztn4qVhOLW9GSua
11087,1VV4a2sggaht7Rpo1z7C0D
11088,5dLg1mk8bZTKxoSPMyS2Bl
11089,3Q2R9j6xZfPOxre6vvFurZ
11090,6odRcJ6b0Mef06LMACSFrW
11091,5EUWBTY2HGZSC8kAL1Pv5g
11092,33Ib9wPVhh2MWHhmS7Yne9
11093,7M5xTYrUAelmVSfD988Tjq
11094,7AJSeWSVBBLAQ6xfGyCssC
11095,0EeVux8ArkRVyLQMwPwLP1
11096,2aqV0E7RVqZWPNhuqXiY8h
11097,1iNXv8eTKkNxrMVTqqtBJq
11098,5eAlQRJ4YqfAOTFltB9SV3
11099,26X50tiIvOem3M7pvJ2bm5
11100,1xmzwn4AANb8NbfJcKHzSZ
11101,3f5tuB8YWyIzwaSrthyOUB
11102,4OBCjSH6JLMYxtTghoNw1u
11103,3gSnj6NaLLLWAD2pHX41P1
11104,7wD2g0ARsWu3nQNkhLK7MR
11105,6UO755OcSvOPVVZOaJVH7v
11106,4FuPEXLaaZeXn3Xgm4xstv
11107,1PxwRrZ0z8cBPO3jD00iUn
11108,0BjfwDjOVaX04NTGlWfzjf
11109,1twz8PWDIJW3iZoEOAF0SI
11110,62q0FTF8kVHJhftgZbdwkN
11111,35TNxFO3XaJOaQzQ3FgExa
11112,2KAkNd3qj2fhDwD2pwchQJ
11113,4p1zW1mlTg2HrfeVPQo7U5
11114,4E0cAoU3DYbIquzz7rI9YY
11115,1SEfyvGUtYGM6nMtJza4sC
11116,5KCitXSs9n3cqeT21tYFDf
11117,1cm5coyxJoSmdr4WmHgyGj
11118,3szI9hDVbyOYU0yd77G35n
11119,7wfulvsEISSQ2eokiWsuOd
11120,3lF3xOebZDt2hgfWDdmQ8w
11121,4E3FRYKehzDlJxDpUfQPdd
11122,0EhWOvU6aOtO5WePzgzNSP
11123,52eg5klFsy0lgiUuQNaZA7
11124,5MxcLQ0ztM3GEydTakihEc
11125,5gDAYwSHAWiFkDIbEpsA1F
11126,70LDUFFXjG6RsAzJh3mdgx
11127,1sWqi400PvL4XjoR9z6ebj
11128,7Gd2arw84LAbwmTcWZZW29
11129,7uFg76nSLJ1r9VEqY1hJma
11130,21anQnN5XQjhsVoyHkwoVo
11131,6xfMOEq6oyNKWy5884A4u6
11132,4KX6KFRtFQc2AHv6TgPEn7
11133,54qNJoGrPgcjE6FAFx1GAx
11134,7tT8wEbkrXOoUY6OoOVlBw
11135,2HZwc0DGCzj2IvOiePuUD5
11136,4tmhdiCnDOtbbR1l5QeUOs
11137,3JobdtFwix6yElcf2i5v8A
11138,6RJyHviV33RA8ssCL3ckOh
11139,6Q5ssoY5Oab82MXwKoCV4Y
11140,1tqC8SbK0zAPOOhq0YXc5Z
11141,2SHILuOQFaXijRpGGlhIbx
11142,3WMYeGFByIhMeK04ITnysf
11143,6li4ScpxuKe4c0Bs4XheMx
11144,5qaM8LJZw7Xy0yyrxpOelX
11145,0JSrMb4ohAYkFwS9qwoyA0
11146,7EXpXXZ6xFPXaCbUpMW9AW
11147,5ANdtve6cHxYMqCrI06UvB
11148,3B6a2ZXHZYMgavb2Ct1i7S
11149,524Hl6lEjcLUGbBYiRzh6q
11150,6iLNOhV8HO1MF6mdQiYv9b
11151,52JCni7FEGFTS8yEqW7F1N
11152,6l5yGfCcSddwQN3pua9nRf
11153,7s95qLaO0CHpjxXkb5YWea
11154,0EpKxrFysiz5os8CWZJRxe
11155,17ejRbr6B8l9zdqgCZsn4m
11156,655gNlXQ7zb9jPrTuqJ4mf
11157,6J212smZzpeOCYQ9DITMSC
11158,3LC5M8vlPGDn3yIIVdb5Qf
11159,5R6KlDVayldOGQ4zo4imqQ
11160,0NVDfMErqXFbZWm8jEhRhm
11161,4HgxCQLqNcd8s6lyoR4aag
11162,60ai2HTUjTEQQgw2vCseLt
11163,45KH06DKqjlilkFOiEA6GK
11164,6yus3rFersvsCkGfDW0r8j
11165,3QDbZBqR93chaaMuNScmrc
11166,4c7xQ7OsqL6W4RwEQmID7g
11167,2UKIzKVsVFJ6ykrxsA0tTS
11168,2gmWJA9oF4GD2Vw5QoRqu1
11169,0Z6X6gnpVx6biKBA3vRvEt
11170,2hLxkH3Rr8HimHEkPxy6ZC
11171,7BOoCu64iJYMnSYazX6cRJ
11172,5SNHIdygM2Xtf4kCMKXsqV
11173,4gwevWTMVBZuuuiEWB4PTi
11174,6A8BvPrNOo5l1j3c80KhAb
11175,7jdHqxk8bbAh03UAzK4oSt
11176,3I8rRolUKTTFnqQ0EXFMtv
11177,0IFdADSQq9y4izJNflNYYl
11178,1vkUjYzr3UX6mpXlnlpqyo
11179,5xdfOsUuHeTvLFMwJFriGs
11180,6ZbknKZLdRp6uF48HdmqIQ
11181,4dNfypQwue0e46rQTdBU1Q
11182,5SOrAG4oHyHDvpuCum4AUx
11183,4U8gAFFSXkJYCg8kgWLQMy
11184,1Xayoy0352jMW8UHf8wowP
11185,56SFldlbaGHuaANUtAafrb
11186,7dckxYbfH5rLcxhibfxrgp
11187,4U8NoThKEafp1jYMhh66Iz
11188,08iY0g6euCzzv90g7JnwZ7
11189,0x7mSmqqD8JOB2saTmouta
11190,0WYbm6Xjam3XARZenNAIRh
11191,6NHgGKxeHjs4W9yxGEHybE
11192,6VxU7gm1T8lweKyTv4qUlr
11193,0OYhZQGn5ACdVyxuk5TOC6
11194,0eHWA191nPyDFwQPrsnC4r
11195,2YDZ9UrAuUsLPreezYKcVJ
11196,0NdQfEYNYEavM2TTvxYg0c
11197,1tficU1Tc4J4Vmg8kBdjDi
11198,5aPiWhcrliZEb5ofcbE2di
11199,1qjc8jh1krVr374psfIKbP
11200,75xixHQtLeTAB12E9m6FpV
11201,14wHV1qrOq5K5UGu6DV8sm
11202,1iCDzIQcqbmTujpdhU80y1
11203,4Z1W28EbQlrKVcNHmvQMRc
11204,7wqt1qnFYzy1uSA4r3DV5h
11205,04dC2MetT1B0NPOgq0PQkh
11206,0uhwGiAqqhrXp9Rtv9lTLa
11207,33WeGHjdKhR9qwVWRPVGcE
11208,4MKDViEZqwfZL3Q1Ohe9rx
11209,2m0rr93QHcIbLdnac5olfY
11210,5153LWKMJiMNIRCChGN4Ja
11211,0UojVWamdLD9hYlUrFsOSs
11212,3VmGC0qo824zXBhgwjpaAj
11213,1nAoLuGshX8UZyqKWXUCYG
11214,6FxHomHud2elBLLwya5C0V
11215,5d6RrofIgTMDCyR3KFcVXm
11216,2kQbBuHppeNcbd6InZ7HWy
11217,59oacNlEjQnommQ0tTWJKe
11218,5HzVKuLPak58EZJMfoinIW
11219,0KCLvp7viHNA3UsJyV0O6W
11220,59ujQJCSRNgLtKQ1ly3b7c
11221,2M951L0rYgEwfKmlflID2U
11222,3YVLJ3ewRr1jV9H3J2tMSo
11223,3ag2HcoefQCU7Rj2g5aQWY
11224,3vNsIsqM1MdTT1z4jNUf46
11225,74RGWYw8k9QHkYz68GQTes
11226,2X8IZsMORJwEDBKdd5fVYa
11227,1xTqDCqu7RO2JgThwEgm3Q
11228,43G3McVkRa8V7oGQzfQuRr
11229,2hhUkjqmkIGIeMDmRRANl1
11230,48mYxsVeCt6gGVtfIYLYqp
11231,6bmBR1icDxD23k6sQfxlgk
11232,1VNhcdfWjQjSdt2o5qU6h9
11233,2roK7sJMLUn6uBSVcYBqQS
11234,1OJWAQE1pezmVfXoxLqxCM
11235,3hNP4CAPMC8LR4osLFUi4Q
11236,67gn853k6WAsvggiyOBvu6
11237,4Lxc9AppdbfrrpQOmaNUYt
11238,0pq2DGnAV2Jpgmtj4PRBs0
11239,7sQ9eys8uVNrCsPyzYlDgG
11240,6hBFuaGfwOEpTqXCXtJ8ix
11241,1IAMWO6YGFzwagaGtBSuD1
11242,4lfvnJ4kCEwFVlNoSxterY
11243,4X71IgEyCwAOXKYGYjxriy
11244,4o3iNaRvQ9FxSIb1rEgJqa
11245,5eE5BMIWcwa6OIvi6R5wVS
11246,3i0CTZmifPahTx3CSIx3LF
11247,74zUPQTB6HMnfS1cagJnd8
11248,032RYsNA8kPMCA09STblXv
11249,05g8odKZNtmjsf37iVe26n
11250,5VnaDM74ECEyQd2LEmy8Nn
11251,2HsjJJL4DhPCzMlnaGv7ap
11252,4oi8KXcbUwB3bpRMN8W4uJ
11253,3yVKhOMynkNEGYlQo6JMbY
11254,2XLLrQeHhobVpgsSJinnR8
11255,5dtJsSCJbmwt7K1LEtboWc
11256,4RzhIVXS4ID3UkARntYICJ
11257,62go8y4bjbHc1aLb5q1Ieo
11258,51U6fCcIzLRUJC36IqGHev
11259,09ts3GnICqYEU5PkQCpJK3
11260,023p4igqYASZMpUNJ8hhLY
11261,4e4Lt54grZXLavFq6xCMNa
11262,7BXoVoRuCWWtBgajcNIxWj
11263,0KnvToS92AMDTaB0f0FIwf
11264,7H1oWs5rXW2QemEppHT5k3
11265,1tk4uuDWxk0DTx2X5rGSxe
11266,7rWLqeQJabrK7FbY8X0TyI
11267,37cYt7ZHtr8jLKVnE5KiX0
11268,4X0MeSTTp8BS6ZbKRBRf1q
11269,4MtYZsao6p9L3JKZqAbTvU
11270,1FcTuTmZOxpCmfbfzQbMMj
11271,3fuk0gZ8I1n2CYA2gsCtzH
11272,7so16dLZSrlTTcTz6cRfqG
11273,6qXmfPVLYN5AbZqwljfpKV
11274,1Qo89CjKCpmFI7kB4SoUt1
11275,72kta6xymE511pgfZZZXEB
11276,0bLPI03oqi0jBZUjr8w1b7
11277,1U0lbLitwI5cfpzIzbQbzO
11278,7gQpqkKbQ2dEtyhgBVPXXk
11279,6d5E28VYwyws9CY00lwxfq
11280,6pXzKuFbwXIn98G2bUYyl2
11281,1becTe7qflJx9oJ3u1MBfe
11282,7Mrl042oC3YNDuKOt5MonS
11283,3wjen23Xb9H1kU4V50QyiZ
11284,1fvDHjyfUTu0KqoUBv0UZq
11285,12HedsZIAI37WQJj9CHC78
11286,4k9G7aDGiVJBS8lTvbzHCa
11287,12Gbz1qkaCAFPGlYVVw6xZ
11288,2kVT8lFS1XHAl1QlTIUHOI
11289,612R6rJlv9N3wpljUpT8Ja
11290,39Tfq5UK0UfcmQ3Rb7J5Z4
11291,3vVkATjK3Ln82Ko5yvjCJx
11292,66M9J2RW16TZOgmfPNvBkU
11293,0XM6SBa7xYMWv3ng5QNvWq
11294,0cl89lSvaQDpHmHn69JNAP
11295,0U8uGYHK1RKE8UMHdlVfdm
11296,3qXM7Lz5hcYnpTj4IXvFld
11297,3w7uJNOAlMzlN7dliGf9Ko
11298,7lHcynqDBCAPtwArMqhxrU
11299,03NGyyUgkmNyYiuycwgQXi
11300,11OB69UJFALaAHshUFrlOB
11301,4edSj3AVZvPM7jJkKVRVRT
11302,6asU049doNupkVllo61luh
11303,6w9KQmdpjptOEeTBilc5pD
11304,6tZVEP3y67TswEaENq6Wyq
11305,66sch9KMIWZV5cFtTq6kv6
11306,4XQSCYlrU71Xo1BCjtHDCB
11307,3EHADboekx1TOLbVDquAXB
11308,765CQ7QtLPstm5tFKLpRjS
11309,0HETMFDGF3nD6XA5HSivkG
11310,0llHUmgoNHddLbqSBKpWmH
11311,04ynVNunHLb17fIKoSPY50
11312,7ocyLIG4N73tBTzXnZDo4s
11313,5kJEUjZUh1xPRUHQc8hEnq
11314,6inwNRiGXUCjuPdEvW0ygq
11315,2kJscMyW8dUnYxeiuxguMa
11316,1KICH3evExYCGot4GdwrB9
11317,6vo1dcHiepPoG8IKPJtoWW
11318,0Hv3SQKHzfjdGiInGR87CI
11319,3GnbC221nAWPEWxdjNS60S
11320,0b1UaIHNoirbIdmx8NpFow
11321,2pZbERJUZsfkKRn1EU1mgD
11322,5vc8dTNnaTLrKqrAfFVNFg
11323,14lDO5V0Ay0h1t8QTpbfi1
11324,1uK3d0uTDE1jy4TFRPKY1k
11325,5iqQwqThj6MO3ZRKpKyjNS
11326,7gVRBtgLoyTiqTXe7d5aCE
11327,29F9vWkIUVQj2F4kX9EYre
11328,5Kyd3PFvfGh8HMRFxdhDSI
11329,1hNTfo6YoiMbQiXZlDzb30
11330,4inIut43RHWSFUNpKLD6l1
11331,2w6xoVr8vUn3j5cI9NusBM
11332,1da8np8RwaP1whhXibQCb2
11333,7tL7dg1hIyIP7jaEquwSub
11334,7uol9lkbBlGxxbq2kq3bgu
11335,5gumjwKU4OX0LRuuK1Ji4Y
11336,4eftd2JXCy4DvNYN3n0HFm
11337,6M6VhzTJLT9loondGYVzR0
11338,657HOtuK1xDenSYY0Btae5
11339,4BW55ofrMAaJ05qkgwHxED
11340,20NNRNAYbnOg9ElkokFWTv
11341,5obuCoU65j2RvyG14qjUlv
11342,0TinPQAZpODfCDXNw2kxoK
11343,2QEjC670wRUC9OE9kOnPB3
11344,3BCMRhXJdNSbXlnL9FWhfz
11345,7rAbNeML4oqFxZ9Cia4LXm
11346,57d9n3tb3MwkLlfBSg3VsW
11347,5W9OqQFXzwfTKJPFlNppKS
11348,3WBmup4UQrVUgpFbRGnSls
11349,6dTVspcdtg05gXxbozI2Bx
11350,7bG5NDhlrDel1aNofKPNf6
11351,7exBqqAMs0t2xDETXYvBAH
11352,3qNW2a2GmEPGjMtovAPL6o
11353,52z6qIq1KBCYM8huuBRhWm
11354,72SO0akCponYib3CovPccw
11355,6bVFHNUOHMsPTdlGMUwn13
11356,17THsxxuTGYf0SvDGATxGW
11357,4Dl2RLF1G1wscTZIsW2Cmr
11358,48ERwrT8zvhFSeYOBmmh9i
11359,6PMrfB4IU8XQ2RqoKkTCEb
11360,2FHRgb2sH7PCyaTmSDTAuS
11361,4evcTna4ErgQut4QdwJ6OG
11362,1cCGuECHZpxtjHiXssmO95
11363,15SGL73Z94MRBBrP0wtVuX
11364,79fT1B6QFOJAvVfIfcfcul
11365,0Hab7R2fO1E8OiasM9gEtN
11366,6AVwbqD0hwgQYp8pXk7Wlj
11367,1EzyzIIWdmWwNBzuRamI2O
11368,4p0EuqM5aMQiVi4kNLAtPg
11369,2eiXRfxpCBSr4zz2qArd1z
11370,7hZRh76Rl1Tc99jZseanbZ
11371,70oW0gy56oqE9lTkrViLIT
11372,0RQBrW1Q2pqjipu5ZXycTU
11373,4KIgXvqeWLovZpcKXRe6hJ
11374,746GnfHwwOLvFlZ7WB3TBb
11375,4iQd5lNIqd6sL6EefVGMYg
11376,3qabSdZcgyylBwUErYlZtp
11377,2vSRhHiMYXeBKGoK7uNeMq
11378,3fL8OrXSBST7h5Ol0KQl7Y
11379,2BpyzY3nIhoqF37Xh5TMr8
11380,6jY2afLLBsXRmfbuQm81BT
11381,3jz1EyPy2UH1AD9toYqL0U
11382,6rzBIobxgFcquXY0SQWach
11383,6yyQumU5oO0m7mWIqU907u
11384,0Gslp3l5SJsiFvLA0rbnc3
11385,6sKB0s49yMcKv23C7GsjBC
11386,60NlS8Tq44UKvy0A4PVUfv
11387,4FGmSJ92TashEIdbpJMHRd
11388,48zskx7bQ2BLBCZWuQv0wX
11389,6YD6pztdHjCtmXRGcjcnm1
11390,58uP2wY7WzDzORan8hyRjh
11391,1SBceOn4txhXq6Uan8EMPt
11392,1cCwhFAlkZdbQ7nVFgS9I5
11393,1Xd0PWZV3LCEGzc7fkjTeu
11394,2FvwijdCd4E5Fn38oBOP8L
11395,7AwZbvS47MfqVRGWNWtEH2
11396,0opkWlpkg6V09rFwoevKzt
11397,23gNZrMffSn2P1C2JOUoD6
11398,3I2N7hR28NdxnpZOCwrj5X
11399,0OhuWcOipFL7oMYyPhqz3o
11400,7GzaH0zO74RwTqwByWpOzE
11401,7kpeL1x9j7uKgPx6rVz7D7
11402,1jBP5nJWAJ5P8gJmMuFFYE
11403,499VeJwzTcPhCoioVu6ViR
11404,0SPrbJrbaieWz7oqtvi6VO
11405,55wiy78UjrXBJBsVD5A2Hn
11406,1YmJxGElOQ3MlL2J2hyDK6
11407,2ZItYdiOTpCYjCpiLrICy1
11408,5oAss3RqHJgA4loXekfJIp
11409,5eJ13vdshWPjvPq2ZrBcTw
11410,09WdQ3OX4gNKfJLx2q2ep2
11411,2Gpe16drEr0VnOo9VMUU1p
11412,4P5pg21eYdjoNzZ5D5k7MS
11413,1tTZM7LUDkxcykOVVIGW4W
11414,0YUKQmIOPS6TusiJoTZBrk
11415,6JRCbXgio1PjRJh3HAuyyD
11416,1ukgUa4KECeFM8ta0nwuWq
11417,19bDWJBVS9NiXRNDXhhYy1
11418,4HcDu9IGRCvSTJE4yW5Ugv
11419,08BNsetyHob9Wsj2dW6Zqp
11420,4fxVwCxIX5cgFhKkaoJm3U
11421,17AMDcBGI7z0x1Ek13epbv
11422,0mSou6iLJuWxtMr4Kk8tWe
11423,0i6TizB6FbUhqdM5CZgP1V
11424,6EROjjXVsaxl8vO4enI46y
11425,7wKhNfY9fEXupAQpRJVboH
11426,4XMNF67BLR9zzti9XLVFR7
11427,4kNR0YzVLslyCp9c1Cq4Vd
11428,5fTQScOR2tIAW4rbui1gZo
11429,7zXfyaidnpYym4Ruf5UYl4
11430,0y8e8muEHphzSaE7kDiYvn
11431,36OXLNMq0KbaOdl3GHXTFm
11432,3JlsUB5UZclm1MXYo4QV4O
11433,5PSYn0XVImstXPFFDtajEK
11434,6vZuodeOSWbWsLhn81177n
11435,4bSa1d6W5vVT3m6lZ8SzGm
11436,3zgNLhqjoZmwEBZZdntE8D
11437,3cNAhBsdC8TSHpnqOvUtfv
11438,4ah7eLvBxFHvElQJlLmVBu
11439,45ZTEgTp1g0gSBUejv01qu
11440,7BZH91TbjwamPF7MlEX6wF
11441,5cNWlbgI6xT24dWpcdu3WV
11442,1BxtfB1uPL4g9DuepjIFJn
11443,004ZH9ISUSEwansKKbUdJs
11444,3hJPSEvCT5O9hWwPTJofVb
11445,3Impyjpi3HlulWADwvvFOW
11446,3AY9KXWZzM2ebtgklAprYH
11447,6RlOu0PZfP1tstfRE45wnH
11448,2Go53qjmrr1XRqN0XQw3op
11449,4wuQUmutBcUqUEUwV60v3g
11450,053OfeY8QbCaYWdxgDm06n
11451,5DFU4N67lzpPJ4p4RynSDB
11452,1SsEF3BFKv3rEgdsMRetUF
11453,2NQ5EcyLvzKOYqT5AddmVJ
11454,4L7Bjsqx48bZuTopECflVB
11455,0ip0d4KKprjPX7SOJAMM7a
11456,5gB7mi4WBgIA8mzcT0eE2a
11457,3b6MNx5XUnFUGj5oXJPL9D
11458,6KctApRdRLEEhzFJLhJfCr
11459,79pHZHUuVXmNWS90jSPZJq
11460,2geMYfXFhqZFMdrF08XSLz
11461,0T6dOlqdJWGMOG2HJktRDP
11462,7aPTTaR1Yn7Z5KTvN38TLc
11463,3Qz409Rp15a7t9eJnzRouV
11464,5RRPVODLjU7eQmxOek8DHQ
11465,2qGvqzFWb3Es5ViGu2iAsH
11466,5XEqQnSG5YTOzy5QYJ0BOM
11467,2y1si3xjGuOpouK4RpaNhP
11468,4MTs3CVEeu4Am2w1AdrBzQ
11469,41FejWHq7acmSQUMTAxLsB
11470,318rq2qf6XsXZHM9etL0pV
11471,0HUjRWgexgEd03AvKJ1dPZ
11472,5azUDlxM9ZJ0EXgLIpR1cX
11473,5nf78OSmf4gJrquWQXLB0E
11474,4SvNxGE5IEzBsYD9x3lEhG
11475,7HnDWc93q8aFcqPZVukgho
11476,78rRZ77Vnlf5RYUj2vfQxf
11477,3Snk68J9NGiqIYn9wM9sJk
11478,7n3Nkv6AvwhKg4qSvohq4f
11479,0I1lwEQW7EzX46hI2p9IFc
11480,3myUue1SnfuIK2mPcWIUZt
11481,750MyCr4WSyxRw9qvLAhnU
11482,5kTbVSwnkF4TPHdDwKC8wo
11483,3HenTCfIC6GoOzxa9AsWTE
11484,5UIQGkoS1GYfUyuPY9ZdIO
11485,1ojnfwADnxHsn2vM51ihsU
11486,3smWCdvCXD1xiorGyvcgxm
11487,5dL53mLYInXECSSPH29m6R
11488,12Ol1MYoszDcjVNXvLAKQ9
11489,39u5nbmHjYN9hxDGV4yKID
11490,4PAa1vfI8NtPVnULiIyhVh
11491,0tV3u6efBib6gDaKvTf90t
11492,2Do0xrHlZlPBakAwracZ3C
11493,5Uu6Kdcx62SVKbikkbM5oU
11494,2DwBwM8XadSYEEWG8PIrnJ
11495,6NYperSEpMfiIU5cUBGHZC
11496,47vBZVyhZYkG2kemamucB8
11497,1QunUah81Ja0Taxj7DcDXA
11498,6IFrhFKp9dhpGoWPnwG2WX
11499,5VtWJm8uxNXmMephGFtN0l
11500,4OcrEpM3nSk9dTium9bGGT
11501,2GzR1G7cVfoFrS2OHjftBx
11502,69h3lxaK6X71iDgoFy6VoL
11503,53fSom4ZfTAGde5A4jfpCb
11504,6Wvkb8YMiHcz9i81KqS7In
11505,5zNgsySDDn1XX1VDYwEnpF
11506,3B0UFqhDSecLxdxCQAGIcD
11507,0Y4ips2LdOj7jbQwZRTpdz
11508,1BESfhi4kRcNeCFOMj1XHW
11509,6kLZ1DzSxBkNVvdQm6CX0N
11510,7cgtkizxquCCPSiomGTYiX
11511,7tUToegtVh5dodpcqaYrHo
11512,6LlFr5D2guIpwbvADwhDhv
11513,6IhHyxeOqS6LKgP2Lawj55
11514,3Jvqqe6GIlqEDDR82YXN1w
11515,4tHO2TMy1AMIcP3VRz0Mn3
11516,6SjXkEmPg9jP66HsWbK2A0
11517,4gJ95h1ahYJQ3IdOMgqJi0
11518,3CecLFOWdbQwc2qdTmHAc8
11519,1XP4YN1vqt9bvZfeWOpZvD
11520,2n71KqwXiaTtxzmUH0IFHn
11521,0LKwP6JNN5r63dEYzRzn8p
11522,53yOxDMXJzt78YH6WE8Tp9
11523,5CcfIvFHULvnM0ST4nzRRN
11524,1pSgEjlOI6HMkEkorlXNU6
11525,0u1olo4xIAmN6PWa2qOxdK
11526,6jvNnYLscndCf0fPJB1pms
11527,4ZGomXOqwl2kfJQZ3YaOQU
11528,2TWARt7BPHQiyhuet7JxFU
11529,3AkQyzLlpRfSYla0iawIPn
11530,2sUkEAXJBIvh9EvuuOOKuW
11531,1985Jqs7LwfA7ZfzMHU0XJ
11532,5ygzu1GVY7wnjOvvvfamJ0
11533,4I3FyrIM4E9I2MYm533VmJ
11534,3YYy7V73ciYwPySgWP21KB
11535,2fDtZNziW0Pd4Un8Sb4k5f
11536,0B4NBYhCNU8i2NEaTgJVxP
11537,2ThHGTlfGw9uzQwgTFk2nK
11538,1gAZiZUiGdtJWiUtkeX08I
11539,1fDxMefZGfXno1br01jEje
11540,4xHcStgnDDvRmuMxJChoIc
11541,13IzCtdrVF2W5oNwb1iSuA
11542,2Tts2aCEo6KhZdHbFWP0dh
11543,0BcLpX66X5fTdBSnsCMFyP
11544,30ZIVrQ7BSxVRCgU1pTUMQ
11545,1vpQmfAJWRAFsvBHtAy0d9
11546,6UHaAdGwWXkSukJJsMaQXn
11547,0vlTyXdxncOF0RRKTMWfpo
11548,1tzRBqszLC7iOug8gAkMrj
11549,4UywFB7lROzFHNj7JLoWst
11550,1zJeVX9Zy9yR93QhBW1COv
11551,7xztn1K8Yo72351RxFcF8L
11552,5rA05nJapI5JhExYwGMmFL
11553,56oSjnM2W6uzMzfCwasaLs
11554,15iI5nfE7wk6Z4SEwfutMV
11555,5zluntF4SDfCxYoc1ELEG2
11556,6snpNcxNcmsjknZOK2B2pS
11557,1W9Oh9CmgAi12hyzBQypN7
11558,5YgLnJudWsUClo4b9SxdKM
11559,1I0mIrzp9sGxKDtmHM1pFl
11560,0hQ98GODPQHRbGGID6nQB0
11561,4QpWhd7l2NrmGmfw4qGlpa
11562,2dnPoLlcwJFtFm1pps3Bm0
11563,4jb2nGZ2uu9PaM2EBn8uhd
11564,0Au5rgxBSSDsiq4xVARHWO
11565,6izxFpf1KI94AaOXbBt1BB
11566,5fbV7LKjVCCe52cCbxpShD
11567,0eFnCGrvUwpPP4LkuyDhU7
11568,2SAJCXiFKhonF4hLmocfx6
11569,1BXpzH41k0iIf0h7plZRVn
11570,5aHGQFhwoQg6jA8qzvr1fZ
11571,2Zw5FtdFtvKWg4h44GOv3R
11572,5MrX9z8feUgQwpkhodn5ld
11573,3gdHUjZ6QHTPdrbGO7QPnN
11574,7xEKT7rO3lZ99qmIOCDevn
11575,522oSSdYJqadyIK80MOOqz
11576,1Xwh83YOFQARZ3QXscP123
11577,4ObvnzN2O8RR3H0LuGiNI7
11578,69RNE8ur2DgLjEyPmNwTry
11579,0y4gwLRcsCc1A1CLNA3Gcs
11580,1CWCRmTXyUXDSxND6XsPLn
11581,7EllQktMuwLTLxDulLn0OY
11582,0HOzDQkixIbysuYXxonLTE
11583,4IIknmEvthSXJInYkVNLDP
11584,4Fk7H0RzcBmh0rw19px9Yp
11585,3BR1PZDUuZUbh7PZF647wx
11586,2QVG1P4vZYHfSz3bUxYl0g
11587,1y2fHenG6kL2DUIe0rvtoH
11588,1atJVYldRXmuDHQdPXUa7i
11589,5c8V6A6qWi3ekoQoPxrJCo
11590,2ePgoNrRkl8UKJkdjvMWvw
11591,1YT2Q1KbrlwiOzg6BF3SBw
11592,1o8i3Nrn8r11ZizWEFprpr
11593,0TJXMCHXUz5ak3OuUc7XJ8
11594,3hygE0BSpcITQrXVb5pyBP
11595,4q4FwwCBvITxygp2UuZ1fE
11596,2v1lVuryFuPumLy0dPqWnX
11597,7wBRerb0a6b11J0HswvclO
11598,4Ux26fIwnvi63uHk4UMRKP
11599,030qDkddLuZG0GQOvlAUFv
11600,1yMYxygJcxIFAK4YaMcwZg
11601,3ZKRTfkMIUfT4akk1HJIW5
11602,7y6zcNz1O9Wc1ZuFqZ41Ap
11603,7EHWe9as9fkK7peGKHFtZS
11604,66ul4n9S4ZNukykUKJhYoV
11605,7JrezhyX4xgFQ644ibJWBO
11606,5mK3TQ1B8Vz5rhn1Vqh4Wa
11607,4QbOwQWrBSFBf8jYngNcxk
11608,5WbNxzVhvR4efwcUXB2goL
11609,5jLafSgliSGQWfbW9CEQe3
11610,4bWokss8DJfS99dyDz3op7
11611,3Z3ANEnfT5iSJrNFJFHLQO
11612,1dXkN1uVWcUtejUxsReh80
11613,0x6rgzl1TnIBBrQ5Gljb4A
11614,0C5BBIygzTpb5lNogJmsuZ
11615,4OUJe4To8aG5JGCEJFUC3w
11616,6TSyjLI8V5b5DjnVadykGE
11617,15lK1Uk4blchBRnr3n7vTl
11618,552jPpR6JhyPp3uLR5hRXR
11619,1iaLcGW8ffLMPFSLSGn0Zs
11620,63tHtCrvRZ2qRHXAricWbq
11621,32RknbiQFtOKurCAGleRxc
11622,0xmfflYlysM94u8bsP3wno
11623,4ZrNrvAnMne57IKquUlkss
11624,64MgjDp6ijaLvS3T83JHX9
11625,4K21taEZsYaCLsWosMcqeq
11626,5XxvXGut7EbYprN8xFNXGJ
11627,5TYdxdzOM1558unykwXWDU
11628,65N9abRNej5yT3nuE2jEcE
11629,3MukYE0LyQELSCjcZIlcTs
11630,04FUJksDiyQ2EEafKXS5Qv
11631,1vkca36OC6H8lphCiudlkU
11632,2KcVPSmPKZvkLETUyJGJ0c
11633,1haPaIT8HyS5iADlpTMJ8M
11634,3W3v72EKmAfAiuJm9BDi9b
11635,1qz1IMI5V2S39g8QvFiXGA
11636,4GZyAbDwkHy0X65cxdCJvp
11637,0enFHPzQ2CDsSh5KRIVn5R
11638,7jLlZKPR16bcGDCCUj5Lst
11639,7lcR0YsFYy2vIgbOyX3gxg
11640,05GvhIvS56t5EBoG8YtyCK
11641,2SSb5R4fXiIZG9NraeODnI
11642,6hRCKc2OwSZWNKnFnsVb9p
11643,6oOGaU0BMVuE4skmeGjyVm
11644,0c7EyWz6UKPaZ9X49Mx46l
11645,4e9a6azMlY0UwNW8S0mxsi
11646,1mptorrisuiE0miwVYqW06
11647,1EUyEpOrwfgY0AaaytHLbT
11648,4FjIvNt5YAjf03ndUAxXRa
11649,2kR09CPFP1E8fpg6WEVwJt
11650,1xpmqBHzwxOpuXEtFhk23Y
11651,0Uen5hXj3eA2RVdsp6LbYR
11652,0IXfr2N9q3CUtz4WbXm1fX
11653,0naH4jtOlEiZYuuIrBdyIj
11654,56OP8V3daAs82hAGRAiI4s
11655,0yu0DEuLvr6Ar81qmR3UkX
11656,3ZhKz0ZkXf4JdHoPPGlAco
11657,4yokHrXHSukhHh4byNVlWB
11658,39pR69T5tc5aQQ7jiXDUPD
11659,5KaMrfxOCPLxtOHNlw5gZV
11660,1wXG3LcSGyTymwkrvH8q65
11661,5jylwMr81hEXS0R2EieFxW
11662,4OkVQKZpYeuZaCJ7pjNGMc
11663,2PsuktMveOXllYMbAy5dEj
11664,3r4U9UpHaFurMtq1oCZoAp
11665,1T4U8Q2DRfs6OUg8DEsRZf
11666,3gsy43lN8QlBDeaVERlMJH
11667,4AxFkjSJFoBIuUfmcWRQxq
11668,1C7QHPHZPEvNppjtIrxQE8
11669,3yk51U329nwdpeIHV0O5ez
11670,5m5J9yFKfFBZaElGnrYL4c
11671,7k0ahlHosIWblaaIsEqJ8M
11672,3p2O5DDqlWdaR1l4wsHn9R
11673,5axs6g35eXqjWoOrHCLyLh
11674,3iyt5csO6fDiVRyhWre9Ad
11675,4XmnvVsJcKk2fy3jX5Hl6e
11676,4RGNT5p2EI0h4BUrC7BnNQ
11677,0E9EUNzYcP4UPnz3zejGMh
11678,0MDLBHB22MeVOuls1DnPgI
11679,3oCobbeaPVt07GhuJL2uUt
11680,3ZT6xvnTrcbrQNDA0Sgy2h
11681,6AiNuEc0gA3Z5qJBYgEXzZ
11682,6zKBZ3d4deaptJR2yIKEj7
11683,7aD57W2qPuqcJommipP8Xr
11684,6RPfGbpGC3vg3DkscGa8Vr
11685,1JCfjUbHzl17ngrOEaS1R2
11686,4PGWramunj3Bsz5UXCu4ex
11687,3IDgkcLETJkpp43cad5SwB
11688,0yi98madXjLibiS9ISETvE
11689,67tuiZHtgDAitP1yvBPwMA
11690,4WFfewukS549HkAzq3GM2q
11691,0cLfGhQGpwgUjt7w6QhP07
11692,50zZ6S7YI5dVL69a7GkArx
11693,3lf3AMgos1ePywwk4fKOfJ
11694,5UB0QjfYGfQG1FOfILOop0
11695,2TDwXPlzVHrBd9Jh4jRWV4
11696,7xvWGuAHOS7bJYkRAh5IdX
11697,6olW9Q4qX8ztoSYLr3UXUp
11698,4lIRvV2T2OLpGOPbkJrDVp
11699,2x3DjLoC6JhZ9LMSmFIHow
11700,4bVuIlGQBMWS7vIhcx8Ae4
11701,1HFj7yC7uZfqjWuoH6DO9r
11702,73Z7tExHOEZHopO3gqNzwB
11703,1iir1dMidSGRzbPMCCEtfX
11704,0ssM0AZdWKEEaqPTHzwYWl
11705,6HBdSGg5Pi8tf4OyvM34eJ
11706,1DqgOBp6blhaTWExSdtD0L
11707,37CA2be4dmNBDdf8tbZhv3
11708,0A2BiHtwUhgVLrc8hPVyP3
11709,3v6NuKeDbFbaq1lNjw3XtR
11710,3rd0Bqc4irHaxcugtF5pf1
11711,4DFhGdqrtHQvHBUfswQbss
11712,2CIAueKhVnrIirWKes8tqP
11713,6EPaXxeWAeFbQFFYwMZhN3
11714,5ZLhqxkmcEkvGYRtbNFezi
11715,4xNjf2bTeZtCwi7AzY3lHO
11716,44HdPuYShZtHgSqn7kssgT
11717,6jDFMBsiQd0oNdd14NJhzF
11718,1rDzhHTc3vM7xJxbYdo4oA
11719,32ffSU9i6QmgdXJsfEuRah
11720,6oLwA7urPX5GGRXX59TYZ9
11721,1TcnfbJfTuPsycLXNbLWlA
11722,6ZvszH4dlZkCYw1EzdaoXQ
11723,5Hp1X6bm4x9qNeYHBRTESF
11724,3gYsRJFR7KeVpY1lhb1m4x
11725,4wDpjRQOvOHXE9AtNWpdVQ
11726,1mb2EWE5Qa3W0j3WAnQgKP
11727,78KwIKzqSinIpJi8w250QC
11728,5EQL9w4br3jjyeoTSqURu6
11729,4etk9q2xuhaX5nU2RvsgVk
11730,4f6utAnormaIVL4FZCqdkC
11731,0oDnZigAyI2RTxareDIuXO
11732,0u9A57wb4lmfhMwXfmBca7
11733,5X2vLnTwhrZrqYmmqBNsbu
11734,3D9xV9vmNNSLEItOtlPILE
11735,6gj5NHnnfY73cAtDTOeR4R
11736,5Z6uDk0TUvnJBnPdHkurfx
11737,0gKD9SN7jGkQPtkXLLj4Lh
11738,64oG82347hpRz9aOACC7iI
11739,7cKCz7gG84i1XLvDeM3ByT
11740,1Ek2ea4IRwOzEBNjzgeSKX
11741,68q4iNShG47zCF2LBlkybk
11742,2aXd4YK2VHTfG7mOD5wBvd
11743,2wJmfApdSbwt3NqNnA8CTz
11744,0nbCaZiVcMymlmRiXo4cUp
11745,3xJHHyoh5rfTCIKORaCGgw
11746,2xsXNMfcKLQxL5sQq4v7gH
11747,0DpgRQuZBKhEnCFqKycPzl
11748,1zNZhpH4Vp6XIM6zjPqgl5
11749,5PCKCffFrcyUvnhxJoPlK2
11750,4IP75UMiMSuGJgY2uj9H6s
11751,6D3uF7tsUrjyjnQ6qfekvj
11752,5gyrSOW1OadnBJuFvPoObk
11753,3ScwBuuIwkHvskXeJ263M7
11754,5pIO2NvW460AqFZWR5ehRQ
11755,0QzvmHtWGxH1rUMsoNzi7q
11756,46DAjL6lhaGFT5bImpZ3XT
11757,4vhspOHWFMEi8x5cXMgpz7
11758,0Bi2tcS0YkLrIHQajtOWF8
11759,6uywS32yI0PYMnuGxQhO2I
11760,5R9inYplnZn9zAgoYLpUhV
11761,06P3RDNbr4SnyaGpn5kUj5
11762,0XDdbGVWoomccMBmkkkPs9
11763,1r34K4Afu6BD8yRcMac1qm
11764,3JpaL6FMH9kjVWMA1mTmRl
11765,3vs6AzUMUQ9MkL8xArf5Mj
11766,0DeMZwTSXNejEo0a1wWvml
11767,7wbyVdsND03iZGrs3duHH8
11768,0B9u2LDrSU8xCIihOpFIbi
11769,1FsukmF0Px1A1voOPykC0Q
11770,2OHeJR6Cfvm42512gonFRh
11771,2TcbZGZrrTDXv2kRpHBRYq
11772,2y2QiPW3rD8cYtzGkxsErH
11773,7sK7NwZjudAkP5kNhMWQSZ
11774,4HR4cBqLy90l41ajm6jn25
11775,5BnnehCIN8bmQ91BqEG3IW
11776,3vMEiwkN5aipJrMVW1YVQe
11777,5hEt6trafIYyUpMiwshTwu
11778,7a5Ijp1qCemEsgemQOSHJM
11779,2Sq2EZfkolOJAucJuhLNIA
11780,5HHXJGCn13HxwLIjhIUZOH
11781,3GNb4oUI6Xur4QutxNhtF3
11782,2CU9pGd7lq4fSHiFwjs842
11783,1dXeFO6J2xahxPscCRvNPp
11784,4sSO565goJVs6GcwNpZSce
11785,4DHeHG3XkEKpKupUirtKQ0
11786,70kjLeuW46xJ5pqzYRLHAf
11787,5s5N8kSizrNMAhcCvFnYjg
11788,6riHcr4N2X4QxToNZZIxdL
11789,4NvHsdiRXhMQQPMWUd57nZ
11790,6VGx1rcTv2aIOdajyC9gs9
11791,3vCIPzmo80cG5DqEDXJnpk
11792,7zmeXCXod5vtPoSbDEwvFJ
11793,28iutfEP6JEXbHHqub8GzB
11794,2VSnwBXZLxPJoAHyDRyxrW
11795,2x2yOdR3ZbINcWSon23T1d
11796,2L4no3iw54gGX1ZwCNfYSL
11797,5l4stemfeI9xWMtBR3jUj0
11798,4FH0P4JUiE4mHs9wgq0OGx
11799,5y0pgl9X1hDKeRkMQ4brJp
11800,7IByJvSqRFltGyiiIiL4wn
11801,1pr89ekWGC51bZrfqxscVR
11802,2tkbtyIBe9ynJnrkYcpc0M
11803,4nIdEjPkRlzmVql6KFJ3Br
11804,7bg1UfWdMgXCZwY4qKUgpa
11805,6JlKNQ6PdyHYlGBSj6m1KN
11806,3PRKU62KnTOHRFw6F0EIb7
11807,3YZk0pVNHJHTbfMNYrshMN
11808,7gd2tkbcXCjBO1k6fDW2Gn
11809,1eAIIxPMZTiMb3EHIEeg4q
11810,5LJyn2POhC2FUyI6JAKGv9
11811,0B88ZwGCujSnIgnVzzqW5l
11812,2UfupiUxptjMntEB1ciFpu
11813,2E1KhPanm8zFj50CfdTLjg
11814,2ov5oWYHlYDKbV0ST2yT0K
11815,1eoK3PDzSmdvj55FUhptJk
11816,5rL2E6ZlMJYMdV799HumhZ
11817,5MVW8uIuNuL7CQ0RyyogHI
11818,6wyFHhcVooG57AlVu2bUvi
11819,48LaYTqGjXxPiLCXyxch5Y
11820,5jxN9knH0vlfpN2Ft7a5xi
11821,1sGdnwgcaUgKv9pEVGYqI9
11822,3HEputY2xELBoVQZBvil3v
11823,6IYfi7SufZ6k02UqhzDunx
11824,3b0Bt0CBAEesLLO0CifT5r
11825,2UoVOxO8lFcHNgLHTQ0ATn
11826,7DQjWFjaiPULrsqgsZueF3
11827,2BFlUDRMCRG6FzuzbhPo4t
11828,0DXMLkTJm8S13yLYrm9gg7
11829,2zrqwIyQcJZjo041agJYIZ
11830,11t59LqOhOEG40yqALXZon
11831,42Y6p0Kc3suygNBwWklv2T
11832,5l1RaiuYKyZu54clACy05X
11833,2gp65QuMtQ7Fq15pDjAnY9
11834,3EgCtOQmUMF5JcCrpIaF6C
11835,55T7MwOCMcPc5dok68DsIf
11836,1B8nUWAWuOUsehdH420OLE
11837,3wHRgXJJTTwS2CkusTpn56
11838,0M9MxwsJXeWipHmS6n7xaV
11839,6aVfYB1LuEeW3ccukxMcrU
11840,5bE9nvK3bTWOgIbxZHtnyW
11841,05nsGslm5Y05HxysFT233v
11842,7xK5Y4OyDBtbw9KDnUDLAU
11843,0eAzpA0PT5uHF7FnjsTVkS
11844,6bIt8A7azEBA69eSSBM841
11845,1ya5sfnPVMnjb8gxlpGwgV
11846,3KHnLWnKJhXNMAhZRxwINv
11847,3FjAnCzHukCR7Vhg2KRvGs
11848,4AS0twfDTkxVHT04xyyPj4
11849,4dSAuM3CkN1a9mhqn1xB4J
11850,6HfDY8vveGrOtoerEd3Ob2
11851,3DS8KFBg3J8IfRW5u8Cu2l
11852,2KqCjzHb2FmGqC4v2sS9PB
11853,1OFwonKakt742uE5Y5wp6e
11854,3BaUkl5IsTkfq4uBcA67ME
11855,5bSjmnoImuXJXroXA2uaAs
11856,2w6dBq2AmimTC91meCXNVg
11857,7d5u67pM8gYu4XZfx1jUSB
11858,4W1ZhJmzoN3pNXqHxtsWnw
11859,236CEaTWt1L1L1WigMppK1
11860,5P1nlPSpZFr6RYNnmj2aNM
11861,2WBhDBVqlScv5DmBrWYDKX
11862,1hcMA8tQegZyf9OumrFtMT
11863,2j95FRs6lkIxEhARd4iZFW
11864,1NtCWWi1L4TApClIKtRIYP
11865,7odkbr2SK9jByTvzbY7aMN
11866,2SVPpkNqVVk25fuQ6WjuwD
11867,6P5inyUmrJuslHrIN1Ntz9
11868,5DPwxWH8pSfPBTRSCicdWn
11869,0mjMXI9QWFwzW430erbQEh
11870,2Er6bPXmgheobAgBbzsaGj
11871,6WJAZ2TUnaKUv9aKkOGokD
11872,7maUkspCwE07GldJLJiu5j
11873,5L9X5Fg6Q4sxeKUEuBy8Tx
11874,60xMlVk4ozwg7S3m6zxWYZ
11875,5EpfCy2frXnGtAWB2hrzBa
11876,48N90Ust4zujbtbwMTvgAK
11877,2x0DBiDxlp06RDG82Ii1Nt
11878,4D9MSnyQxJOFfN6Wte0OyB
11879,0wgVCOPXv9YSgmRijmDSkh
11880,0tpqjpP8rMIHLXEUMtlbu4
11881,7t9VJ84v8e7u0482fdjpdd
11882,3Iv5tshvLFhkGTot9f2o58
11883,5WeLe5l9pAY3vnDG3t6ZKk
11884,7tW2TN5ZDVxh1gGDcYOdix
11885,5MR8vZztOvZW9LH5631fIv
11886,5gMA9DaGp2VVu3tfM8YqLP
11887,1qjCp1DY1GJ4yWFv0WpMyc
11888,6k9Zw6EweAiN1D1MB4bf6U
11889,51rei8iFX8KzXrJRIN50c9
11890,450A7qJ6a9Dq3WwJtYmTEU
11891,313IolhoJ9AZwemNfcIlJL
11892,2Ets3Fh1aOQAC3uFtFbahb
11893,64Wy3upnb7JXqcJ1NCVVDm
11894,35eAXKpNIwmKAqADGz3wKY
11895,3Dl2gul5pJ5Ceh7ew5kvC9
11896,5kBM9TCM8EWiqUcZXiUbIF
11897,1aupoGq6oWjYKOKbabJ0Bm
11898,4At5Q5P0e2P5l2g49MZ1Nn
11899,7MTaKdIe5kt1FXJEJH4Vie
11900,5fyrn9WcfL1LNdRIaa26m5
11901,4Pjwgf2PpGwQvHFSZvA2vg
11902,3qKA22c1Wj3HIdNFGdK4xh
11903,5RSaw0OuiEk5nxhACiW6uf
11904,7Hjcnw3fik6gOHTVqR2Y0e
11905,63ZxC0f1wXeK4Z7BqHbIbF
11906,6fDhBCFSzy76TjtMOdcD6m
11907,4REpz6Xk5nXeXXaFSqNpXc
11908,60ENF4Jwc4rHNbnXhPLLmj
11909,7CTn6TLnlPLGxu0AwcNBtd
11910,7buvSwztsvJrTkpRcQtE7d
11911,2gFkkpMs7rakuCCi9UepP0
11912,6S4T3Q4UJfjJwEZ3y3u0ql
11913,3I1WK3t10NXUecW1mEwKkT
11914,5QnxFSR9HJQPqCza567s92
11915,6nkhaYvdho2vRH5JTrJX7f
11916,5tjXtdbbzHcSHODOH0lnSH
11917,5acwYPGOWYBBfOIebUE6gN
11918,0SfyLjgqVjf7HlEqMdK1y4
11919,0HJsaW48EYnIxH627aRHWN
11920,3T6Wt1QsnkiRXgTSKSCHPs
11921,5KKiN9LDoI510Yf4VWboOz
11922,4BkM0A2FwgLB8Av8fKLMzg
11923,5SHGREQqwQ6hg53W3PWDYr
11924,3Ty73lgh8V9Q2bB4KIlZwK
11925,3JffB4CABj9lA0NC63kbCp
11926,1dwEMvnyThZ3exkZXL6nW1
11927,3NZceiFGUEAWtJ2sGshw8e
11928,3bYgwhqSYZ0DwXJZb1HtBN
11929,2drtd6SptpMJ1KylMQ7mrE
11930,6RGwJxwkq1ICzmu1R8LaX7
11931,7LUH6d2g7NdeKToG7G0hMt
11932,0HqKDtlEsdoY3Ioi0toQSH
11933,7oV5cghZ33djXYuGN5xH9Q
11934,4rkIvpuaTXM5ObSuzHgc6M
11935,67rHfUpjOezFRoF386LOTu
11936,5MRPTzX43OJ76vslHVTFok
11937,2YRoWkKU1gJ2aqiDRllw2p
11938,5Wp6fp76AUNLXLmg9o3PJZ
11939,4VLX1i52yOU3uDUz3xYNgz
11940,4KpwdUB93K5Im5l1I3eNM3
11941,6bJ3Mj6BT83YpdLJubFaLj
11942,6vb7pqjfeoccALgALAsEax
11943,4VgmQB7lUcowO03gFjnWEv
11944,06Hp6uuqTD9PeE4Ov9PMFJ
11945,1xQZtbipNLyP0e0hihE5F5
11946,7i5vDZeaG0kKdZp449uFUz
11947,4dwH7jesb0jmik4wRU8Kjm
11948,6xY7r8duYr3rMioEXm0daL
11949,7zjO4Hy7TjwyGTJmOwaYJs
11950,3nMnXGwf4hV9O2xhVjv1ya
11951,6NSdvl9eDShFhyJsHfxaT8
11952,5Yl7D2m1TTyGha42iaPimb
11953,4DP2kPWWeoofaP4l8bhcy6
11954,0qZRrsBFxK9GxwVNmUnFDA
11955,6TZSM1ce95ApOvLaTsu6U0
11956,4LfveCUEI9hVm1dT9lKzrF
11957,0IY1tGHXJlhT32hyTKIzog
11958,6f3SLU7xzUfeyQ9U4OVPiB
11959,4e6Hqlm2aWw8F82cl9m1Fh
11960,7ntxAzsag1X8cZgWU3JeTu
11961,1aCJTS04tP3Mg5nHNSdA0l
11962,7AejbOXHPVrZ17LvwyGIuZ
11963,0ihCWLrjkkgZiwqnSdUZdu
11964,3jZD0YRRCAIiAQOrFEDkat
11965,7zTsSTvQTQkYS9CobdPtvg
11966,3egxilHpaUzYjdrsAbtj5p
11967,5snjCnuaefsNK48q6yR1Hy
11968,1MNjyTVyhkBHQFCAoYVifl
11969,5vEI0jjp89GAbzBqrdouAt
11970,1C8NNbHsutP4GgdfpkPjUn
11971,3D3g2Cjahf6hVo2Jrr3CoU
11972,7tunEErRlVAcrQb7eCalRa
11973,4g6AXLnnxNDp1D7VWRZXRs
11974,1aI7qnl22NZi0Q5tH0Nq1B
11975,45fcsLvbERpHdh1V4jn5LN
11976,1XC48chVyZ6Q46cgdqZYCx
11977,267j6kh6eSKWiQhHjuosiE
11978,1pQy1JjHuK2tMjVxbXB8Ca
11979,1RcLTd97Z6CGEXuKxyornO
11980,3H0ZwEOOZn3hqvaTVkPWYq
11981,5KYdwJCvwGsAeTwUJn8ZIe
11982,0cvmA0xg8FkzKvBnO8987X
11983,30UNAz40wbR8CnLMZkCLe7
11984,1XmVcaQPI9yWpKVbIiL14L
11985,7nueLSMsUbuym6m4vPNert
11986,6sB3sJRtmP1nXJxfQAKUma
11987,0tIPFl5IiEhq5iHcZtyCZO
11988,35S1nVBhzk0ah9ErsXqxH1
11989,4yAUJyLpuVyyiTmlEFODqh
11990,6JrWc7yeFtpC9LCgy1vHpb
11991,1VVv1fH1UKkwMGzx8bzQEO
11992,6ysfrXnADdeTtW20oSybln
11993,48x4llMkAElhvDTHNaoenL
11994,0quRJVHIYA7nqC3WFvFW3s
11995,4JYbY4Sm1keHahpmoOeE8F
11996,4hRRN2lZy3ayPL4jtyCwMe
11997,421g9amcUikSqmfuG8EwON
11998,5nKyI0eZr4b9W1hMxsz7z4
11999,3qmsn39ftHozp8AXssbKij
12000,5zieAFkzA1dtF6O4kFn4is
12001,7Mz95vPtFlDGIiZ5d1XdT3
12002,2ZMhsVA6pj9EeTh7PK1gkG
12003,1jIPdIqR7VRXS9TZvu2BIf
12004,2NIKUh15zK7fFAZGteUCZZ
12005,49xt9fJEyxp3w0cH0JzoZ6
12006,5uLdAGJqoNYKvFgrqQCFCp
12007,4ZndxaxGk7gCc1edB2UWPf
12008,7qTRVHnQlJNjrVZlAyLP4B
12009,5VyBhhjrxYgZOsxVGVJFgQ
12010,2c73ysGkiOmvPVTaqNDESB
12011,5STwQKTVtQSDqUXQ0jLJG4
12012,2PnLs2v4vDgQYohJecWCt8
12013,0NWkpRIBQYAL8HGu6wakli
12014,5KhnrBvDi9ay8bqD7kL2RE
12015,2DpXvxxdH3hAMiNef8CAtE
12016,6RrAhxNSJ0Izz17cjci4hh
12017,37DzNyyiORWOCssaW1cM0S
12018,1pN1j32AFbLRdZo8loFPu2
12019,4RexgxVL3yC2Ohx8vdEPqJ
12020,3RedGot1pJgsFtCkiYC5Ni
12021,3wdXVOrU6nsn7nq0m1YYuI
12022,4FphcL7vBXnAdnN0v1GNwm
12023,3yJuAk51Jl3alI4erKcLtB
12024,4nFWMK2Y6X734Yg8CUElFO
12025,6kQPl32q6aDZ5pAfeR8zkE
12026,4PgKZnIKacocKCGIsLAgzL
12027,3vqtmh7csqkeYP7TmCxGRP
12028,7ARhh38V8RIgmDVBL44gQi
12029,7ArM1T4Rehm9gHd108SS0T
12030,4c1cUu1PFDX1YB6JDvG8vf
12031,1lVxC4PUJlgoi4RE0XjCWd
12032,7ehfk8KcDERZy94rqKDRZb
12033,63RqfzUirzt4lyr4TXpyky
12034,1l16zltLwZP0IElr8hr30X
12035,5LeKKDF7i65mQ3NIW8mkwP
12036,3ozftYu1yZlCGXkNFBYL6p
12037,0WMogrMD3E0PB3ibzfVX3J
12038,018kZPz2oWpyJpIF1EBpe7
12039,5un5AfGIvXKEBwuB3JbHfX
12040,73OX8GdpOeGzKC6OvGSbsv
12041,2l0JuZRzFQXUfc3fXtbwZE
12042,7aCSKL5LmVhakVs0l483B5
12043,4s6ZHa2AWEROf3wOMLEWzc
12044,1qpDXk1kD6z5zKqthbTh2d
12045,4cyVVWfl7FDHBHGBT7GJRf
12046,52dqEyskYDOsFdwtyeT6Da
12047,7GJ572zvnU94VZVrj5XRtb
12048,72wS91HPKXpHf8SWRu0yKv
12049,1b53hnMKEDlgHhdLZLkg0O
12050,2ZaZ1G5zZQTeDYCDQXBOMx
12051,4ZdDS3BA044iAdlyYpUFkt
12052,22PT9g3DPl6yuuX2utevnu
12053,5kP7NFMktzZ0FyaAbg7mHN
12054,1Wf71eeA52D1hOtkh6g2Ga
12055,1ULDu0aHG9Lg0QzjAmDpEk
12056,08eDHXLWxPdK64ibKSIfdZ
12057,6KHHOLognAv0pjjmx71M8X
12058,2qZVx4eZrzCpdlnVFNNAdT
12059,3gbjpCmZ6wiun50cOPjeGd
12060,6Du7cwsltT4LK3L6JiZz7x
12061,4vKKyZ3AaaP1WzdayW0Koo
12062,63ZjH0NFN5q0ZT8fmmhHur
12063,30Sxchef9TJOOTq4irwcmB
12064,3Y5w9W3bKuogWhRGe3TM5J
12065,1Yh8kPeTUBah8hLD44ryyI
12066,5TTPu7kWKUvmNkVX7Wi3cL
12067,2lvOt6VAufWlstrqutilVb
12068,6A7bJ0GCI8iEFuZaUaxjtQ
12069,7uHLjtGYTMr5PUJGddY4qZ
12070,0hIA4OVC8U9kfEUUCQhit5
12071,2Keowebxk9WEgrryS3aYkh
12072,46jZ2zufEGhU5e0XIcqauO
12073,50vIrLJzJMPPBm55DAGl2k
12074,7xkfMG0M0gPAreXEfOp4JI
12075,1kZ2U5WsuHWk9VCnQJwtnT
12076,3Uepyger3eFIihWeXlTimv
12077,4JdaRMITxsNVWsIpi9qZin
12078,03C3pAaAzO4R6lBRX4AfIb
12079,26FmwFa8ob6499FA5a3mGe
12080,42dspvBYLNpAvUpJpBn5gm
12081,1LkQj60h7ZaRuy0BCeUe6a
12082,6gcNSi6b9gvDBjYO059lrF
12083,0YEdOiguHb71Pj5k2e4cjf
12084,4N4syZY2CN82yUh8BlNT3L
12085,5Dxz0gviDnCbziOTTGIyxo
12086,46Zdq2HrcAtolMCkXUwsEu
12087,17aM4om9gilk14qUKRifPC
12088,6Jt8ANP9z8dBBXZvrnbltO
12089,5AqgcC9YdUZYYMdpCh3US5
12090,7lpmYA2oDMcAdlNJBjTMTB
12091,5RyJ7vWgle4QdrToTGGc1Y
12092,0hmxQGuH59TiCEK4JJAZQc
12093,7Eppul3TLdhgPP8IYrGdZz
12094,0GciEI3OvITjE1i5loDFGG
12095,6eBBszj2ZBMXRjftdT0avI
12096,5fK2CTvh46M2pEXAcLg53I
12097,3vMVipXhMeZt3wWbSBD4th
12098,14u0zLm6T13VV72Gggpll8
12099,4uQcfhLIZNpiWJKS9nPz3z
12100,6nAQE9VatYS3fjJVsVh4uX
12101,2CGjsok38KpI1WAysYIx2w
12102,2kaZuAnq8jwPzVxGiqTdus
12103,2SZzq13mxsYpGmBhTAMBYE
12104,16w3njKUruACWZPsHkcqBh
12105,2x42GTkyJ4TShnPN7EP3EO
12106,2ip6p1j9XnvHMq63ajaJtC
12107,2N90ctRFnVC63tGDOiqeHD
12108,70Vbvnkr3wGKC6ftSZpay2
12109,0WE3FGILLEXmPYn2t4Ernn
12110,0egNFEKqrGIu3tMmaNPNrT
12111,3EkHUtsc35vdHmhE5saqMd
12112,4FuLfxipUBPOy821OLB0CT
12113,3mtpiYK6Ghm7QbXJJM25Bq
12114,38ZNzWdptxcO16WR8oHba8
12115,2HOWX9ynOSHXD5srnWuM9p
12116,7uziegaH82MVRd6aY3i6mf
12117,4fgZSiji9lpiaoUEU1fB5u
12118,72ZEC64beql6HWPkxUsWAv
12119,1xo7tbhqOmbZ4tXZVtigLx
12120,2EZ45RSPKjlFMiIaU1v6kU
12121,1YbZRLMK96zq5aMdJSODKa
12122,5Ws6xWCk19FL056MmtPSJp
12123,4lvDUWRpMB36uk9I8kyi0s
12124,6L14tjUYMXCed038Vskayh
12125,4BHOT1pqGqA92SuerFWLay
12126,7djPspqlszX1uJQ13M7p26
12127,1ksHdL6bIzcJrzjKgSgexR
12128,2EJ3hcEi38yNQVrX6O4t8z
12129,1pbDNkAoMCmIOEbU75apRl
12130,0khkwt5FCMHDObLbGZkcjo
12131,4VsGDibZ2DjyQCuX0zFkr1
12132,59jhih6yZAV9bcKRfFtZDu
12133,7xADWDZwr3PGuT8giYJT14
12134,5o4rz3pR2nEWOh71aPE58G
12135,2ABGvp4kxOCN6cahYSHOg2
12136,3H2haDZgRo0ucTSGCAdbZS
12137,5lVW8lofXBeZIawTUhcbDq
12138,7FsYLJwsHIQP3x7Yf2QuaT
12139,7LBZfkcgTohIQQ1DqnSuPV
12140,3qDR53EEdxoSTSw2QbmuQk
12141,7s1NtYfCE1jNNod9zzFleM
12142,4Al2DB0vu6NDb6Z2xkI2lz
12143,4CMQx3E7vlHKGMFNMbZXEM
12144,2eNRN6RgwW5WWbGyjwjXsk
12145,3EGZBK1dTF2JfVTZTZo6a7
12146,4yeqABRL8lOUzRjTITn6fd
12147,2CDVn2mdXSdgs1658Q5hLf
12148,61sKm5MmgqEvL1gdahtqLO
12149,7czDlyNEoVpFzh8A4bNSdS
12150,3xxEd4tPw6kE3YufogqOrg
12151,6sYNgEybfFb7RFnobH1xG6
12152,1ZU14gwD0acOt895uDtMFI
12153,4m5j8WtKfulJLPIJ1SG5Vb
12154,1rbqA5s8slnwIM3r66KiqR
12155,0HxXGOAKXYyDPPKH8kJB5w
12156,6y4XfnmeJXGbGmjUN2tzmQ
12157,0ue0gFLwvXd8qZIPg35Qiu
12158,1l8cj2aKqCuwuq0Oi8EUjo
12159,0uC0Deej3lmVqivFFfj0sk
12160,0isDZk39d1PKPZxPosMclT
12161,7o0BKYom7OGIVUFJPUkRU8
12162,10DeTFWRsp4l0rhNARVTpC
12163,6QIlrlUfZ6i6DJ7j4yPKeo
12164,7mPP2cZ3HUfx6M3NhnolrR
12165,6cPnQJnPbrjgH3JNS8ODRy
12166,5cIGrYYibLD2xExSspxcWp
12167,0hM539UoJp77Osnsrext0A
12168,6lIC6Nd1NRGaeGFswTV1Hb
12169,1SEJDNVzzx7c33xB3lrT1p
12170,2O6A3LhhmtBRrZ9Tlasxrp
12171,0RXrNJqhajpp7zvYPQhv05
12172,5AGYMY56m7jNMth06pubZC
12173,0d7fgz0Ucp6oCjPkHvicae
12174,3xPpJIXIj3VuMSOJzAaeUY
12175,1ms5tNNdPouTtcD2oVF9Oz
12176,3tAawZ4CeNujAAP5t0kijg
12177,7DEYkwzDLwKd1EoSBv6XbY
12178,44uZZ2tn0ucKwFrqJdhLTE
12179,3j2jcATcDN2e5fimBOtT50
12180,4W4BhQJB12RYTE6gss2JYG
12181,6gsibCeNm8fOruuYoLRRch
12182,05Q93eOy5IEgJMsyvAbquu
12183,2lqszuAZRi8k2y8R5cKRwH
12184,7ixaUA9fwMRJ2A3e5glbFp
12185,1eP5rpmIglwuBFZvXKwAKR
12186,5bABN0blOTyku1UpZcDkGf
12187,7pkWZL0kA26s754CwyK0SH
12188,5w4jnRxDCNmmUHr6wMZCxh
12189,4n5QvgYuN2oCSythoCXZeV
12190,42WpxP9NyIL0zdKYqWJlEX
12191,6NlHukvOzkAg9oN25gCbXu
12192,5xHnfNLYTgtYvUgC4rgOUy
12193,76HDK4FdALKKyypJzbRlMR
12194,6SLSCRmXJ85WWyhVKQnFkK
12195,22oKrFJ7MLH68etAmPwiVT
12196,4uipSIojbx0qUgHWt3hcUq
12197,6448R8a1bGPT4l9pOcdTAn
12198,4u32FOGUPTjiNJjHpi3jfi
12199,6VM4cyYqZsQUG0m0k23UvW
12200,5VsvLjGhooBgrZRIePqacY
12201,4MwmnmVXzMbBWzqcJhfQgW
12202,7d78grkC9XhKXKJf44so32
12203,39GvWlUAF4Y3qzboUyvBkg
12204,6OIIq5JCIfL41LLK43DoTF
12205,24qtH6qahFlQUK6LBjUO3T
12206,7pUv21DFONRGwmRhiPBNRY
12207,6wUNTB1CG8XgqlWJBD1lZd
12208,4MbzauKV2ydtZZjLsPcuTF
12209,1ojotvJWLsbEsmLV6gl0cM
12210,791Zj1QoQzJuZAgBuSN1UX
12211,5a3T8RrY8duWQy93CL10IV
12212,0W0NQkHC3jPEkePtxrHRJJ
12213,21extzX26A1BEXAkllMPT4
12214,0dHjFS4e8GrT0RGXZZXBlN
12215,0QkWubamAKEvvcOTriSKX3
12216,13L3RQyCxJZqNu1ep5c1R3
12217,1d6Wogzno3HOKvpphNaQyO
12218,2XROisAOV5glP0OADwOwDL
12219,0Y8ws3cNdREv2UXiEVYiF9
12220,4QcR7D7O1O7OUNVI2ICuwY
12221,2Zl44RLHnLW5U99jmNwb3c
12222,1NvvWFfj1s5L2SH61qnQPt
12223,5lTnDSiFNrOSjiZKf3q15Z
12224,7o8sJq8qMoAPW8v3ZhGZcB
12225,5LoTy8lGFkffsP1bjU1W9g
12226,1dnTzkUEdwm9jrmdpKSfWU
12227,48xLtPYbMcMjriQEPHNmAH
12228,3OOFEF20WqtsUPcRbPY3L7
12229,4WcvXkXzGJtCcYEQ53XdMW
12230,4RQgqR09VmHn345vRhKQ6T
12231,3lDes7NWTQF9LVYS5mfxZf
12232,4YriZmNLLBPkSSiJb11MCR
12233,0dT5eHAqMNchKMw06dgyFW
12234,4ZIA8JEz5unsrLsZWStEI1
12235,389i4Sy2dGaw70TDByKFyP
12236,4MtIq0B8CPQd3K0YJYQmor
12237,4Et6tUEO7biKxZEfJXpNj1
12238,0rRo9elJ0PvE3ayDoVpoWW
12239,7A8aF9dS0gA3tYsNzCYT6B
12240,4J43ZrewHCiEodlSrzN3ve
12241,15CX1jKV4KPdKj71tC7Wdb
12242,7waRjsA2ehXv619f47lYOT
12243,75wToTc9vYdKuf1ekZRUEP
12244,6gRFXS2YCiwNTm643l1YQV
12245,5HgSaJemPlTujRMlQjkMfN
12246,6X0CAGf4l1qsvIejVCjQGM
12247,4Nvu7dbAjuyjWHfHMeaLlj
12248,4BhJqoaW1f0Hnqzj5M5Rtt
12249,7AafwMf7VeAQNf6Mxq03lP
12250,3WAy3VagRsz7i6k7eW9YMA
12251,3XRgnzcgxLTjwnzwx6lJbF
12252,0a07HEUjsUzSNR5BC8KJtA
12253,65KsybFvCqkFwoKzp87FQf
12254,69CDsup7hfmoiCjMt9lFNq
12255,0GX3igA23J42onO5WEWFMk
12256,7FlZTu5pDItxUEcpLHNeRl
12257,78IYGp0ndkd2HVOgJc1igq
12258,4n3mp3DC7JrdXYJCDdwKhd
12259,6wMrCa8tIUwjJW4uJxiIm5
12260,17esQndla7J17RiAXkOdrF
12261,5qh0JzUBVARifCTxpdP2EX
12262,0ll5MW86el6bv7liBeBW17
12263,2J6CQhjvvekidP9DyKq0nj
12264,6KZfKfZygAgBXvyWAIGVi7
12265,48uH1piyNxIMvWGBfVTUSC
12266,39tMDjMI14r0E8OnW3g8by
12267,5Bw7yG2bUbXRzuT3MJnTy9
12268,6Dx5Nzt1u4yRXITh4R0ak5
12269,0ZszA999rTctuqroQ69WP7
12270,5ZSUHTr5L6KkIeXgrAUYO3
12271,3Xvbev9SU9X4Dg5ZY6Nda2
12272,5lxCAomytG9sGaptfXg7cK
12273,58rOG3IdxaUdoTXQEqFtHD
12274,1c7pujH1VB0ETfewb2uzvK
12275,57qbGOp4vdfZ8LniGZTW6l
12276,0M7kVLrtBI3Jxs8jmrSc6G
12277,7pSDbxzE42FL2GLG9GlOu5
12278,0VgKom36d2vx9dqPsn26pi
12279,5Mw5gIUX0War1TYiZXz2Lp
12280,3WXj55GMw8gu6uxLsWVVHC
12281,4BsQtKBywLxqUVFe4lCnGl
12282,3WzQ4OBMLbNLZqaYXYaruj
12283,4GbhpMftpLUiVO8vhH006o
12284,487XRhQFiZ1mMtquq5fNa1
12285,1cHvYtY6OHLWuWCjBetGjw
12286,4YLieorBO9mykSHzhRQpZh
12287,0QuMMBMqyibCGRjaOwB5CZ
12288,2PZGgLpcQyXQWzyA9ldBYU
12289,422lYhVLpxoIlHEJfmoJs3
12290,3PpR2BAGyOi1obFDEEnd2n
12291,4by935Eg9TPjUZBQFbD5jT
12292,4U4lfFNMqzxF7wcuEvc0FH
12293,4CwchvMNlpQSpQGKEK3sAw
12294,4aodcB1p9Q2cS5hmqkzk9F
12295,11T2jnzsBq9hIxwlavlSyg
12296,57hIivbjBRyPDrBtZO4sNf
12297,6jPbUG2g04beOS8IqLYbdo
12298,3N3YUudj9m4pQLbMeqIraP
12299,1qMtLIT1yl1Lu1HqMx1nYJ
12300,4WW7QjCotP9GrQ3NQonFy5
12301,4LpT15R6GqcKGjT92R8kfS
12302,7qfiaZctrW723KXXfylzRQ
12303,6zOFKpA9aTRGdHWjJAekOU
12304,4Uyhsd6BijSoPi9rTejSYh
12305,7E6PgLf1FlMer4B1SxeRUb
12306,6NHtMPyrRSvxuapHQ1w6OQ
12307,053yoApAqzVFYZQUcf60Zv
12308,0EUgguVSAZFdHY8RSVCBUJ
12309,5rJh1eDbxRGXtOYIu69gUN
12310,4zGDcSwsBCgwUxNLbATK9U
12311,7CQnCVLFOUxWh656fULLZO
12312,154t5NVWwFVqu6pBeGcmGf
12313,0W43LnKXzRivi0WPaoBLVO
12314,2Y75ZB1IvVQwkeakplwYtt
12315,1JyXEzDAzuGfeAFT4QLPh2
12316,5gMLtriml9j7U2yBNTc82x
12317,5gcchuucwb7fppMnolAU01
12318,4yOgFV1Stm5OOtHuN0mOSk
12319,4cecoSvitOt8F4bFj3DFbw
12320,7FVYEvlnlnhXlHNzlu1LpE
12321,7ejXF6SbMxfpr6eGcDZnvT
12322,4eROoiEAswdNsn3bMQIfDt
12323,6KduosU8FykxdsdXUN6omW
12324,0l7ZWUNofTQNWMiltqlbyy
12325,05RqsEr4euppjIJ8bcvvrR
12326,0GjENNuxOVdU0GOfqYWwUK
12327,6HGfz6tlEZXaOQiGJY1aFv
12328,7k1kYxNm3QyrE5sN5W6miy
12329,6lKhArYMkdfTS3dqjiVNwW
12330,3aNQ88PvNf7pKeaqp6ZIdh
12331,6jPvDSWIQ86Etf49sQXIcZ
12332,5hSiZmboRdiEGpSRB4CwCh
12333,0005VnpISGYLSGrXg9TEJS
12334,4GAdh4UqPh6vQGLadG5wVU
12335,77hqX3OlQFByc8FBl41oZu
12336,3AZSsNAwIngkUB8BWhzrbo
12337,35S0Oh0JrXAhGzrLHzUvw8
12338,2XbOq1jQexJtCnBKbojk3z
12339,5KBJHJZryZHFLpsRGLoyQA
12340,1FjPD9vbakfw2ersuYNvMD
12341,3nxgKa7boB4WjD0X01MXtJ
12342,0mFNATxKupnBkNcBAbkem1
12343,5gcUpI4yDKbgFs1iUmP6IW
12344,71uOUkG66bR4IlQ6BrbGpm
12345,7hTYhzBc9xCubLsk9jzxHU
12346,0YtV6qgS5QI1NO6HzN9MzY
12347,2oqlgNaWn1ewr3FNKYLoie
12348,4PgOvKA6DgGZ8gKwMoOLr8
12349,5H5aBHBiwWg6SyGHAlSSdH
12350,4xIRZdUeofgEOVXs3LUuQE
12351,1RaO7Jv7R2CmhKR9Ne7YBo
12352,1bnA5z7czlzYVEV5TiRCPe
12353,73r06vAlS8xdvCFeFI1owB
12354,4Bk1N22xoVCLSmHW8cwJq9
12355,5yzhV4CljNTdg1y1CmrkI0
12356,2346AzTq5Qtru2VJv1Wreq
12357,6ftARVF2CFMSnThleDMq1V
12358,6LaXVEv4QlS3C3ABCz0FEr
12359,3KIi1Xe8XDdF4cfBv19kBf
12360,0mHOdygRt9AgjX9zAN4HpA
12361,0da8z3hA1tZGF9L8tgiKSY
12362,3qBt8q8Y45LFk9wMg55JOC
12363,4K9yk92DrDKHQBuLp0OyKN
12364,7DYrnrokuMBMBn2dmIBRB7
12365,4QEfciTWOMGlq0sMllewnF
12366,5qDRgtTzO0f8E6LR5HXqW6
12367,6q5Ve4E0XsEXW4WQdDAXyn
12368,52pWdzDH6yn06ixwI6K2Z9
12369,3dFwpxh2yH7C7p9BGEKLVB
12370,3Xma1yBBGqvgA15TUyEyGK
12371,3UCuvKslDRJdGZzRNtVc8w
12372,6b2rUir6jpXBwcEKO23Gq4
12373,0pn9RT707Ivt0F11Kkh1Ma
12374,4LT3jD9UcmFRKZiyuYlp7n
12375,75DRmgr7StSIMJqIDN2jHH
12376,4ir4aakTTK4RNCh07x3mCB
12377,4KZ9wj0K87t0Gdm7km9Yam
12378,5FqdavVU4tMBDuGnPAFCM8
12379,43YeRGBeVHrTssEOCLPg6H
12380,0osktpHbjYekkM80pQkzbd
12381,20cSVtsmamXXIJXb67f5xI
12382,3MAXslbSbSCxbaJwf2tfMJ
12383,0VVSCrlD9D0hTiSsDKVHHy
12384,13fwRQNYaWH3ABJZqJxwds
12385,5DM5od94mpCmdg5FUEAGdZ
12386,79v4EgSRgIo1w1nddYsktj
12387,2YbPECKc8f1QJ7zzqF1pwr
12388,5gOwfgfPqQALRUpiQudMNm
12389,32ks5l7kFxAi3MMFIFNgZA
12390,2epbOjbTudwpPTLEGeHr79
12391,1WyC8eDMSAss5aoqtlLCIq
12392,3jXETSzQI5Im6ZD0pywPX5
12393,73DIm6noByyDkQwTRUTn5R
12394,7cyKoTKQqwv3YgAWtJFtXm
12395,16o3c6aJqb91x3vSSM6JHe
12396,28JBD8p18xNuOfyV7Cotdn
12397,4LdzV7aHgiYcIkk16neBRi
12398,4PamGgZ3hSGSDrpU4INnWi
12399,4HRGgTyD2ckWEK6IUUnwTD
12400,3mgGCfqvYvhcdG5J442eCQ
12401,47ZmJ2FxMaiF6b5i8XmlPU
12402,2JsXgI8pyRs6SVw7U5gn0j
12403,4FtYsHXMCymT8On8GkdOSK
12404,4pvY1WQBeAgPGMnWglrWY4
12405,2ucWPMFibbj6K9tpiZ4Pgl
12406,5tOowfyBxTfaxJNlPE3gRk
12407,3rN9iG9QDHFQfBdbym2uel
12408,1GSCNdIujy9PA36itgXMsN
12409,4RYg7V9NzIfXOhYx5xbxff
12410,4Kbk8G8u0ldZKdnCC95kN2
12411,5I4eHZdEVzhhlPgnVWiwaW
12412,4XO2xO4DuzxaTvrimR2cne
12413,6p2yis19vUuqRiNI88Xg8L
12414,7t3Uv1eaC3XWoUoxTtSb4s
12415,1UooshYkbFuAxkueBEZqbs
12416,5n6KQ1XKiCsdXbOWD1GFvc
12417,75eqBsYpDRirhq9fP3iBPr
12418,5indGtlR04vAgxadH91Avq
12419,6bmbOLEemcdv2hCgpxd6fA
12420,5vqNenzXCuivhS2mMLD5d8
12421,7eYyPtlm2zMmByLYWMiAWA
12422,2miB0iEQziDjF8pRQnTRIB
12423,4rnwyJPkkkvU6Xo86YMD1X
12424,64U1p6sJabRHZqaa9RQL8q
12425,24SxcZVgyzTkpJuV9m9gEr
12426,4gu9o56Bo3uUByrhHEmlcm
12427,6KAVJDCadtNL9S3zTajyLK
12428,38O355TmeaSAqpDXkE84Iu
12429,064lhszPn3aGMKeZwlrIGw
12430,186RACPNhdM1iPzrdOm43b
12431,6CfMT1JUdEXwBKRAedn3VI
12432,1OYe9yrMMvcKxiXV0JTRlD
12433,4AN9eutNtqfXFsKCBHiSOf
12434,4aEnzfYLyYXNPCYnhGRiW4
12435,5oiNJJdKqJ5Vfwion1dR1n
12436,4XHOsSxYuFTjCchOPV45Ka
12437,7oUvnY7s05Rqh8GTMW5FWO
12438,2tiXrWYOdrItX7xop5Jhzs
12439,66QtMlymqBC5O1F3fh5wTZ
12440,3mYXucbG5bWTNG0FgEDKKc
12441,6VlINegSfYDMJk9XA5g17D
12442,0tjeY2rdrKjUjtO5IwKusl
12443,7cWmmwhzxosMgRcpqe7ZuE
12444,35KN2SU8nxeIqZZwkeCqPQ
12445,4wLawzAb8EaHZV8XXWm4vp
12446,3AIJTH90yo0RpJReq6Ol3m
12447,1DVS7LB3QOkaKj1r9874Ks
12448,18rE6QRR0mm7PBQA9KQEp7
12449,2VaGFcuuSp8FSeAlKqHqqr
12450,3vwVxnq3vQ6NxGVxaiuteR
12451,4HDTdNwvftlnfOc3foWImW
12452,1YrEsrzfeTkUQ4faZA14e2
12453,5kElIpH8amxJkOKTiKiQ2w
12454,6EMvKeE4QfAhWWAzYgKQCo
12455,7bi9Rj9BoqMMLGh7BU8hwm
12456,3ZbsXBvUJ9mUTqnKH95fwF
12457,74upJs18ypxmqe6cZ2i3x9
12458,2XAaijZbG5OaB1tPyeW656
12459,3XGlvKw1uaL9MT4hS3mo0N
12460,3vHb5lAzjSJDcgjjMjNNrR
12461,39feHJpY9BDCcoRjYE20wh
12462,66WPXyhXqMlkM1kZhyEXWK
12463,5940zw2DDPDTdmcZLHhmed
12464,1GMw17BGY1vDWNJ4xVo9V6
12465,4o7Opt7CvsBZ7MbjfkEyXn
12466,6t4l1cR6SZPE5DmsVVOmzv
12467,7FxzgizJRGTQ3fxUqfvljg
12468,07BEhEmbDEXB5Sn9FiP1xt
12469,3yrQNktNSLNwSt4CXqFkhY
12470,51fK3yXzdNZKr5tGwI5RIE
12471,6MhiDzTvt8BBtJ3piJZmDk
12472,0ZwOZYhdYelmk0aoqa8pC9
12473,0UunQrhCRajMi4kwYtfNeT
12474,7h5XPIP8xw9bYyLmEL7A0G
12475,32GvYzfrjifSBzyx1KH5gC
12476,4LRuYjrhMEhiuo5wa4XfYL
12477,3e4hH7vAzHVqJNcRDKtPMU
12478,0VzGTc2kCLtvMhoJMu2LZi
12479,07GEZzGFXMs0fPEa0Zkgfp
12480,0rhcuHgBxrXyWjVvpqzzwW
12481,44TuSOP6xIAEeJmZsN3nXO
12482,3oeGxIryjohvxb8V6khHca
12483,24NuEDgyRIljwSyY0lsr7b
12484,0vBUsN3rew8OjgowVwykOn
12485,4iHMpfDjapiXaYUv41Ssvq
12486,7vHRgacLU5R8DUpsAlTipQ
12487,5vNivpfJaXsTpYpxIHsjvm
12488,4ALQ58Wod67JrZIoOn1XRe
12489,3QVHSV8YKYq4L8tI5rnFgj
12490,2UicNzPoIwYvu08vVFzRTP
12491,2rrL9tcypghiLNt38CjcgE
12492,2xaIqRp8QzwLdCPJpLL9OP
12493,3iSOHBIH3BpilVtz6Pu45a
12494,0qyV1RbC0bVUguZQxPxMWQ
12495,15KzgnyGKxvAuvUzzzZf0j
12496,7B9uPB9r30zFzDN3aCjzo1
12497,0Z6VajdEolhUNLB34fxEv5
12498,5J2GNaRtTuXVH3SluSlGoW
12499,3cPPSqS1lN6LO18LVOxeTA
12500,1UN5cL3ZJGQ1wiTyTHLGM1
12501,0pNMGl99ohJrxz0O3ardvu
12502,0iDZFpjiHJtayGjFiYOmT3
12503,0AABiBAIYQCMpLI0ODbDDL
12504,2Oh0hsVo3pTuqaqESVlNeL
12505,0tvNSm1UK0DmIduUQCdyEH
12506,0ymrWJ7Ylf3AepXBlCrDYO
12507,0tJFrtNUFsHCQC5Cq5ymyY
12508,5vCE0xRLIEG1Zej2tgWFDb
12509,2fGOhWlRukitYvPDy0xoiP
12510,72pKaqEww3zHWt5P2MBnMJ
12511,5BLSShy9K485PTTJ4xe7Bv
12512,1bgRreM98rHtjvDpSAeaSl
12513,2fYXsTHaS4vFFzqqowxwU1
12514,3sBuBFx0RLw52dPrMqYVGw
12515,1Rkh5DU9x285M97VxRbo8a
12516,7iowA6JpCWHR554kVmi2GV
12517,26ERfrFbN46EStw5DbLQpQ
12518,2yDTf4tcN90xelGGpu5hxl
12519,6Lq7yeFU7dOUZT4BXbqgiL
12520,2kbCB2qJfseqKogqOG9Dsd
12521,4sIPJ0x9xEabKrsGxDP2kb
12522,2PQQ5JqQMtwYZbDOYPLTJn
12523,3THbCOOsUboMu83Ubd3sSR
12524,7L1qSRvL6nkdBdGBtgRQ65
12525,0pUoO0bRfUzz9vPSxWzvux
12526,2hbrah0o7ppR1HeQkDvLhj
12527,4vWD88EXmoi5XKidK8tPSD
12528,6lqTIeDSchVnZynG5bAcBi
12529,0F0imGVd7KnvQPkBmVtPo9
12530,4koWnw2iQ4FJa2yAgqqvS7
12531,1rAO64PXyweIdZKEJqg4PS
12532,0G8dxnx5niipARHrTGsABN
12533,4X6rYai8Al8NKdF5JlA2On
12534,6rNwrBKvGZLdA6cFdDivsV
12535,1TNR7z73KetwM534EiDCoy
12536,52s1aH1NKLwBMaE5VvPMvx
12537,45V2dsDqB9dM4V0UToSLXX
12538,4nKyVhU0VT8pmbnaKQzNOb
12539,5w7NFMXBG4L1x6TTgkdut8
12540,3i1v0Zqn3WV74Jr4vaWimK
12541,12csllJkK1LVf7IMViJ4EE
12542,4ipDJvu4NoOYwmkZJJeZv2
12543,3c5E4jsPyxiHzC2aYNzB61
12544,2ak8XZOZqVzKoONQobjhCx
12545,4W55moGeg2PxkiNVMQ6b7r
12546,67Pi95bSsTt5I42mtTzSau
12547,1VN2HXzMzDq91uYPHzHXEE
12548,3AMonhWRoT7AQlXTDM1WsP
12549,4Wc5fWq0E61BitKrydW0ZQ
12550,6VpcQPm6HqY89MNvuKkGuo
12551,3lctj0WKRtLAtWe9w9kjwY
12552,4cTtrlihM7JwePn6zY9nVR
12553,2LZyW1oJD7fCm6GHXj4Dfw
12554,2wfVAdfqlAzw23ttOmRhEs
12555,66lOpKgTyFjOrac4S1s94g
12556,0E3eaSROGDYvPx2sE6mRnT
12557,18YAkQWHm5WVNPZVmw6UgM
12558,5cl4YBVJe050O53Bltj4ka
12559,6VCj1ehtOIqOX9aTQlrD1O
12560,6s7uQdiGThR4enkj3UHuWs
12561,1MRRGSUSvKynEVCAeHBcVC
12562,69KNmm40pzA9zeqjM2am81
12563,1PjsW2KUvq8M7IWfQr6Zqw
12564,349zbvHoAyU0odP7ZgJel9
12565,11xOwUHV7P1q7UpEQuMIrx
12566,6dNSYDQ4YMSHB1LB6oOm6z
12567,2wDuq7nBkGJjO4ykq3aJ4D
12568,7JS6rujjHJvLK16RLvIANL
12569,5F5UNt3WBzmUJ3irvfAi8w
12570,3Et0YhhmGAMx93AaTD5wqK
12571,6uRA6FS7qpncy2lV3urJCi
12572,37eDcMjzlOs5V51nMTV48c
12573,5NHZFD1TXeBwAFV3EzRKjT
12574,4GHjPdVEmZHfVkHdBPKtFD
12575,6s5dMouNAv9YgtZTR8dvfl
12576,2kr4RE8xYOXX0z0LeE9oO8
12577,75FEaRjZTKLhTrFGsfMUXR
12578,1IzGdhQ17U0r7ufI4qBv7d
12579,50Jmvm4XqCIVXNEuRISm4I
12580,3uXvKaVNrRc8k9uaeaZFD3
12581,5GC1gqgQRbuxgWSM5Y93Mp
12582,6Q41RtxSSq9gTaDPbTTkW7
12583,23ijbpmuTVn6xfJoLx09Gs
12584,5JKU2tXiG3yvJtefNwe7ZQ
12585,7lZagRCKskAjzZ40Kdx4bB
12586,4CwZKHQK3tYYokfGf6iRhu
12587,4TaNQfM5ejOXntzRGvbcAF
12588,38sfnthG3jwCIt6EAdibb2
12589,3bbXKqZi0cqLaI6yqG4iFO
12590,4pand7Uwg8fDQBhuDztKJt
12591,5bkwDxWUC8vv4EHnEaAzlr
12592,3eEIsQIG6GxXgA1oC3jmB8
12593,6waS97d1u64uuKTKlCQZUh
12594,5Khv4AxG0OAmFNmqKyGe6V
12595,3pjZ87I5xzqYYrtSzU2Kpi
12596,1T6puwWjAE4CYhGeYO4Jdg
12597,4JHAVy5j63j9V508q1okkD
12598,7iTDb6RLwhmaUUdb83vf2u
12599,26jYPsHHSOxCTz4cLt6SbQ
12600,1oRpKSMCFZq2MVVJF9RjB1
12601,13vSdYvizGkdB6mvLeAmxs
12602,3la3KCkkopbIvDHw2P5jw2
12603,7GEQic2y8KjVONDyRvZgCK
12604,5svfVoG5bHfrwLKXkvveA1
12605,0xgnC4vjE2OwjWahliyIed
12606,0goaHj4Y7b2j0mPXOc5vZS
12607,6IyB0JY0GCoLISQ3Lhw7lm
12608,3EaTQHRXk6VfwNZFm5jLh5
12609,6HyAhZ4FbkLr1b05hbLvxC
12610,43b0lDxUoOWdsMWrdfT6hY
12611,5T2QE22XKxvMyQb5Xmr70z
12612,5VrsfCMSf81KkbhI67TrPG
12613,2MPGhx7H9uE54UEmJEffh5
12614,7p2aGxnxFYf6VLQPEYirPO
12615,2IZRY8Oi3EdglbBC74YELk
12616,0OfZ9imMwFU03zc2wl8pBt
12617,6PaeNnS4tIz8pBZRc57PAa
12618,1Z1pFCLtQof3Qlq1ApMAQc
12619,3v7a4shkrPXKXtkOLpC6SZ
12620,6J28kzKb2xeegZjYGfoNTF
12621,4Ja26IiQCrtDm7YPN7wIdv
12622,5ZkuuJd13nWLjRvBLzsbN0
12623,7Bb8qmumwlC2nTOp09ciH6
12624,3irtkcH5PwEc65Y8YQRu0m
12625,4zxd8k2Uyk5vCf3KL5MrKB
12626,36vpCPOA27uvYE8mpXhyOh
12627,2NCh17WuBtQ80KgHpwLM1v
12628,1fQeGoPKxnT2dLbEjs6jsm
12629,4EdWRX8FqRglRKaT5CafOD
12630,2hgFU1JjDJ9x7qeB83kh2Q
12631,1C9XcDxZis4p0Pwq9Fhjes
12632,78BGnnmGbxSAx5sc85X4Hd
12633,5J8Ky3NNT98Z8Mp1YQTDCZ
12634,5VFReq2Sh6BSe34hOSdRKM
12635,36P9S31Td4pdmDd95c9OGe
12636,1vzsKKEIxTzgKMQyPSm8ny
12637,6MuRcUgJPd6pGrTmahgu5F
12638,1Fa9InuzDExjjifryJMDdV
12639,1mZbP5dp7CAU2qZI2I6OiV
12640,4n4nRx644JscKqBwZoEMKg
12641,738Sszpti4UAL4lFRyMIYK
12642,1VIXsoFN88T0R3L53LwmCd
12643,3tSY9BL2b1qWxvBna03hJa
12644,0fGE7W8RKVNRbGaK3KbGUR
12645,3ebyOfx7wGwIAUFkHNq0lK
12646,4N54FUNMh4t4K82Zlsbjyy
12647,0as1PBBwcmJ3xwBN42GmzN
12648,3OCS075lQnGG3gOUI0bava
12649,29bJ99fMwGBDgU40Wj0ghS
12650,3IR2Jy5qe9FEJghNAciX3b
12651,16MsrKdExOCxqoS0YGujYS
12652,00mbmJE8YJAvT0frMsw0il
12653,1BWrcC45IQDeOAMlnwx205
12654,6jesDOS7zzrMisNJ5rikHB
12655,0xHTTy2xujEwvjT3fqHN5t
12656,4DITCveZNfkFjjdegIceez
12657,40WVjx6iopjm9jbRLgWUno
12658,6zSDmm5G6ABqx0lj8EhKgS
12659,0DT9wayCUQlDmpnNHClT4v
12660,7MmzABWWlLWtMAnZ8gYPJ5
12661,39YZKif6vNFQkBqYIfZs8z
12662,5uPjLPvofaEYditIE1mjzz
12663,22yk17jzpiaWLvCQxA3U0A
12664,55wIz5RFfK8632uxANIpXh
12665,0KJzgmhrYnlq2TP08lGt0t
12666,3VGA6JpyTEqrE0aKsouToJ
12667,2b6X2Miiq58bSMri9RCKOy
12668,4cmC2SW1RVZusILirCrsCs
12669,2yMI4D5etOI8sE56QlvtFH
12670,7o3sxkom9x3OiMYBAGw2qy
12671,7AIcoEEaAvlpOoC1kWqeRe
12672,7oH0HvvIQoIr2XAZW9dcUC
12673,75gNDeRLZ4CxCYw2Ej0lBt
12674,3U3uvOHNxa3ODEiD9H6oVr
12675,3YtCfsmnV5S9INC3eyIrrV
12676,1vcHLDfAfuBq4JuIgEkw5I
12677,5I9tExaYQh1bKFVJPjsBYc
12678,1867uVilUQ4bXOCMpxY1Pa
12679,1VV7RClgYhcvVJwi0isTaM
12680,063Y8J2Wqb6vkF1nI96ipT
12681,03oZAm7MpzVWk1d4iW32SQ
12682,0Lh4L3z0aDMhpb4dKjJ6S6
12683,1oKTGBOrwghOxDa58Y13fc
12684,5niASlNHV0cSrt1i2QYxeR
12685,4VBJu0bNWqh3cNfatFB41m
12686,2iECSIEzzDzTVnPXaENyQd
12687,7dm0idp224c6H1fYa19vBk
12688,4CZ0nzD7AsWeSEElxKodqq
12689,662ex9GZMAMhDiRKI1J8m8
12690,5WFKDbE3VbZvbt56ECPOHo
12691,5lx6S90GS3ET8ckN5DnHqD
12692,2KPdVqnKIuhhpeV7Ks0X02
12693,6Wo4kJNVVkjWVF4PNeWVnw
12694,0lxZ50LDsOdGeeG1hOVaWb
12695,70CNLesXdTClyzVQ4Tp5Mz
12696,0TkkN3pMC8gBNhCFIbSqqt
12697,0yFtmfLg3LDyNPoJ5qgxTL
12698,6KrOYxIoBwgAqMhfLK53r4
12699,4NJwVcD4KCCKlNEUBI9AY2
12700,4EMEsA8vMFosCC0SwDhVnv
12701,3cpOL3DheBCbCvw86Yzlyq
12702,2jEfDKajjOvuiSZdDyGPza
12703,7fDKNpxKgp9KsDoDFCN08w
12704,2byDrh2WiyYaThzh73Eyma
12705,2eYJSfG4XE5M1PbcecUiMd
12706,0K7FOB1sgaKj4KdUWFiR8J
12707,1oLrYbkGwin2z1DdqLOmFs
12708,6mUImj0ZMVVSfpHmNrIP3H
12709,1Hdp0TaqXPvC4IZfxUt0vS
12710,2UIKv6IuZv8Mw6CmQhMqmM
12711,7lG45eoR5vpSw7dLai0zp0
12712,4OxEMtuNvUG3bRp5mxfmjN
12713,4KSosPuoQulLzERX4WLtZH
12714,4v6bqnrGLPDFT3zK4dly8k
12715,2d9UdLMMe80RNfuQcGmuIe
12716,2KxV35peR3mW0uG75u4GQX
12717,4RuptL6jTaJatOIJGZ02Yz
12718,1wQDdCFGWzljnTvKdhoNpA
12719,4PC3psTOhqCsnu0ev12bBs
12720,2SDlv59L8cpC6fAsuCvuxd
12721,4ZJGobiy4ayWSdKfoqMRlX
12722,3ExgcOHE4UZc6hWBdojdwo
12723,5rFnzZlxbvAGokiyT9iFyv
12724,4RkKf3UBRxF2kn2Vh0ww8l
12725,0psPuObi7UupQnXjaex39e
12726,2SthcQCKCd2DXiPIcqYPAm
12727,0GH3C3g1tNoSGj26aBfPe8
12728,2PWVFb7XA5NUb0a9dxcmpJ
12729,5gqmF47Ods2BuUsFtkiVzQ
12730,0qJ6v4yOiTjqVxETVY9ChH
12731,1U6hcON934PqSRdb56FdIc
12732,2w8TA9hfNkJLUqsTJdkLh8
12733,79QmhZ2UXskIpnhRWYd9sC
12734,4E7Svy9uFG3Triku096CYA
12735,3zmC3Ag2y4JPvlqoJTKJjR
12736,7CF0XiFbidfl7CtwW3Ok9u
12737,4DVJihYdo82KuP0v0nldur
12738,56KzvnneVKS0nFE0E3NLPS
12739,4gSFMbb5xSKaSh8msgk9xA
12740,6gPIzzQxFn49zaBWpjGGtF
12741,4dCa3tf7dhIuFw8JokedvG
12742,5WRcNtOYexCHEujoNmISQY
12743,2lnsXLdolOmxcAul5BZR56
12744,6hqPV9rru1nxKiUAwqpyv9
12745,7qA7pQtrpsnmQb72bs6f9h
12746,2FUMVnFuKYJqW2s3G7Rv1U
12747,3CbLZHjSjgLvIOxOV0tVzG
12748,5cU34j24r2zBhOvfiBIWkF
12749,3tKy3MF9YBLMktscYU1VJ8
12750,1pIL1s0qf7o4eAi1EkBJqX
12751,46F9derCHsRKmmXAI7QyO7
12752,13xi2EZp4QSiSTbfMWO7PB
12753,3cq68tjGY3d62iBf0EDdXm
12754,6MTQMTIzWblya6xrWauJvW
12755,4OSbirhI8mgnVu9T3rK3DS
12756,0XGs745lpdUzY8nhlSdLx4
12757,3DnIXyvZhuVjXVqnuHL7uo
12758,3n72DMOiXuaVSJ5VabYJ90
12759,1Sr4V3748CvXKn59mBsQH6
12760,7y4IlZLZUVJGeel3IFmAaZ
12761,05d90KDSSlsK7I0ihRJRv1
12762,4sLtUFBxlHyM4EbqkkwqK0
12763,1jUssQhXwcEICIab9uTrJl
12764,7lDf612xoz1e48gD619dXV
12765,22folQ3QnjKJJbLio4clzr
12766,054vNX7bwKQHmp9q01J4IT
12767,42Lw8COchkm9bkyexznZgB
12768,2EPv1O3UE341bTdpP7bgfx
12769,1hW8Fi1uT3QIHNCkuVtKrB
12770,44pqLOyTTqS2wIy8TJefQd
12771,6KUOWz7XAG81JuXlDVhqwo
12772,3LlzNkMwDLEi5UVLKupean
12773,1XrzIh1GJ5SY0YyktmfO8e
12774,4YfNmQKnrX5DrlAxSAnMoA
12775,4P3szOfvcaRQcERvg7e8CD
12776,41BJ66ENW3JY7kgstL0bA4
12777,6tcnXBr0wR5boFc4bgcETg
12778,1WHebumfhOkTWhOiQVgRhL
12779,6bUcsM3dgNMCS87HjJwOJ4
12780,05v48clDx0zXqy4TCV4RGK
12781,5qA5DAR5xTjQUGrl0eBbmR
12782,0XRskfKTngmrQju1PpxBhO
12783,3EQhHCNybvCtgrh6Nsm6vO
12784,6QHbzcF4TQV3BzPbzwdsox
12785,0LkqgcXaKf4fJKnDhg4jkk
12786,48tEM9WEfFg07EjWqfiUs6
12787,3oJNEPKcPclSxM5uJaiOw3
12788,2Hcf7xwwgwqgCrgxI5oRC3
12789,2xN3dYNLsVRMkG7cwRLf5T
12790,4B5qK8A73IQb3Vm4fPUhVa
12791,1YrHFUaxjzr4dM2RaHuMcn
12792,5rkrZvQzWUeagqnjm67RYK
12793,0dI6KUZX5y79Mk6j6Y6IgL
12794,2JfZfcE0rHEOpYJWgs7ANt
12795,2BvTx5sLpQqCZQIz15KeGI
12796,3oVRuQY34aspcdgEWbL0lD
12797,7wrx9ORNdhaFu5VDdUnKKS
12798,6Lcj3BAWw0QLg7Mp2pSmBW
12799,7nLK5rjEy6LPZNPG1BXxu7
12800,3lmtjSu29vP65MkMpAvNvO
12801,0Jn4IO19QCHrp4S968Mu8A
12802,0CVzTa8CIaxx0COcxHcftI
12803,6OaM8v8ngcBrGoiTN1L6ND
12804,2uyu6HdoukCgWUaysT4KfX
12805,0vSNrXPYNh0o7HdSLgsdIY
12806,1UMXtudajhlocMzXVSngDU
12807,3ObNGJI7f3uofM9PY60cFW
12808,6Txcq8Ac4Vxm7cwUoRA0ji
12809,266LZojrcXud8NSbaikAs2
12810,1NmUM1cIycWhgSz1qKmCXh
12811,25kNo7PaYBxmo2VIOjawa1
12812,1zgV5ZYh7uYJXbK7yjuyj8
12813,3fXJBL1zWdJ6GZZZHA1PUO
12814,3xeSiTRAwXPw19Xzzdrt39
12815,12W7tigCT0aiNq19sjXZls
12816,4E1WAWBNDSCc1p5jVnlD3F
12817,62Ovt2av0MlBvorjVeINQP
12818,1ZExQvueLjK4qnn853TE51
12819,4MtMncQPxq1etpeygqc999
12820,3s2MZsEfiMe7ZjiRtun6wv
12821,4afrupsvFvnWd0qud2HgSU
12822,1S2dKKWJWZOZZVOFJ8ujMa
12823,0lMCIdh4wma5ZZn3Glsij8
12824,7nR3F88V0jXShTGTDNzA7r
12825,2g8ipTU2VIhBRjsAYq6mOJ
12826,67ZsyNDiL4DPjgBIYsSsDY
12827,1ukpJUdVYgdIMr0CUX9rmb
12828,62QmfyufwOh1V0qg1aO4eq
12829,5dtWFe1eigGwCKFth8h3k7
12830,2E7jwgzjGNdKLH4G1JlwLj
12831,6rFzkNCMCPUGxcMb7aLgrI
12832,4ABv5aqi18OC6MhLsT2Wjw
12833,09gIyndnKjoUBE3UsM0YpW
12834,2uqTrjz6vS12ewozHuBwkr
12835,0QpSKziI8dgCfyjXRjBes9
12836,3joRgUPD5fNAZMrtRBnCVc
12837,46pEp4vrZRuiA2ivZHPsD3
12838,79UuyHOoTgTwJguP9LjLwv
12839,5HXYTN4DAUaj81bHKT0Eds
12840,7t4b0pfU8aS3PWNvRZ3z9W
12841,43PuMrRfbyyuz4QpZ3oAwN
12842,7K3mac0IqCjLGmbZ47jOf9
12843,7BOXifqQZElJYg0I0mRq8z
12844,6FtJcnP7JpSMgPsrLOVvHL
12845,2otrJhXFQvsyAUKEe1b9NW
12846,0nnJtGvNxozG5qXXyt11Gy
12847,6G2OivIRvhsZSHSLZdHDvp
12848,7JfhIA6W2PhUY5LVYnTg7c
12849,4BokBfizR66UJyJYEFgW8M
12850,69K0ji8zmdtWZFBxcUsYJQ
12851,1Xtf2uM1FApgQBx4XnIrrN
12852,7vGRXiYWFk6NjUnsNjQJQd
12853,2ckZ1gY7vhaEsLjRMZ4sp7
12854,0OM3ms37Apoh9xg0ot8r7i
12855,5063ZZ3oqOj6RMLRU7GscE
12856,3DMRKsET2rdKNYqyj9z56Q
12857,4vuQtjTfG1IthmXXcv3TSD
12858,00FjPtTqy9JtPsjwVJMRxw
12859,2EGSnYFe8mInDqshs2SYfL
12860,5ffsmOjdQ2R3Te0Sy4kVWw
12861,7ndJ5V0DrQ0TtqwLRXGyrL
12862,7x8ypRxIiIQikQd9pCf8xK
12863,2VG0jCvhVybgpvwmM0BiC5
12864,5kVCQPVz71STlvOGUKwUr4
12865,6JiZ7bspHVOIeq3wTkubW3
12866,4aaA9uw0GaMyWu66BKsRko
12867,6fNmml1yCijiaiOqQPVA8t
12868,78GQP9XBSqpEDlMoPAbUAJ
12869,3Ef2Sr4U0oehtcozO23yUN
12870,5V36va9xC5svGMGrjBra1E
12871,7egQm3o9Qem3FhzUNi66rI
12872,7KAB0EGyMaghaHKYCHFsPB
12873,0GUWPfLjDo6dRQLej2RDf2
12874,02qs3m2IcCctRCnGDgjOba
12875,4bOBnPlZeK0QdTrMabuftE
12876,0BjZiWY9glFRhQOHj54UhL
12877,2OPWqUGiR1yNpE8RzNs2n0
12878,2XGLCTNyjtNQTRi4bVRBsx
12879,6LyIkC7afYog6XTOAdggt5
12880,3ioOp4LA6Ub84JFDvGviK4
12881,4wa7EsaCIc31OoedVvkVz6
12882,4A8c8omWKVhwXGaf77GH7C
12883,75HNAIaFJmDUUU6LiNSvnh
12884,1WHyYU5kFPKZMq0FTmpkkv
12885,1P8tvEURya9ku1gbd4dWUP
12886,2zDqQzRVwQOGDJQyvmCkNB
12887,7pDwOO7NSxgKbS2FpqDDea
12888,3lyXtDiyrEuQopM5sT6KT0
12889,3c8d07FsROjnUi7vMvuVxz
12890,7wEQ3n9iYgXkw0ega75EFV
12891,4xgS0x9PGNy3s68p8OvUux
12892,2ESQbjaL6AMvf6S1eR9S9c
12893,64IPfZmWdZyvAIv3sLz1EW
12894,299Nx9X3N3cWuUHKdDlZQs
12895,5uXZM8ODRSYlOXtEXov8lY
12896,5zokCGA9XxDurIyY9eeuuL
12897,1gdjti71zfhyuiE9cXLR8s
12898,7mriooO03eRd9o1c8XVJT0
12899,3FRm1SzjvUio1S7zlEzZqj
12900,78Jfo6bwniYIx1XnK6rWcb
12901,0akVq2pSJy964FEWH0TlEg
12902,1EhfSnx849Ws4RHL4Jo5RV
12903,0eEqRJilLslWlqX8CWvGxb
12904,3PQLYVskjUeRmRIfECsL0X
12905,4im8Bzl8J34K02X5eePGcj
12906,7AefQViXK5HwuB4y7YeKl2
12907,3Y6CWrNdkuaJ5iW2Y829fU
12908,0zPsKM5UGm8KZRguJxMtf4
12909,7yqb8FTI8xEA0jGXbIuCNu
12910,3WpBmotQlIHmuDh6b2RZjk
12911,0bQfDEGIkkjrrbGkK4JLmF
12912,1AseyVHS6PKNouEmRiWUWj
12913,0Xfv8wCoijshNA38cvrV3S
12914,4lnnde7PnrXR3pUzQKBe6X
12915,4KuP1c4jCYzTH6RbjTCcbl
12916,2DQgI57zg870XfP4EBuOzF
12917,3Jml98IBb2iTLjItJ11gRd
12918,5IhygAVaO4qWdLNG4gxD6a
12919,0b6Mf2WPDcXRtVY4DCTJZX
12920,0GR7iJLhj80KD5LkA14ZRn
12921,3y0shsVM6HjoouBddaMPSB
12922,4RCCUefUboEeHqZiYQEAvI
12923,5uYRdRE41F9sLH8sY8wblx
12924,3AMTGul9vVdb08KK6LyhLr
12925,5XG8GldBPcYgpLALMmajeU
12926,2rJmq46NdSpjNuQs0a9jxG
12927,1u4UacqSCcXsbS3m8Jtjjq
12928,16LNYr9OUcYzhMXiT1CPiC
12929,2uWFxXRp1wyi7qHReyvCvd
12930,6sFh7nERcmeMZB3rzZFcK3
12931,04XqfUEai9oYI7QX4Ov6YC
12932,6TrzUbx8OXvnONg8XrTpkT
12933,4p2hMNZn99j1awX7EsxO8u
12934,4lgAvtvINOuhD6jhaJej4W
12935,2v2bBMVF4MopWAiLCCbHBB
12936,6JNGqYEXmZqMiyEIFQpABj
12937,0GnTYSGYv3FqE54Z0hAdhf
12938,3G4vBlFykFAFMgU1dTjKMX
12939,7x8USmXUMq3huXVuj73hdm
12940,5PcppqVMiKFg4ODWBm1zzY
12941,5wVnuvqO9WnyssSsGUcLSx
12942,2mkhpYJKRCGqFZtzMlCXvI
12943,6lOxZdgG9Dw9636kHSwuir
12944,2k99DUrfn4pQ3FYC8DKVoj
12945,0aF2UqhX9K3WKJ7gXmowSZ
12946,5bB01FVKo2POVwyhyw9ivq
12947,11Ac9gBT6zoqavSVdI7unQ
12948,75HBVc7kJLjC2LlPc4ScfH
12949,1v7XvTpU0F8M7cHYAav85O
12950,2xQO8PyycrkcpkqcV5iwz7
12951,5rK0pyEObO4DBFLy682QvR
12952,6shXlYq10pwLlj5UMFUCTH
12953,3dhESdAWCg5FCK0Yu8uyXP
12954,3y453tuKxOyf96VLVb1ImQ
12955,6d2jtRPqQENtOj8JwfDpVj
12956,6kAEgs7zE9WH6c4Nmr8sPt
12957,4vqXHRX3b8o5SyMk71HPYt
12958,2Y34BGd4MdPVzaEk0tbqQj
12959,1uvZBp7ws9LB3WuGBL6Ieh
12960,1b9936euNCFhAo054D4Vvd
12961,3iSgrKma1x5hoMrY3HL4bY
12962,6NDca8fj6JYLMZoYCCgnq8
12963,3m0uyAlIsKzhLTN5O5WMET
12964,5ifhxJ4JEtxmq5mj4rUE9G
12965,4GZJq8v2wq80KZRPKTLJUo
12966,4q6YgjpDpAk7vtqiSl7XwZ
12967,6HicBL9RxtWwNK7sS2AHHU
12968,6P61evfC1XgwMm0kZZWvKi
12969,6ATBpgW1p58ICuA6gavVU9
12970,5T6DM9qjjngWnukcw0svkX
12971,1ZKbrv5Eajj6DUPR6lElDh
12972,33pysi49SkcI7JiHkXQBr8
12973,70zGLutVOJoQDkNzwpwG7c
12974,1arjEw7mUimmT0iOxcFDAq
12975,6NEknJLJ615jNnWgLI1Ev2
12976,7944CsZ51fgRo9frDbCKlE
12977,48emF8Tq5PYlChp9ImqZ1o
12978,6sTt3AODMAoDC5ggJohRj3
12979,4Ed7q1R64yMW1ZGf0hNPHt
12980,4OyRLM9RuqoGebcW0WDZkk
12981,0AN6mh9gZ3OD6UhryCxhQ0
12982,07kKh3Q9qVQgdabR9abtWM
12983,6dpfiGv2Vd8tJIQTSkdlnE
12984,3oiwQKGWKirH1H5qbTsYpG
12985,4trOJ3Js1Pi68afp3Uj5Bm
12986,2vo9SW36Hhtj9Qn9ylR9FL
12987,6O2EcLbKRQQj8iZAJNU28U
12988,7zjfRgoJpaGbWNoJkITe4g
12989,5G01t1U46dv9Ue7mhMt7vS
12990,2c87BSnaa1vcNgV8qjf7Z2
12991,3pvEuAmTgXRiIH3Mq4xeCu
12992,6IwUSlJJI9IPwiPvVcc7sZ
12993,28kRCFDFIwmUA3ZXj4psZ9
12994,2Y6IAvrK1lGHiAfD6GS2au
12995,524HzbTbD6k3uG3FF7itXa
12996,3J5VQnDuwdVqiswaUDRd9y
12997,0za9rikERG07WKekHzqcuf
12998,0TZyv56gk31AwlcmiLvK3K
12999,7ddporUWQGLIoGb5tW28Bi
13000,6oAC6jjtklofa5Du1dhetx
13001,3Wg1AyCLv5Nxwx701K8m5h
13002,600tA1gbf9oKO29goLQbfe
13003,4MLjyCt8TJqcsmH4oBpkg9
13004,0IdjAyBk5vm4GUnqtthvnM
13005,4BT0ltNgL8JljaedanwyVT
13006,4X6Sr4JobgHV7xxMZsXWVN
13007,26F7o7lq86OeoBfHZIcEJI
13008,7k02rmrzKpenqLH1u8ae7z
13009,71dKNIjiEUStvQLQghhAnz
13010,3MbmDUxmBjLU6ZHC4FFuWE
13011,13O2jSFRB1n8x3IJGTURu7
13012,2JvfydRp4zwDBjB7iAqCM4
13013,5hCrn9mce5ezuRaP6lMfDR
13014,2lHqrDE7OtFaxILNkKeYmm
13015,6z6i7ssJ5AIqSqhVcecJpa
13016,4VA2prpKDv7ywbnPFfPrWS
13017,0xRxexIQVRUnzHnmv3UaDo
13018,0k1oZ0tv03zloCB9EMi4b7
13019,4G55pTc04WhcDGh7VUCOkT
13020,44ZIKFdQNivuldITWWDsM5
13021,4N4lcyJb7enxrNdbNajFHv
13022,7j0ehF78ushPDMzi7x3ulR
13023,3mdctttk53j25QqmWct3vR
13024,0pEbRdkEMlRHkBldcWRYWX
13025,3E1AW2LtIIE7dgPk4BShTN
13026,1BBHGU0wpiAcTmRwiFijsA
13027,3AOcvuNATM2cnmsNf1q0T9
13028,7o7YhpkBH1aIXmdMo9utSN
13029,7JCBX2hcQ7f7WpjlG89xGh
13030,6A2tclDi7xkgRO4y59f65O
13031,4ZTyZFO4DaQsfkpW9xEX7j
13032,0g4sNy7ERrMIIj6MBWxByI
13033,0RHzTQTTZeRo2vJP2hYyzb
13034,5SgOFwlzue4P3s2dLj6BJE
13035,14GHZhvU6RkfhOI25ukP25
13036,6S2YyQWrTkJG88HJRtgbWu
13037,60AU6943h10TVKcXFSc51D
13038,1S5eC9PiwzHG6QkVeQYbWn
13039,36BpdNhpc6BuY53BopgMyu
13040,1sWFYW6aWKMiCDgdQk5WVg
13041,3lnavfgHUTrxdRqcPmhqUA
13042,6KC4FdF81HpdfUHkVU8ML7
13043,7kzisWHApQwwHcECVChwXz
13044,4PQEp2hEHKtXyl5b1zf0DW
13045,20cQKH3VNYMaeyJRlb6rJs
13046,7HYWI4ZHXW8YJVMQi0mrkr
13047,7BhRsjHN118WRjg4TLLxGl
13048,64PeBMiCCx2ktQxMvpAySj
13049,5Er2mp58SKLWfzFWy1WNgj
13050,1eqwuA8YXjbx4ZojW1iy7H
13051,0EKTuuDuN8bAIwqFB1bPYY
13052,6YoxdgDh8cusPIwxYAFgk4
13053,4v64PSm6i7mj8rqbihrKIy
13054,6UfWDkjAonHsGEwHKs33VW
13055,146EMCFFNM34n4qNOhArEk
13056,1zHKxnhM6LU2X2Tjo9zZ8u
13057,7IKhXLlhcnRvFA6zfS5amW
13058,3DiFfbdKM9cLSeRgpXin6b
13059,5VHfDMCTJay9yb6WTSegaz
13060,6o6OTQeKgHO7mrOpjHWNkR
13061,1Xmm3tubKm8YVePjgsOKEO
13062,4Gcff8064YUEXrLLBfugIi
13063,65Yw55J4ePeWU1mW7AmqJR
13064,1Xcz7zdMreiQvzlPzSVkb6
13065,6jkqPewFrZXhQCk8KYAgnG
13066,4W98NzID2YBQlxmbJ8lepm
13067,09eNXQhOsgAyVuOyDt57HS
13068,3nBzI7PjzcD0emsy8l6tfa
13069,6FlrUzRyotyrzyz3mNeUIq
13070,3hXa69QwJH06kOCa6Hx5eH
13071,4LcRY96OlLca0bcUZcTStU
13072,1sHywrGl1sHXdtqkZCt6rm
13073,7jpenS8YIrY1GizHZGy6FX
13074,2NZG481vNSuLTBbGl1SFKj
13075,62cNO3GInx6GBrHCE2JPFk
13076,26tr1kXQ8Nh22cI3veCZGp
13077,0DTpV2HP75LNhCEkvq1FhV
13078,1SLmCvl415HMHJXqFpUjQa
13079,6O2YQxvwNMxiN88K84HJpe
13080,6vDWwaRsui7EMGL3pHB3ri
13081,0Fyj9w0HVfjoxm9S8nGClt
13082,7jszRQdF8gDMAxn7f8ga4A
13083,5JO3SNGVf5PSKCvUqkbYGh
13084,6u3AUGtonazGHdkgkrMRap
13085,2LDCP8QWhIB42gRvSVgRxO
13086,3Adn6e5dkBCxcC3yrKaVAB
13087,1nPg0KtznnyyT8x3jYdWou
13088,70Dohn82wv6VtxGesqRzbZ
13089,38tKqQuqodiUYOsw6HWyeQ
13090,4W9Faoqs6TJM8jgZC1F1lf
13091,22qUyTlEvJf6DAlyQjMADe
13092,1e0lY9vlLsvpjNpj3NgFwQ
13093,0qavTy1Kbi8C5iF9JSbHCP
13094,2ltiZGNppI0D21Fbsl4NWH
13095,30velieLI9GgPhbYzLixTW
13096,65ZsQep2fUdi7QWGNHO61G
13097,4oeGQb7zAVNRkpjjoNHK5K
13098,6LlRf8p4tBFFWl2v57AVca
13099,5lb54B539C4KACYuQg0o8H
13100,73bVYFCVJN1YwCSyRjEslG
13101,1IOfQ5o6D3YCxCMLyxtijg
13102,3GeYOjhtXxsUXc2CIU159g
13103,75NPgaRFGvx1UFteD7yNZ6
13104,12c1PXyghlSuNVO9GZi0DH
13105,4T3yx8Ugtgim1zYwNbBpRE
13106,3jo1u5KsNTqW07fhlr1jCf
13107,2WB2A3IixsSLIu0x12YUbw
13108,0LQG8Wu3eLI009lgZDqNmh
13109,4a0JKgzwQbX2xzgUbn6Nsw
13110,1Sic4S5VMmHmFi8hWJsF2x
13111,380Xs0MFYoOSbtDzAKetsj
13112,21NA5Zggba7pyACm25h6k4
13113,2wFDLfhrB0TFWCxLj2CSoV
13114,03qfYG71sV5iSQZZnJziFj
13115,0MuXZVMXHl01DBU5DdO3EP
13116,2u4CquF6TlLbWNHyEGgUwG
13117,7BgqYCojlkvbxFrXrBnBD2
13118,0mDfOmQC3BhdTOwUoM3vXN
13119,5zSLzxMLVRUiGdSMq8o0Vg
13120,0RNxzuX4CXhvSM65Zc5SQA
13121,1A0V1lAReNu7HFdddGkwfV
13122,4vJA1dKEANqonKblxbC8MP
13123,5MN0A47UMueb5hKLCsdMMC
13124,0Uo2QPIAHoKsFJJKdsl5rM
13125,6vc7Cf4rmt3yprwsyzd9aH
13126,72E2dYdQnRydrbFmTjBlRO
13127,73czwil7VvuREeQv0Di9PR
13128,0LV0dHTjjvG9fJnPi64pN7
13129,6y0rqpdgSZrme1GanaoOhN
13130,7cm3KgPXyCroXJNFMY2GKa
13131,2D4pFg4Aa9JPBHYVsXXaWA
13132,3DdwoVHSzKIepAO17cyIRy
13133,6V3TbhYGe9C5wdHJBgJKvV
13134,6sA1rk1FILT7DhnrQcD5AA
13135,4h6ViaiRi5UBktjUnX1GNQ
13136,2YNKPqfJ7Cc9UmKAoRBZrE
13137,24dcomhmQlkLsCF4l74Kr6
13138,0IiZFIRXBWExVn51A6db6e
13139,0hYBKhln0aqDgRuzboUYcQ
13140,3D97kRhZprR6RumFhDFIr4
13141,3nQNjMksLBMiwoFntfr2qi
13142,4JoNAjt5eYaojTuR2dwSnr
13143,4gcOuCAOD95CHhGztt1sPQ
13144,211NL8R1Ly2KrUVgOH9UIW
13145,3suwwUL6QNxfafrD1Nl527
13146,5WgoifmYxh9G14g9MpjPy6
13147,31aVGAyU43vQYxYyCmfaQI
13148,2zrD5KBwFd7t1FYCjsO75z
13149,2SoTwwiJ899kmoeQBcoBw3
13150,65ZPfCqZVsOUFf5XWCp4dZ
13151,1o7HSkPDWX9vYfOUW2EdDG
13152,7MPSPxCd6aiGZwN0ro0ZSH
13153,0RakIEGIhUfLBhBffjT8K8
13154,1mURjUWWe3tYtxP3WwRyS5
13155,1Y8XeNdmHT1izTT87DblYr
13156,0N3HVwtg6stUY5hG2HyhBo
13157,5rkECmMbijvkAmISkT5kgh
13158,3mGuZTMF4nZLp2CLlrlk0H
13159,5eX6j2j6gfaXEryl54oIKZ
13160,5SjAbZzv9nfMw1RtohIF3m
13161,2tb5ja06o446SdxlSvJMhY
13162,0aIXTE8LOTPZZtx6woNmAn
13163,1HrMWH5GUdK6Yi94rbANJA
13164,6csSV99AXXjpOtppglIBUu
13165,2P3Y8cMcsqkPUMNvNXJmYW
13166,4mTfI8XzggAIzYZZjWSkU9
13167,0SGIYbMs5reNp8tGqMSNpF
13168,1bpsUo0Fm1h3X4pc6uUDmt
13169,223VJtlBkIoeIqVMQ8Dc47
13170,3RiByRpDeye5aGXCI7R1Mj
13171,2RSOzvKUnfDDrb2nQPfpQU
13172,6vxMUZgOHRUYqWtku3q3WA
13173,3kLPa1BSazHsA1hDeuRzaj
13174,7jopTWR5C5c85jiLuovV8B
13175,7MloasvJecWkyC6GZdqglI
13176,1TiYU1hgkAChn2DHWB9XlH
13177,6FVDwgqzZbeOu7N455ryjP
13178,7emn6lBK0ZCT6XvFlpggiw
13179,1cR9LGmGkWEMslj4gjJanZ
13180,0BytJBXThEyetB0bwH7Ihp
13181,4hevXteCdi3RF8TS1TMWA6
13182,79LZ0UxkHEwQvoNvHStJ7t
13183,1CmBxBl2PG57u2XFRCu3eU
13184,2oq2dbjW3sxOY0BscMWd7Q
13185,0Q9CYSAmDNwPnQGL7v37hn
13186,6JaTRZTtrrbM1pBrFPZ6Bn
13187,3kyYqVOmcByu8GanVkKfTu
13188,6a8LfgC5aAaHNhsQcGQY1r
13189,61mW5imPVWgjazt2Vr3Jz0
13190,3FJaFLkeEcfhxBfwQIQmki
13191,0RIU74alMJH0BFUgr6zrpv
13192,1FnxNtKli7rcB9IU4J8MEg
13193,4nGdBFtVLJJO9CDfTatrjh
13194,1MSOzVPO0Hx4aeuPqxgZUe
13195,0a0GZxlWnXKKXxWDcwUJ3Q
13196,0kKo8GJ3u6LXFGlSsrygLo
13197,02eF5vF3ASltFpWHDVWkdQ
13198,3z6RG2bHYo4Tc4rsoVAgi3
13199,7v4bWp8pRf3mSr9eDRE7Lc
13200,17DUiqx37Z6yAetBpr8z51
13201,4qOuHC4OwqeZmne2rcuNKA
13202,3XTvIyI19vMDJZue8sYsfo
13203,2tVrnNKDbJUQrWaPPxQ1Iz
13204,66zwB70pTK6JQXGZV65sV3
13205,0qfC7L4P2qSeK2up7EWRvc
13206,0BEq4bN6dTzCPuKklIMWAH
13207,3Apch1TLzwNZUV01N7qwK7
13208,72qPAcGzgLm1lL9cpz9Jwp
13209,2fM25B9w5VKWlgLfxWEtX8
13210,1BVC7R40WRm20Bmb08LBq8
13211,1mahlayrqHLLLO4dvBhF8T
13212,0599or3E6Ofm0sEp726baN
13213,1tO6ICjBEqRotYbhWJe1jx
13214,4FzfXQZA50bKu0hUoLmtyg
13215,72y5NnypFMDOYZelYTtnYq
13216,4VLoQSn62frAzW2gWs62D0
13217,5lWuHOVrlV0inadl4KYT6z
13218,2u7Ehb8tiK5tK9cnO7M0Uj
13219,5ssuMBqBwZbxN8BCIX5sLo
13220,4upb9RfRf0hfW1rTU8bozj
13221,0cdVIz92St5GKokGiO4BsL
13222,05ZHpvcS5LuRv04AqFjd2j
13223,6aA7NZBylYudCGZKYvZ7vk
13224,46kichCv5mPRocT4wuPgPA
13225,0Xc10VsL1RS4MoGqct0Zw9
13226,2l95ndMcfQ94gRmauda24O
13227,7ramS1jm9mbPyJH0K8SsRi
13228,4BByCzxIRRciYomMMIXLKR
13229,4IbOPxstIn2KbdlWf5xRZ0
13230,5hUokcRQ3vGQltkwz4STia
13231,326PYGxzqnsbSfd5CrQ8xp
13232,4se9Bxqp4RKYFcZW1QzYxz
13233,3UFAFyRvZ4gFORAoI1pFWQ
13234,5xi1w8Hs2Hjz6jaPvqK8wr
13235,1vAySlGLYmcPz1RzP2PiNi
13236,2yrOUeHM5IOi8DrzKpsM7j
13237,0OO6L0O3kKGtn6nmh8nX4i
13238,3paZJ9ZfDEQYp5d3SvBfdz
13239,7KzthBdCcHCeGSef8I4jDy
13240,2W3OYIS4RnkPun0cxJlwCS
13241,5mWJ0AA7YbqmeK9P47IydW
13242,64lsIF5pw0sJY0gV5kz0RN
13243,3knmHfk6r1v5cSjFPSMJ7k
13244,6QIUFVLz7vB4OItCIdfUZq
13245,5SPM0ziiwPGnMU83NB0OfK
13246,5FIXfd8t7LmKGXDZJay80X
13247,2E9z476kz9y32gf9YnkaGa
13248,6GB91cCi1sEd4fguawG1vb
13249,1oUAdxeXzLjXuBqm8GBq0K
13250,72hec819KEvj3h4T05sovc
13251,4ERltB8EVPQtjNxgX5YIUp
13252,5fxkDBok8zqrWS6ONFcsvr
13253,6YRefh755qjlBWmjuEZ4BO
13254,6jCvBgUfwTzpBIMLNKYiGC
13255,3WxlSEIjizkkTSPoccA5si
13256,1Yxqqz6fjs0bXc9vvvhHsO
13257,0FKICepT9gE0om6EJ2OHXx
13258,1dBAyvabnsaSIe5tTMiJA3
13259,4ZZ2pl1fsFsH3Qbvv1t0lp
13260,0i0dhabwdsPgmWDehvth1e
13261,1p26FGnkbEXKx7DGQIvX9R
13262,4GUb8gWQd5ikxscmTRLrBD
13263,3p9HltmtqXCvCSKKOKMZ29
13264,3URLdhLYPUDbxOIMq74YAP
13265,4sc4rfzRO1If4K7s7r6uKh
13266,5UwsrPIeyPQx5AZuXO119a
13267,5mXkGEtAPJ1QC5ebCDK8tN
13268,3DAykN7g3IMj9NB4pFOtOE
13269,5snFZw8fw9iv7MWF0Jwoyy
13270,3tddrFnxN5JFhKWcazVwcc
13271,1oSWFvTM2TuZYBU7EbQ02T
13272,6gQZKkphKIMxZgca5r7ImA
13273,7azOozeUjGM5QCWfy2ZvaY
13274,6e0XkKyNbPD8USqEQZd9fD
13275,2k04smaUFd7O1VzerdOxxS
13276,1x6OZzsub7Hutj7lXWlDA2
13277,3ntH2wtA9SZ90zgqEbkhl0
13278,32VEPnrW7HESOESawPsP6N
13279,5FHI1U5M8DGbZRpOgJ0mUQ
13280,07N3Zecc4vUmcWtCj2B4mj
13281,4f82WYUALAnn6l1ZymXEYQ
13282,4ydGUouwy9wok8beuib2L3
13283,55dcu9Iz7r58VEmTqk4LP4
13284,4zYdvcaguqCfG5IcRLpfd4
13285,7bIcXFx4NFwGvuq4pLNPMp
13286,2sF3agw65SSKTY9QLLIExj
13287,4hj7jCslc9kgnOhl9fqOsN
13288,1544QrkjsAElKOeYsu1ZZ4
13289,1N1dVl208WmkZJ1MtLkBc3
13290,6zeE5tKyr8Nu882DQhhSQI
13291,6vKavyAceYN4C9FFyogrPo
13292,7GHQoEQGQRbrowuiayJ3Mw
13293,3l9OCOG3Vt6c2lxeMyGSIY
13294,5JSNy5kkAxkOqa8RmKOJ1B
13295,71GvlH0VdeClloLIkHrAVu
13296,0yN4rXgnNBPZ2K5ZYwZJ3c
13297,7ruofEKVaso6sx84zIHGWD
13298,72hNRsk1d6yo98UTzZjZiT
13299,40UN0x1rVB3ss1ywjT9kJo
13300,1W3DDO8csBRUTdNITJgpag
13301,2vS8C0s4w5QnjoA1c03UpY
13302,083kCkDkihpBrsgQJOtBvD
13303,5WcD4OPDwCXWI1UZaIiOnb
13304,5vpYVynwQg7L7jgnvEp8xM
13305,2UBzXZQnxWpVkoOHrLFiTQ
13306,4ApWZYJLxkNBU3ZDnCDDYv
13307,3rHTinIT19spFKh9p0jg9J
13308,48h3M3My77K4UTrMEhq8DF
13309,6zRNgqPQcIsMMhtDa8Teqi
13310,02RUuV6AnXad77J8BsGi71
13311,0xwkqtNeCgEvRC1KbsEuJT
13312,5MLvun1QqrLQ1NgvUpNnf6
13313,1dct1JIxbMs08MrImLGuv1
13314,5YHvSbQ0jh7AhX8CFqmPdA
13315,2TlAY7FdXfr1MJyaB4ScVL
13316,1nHQ3BLjReUJWnCzy44RZn
13317,5lM9PzSxup2HvKhVHRcmmZ
13318,78bFlb89GoIBSpQyZAAo0X
13319,2XJJCJW0BYZylxgOZ5ppoW
13320,1p1RTdYH3lIWHtfLWESIXT
13321,3QPHCqpGQ1Tc7IHC4yzu2N
13322,4GDeXWiwokaUIvBR1xGMSf
13323,2tKSOEousfYFYCLJ2jfWgj
13324,7M439GhksUYrts5IEScnDq
13325,4KGeSK35AEwinM77n6h52q
13326,4gTyrZ0cv1J5YZgNQiNyN4
13327,1l8wVqvM3UWK3WRw0KUSZ7
13328,6XOoSKp5SMSYuXUWbpgYmW
13329,7j34BpGpQS4Ze26tATjyVT
13330,301TguHlUacuJnAhFSsyf5
13331,2ASRpUOn5JYc8QN0PpdpsA
13332,7CnOtdsHghoRY8f5bqUBaM
13333,4I7C3NgeWSLlwQNWCJKGKs
13334,79CwY1TyfitOsP7qpvxQmG
13335,26TygN75KlglscpSeAxdSu
13336,66Swq4EeQvCSVO4Xf1dWQY
13337,5dRs8hYCnueRLuKDRVbJ3M
13338,4FwOQZ6L39ZyHYwmPwlJZw
13339,0cjfLhk8WJ3etPTCseKXtk
13340,5wLsazML0ERTKMWQR4abNw
13341,5P3W9XWHaVNMDcTVi8kjrO
13342,3yz7UNhnF7jIwdWMFQoUNt
13343,4LsaPE3OsdTZyxyRiVW8oa
13344,75VXoB9NmuFbrNVuu5wzMb
13345,4pblstqAoT2zjdERJdECwl
13346,6KvpeKpUsUuXuRjSX8vPvU
13347,61VLCP0XqeHILHiMAABpiC
13348,1WuiomUK9re9weR8bNG9XB
13349,1nxXBSncoHcewRJ9nI8JcX
13350,19lw4C2aW6TYvxqRsek2Kd
13351,4sov9O7yC0WMdrh9Tj2Rfc
13352,3O5no1VSL5dozEjaBekYR6
13353,1AxHHfxORoUJjhnrW7nDSB
13354,29GOPqfHyNEjbDT51j9vgK
13355,3jUieZFrsNBDJlXlRs7ORn
13356,3JBatYR56CT1X5G5SHBKvI
13357,5VP1kE4iYjy8hEydcBLLhZ
13358,7bls6LyKcKHcv9nhRQgSWX
13359,1jNkiEHztoNZF3ZjvxO5cN
13360,3OoQtKMPwJKq36hXIxcjeN
13361,523bbCgX9H8FpDbtIWyJQ8
13362,0B44b8yVfr9aFjWuPeUyWb
13363,10qda4WmGI3tmQz7OaWhYz
13364,1Kn4Ztts4Wi3Hv5Ghnm0tf
13365,5xI6fXOhY6k2AY26qgdF8h
13366,6guE4WBgbMxgJ6w7aOdtkJ
13367,7iBSkXB0pTvZasOLf0Qxk9
13368,2pSyhOkUOTheJGO0YE7b8w
13369,7hEe8sLFdD3A94NhgzgCdK
13370,7CNkOdP6lVdwEG96WtxuFy
13371,4ZsT7tN4EClloBWW6aDhr7
13372,5CuZclBkbqHzKTmdusmdXi
13373,40aF8upN1GeHQCcNFlDT9J
13374,0PMAvWK6aTfnBIS4MkPtxM
13375,49SbSKO0Yw7zaBqoVL7B60
13376,474kBXzmZMWorcKMP66H1Z
13377,69SNw01e7QOpN2xyLlO1tS
13378,1ClSQv8f2tWh668YXGRS4c
13379,42YOaFF02s8AFSNGIlXZNt
13380,3Idgk0phpc2oewAJzKgoU4
13381,10WrTQMhZu2gocF8UB6obr
13382,08hn5vq1XnVmVQI4mfzsXa
13383,5quACTAutuHifLUMoWSkVV
13384,6vciQS3p6ha1dfGXSEO3dw
13385,57aWxSufrobfd4KzOKKVej
13386,0KSZ5WepaHLx36B00DBK9M
13387,71iUsqOV4X11tffEV0aw1c
13388,7x8UFbcVFoVxYJ8cLDZxoX
13389,2jXPNvICflA8xE1VU8IXol
13390,2rGWgajYHrwkiTjRahK8Hq
13391,2Z10DheUv1fDPuHoMrh40Q
13392,073V7jY2AD5JXEnej4JUd1
13393,4MEwYs2biRP85pOXBsS4Ek
13394,4M0aSJh5QW8IWNfgYSWYGG
13395,0haRWvHoJiLum4v7jQj3X3
13396,1omjyXPBhs4DSoLS1QNI5t
13397,5QEOjnRNxVATerDuHofS47
13398,56KPaXhRx8U6YB2stCJEgY
13399,75gTLBcI9nQeokyGfjLVBT
13400,0EMKvC3xGPr6LfTgcVYMvV
13401,4ZS3iyIIivTKsXE1H85LJ9
13402,0xvaYGJ6KPOO0HDW5zDs7p
13403,6epADtDc9xvrKwIzItK3Gu
13404,5pOZacT6dXZiCjv7fEwtUS
13405,449F3qSp4UL02ebVymJeCC
13406,4YlOq4SkgNgI3gbSsUTDRl
13407,1wTHQ8MIHL37HOFnIiVHnu
13408,2Yt5WnovoToTvmSzpr4lE7
13409,3DVBdPwr3DQyjCU4FtQFiu
13410,5HYzdUaiNUwzVQWAD8rCkP
13411,3fQ4EEgGF2YDeUIKLS5MVX
13412,25E8tdsKBXAjdVyLKTVxc0
13413,5n68p2dbjYnXNP9A2nLzbj
13414,3K8yw3FK4q0j05XabjP6mE
13415,4nKnHBrOZOqzvUdq34B5ik
13416,7AJVGoHZcyDmcTUswDNtYV
13417,1jrARDhheF2nrDEevG9rmo
13418,3OIoLMnnWzAUORFQxRAhdF
13419,1zwpqqoFzeNEDqMIEV7NsY
13420,4utAA8pCPswhDq50Y8tRk3
13421,71W4yIL2jmbMEjkcswwm2j
13422,1IFHF6yapx6DecPwWd152l
13423,1wAIneLceRmzoEVOWWccTn
13424,6OWsI6T1m3tZ77WcAyo9GT
13425,6RCrvuxqSHtsFwtPbUPh7H
13426,34JYx6hGMchK46AjF0Twjk
13427,08RnlIPCBqroAa9buvAXR8
13428,4dPKQxaraW6CG1rTBzV6DW
13429,1hKeods3YkLcWVYN2ZdJ4A
13430,1Ms9ItUHmqiIWAP8B5UAD1
13431,4GP6amsdJzlNW6VTlHNFRB
13432,2CatqCpXRX3MGdLNgHoFAM
13433,1c6Gl2V1HGYPprBmKJdiFj
13434,1hypKxsd3jDj2TzYFnwaXC
13435,7o4z7JIniHHLJfBks43c0t
13436,3HXozEdWTKEfRjVhM9KtZJ
13437,63OcSgNbHNSrcu76XxzQrP
13438,441TNI9Hkrj4SUf2FG2WnU
13439,0ezF0HaxaCWZP9vQFFc2Dp
13440,40PRp88YqFp5fM0MtG2j1N
13441,67icOKI4mrLduc9ddfmY51
13442,1jYdzK4bmYzXsexONnaWAg
13443,3zb5Mvpap6Q3qVh0VOuJSG
13444,1wotQ8cxTkOMqWjMIFINGw
13445,2qZkiGR2hiZfBGrCHA4R8L
13446,6x1xd3Oyih4ViRg4i6ucMv
13447,04UxhdQYMbNmrJ3Q7I9uFO
13448,4WzIqjFqf6OYacqI5CzIho
13449,7ARLgcWkYVvngfkKHxgXQq
13450,1S9fTGdXi9t3LW016dxPq4
13451,5Qe7NHxeLAn8KoLTNLSdwe
13452,2vzEaWwBEOSIBcJ5r7joEG
13453,30L03C5kzirLPuEVjcgBI5
13454,1d2iCuDhnqICEn41gnavAD
13455,1tV0tEU6dwYcZh4oLjwQP1
13456,5f5MPOb50IhblK9KXkReVR
13457,5hmsrslefR7SddzHTyHprN
13458,2XnqJxacjM6SzeP3u7huJb
13459,7sfMjwBcAatrNH46rn1YsK
13460,6DIOrw0E0x5QV5eCgwvHnW
13461,0EwG76uH4qUUtE6E3ECJi0
13462,4e7ZJpTkoGyfiYRLzG4YTo
13463,0bYpLmVqE9AOJ1vYI1WLvD
13464,77GXTALa7PIDZtK4K5TJBS
13465,1tV97r64oFGENQuiIjDZ9D
13466,2RxFajnzOlwpxnZwomBbXT
13467,7IUlkg8kVISVyQQT5gq9hi
13468,3GY1M064oAbRVFy71V1NGJ
13469,3Pqf09cdDlOYDNkrbw5l0p
13470,0RDopBjpVGJ12P10YJXmTI
13471,2QDnIFKbJZOK3LK2KqykM4
13472,5GAs1mmMCZKrGXxLuxOVUL
13473,38YbIjbIVA4ckBz7ZTFaWc
13474,5IjzN01H2pD3LYQizDH0nm
13475,7w7b852AqWquqcu2dmuggd
13476,0wPlpztw0y4pleJmzU1SAn
13477,4Dbn05LNVX5giGbgbz5fdQ
13478,1GfJ5DsNtqoAEqY8EC2NDe
13479,5jwIUayn1lV0T80JFu8fub
13480,6Bcz643FAOoB5UaRieol8g
13481,2QhASD9mynCHsUAxmvaTar
13482,5pyB5WEAEwqwl18UaBLeBl
13483,6lXB6I1lGq42AYESbAqEQN
13484,6GrzkfO4Z8CzztM7s8syGK
13485,0ncTdcRUBXyUWCb7NnpyXE
13486,5gBHGNs9PNc4IjwViSU2DD
13487,5Z6G0rNx8nRPZDBOUFTsZQ
13488,60sshec9trDsBem5kIII3t
13489,59vZ5k2gDSHLR8FpbW5W5S
13490,2CxjDTsUBmVlcMjjy2UETJ
13491,25o0BEkhqpoeX69jbG89Pm
13492,4XYMXZ5LUTFFyAe0j72jPC
13493,6XmQuWdDRF0E2QwDsrRbkb
13494,48VEgXAdN4elOQPF2jnFr9
13495,6dOjqWK48qsyRsJW4xu9jR
13496,2MRJ3Oqb5yAONPvQyoWnQ9
13497,5VbbOupeiajqie9NxNDvZq
13498,6Vo2quM01ugpTqBu3NK172
13499,7DXXu7OsYGe6Ulq2eoIYzC
13500,5d39vSLqjaaUn5JbjyP8W8
13501,5kXDcnLIrCnz5kWqSQm3Nr
13502,4besQL28M5FcWjF749V8Ec
13503,4XrsGQyNJv0ZbFAstDesg4
13504,40MXr7BMh3ShPf2b9giSRt
13505,34E0p7JHaTecFUYkbw2vwe
13506,5qiGN8rbz1N2bXIOdrtuvU
13507,33ChkGU26Kcs4M16oAJLTB
13508,5NPFbfu66b3BlhgfZGK9HJ
13509,1k9khuqqY0wHE5IYEyK791
13510,1PQNcWNJt5P9gSLRLA5gmT
13511,4rNdQGMQBQHlvoefT6m0eY
13512,4lJNen4SMTIJMahALc3DcB
13513,5NQTL3c6K0fE2rOm8y3tnb
13514,7mHqceMfzxqeccPxv0npti
13515,7J0iOGtU4ckQV3Z2yib1kP
13516,52lgiWReFfn4ObYsHY2cU3
13517,3EOEo2WQ4KP2OssHm9MpOF
13518,0R8GhDPaIRfj5R5VxQhFif
13519,1IUmUvoTqq8f4RZbh0KbRD
13520,4537kerrZrPCs8HeJ59BiJ
13521,2DCrTGzcLVV6Pvu8SRxYnk
13522,5FInsODXZ9CB9BObptBKu3
13523,0LQTgZ2LTEedfl62h0wUHC
13524,3LKTW9crxeuOvk9B2O0T8x
13525,5yEnOKSssO2hhQlCTsmEgN
13526,1ab0cPKrm1D1XZqb1MdZoJ
13527,3FG44adkUaqTJr8N8ObzxV
13528,6QXvkUNliSmYLnrDDmwUb6
13529,7Jc0l11j0Ehx6smWHqDXtX
13530,1D2j6pnnMigomGUx1qgukh
13531,58hx9oJ8YLWLx36Tq0AFFi
13532,3WYTWU1dV6dYQNMtMZ8y35
13533,2CEfmjocGG47Aq0uiTOqXg
13534,2RHSE4zoXUYrqPyQmxJXE9
13535,6hrJukQUI0zEfQLbt7HvE6
13536,711WwB2dUvqjhEvVtd5OG2
13537,13zAqs7mbeLby2047Zs0ZE
13538,5SEcSx7GCPT6G5AYZykRil
13539,1yxUJNAHqrEjAIpeXbOo8R
13540,7M8cEY6T0IRYZq0X8awrmu
13541,6QaBaLVO3BM5iFHixeMVma
13542,2x1fyBHOjgR3VK5eiQ7O45
13543,26yoPdmJ5K44quYeTzxcsT
13544,69gDIvOhphYUgHA4KCrC23
13545,1O9FvxRfkBxuhj1Se3Kj81
13546,1AXRDc1GhPfA7ga3IlolSd
13547,6Qu0dys3baTmoQ1NPRXEon
13548,1dI9YHeVIc93VpGDxh50Qk
13549,5u3WokNXe0Ro2nhnYRHyLL
13550,66P7oIZKagE9itjebEI3bo
13551,0wxPftoW9IIsOvDJ1uemyT
13552,775ta9nosnNeIR0ppeMbLh
13553,2UTO3vuKleiyHjOGX1dppL
13554,6VvBrkYuUO0nNY8DCKcyc3
13555,2zwEnPoFJdXWFE4MoHS9Oo
13556,2n4MUrGl7xXr4wEUFgCjRa
13557,1nzOHmHda8NbuwGJjFz5fP
13558,5IFS5ISgnw82MrRkeQjLR9
13559,5GMa0JFLKvcn1uK15ivctu
13560,3ZSU40Dx9UN1Lq1gFbjqQM
13561,2Ps61PJMUQYrUC40euVYyC
13562,2lzZTHdQ3idtISBoANNv8F
13563,5zcCgdokFjFgkYevItY45D
13564,1fntBdVHzpSqK0BXwBwDnf
13565,29KzsvzQFnaZ2qzH8E1vlk
13566,58gYdLrC79OwiwzxcqHXHX
13567,0f5leEKNHInbvCX5D09aZg
13568,3BzAPhDl7seFvC5qLVmiKc
13569,6xGTA1tF7GGy1QI19aWnQj
13570,55T7fJLMYLn8iccHywh8Bw
13571,07YMduHjYuMqfaBlkEJZnJ
13572,51J8DdxiuBikyP2Gd48jFl
13573,3GcZ6JWVoyqtTZS3BS47vI
13574,3djPwpsQAnp8B8gC81e7fk
13575,3BKLZpsKsymeFquQWUjhGx
13576,6XonN0G4N6wlwnw1evQKzO
13577,3vqELgIl8luh8eRzQ2ZfvT
13578,5JuUfYK01hpA8HCnFntSfF
13579,59ljpSFcgtfWJKS3vqG27R
13580,66DdedoSTjHktIgLgQkVD5
13581,3HB8n9H35W933eeecwVE0s
13582,3bUNyRrTFJDd4mqvUcb1Aa
13583,0UxxplxfzuAcXNaRrD77Jo
13584,7nsgswGHUGiBTGWL7gGudb
13585,5iKzBAmDz9qg77wuxHog9v
13586,3qY7EovHKUBiIlwEND6WnO
13587,2oGyNXMOJWAtPRT3kT1aHG
13588,69ib60nlP9kwRfuIhNqdOG
13589,6TgY7JwxdA5mokl3FnsqiH
13590,6CcI6N8defJXavNBWUbAro
13591,4ud6plmSIAvhnYsavDR01Z
13592,1pVbEGfj945M4TrRPWUPSm
13593,21Gknfh4TM3LDkYVYWkzTw
13594,2xpTV9wuVaVBgHEXd3A4Mu
13595,1xzhH5co9UEnwADrjPtyfz
13596,3TRNoCpF4VmgSS1PYMThRz
13597,4yahI7idOTEEtXb2UNgRT8
13598,6oGrYLOBdyattfBqyfVHkY
13599,706LIOTPrPaOQmLZgtm0AI
13600,5XHpQbLt4UyUjrp9KSsvzw
13601,3sRq4T7dp3WgOnBajGZrZI
13602,1EgIhSB69tlSgD9BVlcDJx
13603,5fcfRUBheqJ4l8JwzP15gP
13604,3PHAFA1bZC2QWMiRWLCOjs
13605,1Ll7wJ4of50Yv6UiYSu95T
13606,40k4qkBkme2adeOBxcm6Uy
13607,1B7qSNRqIzxtHToq6fG0dt
13608,06wxyCQFJOT0bjvSPMQj7x
13609,79M68NeOD1dxcT2MFnB8TS
13610,5DpdtkVQNN34g4tDsxyVkm
13611,3ceYEyDWAU10XMolE7bWYD
13612,1dCEC9GLflY8osboa1NBkx
13613,1vO1stLXVD37MybMxIn28C
13614,7hbhD2Z2vudmRAtWhsgu9H
13615,6wMfWlmuqLDSaoKq1ukhmz
13616,75KvHCISpG9V95JV6Lth0n
13617,2FdKnHP9Xc1yOQKgqnhIzA
13618,2QLjV3GqffEFcPZff26H2H
13619,0AE9y5ubUHuNnyjYkZTMHo
13620,6P1Ua3UlzvSOPljM9dFCln
13621,7eevs3p1r2gE7EMHQ6NHmz
13622,4qEmkMJIWXVx7OOWhBshun
13623,0nidu6qIs1DlnuYC4qyzvm
13624,11yOAaefuspH3H3W301bGn
13625,7uMlAgdCGMnxaRfRlZZWDs
13626,7nZ2Azcp1D7rscQjkEk4zB
13627,2U88JSkzyCcEG6CoaMV29E
13628,0orvuPBgUmcXcU3wlO1vul
13629,3fpyF0YqZfqj7H1VxRqbnU
13630,13g4H2ZzTptkb9Oo3lFunH
13631,6PxYRdOXXXh2KLIjSYNDbA
13632,3agI3P4n0V1iUugOizzJaK
13633,2NsQVeehDvIpi3B4p20YSV
13634,1T4iwEA2ySieXjWxjiMVWs
13635,49Nx0cY3kuKBc6S0LRlWnz
13636,0FdIqs7CwldRHLPlUSZnUL
13637,17LAsXPkBCeKWOEWBH4rWw
13638,6dWa4O4LW75j7vzTE4Yj5B
13639,7B4Z3yJZNpGn9FhoMODGKb
13640,0gB6zDtetpnGMnkqRqpJj5
13641,6pDqhuoqpWbhLbLz9keQZO
13642,52YeE54jcE2L3rcLsoiGbO
13643,0muKe5uk0XYXJDInP7A4Ht
13644,1La3oTBpUJztVxuwiPnjjj
13645,5uOJDJLhfB2tjFK6EDxQnh
13646,45Yr7rD2vH3OsTRseT6gfA
13647,5rsDeFvaScT7cPqbaD1Es1
13648,2eFTEkvuCiR0KsgUbo9WqM
13649,3pbGn31JbgpZrnWJyIZ1UR
13650,5x3JxdSjOiQI4jtD4K8iYs
13651,0xhrVgS6P9jXvi38FiTWFq
13652,5AlkAjPrywwUL4q88baKH2
13653,793P3Ppqidi3s61R2ku96f
13654,08335n0Ka2dEyBnoQ0HWAx
13655,2Ih2EJfJed1VXtuKusEnKy
13656,0sxEHZ8WEPPTWGFXYBdB3O
13657,4z7OCDAAIZxfzQ6qyUSx1O
13658,1MIoqrkFISWV3q3JvifC4S
13659,4Pc3d7cpt1y7hAgRinbNW2
13660,26Gs9idvTONuYPurG0j6mH
13661,1CjxcCkSsde1sZfskNUPCY
13662,4PlGhuF7jYBzMHxRTcySvi
13663,3Mc3tIfiPRbwK4DAZfMLLo
13664,1arOgG08irF6VR5ihHCtc5
13665,1e9TbBJuD8zVOgA9rq41cr
13666,6OmgGmYVAF1qj0rJj4MooU
13667,5taIL6mVAAjuN6tCSDIDqI
13668,32AAe71R4m5i2tJvrjmFeG
13669,45WGGcKqxGuBi9pR01q4PK
13670,13serEEVZ46F2ipeaqWvQu
13671,66oasWxKnlivJ4wrW0IW9c
13672,4iN4zGORmAD53BHA0zV8JW
13673,0h5xLGaP6Kk7ksI19sWTmP
13674,29s4u1adFGLWtGehbR5xkq
13675,23pGZ6n6Xd3yV7qK4xw7dx
13676,6uuAy2efzEwBmfTpDWttMy
13677,5ZgC7GLcowCaITCozVXVUs
13678,7KolrFGhfDi1JTSgQBT5sI
13679,7jcZV941htqmmRwlgq4JAD
13680,3m2DIHg2lID4xA2hnobWsT
13681,2TwCdRNRMddNbyPHui9V43
13682,1lvvMs2PJJFzTtx8cowu8x
13683,7uuA7EgyJGEC15vEkO8Nqt
13684,0rmOfPfGlchnJjBXstfnUE
13685,0zAH6kJGpqzrXFBuAsGav1
13686,6mMKny6cHM1RMZ3fnbzcwy
13687,7tIwTsNO6rqJXoWMFH63Bs
13688,1AkALjBX2ovrnlMbF5hWrl
13689,38nlqzi9ZMnBwoyQy2ZgfY
13690,24gpcyxzfyE8DI89FXFHLh
13691,4Ks7P4FZpBbwgrUUfnoU1d
13692,7ayNOJKOx7cyIrNPK3ZU5B
13693,39hPwPyP8GMOSnfS9tJ4qH
13694,0XAO3q17uUJozVhn0oz7IY
13695,3xFj1wu7XKEeBS9KVKcYGh
13696,5hTZpxXFD9dJ2JurniCmzL
13697,1LozDhF4EMrOSL2d9OnttX
13698,66YbSKWf4gNjbcoA9Ml221
13699,7oGN86j9FqUXYYxJoPccuB
13700,7C6hdDIz90Uf5YmdZnYbJJ
13701,1pnqTzIU6TUXroFLct8IHM
13702,5sxAHsSDyVGhn4RFKOEMm4
13703,1ZQytOrg4a5mzMSxfH7XaN
13704,1843HIW8PPWEI0SQtEt5Eh
13705,6wycnu8FWXsj68ig7BEot9
13706,6GA6zN8QpbCEXm6VL2l6MH
13707,138UqZcAzlZPhAqGEN7Mbi
13708,0De99H6O0aCS9EA9c3LS0Y
13709,71XAmXQ1HlKfzkMR52b4Hh
13710,5EXKwCLwLKKCIgheLmoTo5
13711,2ySub1nyF5OCV9O8GMe5la
13712,154rHCEahCbCIeCPc2VnI6
13713,5JrQ7DjGV9O6N1TcEDZnrS
13714,1TZkwj7X2i6rgkv1OtyFCg
13715,7tgAvQLrniU0FMdcsHrozG
13716,7EyToyiq1ZZjE89Xt3diRs
13717,7rfiY70iHJfHtPh8BqIQ8D
13718,2Y5dxLKoRXB4ad3z8lAG7E
13719,3MaWDxMptFZ90WE5HJqClx
13720,7tzvrBhpKC1hDt5EUCbVJr
13721,7pn4p0p4X9Vkf6wk0EUSxP
13722,6KSegOgwxMfEsqBiWoUvyA
13723,19cSxncwVhSY8opK3dNtnX
13724,5HIhTuaWfCUjSXPBJpanwX
13725,3AmUeD7773pd2l5JllEfty
13726,31SDI3t7B112VriaGvxBXK
13727,1iUlRTMGCysA8FpsFKcp9d
13728,29dljceloiAgAeARUwZ3QC
13729,6gJpXQyn2Wo0kdqF8SRob2
13730,4yN5ivyaie7YHvI7z9Tjz9
13731,26k0YpsBmbAtPnLPlICX2h
13732,3ULgOFPmvnEGERgspSckRc
13733,1dXj1qKilZJKrSNANhmLB3
13734,6EnEzdIiwEjHDzClcH6Tiv
13735,0MspJ3hgqjaxCYor1JNJJx
13736,6N6SRUcMd7XP6wREXZGoYd
13737,08u6N7chQMJ8JoTcPwr2pj
13738,60naVcieH6aDlaD2aMx1JX
13739,0DbOHUkxdm7xikCTbZGTQD
13740,1iWHabUgUuuKLBa0TzTHfk
13741,3BLN8ZYfHyHQOkBeY89eiy
13742,18PSIUxB7A9Bqx360x5fVl
13743,6tFeDvg5j8CiKCQdYUeVx2
13744,1XBkdyUwCvYgk9kTcB643a
13745,5fIJ2LAuI3SSc0jRcQqlZV
13746,4ImZYT2EsMgcracYQIQ5vH
13747,3bzE4k3mRgntRkWneF73jG
13748,54iGPSBnV7zspXXtfxdWaE
13749,4p3UUiNMsOwQSWX1tKYw5Z
13750,7EGx9DuWcP9vBbcFxv8Mpv
13751,2DY6Saf2cf3uuNfCk8pVtO
13752,1T4pcWTCLD3fydNzOKBcno
13753,6P9goRx5P3eFTeWfeZuj0D
13754,1Aj0yDGPjvtjPAsIlz8I91
13755,3IMxBkCxIa44z7qUTdZKWV
13756,3N8HVx24XcvHKRjXQOyVKU
13757,2TLDilmv1UmRTfyb7f2Hrx
13758,1RBBaVzJlWNskF9F39vJL4
13759,3eIf5Jj7LlnBipsHICqWgN
13760,1ybyQXajivw8oXaCB8Y7KQ
13761,1Cc5gZCnCwi5wMkZGfiedG
13762,4BFsNwlAP8AxLX4BOsTFlq
13763,0KJKJeq8dxDmkmQHVCrp0B
13764,5mrsjx7fpViaD87aXvvy6b
13765,780aR01ClCSK7X6DQlyT60
13766,4sKCfNdTbEInqQ6GRFc1MZ
13767,0fOZehraSGBL3dlkRPXzzz
13768,52VY6bLWwyxl3oUGhCJTRr
13769,58T3URqve4yWZAiz4sgoPO
13770,2WhDg8UWljoAl8oNh8uZbJ
13771,1T0JGPupScYJQbO99w0UqT
13772,5ULu44mIXiFE9cwtf4Tu8C
13773,1KjTMIDPS9bhCa4VF1odYH
13774,3jw3ii9K0D6HqpjYCz7dBQ
13775,6XzPwIkXKpDrQ5e1bRWVFB
13776,3YfdtxONeQUdft6hUcFxbE
13777,6ErhkKE85z8x4fJ3EhKEtr
13778,1RDQjDnmNXXQI5znu4PKNy
13779,6VRvhiVLih80IWCTXY8Sxr
13780,13w90yJIZ4dbLhRou0AHCn
13781,2WTI5fDM2KJJAt6f8bOtcD
13782,0f1DbkQPkoVVN7UWlJ766v
13783,5oZVRtVqTDawr47jOda6AH
13784,2jPjMityQuJV56yArZSnFC
13785,5Sjht3NnTIaZu6FElUkT6z
13786,4EhaOgyMrNwTSuVpnUWjQn
13787,4bwSLguDnnsAOQCwolxLfu
13788,4Cixrf8suQVA70LrlsiBPZ
13789,2jJWc1MIlKdqpcrzmiZ47V
13790,4C6BiYp29oZfo1sxJGwrnO
13791,5TTiXxO7SPIYHulRCSyYzR
13792,4sv5SDZAjdZyOEtKrT43Hz
13793,3WmbBvRkRxgFvO1GMgkIm1
13794,6QtHFf8596NM5x7Y4eruD6
13795,5gFwLpB77ETC0JuRnJFiNu
13796,1ltXouqGNJs4bdm4FnlWdp
13797,5aAuBfXXO1q3rCnxJ8auBx
13798,7LDUHsz2tWbuqoBLRgyUmi
13799,5nqUqGxJsOTkEx3MXaFD69
13800,5tqaSF3kuNM2S17UCH6aUy
13801,4U5CtEa8xfUwscTRm3nnwp
13802,3hi4SKvrudhCJ5w93chROA
13803,6mbbXTBC7ADcjh5RCNrooU
13804,7xrcIDJI9FMnSKgkTi3F5A
13805,1iIvXEWkK1MidEbOkW3ZKX
13806,1kR2AzyFnBVzKIjjgMftoO
13807,7qBiZ71Ly8dsxKcWZmsD0B
13808,1gd0JFDRcnPDK0zdA3v6Js
13809,7DrE9j8u6gcGG2asn3KiKa
13810,5PS8kSk233mTmWYj41KmsY
13811,0wuxALnbhwSJhXNtlhv2MA
13812,6vIyrLqStTPvZ6zwdW0zNw
13813,5O20UbraB2mNlCncU0EJVA
13814,7t883fNPosLhF7oneVHr6k
13815,4EavSSaJEScl8mDONVTjLy
13816,11CK9ToNAdYPI15q2Jkp2D
13817,5lPxART7HVUYga9D4WPJhM
13818,7Fgla6d3WO8P1Lvj5jrZ7o
13819,37AUQ5DVwXKXA4du2cDMrC
13820,6AKWOVOJ81OQfsgxZbJ6QN
13821,49r42j9iwxiguCqEJk0OJ2
13822,2GfVrTxl5qSvZq8iw8PHzt
13823,4V9LCqxCFmgcXKFEfFoflq
13824,3OAHl0CeaycHR2cE5gGylv
13825,5XCtjnFMKtCT7ycDwV3Kdh
13826,6DwJfXJjz9HMqjGkQJRwyJ
13827,5VO4kIIEW1OlLzBy2fYkeQ
13828,628xdZKO1InhckzPtFPkxp
13829,6naYpFIKihKbGg6lGxpveI
13830,1zyTfau5sH3kxK9YOq3lWS
13831,45HffZZe0NHP4Q5Yf3Pt4Q
13832,0UIlfGmJ8qwv4sTeqTixQm
13833,2xXCYeiWBTy1h829foY6i1
13834,6rBBebRlGbAajFgXsKCXpx
13835,5ayfBkY68K8r0AoFMuKwkN
13836,2qEHEpmGy6ZUXdP0yqLdUK
13837,3Uyxe1fbF4zWSEwy38qgMw
13838,1EDyZylarxYWAJ2tucrSsW
13839,55dSLSmpsIprQn8Sv6X9PU
13840,6qHVgHYab9f6Jm23e9FUX0
13841,4sQIInjIKbupe3wqJxJtq8
13842,30iLMF9vasXLIiWflTvgwa
13843,0z4rxpxhjlLcwmeVIgxYSd
13844,0sg9jTiFokw2U15qGK7wPK
13845,1zxG0496hjejtlxjz0AyDY
13846,2fNOP2r6yPyVsz1AyHmQKQ
13847,0RovX7jerUE8hvH37pG1Mc
13848,3CSWckgs7W2mKHWT1zKkC0
13849,5vjR4LUikpN6LhpxRWK6k2
13850,6MNMUJUbMTwPRMWOSL9B7m
13851,4OeIzW5e0CWOxONKOqyJZk
13852,632dnqrVivnkiVyzmCsA1p
13853,2Kr11rtij0QQAaX6T5e4WB
13854,1rO4GmLNQlEzflyuKDhl8Z
13855,1AJleS43X4yVpgXLgUkRvj
13856,34lthvkvFucu4l261WUhxK
13857,6nTW5rW1z6cFHKxYdsSLDe
13858,5eOmhymcp3AisKPVAytrs6
13859,1dgMj7A7mutDmHHryenTrI
13860,3F1qkJx3flPUWadfFQcOEj
13861,7FUMKrmopvulYzOJJCilee
13862,5u0wLpgtJ2rnOjp6v4USIx
13863,0KzlYoT1b0yDxqcdAmKcfc
13864,47bhJ2T5HpcGajdjUPbmNJ
13865,74Yk0aZjcT6dE1NH50WpXq
13866,3tT8q6rd85vCP6YQsM8HJW
13867,4HUPkxmqzP1n1MT89ignwP
13868,3AiGq2v4QiwXcwIfDj38Hr
13869,5MbXzXGbqobR8xPVPs8OXA
13870,2moTY9zKAZkRsODU4TUXY6
13871,1JghQmZFmteQh7ZiY7JUnn
13872,16PmqImOpc0RIiYuhwiIjx
13873,3kMMAEpkURFeqEzOFXtYow
13874,1AU2aXKjnHpIZirllNT0n3
13875,2zcSzR9JyKAdDuzHNkspyc
13876,1Grg7lb4Q2sNfzX3YJnv0Z
13877,0GwVNKyG6DSL8gc72S4HGo
13878,0VTvfl1U1B2Bs097N4ZHco
13879,0A9NAwIMNNZ4U0HPzYPDuO
13880,2kJu14V7hbZw3I4K8L8SXb
13881,0BRHnOFm6sjxN1i9LJrUDu
13882,6zRISrqWX0URhRCRYtRXQ6
13883,24RU1SAlpf48fendTKUqP7
13884,1EuacYSVGh6Rldxumz6gZg
13885,17Aje7nr779jlMGItyBkNj
13886,5KeROERmQoWb1WIO8tiwHL
13887,24OLFnKvNw6rX5071bPr9B
13888,1CvgtbfftGlKUgMXB9xXqf
13889,3ZYVZpsH13U7pfjwAFAjkC
13890,443RzrSr4hCVAslbjNfoDv
13891,5OGCd9NL8XcwpkTmSxL5YI
13892,1F3CLEkg54tYr16JO9z2ig
13893,6iinkgiI8IE4xoyOgeBd3T
13894,2TcZ05FR0xQWZOaFWyRWUt
13895,6bU0WB7pmvbdsvi4Ittzmy
13896,2YoX0dLXiK3uKDm7MpL63C
13897,5AqINAe6vSzS1Hd5hIVvHL
13898,3yRPXqM5KPiUJmJKoUdGtJ
13899,1UfvlsZYv7FFsxCnVR30qN
13900,2w97X8J4waKbkeN5lEx2ec
13901,32HKx31Dh8WB463pqFsgGk
13902,75PlQtrs8lKbY2Lh64LsNc
13903,4IFBl5sjtz3VR3p34GEFLE
13904,4lYuhjlESAxXwO8bsqNWPo
13905,5unyV1vQvmTEijwFKyVENc
13906,4ebFzYCwMtdaLnbmjJhvpb
13907,1XrkqNKUppq3DZJinTAi3S
13908,2w30DCEzw524ioicaeIiMK
13909,3ytMPZj3O74QFia7CixVaw
13910,12Z3sMmnhakkP0IuqgwYPG
13911,6QfJ8deoNjRa24FHwFEZGA
13912,0DdN7DAm3SVVfhrsaoGMuE
13913,7o3UPaHsaXx2WxC8bQvM2t
13914,4fcvLmCmut3Qqxz7k31iVx
13915,6xGqgkB71boLGujuh9ebAe
13916,2VCQ7FT2SCLt64eHDDOm5P
13917,2bbLDYcYLwnr28VQOx1jGb
13918,5bOmk5Gyv3KahkOQ9wUyzI
13919,6jTmb08o1mawu5MQ27rrmp
13920,3fRsRTTfNk62CWMMUJqtG8
13921,4RmfekG9DIVdwmPwtemE7q
13922,1tlJPpXRNe2wfRR8bROLJ5
13923,3M2WVX035i5xawfWysyAti
13924,61ZYsv0eUar8KGWJwtsNJU
13925,5LwuYetop8ym6rbX86DGs3
13926,43GoXqcMIxcdrMk2ngVv17
13927,2cfFwc6aIWV0nkSp15I0a4
13928,6FX1AR4pKmvTM8DmqDWkP8
13929,2bovXREneoVBGYnm162Uca
13930,3QNVDWzBXxbwWcBwZc79qM
13931,65NgzrJQYejo06ddrg8tbp
13932,5536XB5j9n4eDW6ZOavJcu
13933,1WhAdzFymMjHipXWMAemNx
13934,3R7O9tLNTQzXXvquonosQL
13935,0GyPFJLwNLjRSHoJm6cqku
13936,6LeptO47NxkMMkAz50aHGC
13937,1w5GA7fWs5i2vCR77oYdnR
13938,1uuXcQ42DBZtza2XOedFW2
13939,5BNpRl3YgYhXLarQpUCI2E
13940,6FGpSVZxxkoSffB1pnQIgq
13941,5pubJ6B0kMcnRPjteOTZqJ
13942,0HRbS0YtAeXXzlOajRPJbn
13943,5V27UQOURZROSg3UCoHOGe
13944,3Th5BnMNw5WO9FPSa8ovzx
13945,02vKLqcImboupwm6S8TXiC
13946,4lb0DgPuGywwHKL1YnW5nv
13947,55tGuCSIicyhZIfV2Xqw8Z
13948,0G7ociNk1wIbXcU6uXtWPi
13949,1DH7WblnBADnZPimkvUCNx
13950,1REq8AmEKZbvA8ztZPhsDx
13951,1vRSGoIGS8HpFLk7iAKhI2
13952,1GsJMaSHlegp4pjG8PUqjW
13953,7mj1tN8SPmRuLmQUzTCbqm
13954,1BAR9ZA2jSZDRoi7tWkn55
13955,0TqSIc6f57cIrUtOXQfMUX
13956,3zitROnY6trnTMyznT81yT
13957,1nmc8ngLcvccw7Lay5v5SP
13958,3l3uEDs1vyB04D1Pup8VUD
13959,2UE3n1V3fTGpZ0EDQULt2S
13960,0jeCoIGrGhw8lnkd5YF0qB
13961,3k0RO2QlPwmPyrb2HUAICz
13962,5aVnC5HP5LtiGsx6OUyfUr
13963,40qeTHoPrESBZEM3TPAYmE
13964,4K6cLLpCAIsDzFlBycfkde
13965,7vf6RJHMXxpB8daYIwcIsd
13966,16OlBq5unW64G9r8QvOESj
13967,2jKUoiPjKY9gHl7DKexZbO
13968,2yZtYCbALjzSYpLTrxtpJt
13969,7dYCexMyeIX4gikhil1mV6
13970,6cOY9RoMaakpIlWrqHgwgp
13971,0JyJVPi4IBCgj2wTRKb0yN
13972,3Hcob92w0t25XLUOoqYSsX
13973,0CsMyYqXKbdznGEXSjSroo
13974,3BV9kxFv3AaxPvQsDqRlT6
13975,5gesU1zrgKQ6mEV4qHAUmf
13976,4vQ0opcz3Qz93HATO1cips
13977,615CauV4QDNOxhcuQbn8Z9
13978,1eAuDZ7kug0XB4FGUUEgST
13979,7HKRWMTErKh56EIBeFcmdf
13980,0l2o1LkTeVh7uQfePoXs7c
13981,57I1oA81h7ZrvrWkcWKwSU
13982,68mmW14eAHQ6wzpSZ8nEJT
13983,1UH6jHdVhd1F83yFrRTT9C
13984,0u8iiPBZ5OqK1mbq1cZc0c
13985,1Lj0vBnW3KudlAEwXCm6r3
13986,4wYeYlbj0J04HB2sizUopB
13987,1AZ3kCJfnyJt5O3broFxAD
13988,1AT5is4vtGcAeFzGmBdfba
13989,7F45t4tRZeiUpcJXmdUPQd
13990,4GCIL6eW6MffcDcwUdCZjY
13991,11uQWtDt5AdgWjbQhLx0qD
13992,1WOA3BdZo1nApwXPl7ViaI
13993,4DhSKuTuOcQ0t7EnC7QTWu
13994,2FZlCf6bkSNK5Jnrkap81a
13995,0LDBd6EOP8EsIotgs0jRR2
13996,0cn4Ub22JFv1z49HS28Gdg
13997,1eXKR3RCf09N7DSizQyaHf
13998,39N6Q3T7zbEJMKgaoxIGc0
13999,16n71mglu9h8xQjsF6SAWv
14000,6ekIy4fpIN8DB32OFYqYDA
14001,4JwdUt1MNUqhoCxzNZnOOo
14002,5bSW2mbAXzfbqoWttp1KJ0
14003,7g7fav3aSNpwJsKrVBstWH
14004,2HNSatYOCUgF1KXUFY0SrY
14005,3VVcn09mk195NwTT7tJ7qU
14006,5hw7bUv7NtrsepLROgIxLl
14007,3oiqGlROkdEzjzI7NwlbS1
14008,7tpgzkvMUSWm1NsdwcfRuM
14009,1Gq7gSDSQPLPrK86XqcdAw
14010,6X9peMs2R0sN790sQkqPZM
14011,0J08a0xk5VlHqIEOs0CzE4
14012,60VOEfZzSIWjTOZeqlqmMs
14013,4UtVryszeh7c4pAV56yWPi
14014,4fWKIIDctjZr9ruqccoyhg
14015,7FCwiuWa5tvFc73c13fBJ2
14016,7E0ZUIt2I2pROEeqhsufrv
14017,2VHhcsJVeRkiP79tlz8uTn
14018,54lhKZ69xX8TeHRgWNU3rU
14019,3pLPIMCCTFBGTDPorrgnvI
14020,6aWPuJOcsxt6dmjZ5Rwt8a
14021,7oCS22lBZ1QeRj5Xj6w78r
14022,1SZGNzJbVN6fAa1Ep3lRu1
14023,0sh5uSEe91hstChB3kwMtJ
14024,3ysPRCYrgKC1i4o02VYDy6
14025,43Lq7rcGmCEtcSy3TS0rvo
14026,2j5L0FERhrTSNHP42C7gtU
14027,0zAMDxeFqQAY23cwLmroUp
14028,60YO6vmmFsIPIhxvLTmwhL
14029,5ZAPHZ6HvbRYHsqVPND6dw
14030,4Lnmog1jcLBgS5PCTYbOUm
14031,52A8QH0MF14J9gcJbN1tIt
14032,4Pg5UBnKMHuhQlSFA9wPtx
14033,2KgeKRYU5KZFBV6VGuHoiZ
14034,4UpZjMN05lQTJGXQuS3sTv
14035,2PEfsNLgQSm2zAzdRNkCr1
14036,2BrIIIivwgJLXDiZnkUq3f
14037,0rLxJG0iIZZawFE7bZ8W18
14038,32ebJQC2dQyDvFAbiRYwdH
14039,2eD2EuBGEcXxCbpzoDKtho
14040,0uBpy6SFhl1oYiAEqzeHQE
14041,0Npt7xXEzMtpkG8d6k7mQ4
14042,0qkuot9grhqVwVdcZJo0Uk
14043,3ArFV1JH0LQauOdn7afWu4
14044,52z3RXiFU96oZAKgtt8iaL
14045,4JbKTG0iQ41As64aMNKkit
14046,0ZIP5TyMWzY3jQThuJJRZW
14047,05xkF0BfIzypaA22vCuRTw
14048,7BRRCHrt7ce8USR5r54cYA
14049,0sKJnTc6aOmz9tmitYSGsP
14050,6Az2Ll2CPnWYQ2BgiHf4Di
14051,70sQeGQjru9PcBFfY1uiTY
14052,53VUUc8lD8xXSg79K2sGV3
14053,4BltOFLhXUDvXV0MAmoep7
14054,372DoIvbOKk6qjFwg6PhTd
14055,7Fh2LKX3InlPktfZs2Wau1
14056,3YiRg3z30dMs3LFULAM4vW
14057,3tT3CqBYG3peXXZx7xZUx9
14058,2n48nvdqwnrtxiTilBOJ7r
14059,3LzZ8BZm3BdiSRiT3HqeXy
14060,1IzVNFKp73Tg32gniJXDMj
14061,1bcbJz9X82pSZe7Ipc4oYv
14062,1oeiL9IXGFkCKqd5kUild3
14063,5mWupJUJRttb69wmOgVWVh
14064,0O3iN6n6bxEUCY4EIem1sG
14065,1aQvzKh6MTCHJQqXAQqz8o
14066,6lpkFlbyl4O5zt4XIyGqn0
14067,5fo9prjPAhhJeowKI6uZCS
14068,0u4NUbTSEZ4EPZzXllmWlb
14069,7ijnaCuzC2CEX4FnoLuTja
14070,4c86vSmmzcIO4x21LuD7XM
14071,2BzbQ3rjA5zOe9XhCL7E5u
14072,2MafAaXqNWVbfsZf2xl8j2
14073,35lyX1k61yh3zmFjSgXJQH
14074,3obcpm6zyPKgrxXwZvLsbq
14075,4fSF6thhv4Twu9mPtPM86w
14076,4VeenLChnVtXj5ZXPfGUZh
14077,22POpFdpHAwCQLvgVuCS6R
14078,59gxVInWEnShtkIrNGUhaE
14079,3UrHI5VZFI0Uh5iEEgnJFS
14080,0VdtmbBD5P24x2FL6NPFxn
14081,03rv7OxB3Bx7m3pJSeLVDB
14082,7FpkmUt2H3Mf9TVEGHkUpk
14083,38Bd2XMomKpOvdLbYVN5Rz
14084,3AJsTNjbYSH4odSmP1I6ox
14085,256td7avGUzegKnaUavckM
14086,7ya139jnIj2O1yNMc9bfwD
14087,20PLj60tqjOdMgzoTR97HV
14088,1qbYhUoNgO4Jez8zzjwf5Q
14089,1wRAovJrtVnOLixzOyB04K
14090,6zNtxhS1X7nVYZ4A7iy7uX
14091,4GtkO065k7XSNJ9OQcnBHW
14092,7q7tBIT3Mkr8ILWN8cKWZV
14093,6Aej4c1aGSXLBWIujODGPC
14094,02V8rMyIPuSCZ4hftML3Sv
14095,4fnl5fZoftWTAT3VMuwukd
14096,1hXg6ZyAtU7p4TrVP3H2Sv
14097,6wZbEUUS65m1yG1AZ7Rp4B
14098,0NpyJaBkyqZNgs0QMRYOyJ
14099,78TgV6o1Sh4i26GNi57W95
14100,4XaFT4axtJPm2mjtrtapFS
14101,3TRqfu8dYQ1B9zuZQBRjsU
14102,5edJjHkiAKzIbaymMszsKw
14103,4MUps10TqaNN1MtkzN33OQ
14104,4HKizCM9vtW0UxvP7DqkaZ
14105,0PYpsUCkvS81LspxH4WrWU
14106,0YIYpZ0qqobbuDtV5HK4Ad
14107,6G5Kcf2yKhYjaXY4UyBa0m
14108,5YN4gCcsTi2E89Qxb7Q89L
14109,7Fl4v8olqiSVoy6N4t5HE1
14110,3c6rvgtxAVBDzFaDoKOgAg
14111,5WUHdkdWtMGs4SVpUdfuMI
14112,2EgNS8QmA8Ma31cR2F1xdj
14113,0HGpVO2aqh9Dadfs90S1mP
14114,5v1Heo1LF3vDtHUVOk974x
14115,5cDkovU4X1Eh6TO3LNflc4
14116,1lhBlQHTd3Rn8Ct7nz8aeN
14117,6Ew3AXTWdNVFjHila1Xshp
14118,0LoltO5UIMjUwVYFu6KDN5
14119,0SLWhjn6htF6WMJKnP97jP
14120,1tct31YegVrcMeqAPZdsQz
14121,5MpMR3BsFiefLB38FeRpvQ
14122,6oQ4aZWJ665RrhzhXrMZrm
14123,4myV8ss5IG0PtiIhmx99Bd
14124,3hxWAe2CFcmrvPyQdiIAve
14125,34ntKsjLGROQN4MtyTUGBI
14126,4THGsijwlOOjPFhezjIhB0
14127,49jb45DI2f91rcMQeCwDKq
14128,2YhDdBOQgbLPkh18SrpaUd
14129,5Y05YXmOYPocEQfJKloVWN
14130,4ekdcGgXHPRBTU3jDuOb68
14131,5iwfMGkEVWUM9l8xOPL6x0
14132,59AaUGVTXhZVMqj0GTfUhW
14133,1oyMuMgPhPSbhBzKH7mSKP
14134,45INNURah8SlgJs742JEIj
14135,63nOYDNrb4tUhoBHd0A848
14136,5ACqGVsP8UinKJhS4uW2Vc
14137,3O02KGbzUvHYa1YkaGyHzK
14138,1Nwv78hiCWTVCartAxhjxt
14139,3lUp2Azjy1lAHN8QqaZWN8
14140,2psoksMNum3Ka63zDRl7PJ
14141,2pa2TUPpRNcYCvWT56ca4M
14142,24iUpyUeGv6AoikfxpRofO
14143,5iLFnVUF2rjMdZwv7KsERs
14144,01zt4m5ytpMFSULVyaGOZl
14145,5WoeCFqXQBz7QJWw6DXNwB
14146,1MD5D5cFRKBAwbooPvifjN
14147,2qvfYm3hTi3nwPxMkGyhgU
14148,0k17V6RXT5y6iuinkF90Tq
14149,1b3VNOaPFjzq1S2wQU2KaT
14150,6NcTKRtXWG6w5TSWnwMHGm
14151,33WFoSiYdqqo0XU5hI0Md8
14152,3uyo6qwUm4ctMFA2rjcp9J
14153,2kIls4BrrWXCv0948Ag14d
14154,1MU4H0KJFqA54emrXfCu7J
14155,3H9UzKTAHiTvNWkRGRFO5K
14156,0JRlyt2r0B1ZIVblAdOhyu
14157,1CQzR4iQIYfMhwtTpjt2dx
14158,4Yr1vyWERBXGEU9ilQbN91
14159,2lTG95I7WiRXToOoBSicL4
14160,5TaX7JfrmIfUKgqk3Tr18g
14161,767rObQPgUNryNEu7HBnqq
14162,54WwHX9KgRitKvQckSadxD
14163,1pn6bc6lrBO5Gu4qya9P8y
14164,7qA7nOX5DuM1Eob1EBwCvA
14165,0usxQA2FN1YMjDU3VLBkdJ
14166,3ZbuPuHygbYEwkXDbHdgNg
14167,7vW2VJIMpeB2R9d8TPe0Ne
14168,0rRoLXSEkkdn7PyOQxQgd2
14169,6raCMw4Cv4m9GlLk6iRHcr
14170,3JI0qCDbYMQNa44CZAh8ql
14171,5tqEB9GFNxNFZYaFprHWDU
14172,4W5ZiER2saVe1uo7bNTWbE
14173,0S1afBKbuZ7pTgaoDMbIgV
14174,1THUV2tiTLxNNbJwC8m4pE
14175,2GHNZvjA57wLRl4FVk0MhS
14176,185PG2pHZ1C8bN2gAU2xDq
14177,4rIKpvBMV8jqRMzd2PlnAf
14178,1VR48VRuyq7jifQABxtO8j
14179,24MUDujUu1P0yL4tgdQl3F
14180,5WOm0VS3G12gT2sFmMkZRn
14181,60EY6nWA91tu7rDcaJ1sJi
14182,3e7ZA19A0CvQagx3WdAIl4
14183,6Qrb0gtCCZoL6hZDJOoRmo
14184,54u8a2GJiN2Via9l3xtP6S
14185,26fH6WSsuqpB1gCdEPlvmz
14186,4szxBUYNBqVHibMZhrJEQy
14187,22klU94r0NFtx4cPO8KqHk
14188,6RyEMCk0647QCrdr7SzIzK
14189,0mumMQrnFSrRwn5fCaCecV
14190,35rC7q0Z1Chr473tOEjE10
14191,1rheCdN7KDi7g1NIWGVLRr
14192,4tsjazsF2zuJz0N7w9CtWb
14193,3NpQRmNWYSGh97DGXW58iR
14194,2Pt1EKOWJxi94nqYg6jaGy
14195,4KhuernnobE4BzS0P1Viz8
14196,0Wc0EMFn7Xg4NUf30fyZKA
14197,4sm4HhZqRsUdWaW4QZdxg0
14198,2Iq9qjg6uBXl5tyrhOoODx
14199,0QaCNjtdot0XiD8E347iQn
14200,3lZPKJx51kXdLcaWFN6twU
14201,3MI7XYIAujsIJlj5n3bTB6
14202,3CO9rCRPWV2nXkTYUntrHk
14203,66rEcw8rK6iCc0UesDdqxs
14204,3pZdqqDTBbfvBlcvyUMaAr
14205,1g0xyCMUBKUaMDCk00Hhmk
14206,2AGvjBQyW8RMHIlUQ30ifd
14207,75skIb9VUwR5nyjFDcE1qQ
14208,3pMrRtIBRkumoPBG2SUlvA
14209,5VqeP3E1dS1wEaKfGzZWEH
14210,6G0XqXVBx2PHaOrSuHaWP0
14211,6FBFEUx5MRklMi4Cso1ozb
14212,41YnJlSor1t4kCFTbR6NZJ
14213,4c7NmtBWfucpuuXGJF9kiR
14214,5yaEeAMm4cW3JLQWaHVJ9e
14215,5Uw0jdDdNQjgQdqmcnX0zY
14216,4CDcp4Yeg46NiWCIfQ44rQ
14217,1XsRwo2it6QHdV2OiT6IzF
14218,6T9fBLAgqGjFMxZeIVdXpG
14219,46FvONr5QlkWUZ8fpGAQt9
14220,1BdoqHg227fkyn7LYC2mS0
14221,0eeWdPA8RAYnQb740m1JmT
14222,6xFTqbFZsFihHoghoxNi3O
14223,1Go2Lyy4cQNKCz0PzUkj9S
14224,2o0kiXeN53oOchnrc1G03o
14225,3fzYpkadJKnfKXWANbRXwL
14226,0Xz70bWKQwdeDbsy5h4KeQ
14227,149YAUOqxwKc32BlnxVjxn
14228,4Eq4kjh8HJIRQ5TwSbNlLn
14229,01tykAEjuZsAX5I1y0FLf8
14230,7AbBCrzT02ckonUou2O666
14231,0v2FKvS62GRbxN1b5bsPkh
14232,5gNchicUY2EvUvZOE2eBzg
14233,6QLSd6hI6rg9tGc2nV0LCR
14234,3YROTILzpPbedQXDgeU9mb
14235,09JnCo1ZYKddOKOOz4Jg2z
14236,1o8lhBn4moGq8HkYYGG4FA
14237,6nJ7TDS7SYMaBugskEW1uC
14238,7zPKl5A1x0fpS9Hs4bznRA
14239,6ShyYKs7q5Z5Vhng0ATAOc
14240,40Ho7zrekBqaV3bvlkbiYj
14241,7Es2OBtD2DPHfz6gqSWH8Z
14242,623TdbJc1yLr8dIepsFV2v
14243,48WlQwJtN5FPcvJWlNR2Xv
14244,6lXvYmq1PKh7ilUa2RxFO7
14245,71TLx5g6SQvxJVlgVV1nSQ
14246,4wCXZvgk0Ci8fIXr8ezfg6
14247,3RzToZKvJ5GBlQd5NCPH06
14248,2vHWPXnIuNS1uc7Zq3LRV4
14249,2YQjnpiByUBm1V0QxbyY34
14250,0bh2STGfDf1LuZBHL2eRGU
14251,5SQ9rGz18teMYDDCb4B4EG
14252,2WjGgNen6lzXWNW9FJ4EDB
14253,1J7mu1Q68frKaWxhHx9PuO
14254,2bJTE2bZpNeTayNbRRfp5w
14255,0EVQJgKwoPu5RqF5RA2pIG
14256,0QTAQ2sYgiXHZFczb41lo6
14257,03qwXFy6HgHkFm7XY9tF9W
14258,16RgeOvexGklyQlkv0NKTU
14259,7q2EWEolm4VaE1qAnl7c1W
14260,3uRcVd0KUO8xTC8fFbJx2I
14261,3es2MuYHP7J6GzaQrmigRI
14262,3oT6aHD66EiGD5SALrKfHV
14263,6Wz3PqQ621MRgn6OcOXRH7
14264,5kaHDREmPLNUli06Tm9vpV
14265,5wjWWm2EbI7f7wsf3qF5aA
14266,3a7battQe25139S4n0Zpst
14267,3yZEMDt7gMEmM5KQNY9eby
14268,7odhTagrUD6edwHC3UNqsv
14269,595Bm58GeJ9MUEGxTciTka
14270,1H9Y9PFzo0jaz6Yh303eyM
14271,1ELando5k6EjFkHGbfEMkU
14272,3qNwwJXEibkuPuDWLUkrHN
14273,5Xx7LotP8e0Pw0oFtspVtM
14274,2BeispT0rpKZX9RhI1H8vL
14275,0RFybBFmZceXTpEgmA1BlK
14276,1AJXFMEn6MZI4owJHrA4gm
14277,4OYhPqUJQffqCAKCqEttv9
14278,44SdYAdluGdxDjDmMsat1K
14279,4DNcvlNoCl4lVFFq8kT2N5
14280,4xnBJaAEMp0LUQz5vza2KE
14281,3PU4zO3wm8wPDseNbLLUTl
14282,2cpwfxKdJzJanOiS3S2j50
14283,5ifX0FhGoljScuqQtNRAyL
14284,6gS7chf52hLV9BgSkBqjFH
14285,1V6kjI8AMCH8paMeD2mkOu
14286,5Uou8idst1XJc0F6MRAk5S
14287,2albIR3fBkSoAj76RjqGw7
14288,16PF1AQs1JSgACg7XYnICr
14289,3paNDvnXb879kHFW4NNiPo
14290,35V6qXUDCvwZdmbKe5PlPG
14291,5aBo35KynwE90mboBMWKQI
14292,61YvXZaJ3r5P0ZLSmSjQjU
14293,1CG85jKNpvQRbi8yAcOWwA
14294,6yBX9md18Y5U4ka85A4WAN
14295,3k3UtKHFIzpFKHVdb80SQg
14296,6mjeRHyraMc9lkNZM5fCQV
14297,6ivAF3eU90MFrhFi5EFkcQ
14298,1jmq9ekr49AjpLTvI8LHHi
14299,3b3FH3QTg4CBcucfZ4oQsR
14300,0wO8sh1l4l0N5wLKHf3s4O
14301,0yGnWwzsGhnoZD2SNYKyYp
14302,1VeuL4T8nJ7SbRjcl6e1Pr
14303,6V9aKgo9nN1eF2yLCnjtln
14304,2T1aCo4H9ojFkUxDU758oZ
14305,2zU14PbSlUxOfz2DWaeYHU
14306,1yk9B2xefhnWUhUHXZpGvY
14307,3urDKys1k7GInwknR5UgnY
14308,6nVYJvfX66ZjzEbLzDMbOL
14309,0LuShx5q0CPiZZjSWHK7tN
14310,3qaVEGaC1ARIBDykpoUepF
14311,6JT3dTww2LuGrtze7j5jw9
14312,4UEvFHOAusIUX6etyBEIIa
14313,33v6ir6PfrVfhpkeKLRujC
14314,71KaNgCTNC2J5foUoO06wF
14315,4sEfzJ5HpVRm2phBA5nRGm
14316,2tPnATV7sBVCo5yxprU9HF
14317,3nV2Yjy2aJjUl74p0tEfWf
14318,13wrSwcC0FZ2x5Y1UDzGNh
14319,4sznLhWfd7LFs9EwjPbVwv
14320,2Kwf8mUygPEriB7GVErizM
14321,7pnX6PXCk5fCATYPUBvI5j
14322,2hVtGnJeHOo0EqjzYXNFg5
14323,5svK1ysz8yk6sLC3bhxUGt
14324,2zFS3w3KB42MYkhaQ1Ga6r
14325,0w5WkN8m9rcB3Qev5OPaLU
14326,6CwEkGOOa6NvsohgA4neCB
14327,4couthNFpbgRL1Fdp40G31
14328,33YmfTNoLnbkRnOjf7YIVm
14329,0v4sl7aY4Ewr6LoXak1foP
14330,4U4XH4WRYEDfGMCT8oOwZS
14331,5o31wvCL2yMN6wUUJd3sL3
14332,0RhNte3FBeIcXG9hC4LF2J
14333,0q5GDx4BHVQGHNXPxFPJYF
14334,0gNshxLHtJn4DmUx1FLBQG
14335,7kB8eDV1UlAqvn1AIpe6Go
14336,6PBq6oMTPAwn5Rs2VHaYNO
14337,1Qd84eLAGHRLArjpyPy5P3
14338,3DnMt0hUFXLx1qajcghEsh
14339,31Unmdiy3sC3sMprlUGPUb
14340,5bd7amccz6nBtODT3TgAZE
14341,24FjGB5MIDOE9UpTFOfyss
14342,3nOjVAn9ohlCATDl1040v6
14343,5F7WnD1XLfvyqglClI5fL7
14344,6JLVkd6JYpJOsTx6ef4fPb
14345,7jF8SaX9ILCIaVUSWmLtLX
14346,08xsXR637CEqbxJmpFcuSA
14347,7aKe4BG3fanDyItgf98yea
14348,5Tfp6aW5UTGvul246N5aS0
14349,3np6W9D22o0h7k6R7hqGhT
14350,6CGFXiTvMEZoXB3FzCAoor
14351,04KeA0yhx7fUonJ2dl6pAr
14352,6VtqBPI6OfSzQEkY9LWEBr
14353,6q46qmoqw0G9E1U4pGcgT4
14354,2Hmz8V8A5S23VT0h4Y2ZDB
14355,0Zg9qihrNbRRfVuUeND5jl
14356,4d2vdDgDBXVbX7C1B6VkAx
14357,0irwvdSICSE5oWtJNXf0lv
14358,1EU5pHvqe4hcYArHFXsboo
14359,57FIOLBbcBWtWoxIqXEr7I
14360,2IyAlDb54LzF8O1V08389y
14361,4Gki4jleniKLwyB3e9B9uy
14362,5LadlxWduLSOAwCV3thjBN
14363,383D4yT1kW9tp5ibqVSMAH
14364,3iGkVOWTZ8MJR4sikK1oRI
14365,2vWx0HgardQLBPaLa1Mnek
14366,0PQcpB6nijdSfgAXZ3PPei
14367,4ztR5kxVw3DNvy7ptjrVpD
14368,2w538XW4pHQmOWGFkYtfGF
14369,1428ZqugHKn0ifOv8zv4Rs
14370,4BjC1QhfeibgDYfaXf45Mf
14371,3qUBWhPGpG2jy8X9z4ysEX
14372,3uL5z2Qh3GmaE7QjgvO36D
14373,7lXAfpNbrQmbsqs9ZmsPv7
14374,17Lmf8pUgrRrEKIKkuZirE
14375,5uMOHnRbt5PPVtPuvbSW8B
14376,6P8h3shnED3ZlPxSo02zy7
14377,745yk040Dqt0k0IENanBiy
14378,3lLn3i0rLlJePopJrB69RD
14379,4OMhudfYqAHojkDHR3jNnO
14380,2oe6dDthgthqUkfL3czpEd
14381,4CDYYTmvvK0hEAaDsIscvS
14382,7bwbVzp0dgiuYRCCLupdgC
14383,4hn2sOJVDaSF15Wr0YE2aw
14384,4k2y12mPqzB5NXXfwPPhLB
14385,0kSROijuPMftQt1FEffgKP
14386,1wfB7VM8mtnDzcGJMln8Ls
14387,40v9Mp3UV0EXDo07Iw9Krk
14388,6fVNrImd5bzHgJMxxLqCee
14389,1ZNvl5SLp2uh1NyzkceoYM
14390,0R3LjmIZg8MiBlf3LdYjcD
14391,5gVIaHdxCyV8Vi7nhYVF2y
14392,4hHpglumn08IwhygTt3304
14393,2aLqOxQ25MSpkpXirzd7RL
14394,0fBApoXbVd8PhVmsSOuLqZ
14395,2Dslzqf3PGQjRLQiEcBvbk
14396,6rWfKTR5ebRFVptxkjZbbC
14397,01Zgtq7fhxX6jEywd2WYrh
14398,1TGYS0y80XcfSLDzN5UD2I
14399,13ORo6nuNhNLniacmJVocI
14400,1DRuGVGunhbIqdxiBTmQ9k
14401,6isTQfKXhNO3EyJd9mSxx8
14402,3IKRIOeMYQaAoi1HFNtWFT
14403,0u5d1DZ0i9OuCikjBgLbmr
14404,1X09zeCqZK7uLSTEeK84oH
14405,0ggiY1Yb94lDH8yIjHPfew
14406,1EuYTbdVsWmBc8d5sR6Gsm
14407,5bPvKo7mH5ZETLSbdP1oHo
14408,6bSLDFKAqEIItAGrdoygwY
14409,420kXtPyNQMxt2Uz4BLQAv
14410,2yqkOVuDKkCkxvPcOzpYFx
14411,2nx0EIlIKMnMgWnj40O0HQ
14412,4thEpE8oDddq6fVuHfdKUY
14413,3j4OLVxUWWTo19Btkjl5UD
14414,63jSSgwKQtEdOVRuj85GX7
14415,78ia1ma3oOVkOYZ0nRQiqf
14416,5Y76U25W2UAZF9AwfrFAoJ
14417,7gl4P3X846By90qi9uolSM
14418,5qgTgqPE73JndSns5QhN92
14419,3ibFQ8CgMVCcGBtrPY9hmH
14420,2ePTK5ui0pSGTAbN6nVt44
14421,1yr9xlADrqsxX4MZH7j5kQ
14422,4rbJEdc9KguTsyT7HZU3yM
14423,0Z4OCMTEsiSaoLCK5uoTIU
14424,4gfleSbrxzdah987g5pXz6
14425,0LGATy2GRf8KEbMMppJdEO
14426,2oSYTCiN4OIaZFpoauukMm
14427,1ZhTiARFFXZTlLVcX5C0KV
14428,5MbNAHqNksNDycMZ0WUaO5
14429,58cTe4qTja6huQyPG1pfXa
14430,4zS5LBDoYtsZkLgfHSGEUY
14431,2VxDC0naFJBgA8rOc2BK1l
14432,2KYFQfPvp9XvYuGHUoPAex
14433,4j3obTRIyR7QzvdeQz9vaO
14434,4zM0WZs5xnIoJbYqlSjPQB
14435,7c2IApOeLTZfrB5dVScRUP
14436,7ngstPCaRtJCiDwRRG796k
14437,5F0hL7pYsvUdUC5iGUzWtN
14438,3BNTqv2oIdLCvuzTGqsH06
14439,3StH6LNOpHDzSSUmEpti9y
14440,1zTLOWMdjJlRM7aoBFfmOx
14441,20fSYKFwmmaDmWNImKkmfF
14442,5fDxirlxjINE8Sva7vrkEj
14443,0vhM2CyaklIlC80SRfHSac
14444,40xZKE4dfZsYm8MSkCXztk
14445,2M7EflZCPCqqRLB9hy5MDy
14446,3Y6sP8zjB9vhQ7kViCFBkV
14447,6z8lvtH4wJOdGl7ZkTCBQ6
14448,1tFck4UPL75NJve1E5y1yW
14449,7pbf7vAgw80uEVEr7YFHML
14450,0GnKgvuZbhtv6GPItdRx2J
14451,2diNjYDYu3BhouRuKoStiB
14452,2FXyQBD5lAUzjSCIpwtzeE
14453,3qFPNAWVGibpA0SV4Vn80F
14454,57YsMd8iZBvmR292wFJbZB
14455,7910fW6IIUF2UZFGYglpuT
14456,1qSulem8R2iQ6EiiahrPWE
14457,5kwa4hCD7XOf07S9obzMYy
14458,5WBg6hcFKaZD8HhzXJebMd
14459,12NFbnTFq0EvxPsstNBSrE
14460,0qLp0jz9uywjZkFc3PthdY
14461,2Jv5B7XZWLvHyux2wwM6xV
14462,7mwLlFNlWD4AOFoxPJTPwn
14463,2Z8FsPTnN8s9Dtguvqspca
14464,1bTpIrCdrhOSwaaF88bCM0
14465,7rPQyZgkxzLHAUQhYl29aX
14466,10kLRC3kegs47BOzWI271a
14467,31bPa4nlha4lWNIORcF435
14468,4Q2BYoTPLRGcKeahgDmj7C
14469,5pgdMTGqTtWTiXZiRXmKZX
14470,5QY38we5AE85kkrXUrdLEC
14471,1j26tDFz88sVcuIyI8DU9Z
14472,7bA7T0oeQamtnbqC8WykdG
14473,49DMfhikTBc01QbYNrcMq0
14474,143Tf2HVV8MYbESW6IXnp4
14475,5TxsupFF2Vc70TQdLyyOE3
14476,1OwHboYNA7w3vLViJaxCIE
14477,774H6V9AQSuhy4YNXfTJ57
14478,2Xe5DYY1e8Vw76HtVxiHBk
14479,70l9WbRhCmYrnT02psPSMv
14480,5iwviZaIeLLbEPTaSTX2VZ
14481,2KcnfZGvwNkNhx9KdJB0D3
14482,3rtOtOEXkzo6tjEfr1IrqZ
14483,08woXOFexE1VwzaBo4nXKw
14484,1eewzTaMRDFPzwLevQlVMA
14485,4BBWKInP5VElWtU5tiXXXk
14486,7CEyjjTGXwIoCdCllaSkTQ
14487,4mBNu8ybM8tYDwwQvs33QB
14488,1oj0wAs3BA4sb43ZvoIfgm
14489,6tx1wYKxYR11EZwljWkuBF
14490,0oT1MBZEHQUrMiU7is68A3
14491,5CgZfS2u7xrC1aloa5UbFQ
14492,2H0pUQpd7mRqZZUTC2aN6c
14493,0V4SisYseIOCuqIa1jo0Qe
14494,6WTH1AmwhBwjqUJEnBkm9Q
14495,1Z6KDCPHZA6lQJALbZqpH7
14496,1DK2JuYarBeNwcLNPw1Qyo
14497,2s36b0Sa9P77TnmfaI8Tib
14498,0AiYpL4G5Iuk8ZO2gcgBY3
14499,2UMgj4C5necESwonpN620n
14500,5zChKVq8kdnWWPbVWezFW8
14501,0E2gTjYATqDoFj8lLLH4fe
14502,2YBnVoQBvQwJN7S0JS4vMU
14503,7outV6HBpQ7qJQIe2sNstl
14504,3n0lxtgcZ5t5isWeNup7iu
14505,6BiFj6Wr5Nbf27bYLl2fNf
14506,3UE3PKuOjDVvlPDpTS6zL0
14507,2RQhljZUzYORIhJd7cPVMq
14508,44cSdS11zb9uIkcbBMrdY6
14509,39IO5qBD6dVheHWW586Dzf
14510,4A1uSIeCmXvPqTrFQdHJXp
14511,03BbFKKXLqVFuPKBMepHU7
14512,1huv9p4NRtHTZRl8i4NTI9
14513,4xDFXt9dvJUxoyty2ahDHP
14514,7lBdqq2uwgpBXF17Jee9Wy
14515,0qQuL9uVWoOmXoqeCe5ZSA
14516,3yhQQZW0l3Mpdnd76apsTY
14517,41a7dZcq30Ss5kPMayWRV0
14518,4zhd7zloP6c4uYSR1AkuFD
14519,5aXKnWqAtagAZfPc2AUc6V
14520,5nS1f9txJwMFj58L39lr3q
14521,4w6ck81J6IT9CRI0XOtDqH
14522,0Uk8ZiP274mo6yt7vuzx2R
14523,21Wmv5UWeFRYil2WwHd25v
14524,0UMkQb8FSSueBpLA3aBgiX
14525,1je0r7lI66rOCbWOfHWeZL
14526,4yQw7FR9lcvL6RHtegbJBh
14527,5nLhfAHAwaIo2WrlvvUJrv
14528,2NePleuMNN4kNLihiFxaSn
14529,6TlPmcfzxDhYCr68z4S3Ea
14530,5LiQ64tjVA70LNTC7XhK9e
14531,63awCYRInbsbWhmNJWcmxi
14532,5diS9SwB0BPD0dBKsfTsp7
14533,5ZetMq21bMQN5oo4TtdOxu
14534,1WLDCb7zgzYTw56lhdKrwN
14535,1sLz12rghikFcDUYgEfqnm
14536,0KKDGZ25sxLzSIX1wyQt17
14537,720JADOBhlFWvcL8cDfR34
14538,3Q9tdhnJgE3ifASKVaJKGJ
14539,2vFGzrdIhMQO0MN0NtlvBd
14540,7kVeZcVIr802gL5e5lLWPx
14541,0rm1ka34ZplDKGSV05XgkF
14542,2WzubBUQcauu7X1dHmXkUy
14543,4XKBoqWQjPdNM4t0znWu7E
14544,4jFrT7pYxXC1IfRWgkzowq
14545,4Ypc4CISFdkHHbOrrKQtrn
14546,6N7zAvk0oqHGLbAOShoDxS
14547,2Ug5fci43UAHt97rLS19Wn
14548,5Lf5L18FGeDVHqtwzlv0yZ
14549,0gXHsmSYLSyhV9IRPvD02V
14550,56nRvG4Te0dtmgxnhJBVm7
14551,70kNCbnUPQpDK3ksOBLCzE
14552,7x7Cok1n6usQ8Y32LdO0H1
14553,1tQVofEENZ5srgkPVk3tTn
14554,50x8lSdJcpw6MO0bnd4bCd
14555,6vcU1RHexiwmJY7KsX51Nd
14556,6LD1DGfg1JCvQxL1sxgUWi
14557,6Wv01TAWJ1mJDivryAyPmC
14558,7GswRwV5zQcMsys9niOQ87
14559,5ewxaF5cInYvQ8oeNKeN6d
14560,6ReM0gZJkhAX0FTiCpXodm
14561,5kyy5Z6U4RiwkWJtmmuew1
14562,4qmGOZ55J8XfSTUCFlmNhi
14563,5tSeJ2PK2TZhAxxDT9QVrq
14564,3K2XoWLWdcvI0w1YuKI9dd
14565,0UQWvGjr2zKYqpw37MUqR5
14566,0LXrsPby25KE8HgpEpz537
14567,1Tkp8OKBCk8bhkKIPI2Uyg
14568,0RU8DZzOPoLgZzEa5wQkq2
14569,6B2uIKZjhLjXOmw7r9It8k
14570,6nTVR9CtUqKB5RQ7a8dv6t
14571,2ydLiglhbmhKeYFozgHxaT
14572,7wLy2immx4tw3qgiH7ZogP
14573,7ByVvU9rtvYCva9enqlutJ
14574,3fnwHmA4GQoBu66fT6REkB
14575,1CjjprOosfki7TQCZvLasa
14576,6lQzNJLgIn4uEK4NUMUcjv
14577,48d1ozX88qP0mm0EKhCIkQ
14578,78dIdm0RHKBI7dVfbJgUFm
14579,1kyqgab6KnzGOTeD0OtiFx
14580,0RjJSBBEolCDJ6wDiuVCmh
14581,50BnBMAaNwlFcedkifEjxi
14582,0GRQrPyNsxmk5DdXAWUZGJ
14583,7Dn0NotfOukHwEs7eVrbgx
14584,0EV40O3Dh5OlLFjYCDC5H3
14585,2YtWFR20slezIF5zDvWcSz
14586,5m1SWA6pLyPOplbabRixh6
14587,64JcvWOzrzCamipfRImQL6
14588,4QRnUdlUc4LURxWEzCjOFW
14589,4Opt8AwROn5AXMQ20mNvHq
14590,6fHXNNdf1a2RmgmTrjWQ78
14591,55pl5kwDzf2vj3JclBxTYE
14592,7h0ua2NID4KBYNjs401sxT
14593,38UTUqqLAtgMUScpxUSNg8
14594,6TYpPv7dSIh9mEnFOyMVJv
14595,1z2xo6JexRrA8R2PIDOJPW
14596,0LdJhkdjM1JkOPZDYUZkWy
14597,3hpaZCdERLNPEtq0Wq4Ivg
14598,7j0JiUpuwvPQDtBinFct6E
14599,6D5ahExQvVjiA2PnNtcPCb
14600,6OQrmEIK8KOOVcSoSaEo40
14601,4FQrYIjr53MFdQVP9CoWXA
14602,0Cwl389eg6mvLxcaAbV24Z
14603,4wodVltA6UZTa9yTNZF2P7
14604,06CVBLjXz7tioPGjqiRqaM
14605,58FQyH5jqb85CzURK0qxrV
14606,2kr2FxGrDMflG8Q1K6Q1zd
14607,4rWXr3waTfTvZfw023dci1
14608,7vj3sgi1WIeyEUYU0sQATO
14609,5qhoHOCIOdLAJDQ7iofi0V
14610,4X47R6fOvSJJlslB9ahAAx
14611,6RgaGXmUxJeXOsb2xSPzEI
14612,6vovc1T8RqVWzZGMUFv1iV
14613,5wOD1GjxOE4ePx48BritEb
14614,28ICKpL8hIIioGrotj9V5m
14615,2pLhD4DW714Rh6EeLojQrf
14616,1Aa0P4XYos5nQEZC4QOlLs
14617,1dmph9kxaIm9btfmCT9r2c
14618,178xO8Mvr2Y6OSfMQVWVAp
14619,5u2B9gUoHoe8UYQiQY7ZyC
14620,2TG70t1GoOA8FekuAZBfXL
14621,3uMigZrW9l9De8roOy6CAn
14622,5iNtgGwWWV1C2CV0nfMvX7
14623,0FqpaeCOTd3tktCr1saz8x
14624,5Vud6IUzLEIrtXcUIgMC74
14625,4Bv2nHHUvmO6JSGqsHRKbB
14626,0hsbS7dItC8INAEFg9lIZ8
14627,1UEzgw4cV7Vni5Os4DDh2B
14628,6NL8rMMfoTLJacdIB60xuw
14629,2HuwVcuOPdqZgRG9BynS2d
14630,2wIujxyI75Z6HQuq0NmJiR
14631,784tUxbLD1Ys0gce3t7C0A
14632,6q22ySlGYH8PEcciOeN1Ki
14633,7LB6xhGZ0jCbP3PfUDA7yw
14634,5ihOmnVpTGIQPcYeo2bP6K
14635,0rG91azBT0hVZpcdY4sMAz
14636,5dKOJQ2ZMLcSZgwP5vc7vs
14637,2YZZ8qsDdvC008LgtpMoI6
14638,0BhRD6FcIL00dzEwxZBsA1
14639,1MLqNz3GvnSayMp1ZenSW5
14640,2uBfIdAX2wn7I3jroi2BFA
14641,6sTrcLZfKSCFBbmqZy6KcA
14642,1rK1LpdjJnDs2O0WQVKlDJ
14643,1BSbWyiqWDPrKFznxsc9OM
14644,0k6ky8E5lVd7Aea7L5Va5j
14645,1i5PCLn0hOovK3AuqiOj7s
14646,3UkKKOiyPuyXq2pclDp0rs
14647,1VclMTc1N2JvNQ8YEw2inZ
14648,3HrXjGe8LIV4YnBQCfrEiA
14649,7sOtLB5pwbLOa74X8g8BjK
14650,4GbZUxQplARzZl6BrgKbAq
14651,3bXiWZWR3CoZbhcsqfsMNa
14652,3bjDARFthrb7oJe0XuJLBb
14653,2nqIJGEw5jcxW2eLzPs2Tq
14654,6kpCMBlQyR6Urfv9NoFyZ0
14655,0ofRwG0MJWEPeMMvL1meS8
14656,2ZP57JILAcXZgjGlNDTzuX
14657,4HCugTrpZ4fBcTF4tQW1Fc
14658,5Dr5M31BX8DYg6V4Qgk9Bw
14659,7t7U23xTupPpfGHjcg96WP
14660,432BSMUW9Xh1NsKRni2Gyw
14661,72jA4yrxxWkefvFUujVaN7
14662,46n3NBM4nTfJ403DJk15tB
14663,1gmevzt1F99VdMOGfy3RAu
14664,1U2FoDCGC1tJ0ddVBxA4xO
14665,3Z792UJsk8AzUTbbo4kxqN
14666,4rM2n7syW1Ta2oMqgh8IJy
14667,58drJqQEBiK6RgHv7ZqTMx
14668,4liWFZ4zhLfJ5Sd0pjNbIv
14669,2O2l5DJirlZAwLwpOAVbXR
14670,5D0wEq1DVEiWbWYAaMbSfj
14671,1ezcCNBWucveQl9CgUncJG
14672,76szWnvDvyHluBbzGo0gh1
14673,72N4TilSimptKWa9Cdh4hR
14674,49d8WP3NQPrfvwdvHK2W9O
14675,6I5SzNvfWtHPkYHJ9VaMKS
14676,14vExHBkh1prEAN94wZug8
14677,1WqSHlDcExOR5tsfA7Xrw7
14678,7tVBp4MN6kix48daW86hT8
14679,3xU6V29xffRRWTIO8N66wV
14680,5gAuE9KxgF9q7CukiA9Gnf
14681,6jm1P9tVG1n94uR2yvfi9w
14682,3vZHDED0JHCNjvYqPwhNb2
14683,4PyCIDYWo77EaN2S2qOcTU
14684,2gnhB7IuoaUbiOac0WX5nT
14685,6NQe2fDwpUoseU30Mh5Y27
14686,3Zd6sTblFHM3MZv22sqFsf
14687,0NR0WU736RukyMgy1rLadH
14688,0MoXAfQIplhbkqzE6FofAB
14689,1c6ajIUVCu4YMh12so2FOY
14690,0utaBxvfOf3YJQaKaBZIsg
14691,6lpj3rbt9OjQniJMYBt9wl
14692,2UEH1NjNHGsoEIr3GKLhNR
14693,6WpPmJ1cvM7Huqls0CiRKS
14694,3L9e5S18mRuhJHTrpRYzuW
14695,3nS1R8OY1dpOrTJEuOxOQl
14696,0PPjpYlPGj2w6ngLpRe1GN
14697,2jQrtYfuGN1WbKi9d1BwGn
14698,1CuCsgjbnhoNX7aboR4WxL
14699,15o4fVcDj5MPYpK4E8TdZU
14700,3ehRjbxXkCC1B2wTZn1q8I
14701,0nx5gQ8OhfYPQpQ3udfz8D
14702,6rEPWqLA5evHs1iEmI0D47
14703,2mlUOP2TeSh28nlbyQnDmQ
14704,4wRBYUDUefLljzd71TNcrS
14705,6y68RpRAlw54eDD9VF4Kle
14706,0HGDYdNUAVYj8BxhPdMktH
14707,1mhhgEfuEGW0EwB6kNuzkk
14708,0jU89z36cGuqZDCGXtAMzZ
14709,1NBogIJPGYfOuR0yKKqP9a
14710,1R3KcCo3CV9BkPJiDXXUzQ
14711,4Jtv4TNTJMcuTELVJWm6Ui
14712,0WLJfk8WyxT5rcYCcWb08H
14713,2HkxRjEKC2BaSkJeRBIC8Q
14714,5Cs1dHyTJI0JROEHRcezdw
14715,0dX3yDds0YuTozsgQftpQ9
14716,63CXPpiEiW7JnXvZ1cUXcp
14717,15ryA6NGMbP51thG1V2Dd9
14718,0VTDOr2TTKXeTAeXTfSLQH
14719,33tDR2fgkEmlZKq6AKdIUz
14720,7DO3h7K7orS8yZR7TJysYI
14721,0Fvw3mm5xy6CgsOWJWBs8s
14722,44zNwS40IOUdIa3Qdbbo6m
14723,1P97c8tbbNPZKe7NzVRlc6
14724,1nBT7CH7eNLyGNGvV7qQsz
14725,56GDThWlfMvJ5wmGT4Xy2D
14726,4ONbWpW8mpeFb7Hi5VxNIF
14727,49Wur2fLFOmHTtt92szhMd
14728,5N1o6d8zGcSZSeMFkOUQOk
14729,1BZ9bUYt4fsF2bLVPZp2aU
14730,0kfOPa3GBpZ5l4Mpucpie8
14731,7MQXDt4rMP2VR1MQjq7LeS
14732,4VXu6ethrmhx7v6NSMZZtu
14733,23STx1IIxNhpX6sbANkcwa
14734,7fbkBN3tLG94sGlDv7qk0R
14735,79bc8caC9PKZYxo3B6iHKn
14736,4ihFqYnU0ZR6m260zYXTI3
14737,60wEWVr29fCjGfFmezjbGJ
14738,5TyVy3CzDy1xpHaIHImj8K
14739,5HOzPIoK62HD5qIIkvwYBs
14740,0C76hBDYVSxcQwfhvBL4yu
14741,23pzJzIqMj1LSlFt6VH512
14742,3gA6Lv0vMCS7TQCtKx6DTk
14743,3MFyER5LVCQNaUtipifGD7
14744,7kWqreB7WyV1gyycazEctU
14745,4MOyIhyXfmPomtsb7tcjND
14746,4NE7DjMTp8Kcu5RLdf9bjL
14747,71CNs2lsyym3fcvuawaRFn
14748,6xrDkggehQtmbXSYPnQI4x
14749,62YmnZ8l3kUfG8Feq0oUOk
14750,2pVAAsdD2hHld4Us0x7FVD
14751,6LVvlj9lLuyR9Qg4HryJrI
14752,0Wlq5dkv0UR8ZULdpuDWMM
14753,0RxS9ewuTiHP4qWLLoNERI
14754,5AXRD92G23xE2RzGeFaxmM
14755,6IbOyN1yJoTPOKKwvZjuYQ
14756,1cA4O8sGOVFRV2c8OlJ2T9
14757,3KiPoO2xTwhuILfsIJp5an
14758,4Uq3HGpqWDbErOR6hHbLxM
14759,5TKODCVIXYmq6pXsv9xf70
14760,53tCuCdkP1EIGhK9Mmdgmv
14761,7dnKWTD76FcA8tv24mRdIG
14762,1Q9BAEptV3nrj8sXBHU70M
14763,1kMuU3TNQvHbqvXCWBodmP
14764,3F0N9DZ4icJgKDr3U7AtEg
14765,60GMyiG2UszqvPn88j1HlO
14766,5Z2KU0DDeEInQYGvDlMcO4
14767,72wVTIQxz4dS4bBFkFyvY7
14768,5lx25RIjmsRwpbYVjMrksE
14769,2HkafRtLjXXsot3Lt9B0Ub
14770,3JihoSxgCdOkMYCAdXcXSr
14771,2UcdKA9sHKZojrz4DEDswt
14772,3aOwChDas8NYBkl29F3Cq9
14773,7vtRiXX5wCkCG9FuDPOAbf
14774,18dH2WsEIUmarQbOnsrCna
14775,2BRuFX8UZhaBfJ5c1XanSY
14776,1NQCQj6x94ZBEPSODneBHw
14777,4Dvvz5EwdwQaHy05eC157o
14778,7tgepMWi1RQlMLyRc7wQNs
14779,58NE0639huS0DWQAEKXsB8
14780,3vetyGs0vfHn5BE8LpsElU
14781,6MOnG7a2L7pEcLxznCLqDO
14782,2yGwfCAiwnMxiSI63mQ0Dp
14783,1Mc8TSW2eL8o0vDF4PCfph
14784,5RN26XiY62pUSX5RCCsxj5
14785,3dopATahEqGdQMC7W7J1L2
14786,78CCQf4q1XDiBxNQCU3Tg4
14787,7A5Iav5w7aHfqW8yd6MM9F
14788,1PTe9AvIirH7c60Vvo6MGp
14789,4AjBIRQNZDDVB0MrGlQHvB
14790,1pUOpGZVn6xyJ6r3cOcAYt
14791,50YQFbfIVk2XMnVFKAuuib
14792,44fTa1co7zmof732liprRg
14793,7pUlglBuQy798j07VtUrbj
14794,2M6hasdYD3G3BoBQfV1gdS
14795,2VTtxoSgxXQS7NPKSpDzIC
14796,2TiKCps4Nhzw44ckooHHrB
14797,7253VLadYtmorAt20UfYHC
14798,4RPmXbxnwT0e0fJy7VWhk9
14799,0iPPITu50U2IqbWqOjg47O
14800,6378iThNQ7srtUS0A3Rvin
14801,3VHNuIXr0uRzVFsw6kNFPW
14802,5VHwEHR0IfvV4f7V7o0qnt
14803,361wxJRa6M2sH1Epy2MAC1
14804,6iXBBMjGYr7G9nhL81xpHd
14805,1nEXARsOWm83todEO9px3Z
14806,0oizPHjScojDrAKwBPQ2hs
14807,2c0uBgJ4fuCOiCrSNyCxa1
14808,2igML6d9AIeqbkwedcdzyk
14809,2cgh1XHuRu7dPihLqioEn7
14810,14pf4eCGoNyV2rABhiLj4Q
14811,0gGcxqdc9eJGQZstHKbyGt
14812,3Kns8GpzUvs02lWArEHaRm
14813,7BB71aT9b4rTHlGKVRVovD
14814,3f5twMM5pggkgXw7GsrxHp
14815,3ICFoHkvrMhMpXs2aetjrO
14816,2voxNXNNBb6Plug4CnO1Rv
14817,1kuZMC0nSk00kHfQNhZRjZ
14818,7ElzMyUEBNDHNXTS4EXxkJ
14819,5VBEsY4zJcWbQAfxa0XF3Z
14820,4w7NUfTxgGXqA0fBrNX5cT
14821,0lcamYchjAoGYH7Gee8kfK
14822,16jNlLzEhCMu8FNfZDI4OF
14823,1C6kgJEXA4rUbO4fGAlwvk
14824,2vT0IcCZAQNwvsI52jAM0h
14825,6KCgptqZJV0wec6LATUUcK
14826,42mTlAPy0B86NnI90tFlKX
14827,3oV2RVOmwdWdf9BmGS4Oad
14828,6LdWcN9dhThZ8TnUC9le4W
14829,4LDTO3LZxAkWqopF9ox7Bz
14830,1LFBnLtrMN1xlDXKU0hLLC
14831,1rB5RVav3dKGJVwquqPXOK
14832,6IBWTv73pxGCRcl2gMW74m
14833,7AAQkfi0QaWYtM1SoYJaBL
14834,3oGRjCpV07tCM5mrYv6iQA
14835,0Xp1aRE7CEVkjTnbMP35AI
14836,38gISRV6lcZce1Mx1xZt5c
14837,5df9bip7sxtpGd8oeolZ0n
14838,60S0MHNzjWWE0pvfP31ffY
14839,2ZTp176VMqvwwcQ62AQuCk
14840,0whCNZKidgBNhuPW41vYpg
14841,1fCljrb3G89vM4r7IODR8A
14842,46mMjdrfaJicOdrOA7NtBa
14843,0iDWUJS3iT0PSTUH8KCLxv
14844,4tvjWDTU30x81byND6NkuE
14845,2KQ7j2pBk4L3DLOu4ZjEKn
14846,2pbWkjtGtjkzBdZ95GFINm
14847,175xgYfflG4Gpa1C76U4lw
14848,36aS89QHtfR02T1oHRBOe3
14849,1mBchS6jwuB9obEg8Qu7zc
14850,1E4r8aMHDP3j2tq8atKzzt
14851,3QXcSwYu2HlH45ZfV1cCIw
14852,1Jj20pkfkccJpnzgroF5rb
14853,0UQx8veWkIYRHtRVHu6psY
14854,0XzyXP0E9jsoOwu5Rd7hTV
14855,7rt8e5rmNXJ1MifQF7aZL0
14856,4YwGZO2dLovCrTJOlH4JOM
14857,2F5nK70URbVjwao6lRwX0P
14858,6alWv58euHkEyt4yXqUqLO
14859,3vUtZfjgmQWrlXebjZhmcJ
14860,2Puaza8kJb6ChvV4ynXtUP
14861,5cijNGFvq76tQUzZElDOCA
14862,0jREQOZ2lxTNdWzLujpT0i
14863,7DU5njaNENtsh0Mdf0E9Np
14864,7slIkUpyu69rBbiNalWAiS
14865,5aUDAkppoCGd5yBO3sySTr
14866,5EdYlCWou17k0N1PADLKfO
14867,3nHfwbyFuEKrfWY7OArGYP
14868,0xmbZP4ZwecZcVRxOaWuKE
14869,7d3YcXq9tEnjBRuFuKSM3Q
14870,53SWruu2M7zInB13LdOGQ3
14871,48ApgS9ohpIYunWFuwBnFT
14872,2wdyUIiWO4MsEeVhHop72L
14873,3bNwivoZMBQJ8cc6HN8I73
14874,2lp4ausjzibLhmgsdrroNK
14875,4UdQXAYugEQ9VUEa78Mh9X
14876,4Nc3boqgDef90JZk0hfEnZ
14877,3fk5JRTD44hZZYUPTdz49z
14878,3VrjgpzoorLGYfaOXaOXOT
14879,0fgLB3x4AqMd3Pgdm0j6vD
14880,2YwQIyRaVECx4rLTtZvFSs
14881,4bjmavZHsSA8SZDX9I84zP
14882,1SkR9g1l9NipSZhZPJsbOT
14883,0SDMic05nwoptfKR25YAP2
14884,0vqy9wH3X3RjgrnmGaHfIW
14885,1BDkd4pLiW3ZjNMH9aC1sZ
14886,5CAwQ55LNqwxvIfZGwWsy9
14887,4UAPxdGgrbJjht2mwHnMUu
14888,6etVTHy2TdTKTpfFkIHRZy
14889,3GgAUrpoOnN841ff2BEpmp
14890,6pS2frUb48W3NcNnuEsX4q
14891,4mSa4FTQnnlrSMkbHUdo7B
14892,2r63hMQCds09Rf30DrNTav
14893,7okdVWOJhwdlIG2ir9IspG
14894,58nC3PNKGrqhFp5crxQU4n
14895,6SGXU98mTVul2Uzt0UpWxm
14896,24KvS3ATzdeg8q30peMLgW
14897,3NyW7j6R055tb6Pl4jbas1
14898,1mu2KA0H0NeOxDzc8cwWdq
14899,2ZIJUwprFZrAaZCRKYfAno
14900,5YtAxW37YwYbfWaIG7oQrd
14901,25RxZw46RfYpVWMIrIeZDS
14902,6jQvULrtOtHpKqOVHVgv0F
14903,3tetL39HqDX1sPDjfpGUkn
14904,14d3RuAAffjuOvXYFD5DOT
14905,57gXKR7vHWbhVYe3GFJ7yv
14906,1W1wxzJyuHRjtxMPMhqufs
14907,2fJI13TmOoQPibXBdsINmW
14908,5l10joOI6MV5yiG5XBBKmp
14909,7DZS0xJTjlA0JZVkqBAWVu
14910,3dCZm5HrG0jIXAHfNkg2H0
14911,6IAOkZxfTzpRDL0nAAynjq
14912,6UcNZRQWV7NdUoJL11LVZT
14913,75qeBs6qCqv05JXKL0FYw8
14914,4kT7LXt84nvSIsdUbJrml0
14915,4iQWO1GpW19ZDo8vtMkomY
14916,1BjkI2kdzbDy8j2Cum6EXx
14917,0ZdJsJrZGoAIvrmaW1uYPx
14918,0TjqjAJpzv3EHrsEelLQGZ
14919,1PccBZ8uixWIvOJiIzeDvh
14920,1WtZwH4p4fPWmTsXa6Zng3
14921,66IBbc6E45twaH8gYQtpUZ
14922,6woynCXxFWKmoMfqGBb3TT
14923,5vCxM5zTomR4Z6lneq5MDQ
14924,0mIIS2VhG6h51g11lZDmVt
14925,14oR2qYjSCOJjv1c2TtXIO
14926,1fFNSZQFnnPMLzGYZfs0jk
14927,5Tulmcflqu4qFRvQWUvzBb
14928,0ALyLffxztZiTBOCZS6uzh
14929,6iLR5xkwwPZ7zUYEvxOif5
14930,4xk7y1cIVYscGG1VZKPRPF
14931,2vtyPNXTTkwiSUEVhFAwjg
14932,2AsbDTh46sOGkttKj3XkuC
14933,5hILPHdC2R7d4vtDNDnxgV
14934,0lwi3xjAYl317TE6e4QOlC
14935,7cv28LXcjAC3GsXbUvXKbX
14936,57gcwuMEjQcdIItA7NbZ8N
14937,736XrOvsUtOpuyLmPdjuG3
14938,30SatbQt9DIF8hyYemyRYJ
14939,7pdZitJZTgBuxrE7jRW6yG
14940,70VMeWzaU1fqrwRuHMI6UN
14941,6dxr1LQLcU5ZZKJtBImtqh
14942,1CcDXOd12WfDTpFb9zSQOz
14943,1NCgVLjEA0U1fxGamniZqx
14944,3EnTPZcepdBZhiskGR9clC
14945,15T7fzRQOdntJ33AL77Q19
14946,63coTnUMyLJwJ2BoU90bsv
14947,7csOKvr1XF8wU1E9vNYVK7
14948,6pmLL6nZ87l0ztMFi0jjno
14949,1yeUcA8cGzT2Y7Crt9hqXw
14950,74CZzZT01nMC68vXnS4r8Q
14951,18Mliot8The3GbWWzPoLWX
14952,4w7RuuQAVP0JXlAom3z1aC
14953,0WlyaiBm7vK1ZKCqLbS1Ei
14954,5c6BH2YlxkVeyMWgOBdmBx
14955,0zmhCSN4p7sAWtwhuc7TFM
14956,1Q21VA8HYwM49wrlh2fkg4
14957,1BMtYkRdkSpFo5YDkUAxYH
14958,2Yt4OAEhDuGjEBtVMPZDre
14959,49Mne8yEy5lcnVo2hrK316
14960,7KxSdXHCr03iWbC2XDkVJh
14961,3OLD4pHbtPtGmlU3YdLjaW
14962,4XxmtwfmmWKMJFIaf5KfF1
14963,4WpawRrVBCjPtmvlEmQdmc
14964,1KJSyY61dglJHGEUV8CdMm
14965,6hv1qFx0n7y802BuBP7NCc
14966,4BrKm8wEP4eMsCZY6ZsDwh
14967,5nuaEcx1SjyPssfmZzFbdl
14968,2l2uCnjZKHRAts2qfdfs82
14969,2XH2w3lHRhbZ9D5lUjVVRC
14970,3ow253qGfZ7sNmnI6Qwz2C
14971,4WzTpC2vv0hOvA8P2hXAae
14972,6HpjJaxJki9ubKp4aXow8b
14973,5tfd7wb7pGi3IKRq2bsDER
14974,7f3ANUvS5Dc2eTDPKK6SwS
14975,0LcSuLxn3abxhGh0zRnfnP
14976,3IrsVKEFrRtKHejrrfjAnj
14977,6wRH2lAr8v0n1prHEwZe85
14978,6tECMQ7VYmJMch6id84hGI
14979,0sESENXUOqQJk7EZjI781s
14980,1oG967FC3aVAMgEcZMyjlY
14981,2bppvcuQhuMcJZHtM9So7r
14982,4cUh8OU2mcc4O3bJUYPmPm
14983,6KX9OBcB9yiCiu4deWRPsh
14984,0YTbw2HncLj75ZdvpylDww
14985,3x8ye8Ci2oLZOnlKHFDiOH
14986,3lnQWbtIZrfM7PozrhNxPd
14987,1RPU2cjsdrTEPeQYeTJUXA
14988,4fmtlw0I0sFSLfDHYKaK6e
14989,7q6u6JHpt8QRg4yFTtdKAr
14990,4wox6emdE5yzgiyN3evNmd
14991,2V7G9jYFB0dyBswzHn73nn
14992,30yWmA5fDxKjnZ0q2FxBdY
14993,3q4dy97oMHXnpk2BTkSni4
14994,21dOHznYE2sHkUePUZiEF3
14995,3ZHGDLNa52hxbdLdboGozU
14996,3ehSBkHj94gQNdWrnaYaKb
14997,2sXWm9aau5alAxKifepUpA
14998,0fmFaUlKbT9TDWP1ASZs50
14999,1bfIHbN8O4UVn42AR1wMhe
15000,0TOCRIo2NjnhVLVQc1vdG6
15001,0yGDJitHMddYpQN5EFrN59
15002,3F1zY2rN3THsTXB8mIuwhl
15003,4KDPRGUnpaLhEUBSril3VV
15004,3vSfUjrxeXCNpH6K2Y938b
15005,3xk5ewCqdxAW7RRa0wCqzT
15006,2WFmJ2aaBLjE2RxGRbRVHX
15007,4bvi8n8Xa2kX0UG02cvuE9
15008,5cdvyKY2z1kySEnUKI0VuO
15009,0ajX7zNl1tNY7GvuucArKr
15010,6PX6QifSEZPs864q5GX6PI
15011,13Mu2ohDJ15TJUO6RdSC0x
15012,7FlJ2gKBgN2YA6ZYi1C775
15013,3DSJEZhKvNL4QDYN4ntbhc
15014,5wnlGohdtUsQz4O6BVTaDn
15015,5o8vqE25Ie5A5kRZTW0hW0
15016,2vWZZL8LsxzKfOXmS9lrdk
15017,0gn8z72BDLOUXlhio2GVma
15018,48F4fY1pKOTWN1H8q99dJE
15019,5VTckb8MCKolqj8dIPi8KB
15020,7i6D2xYZW7ozo8kg1thxgO
15021,6fHHbKiqWFSteL5Ki1RCFI
15022,4TQKvKtmAWsiOHGXSYkm7K
15023,1NTVmPyCUbYVwgeWzUo1b1
15024,2vsyavTz01KZk94Ui2bEx1
15025,6IEf1134p4yEzcHztPw6E5
15026,50zpT89hfM572x2JEsqu6p
15027,1vfFJOOjpx5z7clNf5pKps
15028,0a0O6dH2mTPitsychktAVk
15029,2BWKOVD0sPvbErJ7l8sHFh
15030,7aSxhMIWO0oeGbAqb9vve1
15031,6sVKLTghEqZ2E8pzAFQv0F
15032,3Srp3roK2ugmrjVI1bq7Ba
15033,2zqRGujjD7NIM0EFHpOBnc
15034,3n1IbkZGIxwP27kiE3TKtP
15035,5RLMXp4oKQGyeovfoqP7kI
15036,2S1l3abcPRAYb0ZnsNL0uO
15037,4Ukgts8jEXRnQkC2Qmem6A
15038,0YJYN8WtaAPANXlKk3bhkM
15039,7wOrnGyvQLNjPZBOp2XrDS
15040,4FXaNoJyILo1Az14i2oGQ7
15041,0Wq4QdnZHB7A8Fg7Hr0wmY
15042,4ZL5HAjZBFVyycyVW3myWp
15043,7vaCrhxZIxIz4vxWPDQHqH
15044,146Gb8IQZOsHRRzp1lKuvy
15045,4pfvlyRu33YFPclXsOJKbD
15046,6xTQTYLIbzC0TLoSe2H4ve
15047,3pwDPFiHObAjifX50N8lgU
15048,0aILZ7olUHV5uapGrRI76N
15049,0STQmxKn4SduIw35Ej5Mj6
15050,2oYjZ8crSQLaJDqHgP3MeR
15051,0qlYPfEfpOG0DcqdKBvOBF
15052,5kaPND1mcl0UF2bWypTDzv
15053,07gsAWyHNZA4pUpJGDIqOj
15054,6TXtHJMVhFVVjXe8J1AdNl
15055,09ixyQNF20bjWpzg4zytga
15056,12CwacelW1dGLGj3qV1lD1
15057,4LHSawRmEQ5NaFItiVcdBL
15058,3qBCFtoxwyYIF2II6lXcvp
15059,5hReUyCwxV9WxiQs5kDXy2
15060,0qoB5xWxnkRS9d34h9z7Ur
15061,4dr5sJ1p6mdNpK3fIUz8vR
15062,1GeUPr4yJhCjkAU9e5Bw60
15063,5Ae47vORgZ2Bk6ZbPtH4bA
15064,6UgRexzaEjzHNUXLSww9Aw
15065,6JzHbcvhnuhcuAmX1ksOxA
15066,3bB1lp3pgNiB88KB6HXnhw
15067,7LFGUiaiet3tW3FPFU6Jns
15068,3G0yz3DZn3lfraledmBCT0
15069,5jpVY7MbCrSc2dNmdSTduZ
15070,5WnAazQLgDtpmMJtD332vS
15071,0CdKhIzLFUeKSZimBwuVF4
15072,43HCNzuz3LOXu2L60fueQP
15073,4P9VMOEEAROaZbRW0MN9qB
15074,4d5toYYR9BmOMO42kqrpiq
15075,464HG7mt7NNKtKY0Hco8Y8
15076,6wwjAehgpLl8YSKk3jwrer
15077,1wRZLcT8k5oQrf34dRBQb4
15078,64WPfGe6yuztvBLCV3KUHp
15079,72Ok0v6Cij6TJGfbIVOlEJ
15080,7FkBPnj0DYjMgEXRIngddM
15081,1DYajVvWikfyXr00qDQrdp
15082,2YRx8jviX9HnvxD0uDIOma
15083,2XowqvOKSl43yr27e5Njcs
15084,71pJAJpl1TEbEOBwgenfnV
15085,1WpXPZlEQXAwwY12vC8PYd
15086,0OvZaqJuxQLhntFRuuJxNJ
15087,7tnT775gdACqIUtPVYnMXo
15088,5yftPkWxksVGPSi21pFuJQ
15089,5EYSpobhxemmxtmYpDEg33
15090,3VNcTPcxqoVGa5qhUAevQl
15091,1Zhca5gd5w1kDLUtb4NxeT
15092,6A03khXyP46luH4N27TG24
15093,4z80Wk5401Bt5MA9MZU5NW
15094,2RcyQVv0x4bocnJJqUaYqO
15095,4RYblqrlDN35sieIrDLZAK
15096,0ETlphGR2pwqJk7OPvJtBj
15097,1EWE1uYIOC0IMSs3wVk6sm
15098,3ZrOQqp8OuykOri5Zul875
15099,6MszGZxe52sc4owTmjp0O9
15100,1J3aj2c8KMR5lgc3l46gXV
15101,6RIrttR34W9pLtZKbBi4dt
15102,27Wi3QSLDhGbNV9bbZVK24
15103,5MIvA2me2sR3jht4sBjsKz
15104,2g5D6AJAgO9TWrSwbjJQ9t
15105,4cCpGAUlYDh88uuU7pcdN8
15106,6gJXFx6Bi4JCZ6kOVUD9sP
15107,3YKMXuivrbHooUtf8jfEgS
15108,1ZnphXcGuAlLpw2lkRB9It
15109,4XrKWBHDm587nYp6Io33oo
15110,75awMBy6y3XKpmqpb91PFR
15111,39aowVnxyzMDZOmrgsN4MU
15112,6InwRCgZgw6WZ1xMUFd0M6
15113,1pEsPhGPye7F2v2UvnIGE8
15114,5X4sA6IRNzUdAOSpIlNShq
15115,0QYUSx8BfSjllERnnH0xDO
15116,42r2vMkqFTIXjQDrrJchiq
15117,3H8BLMeJCoXQsozaXi2xzy
15118,2S1k6q0i8lTj3VfrORMpxJ
15119,3iO3rn3r73uYAauODJ8Hvf
15120,4Q16VCuT2W5tOfzWDy4XPw
15121,1HJpeLvjjld7yMytQHruNJ
15122,0Xv9yWuCgLGnozzM95dwqb
15123,50zPNgLmYs5fl2mRHvwwpV
15124,1unYcdhNL2NwFl2kBSiaZ9
15125,0KYB3pkafQ4Fm9VtK8cIUH
15126,71ehrhyVZ6NDtdkYOWP1J0
15127,45vj51i9OOfdp5XFr3xBUD
15128,1Q2EA6fOBhpclvtuEnhLQt
15129,2qMMFpjYcYrSVHzEPJIxWN
15130,3tJ8mU8frKQ9gVerdBaBFB
15131,1BwfU2oKLAbxCYOXcjloGc
15132,2L54kULYEw5xk1hDCuz4Oj
15133,2A9l97y2kmxRYktmsQuakh
15134,1UpeTGTAwGCt6hZlY5g0UO
15135,3FPJzNKYNFSCEswrd8l4bD
15136,5n4TPTFKvTBGzig1ai6os8
15137,3JSxKlxWTriK218L3yqoLN
15138,6nf5Z4baKfrb9LX0Jn3xof
15139,5MbWZ2ykVvmpV06zVDb3dO
15140,3L6VH20uObrRR1fCxeYFMz
15141,23pmV7J6gyfChGSlwk2TRi
15142,1spuPq1qjoOnnNp2cS36jK
15143,4GprZcKZ8U6GBMXWVmkkWX
15144,1P9x975NMqS8ELM8utoRyV
15145,1CyCLjaKx2Jj47wYGlpQ7i
15146,2ZffPWvvDaI62YZCvuT0w9
15147,65DkANw3hdK3PR7lg9cig1
15148,31b8i3cHlR8Yf9O0ecBjz1
15149,0LiWmFT5tYWPl7HMA6q0He
15150,52T030uyfOmy3Rrqo1J0mt
15151,7l5tQt8HE2UygrkrzNl959
15152,6za2vTz4xKJzNhxJGi8Tic
15153,1C61pWO5nKbwe3Ndi1OzlF
15154,6eFKViti5QdD1CB1aqOByB
15155,6rOhRpCeWjFirOXT1C9KS2
15156,1vQwL3HqBWhWfEyFrfTaId
15157,0SEzO6KHtpP4JnJKpACW4n
15158,0fAA1IN49dC0m0v8L3gNDC
15159,1xF1lCDMp2uKfDm1J0nXVE
15160,67p96tIoC4ESrod9kW331R
15161,7kCVKLO70JiyH2ZVGs504r
15162,1glTcfHFSKRivmgOtvgQ60
15163,1VKsbTJ78G5bnfyoPz46LA
15164,0dPOazzVws8CP4PdkrDbqw
15165,2KSpm6frQIkfgKiiS33d2z
15166,5BcTA9PkwWgTdOE4g6D0a5
15167,4Yq9RubzDEj7b7d04mTGxm
15168,3lK5mEBMx0vR2of6mzFApq
15169,01CzVkTGjrt5GEn06DMK9E
15170,4DBPb9MH96B9LFcRHZd0t9
15171,6BwLQxG3MWVW240OG88sIo
15172,69YSvP5hAOdA6UdAAxnDLk
15173,1s7y2Ija89Y1eEV4UkCaL8
15174,4QOrAbC6Ynl82zRHQi7IMy
15175,0IQ0qn8a2TN9Tmo7p5KmUs
15176,5qI6n38ZwgofuJMVl5kNwT
15177,3z2b6ClzeKTZwBdQAEyG30
15178,0btC3KuG9LFpyPb5w4Xbda
15179,6cqxDqWwB9o3j3eHMSV2mA
15180,0816krR5uFrOtiA1XSLh1d
15181,6TjjZllUyDPIBiFuHZSVtm
15182,1eWSItrrzwu7P5G4sMo6MN
15183,0evPTW5YgLAHLbAnHFR67p
15184,738XfkZy4DtD68AUm6kuRp
15185,6Ol5cYjqt8ps5amYtYhKIK
15186,2s1LwWGa7WYHT2y1I0BVnh
15187,53R8EsS94kS1SNaHWProXS
15188,4paYScrz9be6dfU4vwJPmc
15189,2nfym4zO5s8wLE6wkKViU4
15190,7BeqHzgK5aYMWsIvrPuBj2
15191,4dzQiCCwu232BtcfI9gOPw
15192,57in4bNQsgzGkg8RJD6tbd
15193,2fQANAik7jI16CL0FWHLvi
15194,1Du8YzJh5uYrKQ1VngaWDq
15195,6KC7KwbQgQM8cxoff85YrX
15196,4KpMuqwiCBKGE9hPx2jQu2
15197,2VlLjpZO7KfrF4OeMgQjza
15198,0LcspVKJxhEQQSvVMiTPWz
15199,5Yz6ym8pRwShehEFHPSBXv
15200,2IihUAyfZc5CoMz6YcqlHB
15201,74TVYtwhBJnt2XuaufvXcC
15202,56ys3vnzof78GFoD3lf09j
15203,4uliBZCsTQRkrYVf1UCL88
15204,7gET92MYmoKRJGa7wVYi9C
15205,1VUIukcvopPb7ZXVpdLS8u
15206,3i2xFNk3KlQqbstN9gXFl4
15207,7omRjfVEwx72dRDNWdFs43
15208,6xSaukPQWsSed9UakgzULp
15209,2heLoCwrsesmXpsLqC5qdU
15210,1MOxNo1QxLd8FSoK58tjSJ
15211,3VHNtJNVPazkHGpeGgpoOd
15212,4yzSNO01St34R7N76dmFpL
15213,7coG4n8b2d66dRW3fISdkU
15214,3Bya7Y845ELkeN0BtcbQwa
15215,0GpqtszGhQxQoVpVYSpNpL
15216,5TJCXFm2oBmRyIJklBDt26
15217,2rzGN2eI7TsJe5xzx9sOb2
15218,5u4YubzMaddD5cYvfNxhwG
15219,0tfpqwectDKcASfKeBlS5K
15220,4O8uzucFOdEELxut5SG1Qc
15221,3cfaX2K9Jv3Aj8joDU1Iz0
15222,47AJA4geNelnpulvvfZjdn
15223,0iSuhsKnrZfWERsH0WGOjq
15224,79WAJgiVd9yw6YdhhSCxQq
15225,1N0pdi5w3TlieNB0jDPsJg
15226,19km0ZAeUeEfeBHOFQLb62
15227,1W39pj3Z7zXROURiUGfXlI
15228,4NvWYOJAgbzctUtRhRzwps
15229,0fnTADkpDxvjA3v0Ss5bpb
15230,0E3NvHE52LTxPR2aqbF9v7
15231,6ZW4RtwOTIOA9f105cUOTZ
15232,60l2klsUm0sh1J80XuaGnf
15233,5ruR8T90ynLMJebd5wxcJL
15234,4OOSf6iXrfhkvCMMJGWE3S
15235,6P3WzQNuvCLH6W5r6eXsOE
15236,1uhmgDj1M0fXUcAquZoPXq
15237,0MMAX0S4jC7RHNBsBXT9IT
15238,0YUauo9BLEiCnQsRgLpIh6
15239,06BY7fb0Ztz7f7JPRWSBZ3
15240,4lrkLq5foTpq22dezRBEjh
15241,1Vz5Hw7jnGYTuXIHHXrwfi
15242,4FI0rdztOAYJZMupujL5Gp
15243,6SDAyY4qCtrsTbXGklYJB4
15244,2emxZaCZ0Er6GN0XIxjVhZ
15245,52NxseMlpEo7mjCCbOa2Tu
15246,0ACVuDaPeXpwxxEN4aODig
15247,2OyOFtPKYtHHUxFSjR8v0x
15248,4eZg5DzelqM8If97vNddFa
15249,3zlxFIzLINMPfwDtNiNYrc
15250,5Edwk7p8IuNgZnIWQfLRBl
15251,6PoSm31BJ8ZxhVL2v5ycq4
15252,0wOOqJ0XxtdKFH1gYjAgox
15253,5VeXfH9JtJMSYm3bSdGUQY
15254,2wkiIDEXYJUels0HbBkpvl
15255,3Gc3UaoR9bGv6Qz6gzSO6p
15256,0Yv9MDrnTWI2LjvTMCS0i2
15257,2ggJZi57ZtlvM8wag4OSxY
15258,5H4nCAMT63jW86e8s81VV4
15259,21SJZoN35oJCD2MS6PRgvd
15260,6mh297STv9cd5f66mu5F4M
15261,4BYyCrwvdYI3aTBPEOLL0L
15262,670s8HYq7yThlVXd4Ti4MP
15263,7qZqRI4eLHd360HKlguxEH
15264,6ZuVnklRe4MMJ474HOnE3W
15265,150osCBhxWBk7aETEqKxXF
15266,3O4s2m47MFhnGqmpkjoKYk
15267,284fVGdbsPtigjjI0jmKXo
15268,1lhSVCcPspFV7XAdvWSazI
15269,0fbCidWdpAakBxlmyJOApW
15270,0PJpf0pdypnygUPKBcKaGY
15271,2Hiy7drHMUh9apYeYGTQ2e
15272,5Zr5DLfEF2tCP5SNoxUmvV
15273,3v7hMuewavfpJx8sytJ4AO
15274,48FlJ1LqASj03juSIJtdzG
15275,1oG6p5Ue73whPJODUWTuCe
15276,2tuQR9vyBWZAc5yKk4EJLC
15277,4ocWbLDO5ASGSNjlb56sCK
15278,7aGVa9UUI1MmCuXoKOvlp2
15279,1GOv1mNsZ9nmNjnB9nCWLW
15280,7CTJjz2Qf6v5tkxOZPkBsF
15281,5R4fQ1NbJeBfgsK8SpBFF1
15282,7CerhvYrJbLYztSMVSeUa0
15283,7MUmHyZeGM2IVrOpn8RaPc
15284,4HY0qrWHzVIZuoGRqyfFhx
15285,5lnGiwapQsX7ps1McClxQw
15286,3rjgOeWUEth90mFVR82WtG
15287,4mWqmihBqG4EBRe86NheY6
15288,3fDcPP0rFPNzRU1RDFxXrK
15289,0sq9Mr0YjyD0u63xMsDVSH
15290,6A36lsGevcFdVPIUBOWNWd
15291,2QfjV18pg4Ye7Vo4TsSobq
15292,5TdzpGYhNazZxvgIriJnd1
15293,2oIM6RaVRijAtqdtzBHLkg
15294,5nNkwLvLBq2WKL0bTri39y
15295,3tHkQK2wPCmv6zNCbMjxCr
15296,5rc3HuQTSfUQ4UKRoqKsxe
15297,5JEhEX7jntiEOsTx0ZmNDL
15298,4m5neF8aXU9SFSTMikCH6z
15299,0vfyKgLNKaseqMaOrS4tJt
15300,12casvCMw2tm0jl6tY93uY
15301,6Q8uX6NfLOBjTgYh6ulMXm
15302,7oX1dvH545HfvpLdnk1Xbr
15303,4GUU2BvQf8gso9q4bo5SBj
15304,2RkmaWke8rNTd2QmcgfAvb
15305,3BOoEOCwmEw0c7C9UXGkwH
15306,2LRj8su5PjrGkbp3TZZG8D
15307,5vadbNZ8DI06UNQ64w5jMf
15308,30r107ODEMiFUEpnFHSGW7
15309,7KUnVgI6aBvhpQHXseEv1c
15310,71he7ShvDkKna60RozMqyN
15311,76mCw71NjJoyUzwZvm08ts
15312,2w0TyAj6Y2GrixT4oDpmHo
15313,1T1dL1c82GBolemLNPjHxo
15314,7ePHW1LrlLIhLefNIt4Ank
15315,27rj1VkntZjGf3v7QPwzPy
15316,7dp9K2E1co07tytOHSGmhw
15317,3APdHAFpfiHqBYqi85zj6g
15318,2ZkeaeG3B1VFOI3ZJj5r75
15319,32vWmhDxIC9syNBdfa3tDh
15320,3z5F91L6IfDA5O5J08uIiS
15321,5OWqzswcHxnfiLa0pJX0Bh
15322,63FK2y7YtmAia7wYSRvTf9
15323,1aX3DSUsDgNmP8hOkGiEty
15324,1cac93cza6oK5SnbdXUOml
15325,6iYNjjEYZm6LQSOONvYXQ7
15326,3JVFcyyNNPeIdmpmoBezCd
15327,7FuPaqHaj0xI5MTwEi0EQ1
15328,4fd9CeQDLPnqyfvyWpR4n4
15329,67OkjkQ2YW4WVc1WJrTLsU
15330,7h3BhSLskTFm092Dzj9IFf
15331,3p6mDQTnK87qTSWD3rFXuk
15332,0f6x5TeAVPACTxZLEvk46O
15333,1gyQJhwpEpyMUgn5QZeIRa
15334,4AyUaumLrKH1uYHSUxUOsv
15335,4Nckr2LBLkgNOdMadwNAxc
15336,5N205aQZBdDHyXJzVj8JYx
15337,3dU6PWj9gvWJW79lbfiLdI
15338,7wt7bTF9Yb3UCaraI2BZyU
15339,25zKR7WiuDHNc3O722SjVC
15340,2XNU6otad9hO671r5hmCZg
15341,7E6RJ05OosW2yd7mv3EwpN
15342,2Mf7IZoJNoMxD3hIraUxKc
15343,5RA52eU5TWASv8hgErpAeU
15344,4wW6cuH688Nxg9YLChn9Xy
15345,6Go2qSMfbwhHG2z1PJDIwr
15346,34dY6F24RriV5aW7BQaZmM
15347,4MmiBCpdYhJvVU5EjNEnst
15348,2xySHNXr2sbj9n1esvnJFq
15349,6uHUVWJbF8G2GADlzfeDRz
15350,0g2XnkKghVN22yze1gTJzl
15351,16sMIQLXbADI51jr0isSYG
15352,0zz4FPbgPdufz8Fnmaicib
15353,58B8iUdKKYWW8K7dC9PJ9Z
15354,2vD0tbjOC7H2pzHX2qy835
15355,5u7cMsgFixxV8Ty9Up7ZeY
15356,15uz5Ajl3iByMtludpBNGi
15357,51MdR5DVTZ04VwaH0uaVzd
15358,1trUtYAACiH3cDsP5SWWua
15359,3ohupB1Wm1Cvcyre7rtS9p
15360,5THq6PaoknpouVWXSYb7TQ
15361,2GueknuIOKv2Sn7wL0C6KD
15362,71AcBdHroHMSmAIj2Bxpom
15363,6hzwY5L1CiJYbDq8OmEDRY
15364,28irpKCCK9nn9DZSik2zEx
15365,5UvYIgZ4kl56QB9WyjUP7R
15366,7Gyp2IWx8TLaF3RMSzdlRB
15367,7g20RmPV8lxiFgeZPePelT
15368,72xxIrai0ZfbLCDEYtDREe
15369,7eCfd3R19xbfPBOOWdsRs6
15370,3qPcrhoqSO00MDaPHfOmyV
15371,1wz7B02oOtrTW6SNLG0cSk
15372,7qBJLh6dIWI3k6q6rkig8r
15373,6kVp1iL9oqYoQqVrRJ52eB
15374,5bTVZToRnq3cX9rjiJm72w
15375,174qB4v9DmRWs9m8knPCbM
15376,1CLNWD0IK5YXc9KpTKaRF2
15377,291IQsv9uraExolqtoRczv
15378,2BSqdgkbHqrwnRGwBb2jfk
15379,0Z7vl9yatbuFI8yfVwLMdW
15380,3BFKNc9YZltqCYn7eSST4h
15381,0hIwdCyf6g43k1J0AJOsfo
15382,6lbAHGF1gUqZFI3A2LhIB1
15383,71S3QIyBSJiBeRVPeCKehm
15384,2q1KVUPMs9unSAKHFAaQFg
15385,6twJL4Q6eStsk1Dor45vKs
15386,5kuRfST1JMHsiZop68k2xi
15387,0mN7usMZ6ndPSIl545pPUz
15388,7jRvFYdrSYKBi6jNeECnAe
15389,1BngnmVNUFl6PkOjqHrAj6
15390,7DB6jHxsZrSqR5hy40TYI9
15391,2kqPEt1i8GxrBdTC0xpbFL
15392,3vTHX3He2Jh6gOLt5T2H2G
15393,1mkItcGzAIr7LRNJer4UwI
15394,1KPDAA9zyJXcEDvFW5inYi
15395,7oBb8N8RzJ2N4bavYnhNrJ
15396,5VuonO7FqjYT1VxSLjljwP
15397,2myre8mTEQXlkuaa9iAYdT
15398,25EC3dMOUxyXGAPAS0TQBB
15399,0ToiGF2IvFsppYxmxbBgvC
15400,4ShUAx14s7OONVG1vtMi5A
15401,2VGccYQjLwHbsVMKITw96E
15402,2ZIj3FMdfwc5NmkXWUsMY7
15403,5jgKvncoYlDJ5necre3F2J
15404,5OthZaVkwvySHzH3mygQxr
15405,7K7njgwPk7FPoSnGBqJw9G
15406,5PPT8gSAf4OrcGIrGOP0cB
15407,7wqiEjeVyQmsOTd6itQfm3
15408,2mijcmCvkvig8SkNCgYZC5
15409,4OZOtLWAJyBCkQFeIPw7ax
15410,1yNP1fbJNsYgRpmWP2maxE
15411,3uctU1ZYWYNg4tHNNii8cl
15412,3x2sFkMe8sWH2cgkILO7KL
15413,3ZbKXr94aIWo5Zzflzvi2S
15414,3RSLQbwRRyxPLRv10N9QM0
15415,3bYaabuNFAXzSOCIbhibbD
15416,6N2jkJNkyMAOTz1hx7GgDw
15417,3WSOOKrJmKEG4TY34Mg1yb
15418,7dZzBG5EzwxGKrWsWLgqgw
15419,0rFIfNcUifstvlcPl4eHIY
15420,12kZPPg7Ve9Br7mEtmVY1h
15421,4BzoYllBz7adpD3I1vPE8Z
15422,7ClM4ZEsj1JSfg0huWXFq7
15423,2mk8n0HrqGRrPMoEFe58vI
15424,0tUD8rDagSXPrAMuU5qLU2
15425,5fo6AbzgJOhmm4UmhK3UW9
15426,1P34ytdcXQPcck3ahFddbU
15427,6NSIiXbKzj1LPNbgFWeT8i
15428,6xwIVh6FTE27qX0Z7lZbMw
15429,1bLzYrWnIExOv4DQdohxm6
15430,79e5CwM6VkwrSSiopB2xjV
15431,3kvoXqnXbteiOEHZRBXYs5
15432,0fOALz46qovoM6XAvmdboD
15433,1V3FACySkvDIAUb27Ddb25
15434,1YLCqE577kp6HkV9w4U1nc
15435,3BpU4rsuT4viN8SdZ3bZtb
15436,2PDURpMX4uUSscnrAukB7X
15437,6gDLL171KDoV7VAdAvzHUq
15438,5lcFrzzEk5HP0C2S67VfbR
15439,6QcrfW4Hu7WN101kx5xsP1
15440,6p0GE9BJ9TP83gO73GEbpk
15441,3mFbQtZHjrmp5Eil8FLvry
15442,1niru8Cp9Wx8OpKRzsO4zr
15443,0g3l69Ovw435qFQwtz1SbD
15444,69S82K7PwFBFYB0DDpJflE
15445,0nFosauGU6ARw57fvQ7cgg
15446,6945NC3btRksVdFbv9gXEa
15447,0CRbS8yOZbEuqu2brKSFhc
15448,0HEYFRBo4pBLLWjXsAZjod
15449,3AS0svyS2eTB78pRbWpuBf
15450,2BOxYFakQV6c5Nx2dpKhvm
15451,3jxt42xKhETAQk31Ps9Ahh
15452,7MA3vBYmWryHda8Oc1OBpf
15453,14Rcq31SafFBHNEwXrtR2B
15454,3j3NSjdfA9z4RpyqZKzKW6
15455,3qsyPlPcXVd3Fv0nD3ObFv
15456,06nkKcOm5akccR6WCzpRfF
15457,2ckCEdqefxdVVw3T7tPHoo
15458,0dSDoMDRPftQsXohRGldGc
15459,2fKsmYFHjUYshPk3yvpOUJ
15460,4diFwqXcQ5aVUgMLHRxIxi
15461,4ZNPMcZhfAOL1EdoxQr9Za
15462,1fVmVDiU2bAj3D7ogkOzk5
15463,6uI411gHaNnTtU3dtBrCfQ
15464,5dohxCaz6WkuijMqZi5ecx
15465,3wMSO75aHi1FJnOhyAUgKZ
15466,1RVCFoON0bkGGu7MasbuFt
15467,1YS4ZzmJtaMDXJiK3XnA3m
15468,4nOJU5T0gSbWYQ7FAG4XdY
15469,0kkJxu7qFfMwgKwm56Sesf
15470,1Z4g9Nvr3ficGQafEgUNm2
15471,3jU8QBJTDS2SGBWq9m3ngq
15472,5i3ayzeLzY8qMj2u6BiA05
15473,1m2REA7B5oJpo6XXShhgci
15474,0zkZ7QDtkVK9exSbB8XETk
15475,0hO5AeUK8RPs32R8V92juQ
15476,6FLgb6YIzDICIv925FDaBw
15477,7pgaS0ix47UoKdBEqvgx01
15478,2TdViUAs70p4LdYSsgXLyQ
15479,3eECry8sF7JDTBdN3gnPjJ
15480,6OdI92IvoibUeatOZG8J6R
15481,65jxTo343ORwsnyEQSoFzt
15482,34W4NjAmgEmHPzXjzMISND
15483,6igXT2TeVR3aDvAKMHLFET
15484,37hNOaqIdLx5X1vxhOSS0a
15485,4OODn17S3edSZFNPI1TnQx
15486,4VZFXDtx8NnXWeJHOMzEan
15487,2YXoXNjQoPGDaNuVh3jh2S
15488,4t563NDANC3Xb75XgPedtx
15489,0e45IIYMs2KAV7o8bqlTZT
15490,5uc9ZPgiXuyeYGa1TzM3xl
15491,2i15lsdOIZb9PpuAFKO58Y
15492,5sxSfajurxK1jzBUzTLou5
15493,0BTlm8zgAqhAnDbYv2yPVU
15494,6KCY77AwBZJ0fqXuB43rGM
15495,31vcrKZJgpnKkdJGAJQDi2
15496,0yD9qeu9sM5HhKWzv8dZ5N
15497,41zeHKxTdfdhaAOVIXfR6Y
15498,75t3IR5gFq8FiW5J1MOjXO
15499,0A8EHEDiHIy78elLQwOez2
15500,74x6HB19nBv9iO9XWmi4lo
15501,6TCBeYNx8zRMnkKLSB5ZuJ
15502,6hYJ7Bosm4GkcrYAErxf2f
15503,2eOuL8KesslTLQERQPu11D
15504,5i8DRNsPtx8tWj1wTCgFqo
15505,1wyWTZmMkpNA6UixwE5vRH
15506,4ROIpecKhA8Nd2L5QPDDnN
15507,1iH2tNNsXtTWRZ9H8aiUOC
15508,6bZ9Q8uEYClaEBdVaeQZtC
15509,47UsZiH2ul5QWjaY2aPbEK
15510,1qzoBWC6US7szlOsIQ1VxZ
15511,5XXR5uPVOHX4XWom70SHBf
15512,0HVIC7Sj5JHxnQw3sRzs18
15513,01vdIHqSCCmYwK6lbkoWli
15514,0DABFxLNCAkCMC3bDTrcYw
15515,4oaPzAQMJQT0IiXfCKEfLR
15516,2hAyptipimxjcNMSemAN5D
15517,3We5rdGH1qlvzBL4SsvWQc
15518,2Cxfm5TKa0mdg6A2cJHVSN
15519,0VoDo4X2Ms6fjhdS4KbxRC
15520,29LYTUf2UBgXvUXKuTTNb5
15521,0czfM0RYKuIc5KIeSNzCSQ
15522,5PtNKEJLPBKrDdv8N4V8YE
15523,2NdJAPt8pOQkA5uoh85AhT
15524,3VA98h3B2xaEwkE1y35dwN
15525,5l1hF90E9O4QcWcgYlIt9d
15526,1Ri8AhtUxC6YQbTvucygaz
15527,5PmFlBzZeZdY5JpwSHRHnq
15528,0ERT48DtqB6F9ng2fp6NCJ
15529,1cBFW0aEJ0rhcgYtC8tQi7
15530,2OpKIoo9u4cV0nbaHCfGR2
15531,7tr6lnhnfbCG5KiBgD1qmn
15532,26zXPKUlo4d3syJkNwO5I7
15533,5i1dAQcz4i7uMWiVlM9YZV
15534,5LmEVLjcG8C7kecTBfGymV
15535,51ogbY27rqVdV5o0lVuKAM
15536,4S4ndwbAaz2Pathef3JJCy
15537,0YAZZhvZsHmGn0FqghONUS
15538,6oKM1tSrlc8n1dW7lmbLAI
15539,6ycoLmgYNoVamOC3cxYbaL
15540,0YJATLLtQ3vkNLS83vEtUb
15541,1yyoDwOBsjB3U3I3y3rF0g
15542,5ER1cE81K4i0myCAtqyepb
15543,0qm11A1FiIWnS9n0u3Ovz9
15544,2yLyMdG5gaI2EtOp4lBOUs
15545,0O3cZzl85YCklLpJSJM41i
15546,3a6PN6BRB8PP3ms48s7kU1
15547,72pTG1QwXTuUK903SJ7YdC
15548,4UexHrUzgJ0hSBegMjj8TW
15549,6Ei8DR0j0XqyuIPZN3kAib
15550,5Uf1Lw638mmsPEQFRmCUYq
15551,6BqWhxll86CGGE6WxgdRqG
15552,2kWVK6MIMVsjmmcnqYMHTk
15553,7nFIsRhhyB1RcCBaKD4LTT
15554,6jbAyDDqnahf7KV1yafqjY
15555,22MVIVqYMJbhA5OHRNRzdS
15556,79XmoXd4R93ON8abF2rxof
15557,3fWeBYhcZ9m3CpZJzwC1j3
15558,4GjaWw8limRD9MDoF0u9ca
15559,7sZqZEBj9QP6iRuA74OzVN
15560,4CwPeGFoT6TzlpCeNyz9mb
15561,64N5TCVoJ5kQcDqeyWyWKu
15562,7N0ayuIwfSXWOFdOT9eZYU
15563,4kgVdN0VMVnxb5iizqm4pn
15564,4Zujr6Q0Y1pv2f2c6sdKZv
15565,6jLmHKaHW6Cy37Gp5eTD3i
15566,4Ak7D3KWXw9hQ6e0yASBM5
15567,42ojLX3UYsp4XhaX0sx29E
15568,1aljGk9OVX7tis8740niUb
15569,1ixIixLRQjlbpBVwjw44sl
15570,31joRJoijYOGBIW4444Fwk
15571,4AapC5EaUVuL7LZojRPyGu
15572,260mlY4e2IRddh9yik2juw
15573,27EDIOpqgJ9QOrrc2PybXd
15574,4h8T5R9HDhH1X35VEuSfj7
15575,2JuXAsyRpfM34KukQkOJtk
15576,1HYZy3vuKKxHd7dTFPx10a
15577,5zHD75aJjyugJRuUPlimVq
15578,3LZGqvTswyF98HQGCiVEJF
15579,49sl0qA6id6Tz84Yrr3BsW
15580,6SlTliMydAHiCRh1QB16aP
15581,2piFGmlvyEc32eD6hjR5hj
15582,4P0KFyujfbjBmU4eb2Ev51
15583,4HpAyBvg8WWr7R5iiFmWuB
15584,37m4qbUdUPXxvzfkdEGvzQ
15585,3ECYJn1NtdkBmIbqsIeVLR
15586,3VpLkugcSbYuDSOBKNxFaQ
15587,2iF7nYS39eqxO0O2vmZK4x
15588,11ewzoyEZWoF1C0C6bNkeM
15589,3EuOWOXAEtCpIqXYZAeNKD
15590,1dr9fQuYZ6NtGuVqdMOTw1
15591,1m0LCgMGudo5A7eut7oSd8
15592,1EBvgi1VWAE0KUsj2dV8qp
15593,6xLbGNN8CV4ZuyjOOVM6fD
15594,6EzUBmeIpiF34oygW0y9Hs
15595,2IT3ARHtmQvqNunVM4am53
15596,0S6yMw2q2IBEVfAYYpA8hN
15597,1hKrF3jis35rUsuLXw6yWj
15598,2ZYKG9j5Y32y9cEoDJ6GaH
15599,4ogINUAv1IXzNcablATSxy
15600,2M9qqSKUR9Ch8Q4isGHlCf
15601,6GZItff3nNWilw09H51QF5
15602,77exFA9gOKLvj6yhyX07HD
15603,1Ka9YuY04gmbFKtQNvkmES
15604,54Z8PlfO7zYfWuYvDtmNfI
15605,6Oov9kyIGPOouWDsmJNcCG
15606,2kBCf9ZyaZlkxkkmpO37TS
15607,22N2WWWq3pGweYgP5o5q7w
15608,7u2ew8ZmqDJ4pE4WgOz8FC
15609,5Z3Rd1fMcaty8g5Pn7yhBQ
15610,7BlWhLhwL6ZTllqPO79xOU
15611,0fxoD0DDyEDXwcAGikG45j
15612,3rMwgHtKZCWYgOQE1OePzI
15613,4jp7jhU1otnaO7ap22JEXB
15614,76OqPKtTwaQrEEOMvBfUq4
15615,7Bj8zA4koz7GqgTUMxnMws
15616,5JQ6WqccFWUY3A6rW1Zh7v
15617,2ISfJj4SxAHHfZkymGrWMl
15618,1NBryvK85AodnQwIy8qPWc
15619,0jI4cDv1t7jwAfVAJ5fUZN
15620,6G1TtEBsHO7OrTcxtHRBBm
15621,5QsnlRNop6FIH4taDZ12yA
15622,70axcJAjfts2kCG7ebiUdE
15623,0hbfud7jAwh6ULY6Hm7WSF
15624,4iDQzPpa7FJ1RYfIGdH49e
15625,7jZIbmfZ1aP0DplUlhz9yh
15626,4VM4T6Z6q7A829uMSptSGF
15627,4jTAmjnbApNeJ0Qb8LhIA2
15628,3MFSGbnIPH9PeFMHXZnTPB
15629,0lDHIDvwldrBLw0eOzo1Yh
15630,4rInMWcqP0Ogc2TjdEsbd4
15631,3R13NfIKxrVYbFledWhoXY
15632,2NldWpr10qletypcYnNsGQ
15633,4jlbJJd9rxUwpjPg8Hdb8A
15634,0tNXLda2cU6shJIKFgWC8r
15635,2NFSiol8NyOJkliVucKYox
15636,4X5ixHJ734x1qzb3CrtuKN
15637,3eVqwNyzDvllmoh91mJ2Xb
15638,7MegHaQmRiJT5mBooAs3JQ
15639,12hs9RdgN0mJALyhXMEoh5
15640,0VCoKm3OJYP3vaRq0QWNnm
15641,7fuuAPjPDyLGyFaJEkSxAb
15642,4LvcNZl3LG7IV7XlNYFTnP
15643,4ABVNlD1FYhiIlytcGlcNs
15644,0Ve7BfTVyN1gUnDiixJNGu
15645,0O9j6JqgqNQYPXfpR6Lrin
15646,2dCBvjzZ59ypTUV81hZfcO
15647,1cFPcD9ipfAfqZ3JeTPOJJ
15648,0fMncrOjUCfR3nsd2hgF1I
15649,3WeIGZB3j0M8Bq3yKAp8xR
15650,6Qw5yTuUi2rAzIzdXfhL9A
15651,6K6uLBktAdE5MSx7fBOM9k
15652,4D1ETawKSMRTKRoRZujjXy
15653,2ZaCV7N3crFyksQLcyloh1
15654,0bvjhThSa7T5mM7TUh7ngP
15655,5jYiv88eMSwF6eFaqeAwcg
15656,3w3Ut2WA2I6RYzMjkfvr3F
15657,414DwHO8u6QoINyWKfN7L3
15658,2Dqgj2nE6RwZKocWsWqXcG
15659,1bWk8FUJZ2Rj4gevigEkbk
15660,0Z87v0gLRr7wUmsg3nIKOp
15661,6Nnjs4jhcHZr4qJLrnyfvi
15662,1jLrFxg1S4kIsh4d341p7S
15663,73B0c9NkpHaYHIb3SkrlfY
15664,3Gcm7nl7EvBkG0wMySvLBP
15665,7ChhAbzJFkDaJUUAr2T2L4
15666,079GdTNtUjHONkF2H8AlqU
15667,7CMviTq8l2FYmYJ6dgvAmJ
15668,7g0mX3nfKZwfYF1XvZFOpU
15669,3gdkPP2mYy1X6Otb03Zbb8
15670,3YhnPlbJSF44AOLAR0wKtq
15671,0gevDMDh2x3r27pfp7Br4F
15672,1ICGm4psNEsBDxVcmzoWvm
15673,78ZWdtsfCv4T6azhn7dR17
15674,5eALIBoo4mk2vXSJkEfqAG
15675,7zIFRMRfcOKwRfQ1Ez60Da
15676,2DgyNPuWKnOZ0HD8WQLpwA
15677,1NrGDxu69DFgM53U0G2wWf
15678,6KKF0LEq3iozZI504S90cR
15679,56NFTGS2D3pc5WVFFDl8Uy
15680,71QwZ4rebnwidVrHLM1gsH
15681,1U7fEVPNLaU3JNENYESbiV
15682,7FQSD5JjWqGtS1BaQQiT6V
15683,6NAWIFCwozYvgg7w0rMT3j
15684,3HAaAv2B4K8spZoYiTJjC3
15685,443tWeHzgruSSaq8DuDyE3
15686,5w0VUEJkROEEcuq3g8xrkw
15687,6tfGt2LIIsD7Jc5VDDFoR1
15688,1zVvlSPVeVOklKlOegZE10
15689,7Lzj10zR1tsWa0DGhyL4Bu
15690,2OvuKgBDihbZLrcMlsHONm
15691,3lZbbEUo9D8S51Ify7klcl
15692,01Kdvyt247ADjG8TDEcGZV
15693,50ExyTGkylifo9DGxp9IPc
15694,0CaW9XePugVonjPwHydEWx
15695,6SIZskhGAJhELaq1tn3kJ2
15696,7CNkB6F4JoYltp9MvtKj4O
15697,6tLTM5uZSSeytC0MpHF1CY
15698,2ZDTxtgFWIkYabqKN2Jzf3
15699,0Dn2ozAf0vRIoPySlNWyi7
15700,67wQoNO2OCeS8NaduYPpvn
15701,6KR0CbgzdsvSgB7N9efIUf
15702,4tuWRVrZ2Bnyxr1DigcGHj
15703,1DGsNOPDBgr6xM7P3gb067
15704,4Y4634MtTMmTZmXxb928Fl
15705,1c9MeAa2tLEoZl5osXf5Ts
15706,4VmyvaBV4hNhWZ0vWteV2T
15707,5mzLM5yBsnna7QUJJeFDbx
15708,0q4fmld4erKqe1mhM617Tb
15709,0Zvq8gWr0q9Xd5YfqLfz4s
15710,5qVeqIm0O4nKR1ikeUHIAs
15711,6uXbkI0SXlZ1mfm7vp0VRg
15712,6GnunkdHwcI6cZCKe2wt3x
15713,3BOUYaKNALBl9j64wfxplM
15714,7o9f78GqDlLzThEdEF1mN3
15715,1KRdD8IpxMXGB2883OVP2Q
15716,1q8VMNy2RTTl7dZhVIU6hk
15717,67l9XRHagEIxwKrw96lyZr
15718,3qkgDUwKyHht3WmNTFHg0C
15719,3Ol9vo23WRuZGHPVcH0ctM
15720,53nYJhuLN93D8WIDfJd4Rf
15721,4Gix6PsTY5RKZnAVuHCSVS
15722,56Cub3qT0VhFQd2Wiblv2w
15723,3r1nwFFe5Vk7y5eYvmh2Kh
15724,3ldDlt1u7RaDbu6Qt40fAM
15725,7nqPzDSihbOtUuLqVmSEsi
15726,3KCfdD7tcWao5tCLdvjRW6
15727,6tPmWdEG490RaoMwdJJUHI
15728,7iS6aQiei6D6eLywqpZkex
15729,65pVi11JqwSZqUuYAqLP36
15730,6oLb7W5ALa0i3cd4bQanEU
15731,60hT5qY7Ck8D4laJYXdZ9O
15732,0EhYGqH7kjogumPfbKWh0t
15733,7pEz5I3sVrfCLlOdm9EqvP
15734,6AIIg5FHYTAxPFRdlmLTCR
15735,3Cwx13S6kYpafhhGSuNlBw
15736,0rwlRik3Ey480WRplblQsu
15737,0cKRL9uJx3h8bN8NLqjfKk
15738,375O4HjBf8mKrySZVZhbpm
15739,7gG2urq4CeTzLJJZ2Ygnoy
15740,3eDT4ayK7o7WFk1v8K6YAH
15741,2x90KgJooOCuHD8Llz2WS9
15742,3ZMtswwTcg1awAQNBr7jt9
15743,5b3GgYZdWKFyAjYBosWdqI
15744,4cbdPT6uaBOgOQe3fLMofl
15745,1QEzCZc5xagLxMIKWN1pma
15746,3iURgkltoANXq7VMhRIGkc
15747,1SKJzwsht7mb2IRNvboqe1
15748,56osYSdzi2HeUzWSbw7CrA
15749,5X5tmoQ24e10R186wPxpoI
15750,4TmzgcaBpT6CdxsVGMtgPY
15751,4Bc7oglKe2ePvY4VenMuFD
15752,7KwJrAQMoJyUEBes3evMLv
15753,776wdb7j6xJuLJDVay0zww
15754,439jYSxGXGGNpHl4YQkZYy
15755,4goSPEP9LAmYuL9Ks0rNb0
15756,4hzx3NxoxCdLtum4OCrXzs
15757,4UKYJKtfovEYXqslEeBgnF
15758,6RCJjdCFFgQDPZayV12KZu
15759,1onrUmPecMJvQyPlPo3JMa
15760,3lWZRNly0HQApqjWeVyaww
15761,7rxxXAzKtYJr8zd9CtFwaJ
15762,1MRidycoVNBWpBTOkD84rX
15763,3j3OB5PFy7FewVi8l881kN
15764,5YihdS0VLXBHGhMkjFl1Z5
15765,5ZqWxKc7WHOPvjDIvKxKvA
15766,5AFF31epEwLoV9QGX0BBji
15767,5RyfLDKQrEqAuSnVjWjeZX
15768,4QvZJj77RezyHJhlyFqB2D
15769,44uuJMB9DgJQ376yTnFIts
15770,4mWsF6nbBlONPfwfLy4bzr
15771,2xxmXF231LPQyOz0li3td3
15772,6kOxeYDPIoFovGATuSDMxU
15773,0ojZMoaSWfhVFqMW4Bo87C
15774,5wDnzZIDb7gvp9Lt9GbzMS
15775,01eCOxADMQpEeePbvx8u5w
15776,3ENGcoJQW8ktzyW7Mn4dE4
15777,6ld3GvsNCSzsomJWzizxA1
15778,3uBU35tiEfq9nstHLauSHU
15779,0cInhQjvZ0g4qaq1r5D80l
15780,10jNYk2OtxoxyA8852yeQe
15781,6yCmIITgjWjWvOeAp2gVI6
15782,2VE0lmdgrLlvAhhuDydYhz
15783,6bpHyk5xd0JL1cl99fJeCI
15784,3NHWmPwVgGxGRPfQfYI10r
15785,7EsVGqMKR6ZpGTIoeITKPj
15786,33gdEFFgP0FjTEFupZNM7w
15787,3Mjb9k1eORMplvdgv4tq0z
15788,1KWLLrllb69eFyoTR5jwiG
15789,7s689MAOgWexNLakeIC0Uc
15790,280P0pygItR0fXx2m7QpfR
15791,2ZUhadMbG0VrWhMT9OAeAv
15792,4Zf7kFfeuFSst7SVTpQq0x
15793,3e9z2r0A75uBRuZG0czhvg
15794,3ZllBJnwZJZPaJrxUBEd9L
15795,3v8BMCftaY6CMe06VBSe0c
15796,49v30MefG7rPPyXBrDc6cq
15797,2sJed0jw1Pv5jVfwwEFKzw
15798,4i4qBfTNCD5ybes1NauU2g
15799,73aVBWFJ05mtvsTsbksZXG
15800,1dl1TuvLNpZKhU0tmEtIUz
15801,6FwGs6ya7Iom9M3zPiU8FP
15802,7nomq2qRQrg4ecFxvHLy0c
15803,24fdXM8HLxcim9YwQIKrha
15804,72IZFSjcDbtrtqn4sfrIjR
15805,5uDYQi3C4MCh3BxLv4Tthr
15806,4eeKrNcA3cGEavqsL5h1IB
15807,2PnlCFa5Ib91GckGHwdtVL
15808,7DLxRocVGAXVaq63ZuuIby
15809,58adNAw6LGfIBChl4vfV0P
15810,5Dzcg5z419gn33bYnFdDPA
15811,7GOU44EC9E2xCd7XlbmeOV
15812,3yQVM4XSSZt5qwiKDWpP1v
15813,5CokBYNoyT3GNfbNFZVbaO
15814,7IhoO9Dfv3KKM7qtvKwsjn
15815,5NUXE8W12lWcUXgJRCjeEw
15816,2VVmjnt2RotPh3dteGSd4H
15817,5awl5jBumqdz2TDfUfBg62
15818,73j998u6QFOdRL4IcNyqQ2
15819,7JPp9yoSbhsfb2AxbQPAvZ
15820,4coyTsdD4WcknP6e9uLAO0
15821,5eZ5jVGplK0S2UmwoshxXg
15822,3npzogdOEiVsieXmmhBepL
15823,4BUoccrX6aVlcUqzH162ao
15824,5nzkuU4MbysrulCLqYrbv7
15825,2P9egubEk7WAqtDiU93CAA
15826,1ysKLfps5QIKSGeCUbh7rO
15827,3guPqCkvriqPYJcmTMpReG
15828,1rrKj7KEe8e7LD6EZItj7Q
15829,7luyqrGeWTFhviYbrDkuFh
15830,1HW8Eci2TSMF9EaVZHnNzj
15831,5dxBabHWK2blFFeoJxYfC7
15832,1nqwCZgEH6oFev4m6SqIN8
15833,7dpxRBfR3MmrndVAWUALgI
15834,6R5zx6937yNXi8jqasrT9D
15835,6XWLyTGeOE1o5XXefKyFeY
15836,47yfbuX2JXVg0STjXEGAps
15837,0kha5G4gMLbZuSqmj1XM4t
15838,2IGHScBpdshCj77JHATfCo
15839,4GdJmb62ly9GtAMVH8eWyF
15840,29dBOOPDReXGan8gRBOKwN
15841,3Ygc3SDJwpw3e0BGeoQx1k
15842,720P6xRmUAXpH8AtW0Ijbm
15843,6kYZXHza47jqW78T17U3G0
15844,0VN6JqG2gxt3clywh2cwsa
15845,0FOaBJy0fFRUljLpn5jPHN
15846,07B4XQSD4JF1DXH5eNBRXG
15847,0vR9u8W4RAv6RCspUemWrw
15848,1uGTtn1UAxwgkAU5lMoaVE
15849,6hXap10P4cHMYY7ZSwHNNw
15850,4KEpa5o4CcTPvWEvvrgYAw
15851,3iBSWcxxl5xrw5w5iDYIFq
15852,2v1lNMvVhPOC3IroBlRD7L
15853,62NYj4nsnc08UfdDRMByjc
15854,2ZrnPWiU5YdRAWhA0Iggdq
15855,5rZkRaL4AjykFgw49KULyo
15856,52JWw1iMC0O6TXLHKLYi7e
15857,4MlQKIkpOKzyN0LYEtDjVr
15858,5MlLvbg0uEY9gZiecr9cEF
15859,2ClvpcPA3rHskVXNQlma46
15860,0u61O9lc1Rl3y4EXAFkObw
15861,4xsd65zdtdoNBl4kheCtSW
15862,0LcNzkV8nLpL9q0Ei4W1Ms
15863,0cqy7jqJZ1Ifs1GlZr8Ako
15864,3IQf7i2HV1HqIRrHkhYsBc
15865,3HbRcsaW3iFKYFg77M9pkj
15866,6VyCMQf7wZyZF4j9368HGK
15867,3MZLSpFK8nNhkNDlJXwLEU
15868,0SHg5aDw5ndvLJep7XQ5Kj
15869,2ajjgzgqRX0O1peZpFvREc
15870,2lIZR2zS9m5ox2TlYuwUzk
15871,0MdWeENY3ofT7MdQhm2NK6
15872,6Mi7j3NrrV5uQOfE6XIrth
15873,1vjHFgIdNuLXojpkzysoV8
15874,01LXcycaOMwzAThMaAVFIV
15875,4ydfRGAd3ye0fUGcvRBPCW
15876,4xba8dqosDGY9rQR5ur8rC
15877,3D2FgOO64ldVhG537ZcduO
15878,3B9Lzmiv1neQmXtCXJR69o
15879,2BEfACWzzXmpxrPY0N5IHX
15880,0znDrpflZhplWrcHtiNshO
15881,1vKkLvyL46FpFMMGHn574A
15882,7i1YhjHrxJWzsBxHe88iA0
15883,0cut1GlPF4euStvV3rjlKj
15884,6WRt3zMQLxqt4RtwzTz2TO
15885,5kx5gehZmJBy0KgNU57V1k
15886,1Cr4H4JwogB4xaijA91jj5
15887,5qeuUnuxiYzdkXZkcWD5gb
15888,7r17MTUmkIfsndvE6fVqD0
15889,3CZc3MsoNYEw3I32gHM8KU
15890,5XyAUuCuGaBEx42WhFQ1fO
15891,4K9fbDALTWsIDBwmbCST5w
15892,47csmssgjgArebAREJXki6
15893,03gxaQlx6K8NCzzvmH06M8
15894,2thJTJ0ds9uKhxLfQpJm2C
15895,6eYjkDlCfWfP9iCE40ZLRB
15896,3gY4uk59CJVlX1nI92OtOg
15897,1bC5TjLU93joD2sM3wYqdZ
15898,3iD7f8biGSkrgGB609uzCR
15899,2JxSvD3X2Qk1t1O8eMKZ2t
15900,6SR4iVDLGdbY9M2JR2HdSY
15901,6BxPLHVXSTgmcmk0tPhm7U
15902,6Tmr0W2a9OPayJcFYtn8wp
15903,3fybQqAPZKrJEMNxMlN6VX
15904,7s61CkW9KFKc4E4R0BVoiq
15905,4HlnKACfroGiAhbNODw2bF
15906,3gxIfRdiZ7K3g0enFSlFtj
15907,7KCctwuKORAlOAddxJHUnG
15908,7onPQ8saqNIHZwRg0Q2RkD
15909,4PoPWUSGoURJ3qkCIZqJCH
15910,3an4KDopr5aUc9Sc3DVXPw
15911,0TyXBdGk2qGLrZLWcj8qJd
15912,0L85V9mRB5mHUUuvqJUxG5
15913,1MOQnqlxzNsPlnmXgdWKJE
15914,0fg3D6ZjhwL7JeDlvWLFbX
15915,7BDGf7beAB5wAOXpuD0JDz
15916,2TCpdV0bcrqmle3zBjEXsX
15917,5V74LNBx1pIjmb13inxhW9
15918,5pJBl1p3ZuJ0J7x8Qh3H05
15919,5qnfiusKK0y9Aw0OVSBn4q
15920,1zeZX3i2VBTZlNQsaViChv
15921,1a2VusMnQOKi4FNRHAv09I
15922,2AnHF0759pTAEEhJLS0gkC
15923,36lhJvCzm7QxAHUCILGl0T
15924,2X9tudNiihLCAVBSmws27Z
15925,2TPxOHQ5V2WoGryb2TDqES
15926,7tCVA5Vc0AtBV0KYAG4T9D
15927,1rxD34LAtkafrMUHqHIV76
15928,6pP63KEgqAHgZOTERQimal
15929,5qd7eRjBK4AbBEBQqHjPrM
15930,3gv9mpBWpUSJi305E5D39j
15931,2XTuz30SVEGF8qXUmilnCn
15932,1xGzCwJXQXLsLDEqMGaHqq
15933,0Al7dejyZCpgtoyCRutVWO
15934,7hJ1fEr1nf2e4qsE4bfmcc
15935,6Eo2pS8rX1wQIAgi7XGBfh
15936,6uTxQDrjjKwyugx6ggjTmA
15937,7ect4xiETXxJ4Sukkr1T1U
15938,3kUpZX2pLAmd19QLeEkBn2
15939,51KNFc0FKEQlauFObu3ATH
15940,5uO9qBsthhlnoUZBxcOwEo
15941,6MKL3Xdcf3qFhTP2KJhcsn
15942,6NFQBzWxe0m548CZ6OCDFq
15943,1oF75Qbv8UvOBm1imUAE51
15944,1XfkyplndwinNatYKIFztd
15945,5zDtmonKoLuemLppfb7Egf
15946,2ctUCBoi3qP0iEjqFFy7Mt
15947,000tstt2TCKTuC9MuOKyHv
15948,57M7XBIjaSeXe7KzBzqUNX
15949,3l5R0ltI7UufbrjK6Kj0Nv
15950,53qRlaADIX6PsKaNMsoRbt
15951,0F6ikQvkib5vUnakyMPvmM
15952,6ZJhFu9g3QuhMmyta2c3uE
15953,2n3JLCNU4NzT2le99kGDs3
15954,6ozQz0REtpOksbwTpFnOWo
15955,3toXFhdNpH0Cs5vQkTrHQ3
15956,0rI1YdcUXmvWd6RDWXJYS1
15957,4q8sr39iXhWNffcpHXm6jR
15958,7i4dEGHlJC4kYsec4hposF
15959,5H61YqykRIpffIOkGFPo4k
15960,0VOAhRPJkdC2tUw8AqlK8D
15961,65wNccuIfxHJR7ddYtaAOQ
15962,6RDIrs0VD7gCUvcWZLAcJv
15963,77gA3ljJWa3tMSA9KunXk9
15964,2tOesqy3dQL8N4tqSaO79z
15965,4WAoSh9ymGycHZfxJSWq6a
15966,3uJnYKR844kT7MLpm0cquz
15967,6shaj3LjTRyCEevlLeCDZ0
15968,6yacxKfvtwFKeMJpqkPqrA
15969,7avwEzmZCgTGVCMUOdpOrI
15970,19xvSslXddg8QhlhsanZaG
15971,29M3YHPn9nNH3PljYTcnqO
15972,3264xSjIMFRYyep6njzapi
15973,3jNdmww5HLYW8dmaJhdAzv
15974,3eXCVGzenOoXfXlXtBhmgy
15975,6vmtDjdbWaQ3qeAFKZ2Zvx
15976,5MZEaf105vRNAQTjKXqAke
15977,1OelkS095FL6l9AOGaky6Y
15978,2iGq5cH3OOMOkuxcbDQhW8
15979,2P1KpCJJ0L46n8e23PQyYh
15980,6SbLcDguyhsCBkJPK8ybe6
15981,6LEg4cqLr0L5UwLBx3Ivb3
15982,7rtKC3r3lNUFwF5FHxayQc
15983,2Ipd1r5yovIetmTM5T1GzT
15984,5t70MlkURJ4JXbkfFtEqKr
15985,39ZNHhR0HQpSS6nYEPDFjj
15986,44bZpN7rGytVibRXrDqEpR
15987,0DTKX0zPhXSrvIOHdJxv6q
15988,0jN5Bz1bXX0AJJbJoCOAfd
15989,2DcVuQRpJ2TsQt9h3WNKnK
15990,5oWuyadWdQdBQWjPq6n9TV
15991,3ewFOv5hsOEtIdmNuiyJIV
15992,4FkmiIYmQ3Htkzmfkdp2r2
15993,7hAgKmiewETpIkNoYUswIh
15994,69n6N7QuyPlUtOL0xhwnOX
15995,5e89F1jrJUUwvnNah0gSfW
15996,7cmzgNed2LT3BxjfQUCDtz
15997,2zEcjYmNZyfnxWfzInLFxl
15998,1mtiqT416CodPhNk3H1pUJ
15999,0USzpwZZIeqWC4cQUf18ck
16000,1hvT83GRCS858FbuqjTP3q
16001,5ilelQ2PKVei05PsRM6qDu
16002,5EgS6ufoJjuWgMcqa5b068
16003,2rSeieGOj4JunH1Pj2BqmA
16004,0YXV4Vwf8tUoHsU1dxzU3i
16005,74NjeHAZ4JtZK5gPtfRIpf
16006,68QVDfkzKCNiWNyZo3rUKz
16007,0LschLTKmnxKua6qCHjscF
16008,6DnnRntEsEvWWycn2SZkQe
16009,6S0FwECyM6GPCgiqYmOTJ5
16010,032OCDw8SgMUxsGqw4ph2G
16011,3paj1tI3waZTgSovSQ4XaW
16012,1KYHkZsd4FTUELD2gpb7ll
16013,6dZLrLGYhsWu3Kbl7gRZus
16014,0Fw89D7HfJP0LmST4Zot78
16015,2yDY97q9RpA8h0XnFwQcAT
16016,1xWqoFelE1eh73tY6jrnvr
16017,0juT09mFgP73AUapF1TVvA
16018,7eCrv5gV7Uezj7LkYpJ7wj
16019,3K2Y1HxudKVJCwW0WovQNw
16020,2OhLlg1IcRlO9e1nn6dWSH
16021,4DXswc4p8mel7E6C1ZSHDq
16022,6TY0hlIe6MyKCHpQQEYX25
16023,384kqL4texrq65So3w6dPt
16024,5mi3K4HGWBPKwjGTQd3yGS
16025,19xtpToGDRrWm0ECGftOtM
16026,5tlEdwchck1vwMCNzxj9xd
16027,5NFYJAaP9LX0N7ez9e5vWQ
16028,1s4RvxL5gg7Or8bl7pK13S
16029,6ui5i3QSllnPfxj8YPUvRv
16030,4vdi6b7ur0cLZUXTbL2YwF
16031,5phcdqSnrJKjITf7Gp9fAd
16032,2VKwcPFQtyvnP4Ui8bzSi8
16033,2eoH5ySDaE9os0EuWQdHSs
16034,220GBSiLqUlYcma6t75Uvh
16035,0FjJD3Zf9EtMNXLn3qFNbH
16036,6MmWuyJUC7sFnmTjWeGRb5
16037,62ZAFyVwbc9f2M8qCW1qJr
16038,4dkoqJrP0L8FXftrMZongF
16039,6BUGVDNDDgxEO7UKby2Ter
16040,3XxS3fJpl6R7cosX0SbnLp
16041,3BaIRGFN07TGndWOby22mx
16042,4CuNDg0YWkNiSg0DZaAKuV
16043,42TgLFDG4vRMkmYtpGHjIa
16044,0uOd48gTo5pVFzk6Yrba6Y
16045,3ZioPUmcxUN0YxBxGjEb2k
16046,4KPZ4OsRUbfrHWQ45Nr5U0
16047,1zbvymgEIpPpUvN4kEZw3F
16048,30mEWRrpRNUCXeAWDANrwr
16049,1XS2iQd8STgEwI7ptzXnT0
16050,72kC3H9AGHyeYOcjOcw8K6
16051,6egH9cDQRVmAfgJy8xxavG
16052,5gsO65Dkur5E2wezwXKvdM
16053,0MXpsn1TiYioFpB0CJ7PDX
16054,4QiSgh6oAknxHjPu4CN6hB
16055,3NTOrWxx6ynT1nOd5RY9iK
16056,7dVvc8cDYlurRC03pmQWfL
16057,5rpqJpZXRPZeXVegK6RnOX
16058,5CNlxTFqPHkRrcM70GHhow
16059,6QvIAJ6f5VWPPugf2jyC09
16060,0eBsXzjKNBcAGbos3r73Xv
16061,0RfURu2yZx1KdAVNgpmSYl
16062,1qBnUjjz4xQugyzFxvIS8h
16063,5a6avK9UJfSXwucfjxgc3Y
16064,0MKle4bFNDlA6smA9qgRqH
16065,3MiBDDSCMsLm9TCH3wOljU
16066,2ujptKo31Jkxa5AoWd9opo
16067,4hQ6o8ECY5MyHyodnyOHEw
16068,4eUUbwgfrnYsU0J1MbPjhL
16069,0mH0esEZPpKYeIv3a5fCj2
16070,2nlhK8gDDzHihrUIjyaJcF
16071,4TOlYzLcJaCxbRqO3OUi2Q
16072,4Cb6FK16kydmsJRwHyjfi6
16073,3KbndEaNSA6g2siLcvWwvZ
16074,7znrRyjtsGVe9XLFTSvgJh
16075,57mIwCJpc2L0gGxqqcWC5T
16076,0XKy7RX253fDcYaV29qPC5
16077,7lmZye3MleDzeV4dqUuxBB
16078,1MOGJQsVeaRcXY6heJz5UZ
16079,3DTYNuYLkmkRzsMkal8Aph
16080,4knJ2rmxmd5Hdf5lbailuR
16081,6u1VHsWqpqcd9yl6GiEGLv
16082,3ypMsqUwfNFMiooMLVHfkp
16083,3yiIyJMMR5rbAQFWXYrsdj
16084,03fwM5gGRvJqjF3g5EUdUu
16085,1tr8VscRkz7hI4Qo6pS1AS
16086,5WNla1JFvbk43JjfffFwh0
16087,5lF0udjDpntF5K2eN0bbvs
16088,5UiskKba8lRdlrq990uqG3
16089,53I6ys8C1T042aFH5dMalG
16090,7HaggpJGAfEgH8wyMLOIPl
16091,3oZ0SH7uboTaQLKq8ZeDbQ
16092,43sAQR3W832K7dzgNgYgaW
16093,4sQ3qH3Rak7jxchzeNiB0R
16094,1MvuU0panHMv0CcAFC1Omr
16095,4nDoVyt9bRifPY8Y543qPm
16096,037MkSfM6EbJn1xAWccahC
16097,4lCkmyECAUzECJ86GJx46s
16098,16HAkhWGdTMJb1IsnQHHjf
16099,2wDzLfR9SYNQyvjl1KYlbN
16100,51mYZbYgAHEnFkn1d4pOOD
16101,0H1eMkCkgSvgSFMIoY7UZD
16102,1lk5RIC2NMUMLgyOVMSCKs
16103,6qxKxrrGnPwraUklHJxllh
16104,5os8vLtSg1BmuMXOFui8vb
16105,3kwfomHmpDjfCqgn5rVOvb
16106,1nPTWy1RJNRaPV332wKXSo
16107,3lBTDkM6rn7Tn6d3W5mtyt
16108,1Yte2nOLQQVng1Ophwus4O
16109,2jx2n9f4MX34fBnFOFHmG1
16110,0G6nIZQp2foEAdsqBG1KHW
16111,5TgtG9NQAtIeF8oFH5CaC7
16112,3LKyCZC9Dy2VFcimpnX8JC
16113,2MuMdiJ7ZAouMBMuJ2FvOl
16114,2yXNOiR4yWcLSJ2YD0s1mf
16115,0E6i8bq2Oz3cZ8HIiDnoUp
16116,0UpQ7GRojQFCJJThJx5Xz8
16117,0xDOL7sItKiKMw7hdyUwas
16118,1GVnAD8Iz45rux6EC657Yv
16119,1B3WNcUnRMZvJ9YPVYmW7u
16120,6c1Dg9iTxweqVlFyEgXb2U
16121,6oI3Inlpzlik5e7cy4Sdi8
16122,4i4P9YxVdJHrArdGzOJryj
16123,58REtbT9LrSFyAmvuc3bD4
16124,09Xy1l4i5bdiT3aL8V3iJj
16125,79wLfWBTrNvQjXSsrRZIDC
16126,4NSIJ1IKl5qTAN6OqSFNg6
16127,54HCs2kAo4ax44n3IS8eVe
16128,6YrvYx0j3BJy7PvM9UlNhJ
16129,2cFyXv3t71T877h1Wg4LC5
16130,4cFTH8OZhvd5VlJ4IYGqWw
16131,72bYRsbeXkOLOWfbppe8qS
16132,5yvqHZixuRzEddxD3WgmP6
16133,7cL4GzPj48nlt8UclrBYrE
16134,0KnEgAaWk3xGq3qYedP3DJ
16135,3700H3zRJOG6cOXIiHuhUH
16136,5vPRX452ABQIbon7MVYYx5
16137,5uxxNw18bq6nPHs1ka4yGL
16138,5VCdbSEEP3NjC11lSuc8vT
16139,1ghnnhdQLdonAgBxU8BD0j
16140,7AJvsGqMVgxSl3KE8w8eqi
16141,1Qb56t5dvT1IKVLyqXNmWE
16142,3EYgW23HFQzODNyJqSh6g6
16143,7cy8FwRRsHbQwz5CtXr6Zp
16144,5666pcaiVbXoC3qsNvMZMG
16145,1wfjfxtom5Lv2S15eXOaJW
16146,4vJpRhHrqpjTfhGkCtCvBI
16147,6ncr0alrkunNvbP6VecxSl
16148,1PO3VKoYpOsMD9TE5DobUz
16149,36oA6IUR8N4NcRWA30l4LY
16150,6HKJYmCIWZXdzvyFZHYcCV
16151,0bwG8jqC08QjsOBL9Uz7ZW
16152,3o9tMw21DzSmDatHcJFAjD
16153,6nOp42yIU53ladorJkNvM8
16154,4QosKQL7d7PSih19oG2GWe
16155,6ICrwAbyttpj9FcCJm0WnS
16156,1CUt54s7hvj1DLnQ23TAs4
16157,7D7JJ8dCwX91dznZGnCX5s
16158,5U94Thd6fymTRVxrc2T9wq
16159,314HtkKeQbgh5D040GXapU
16160,6PDAMw0YAGfO7ioXAgP2YW
16161,5Nnb0BqGOMv6k3clPqOF8L
16162,0WVQ15rdEn9CRiGwab2OVa
16163,0UKyEYrYJbWNs5UJKdRBDx
16164,0IxxqsYBcCHEQ1HqLYJnwx
16165,7D2JQ13jalw3Hc6qCpJ4l3
16166,0SfnmSv0UWAvJPIhsvWpZc
16167,3Zq6M5ME01b0A4YY3kwY3X
16168,18IZ6KyB100072lPV6pNNM
16169,0RsVGZy8p2gpSgISGLvMRM
16170,5yQ3kEWm7sAitEnb0sK8v8
16171,41Yp3rSMdCjPIaDFb0LSa5
16172,34qIsy5AiMOzGUTVBkH42U
16173,4bw8cru6VqZC1BCAKA6FOs
16174,5l2MVGhBPlHurULyHQMtUx
16175,4gX8deZ0bjGhlKaDIMN4cg
16176,4F59Oskn6vOP2pj8C9hLfC
16177,5dbF3MZHhE9mYigVlivQxX
16178,6PDSq0jfS4uiExsPqI2Dc8
16179,35KF3B0uqEPVMnDnEnZFWJ
16180,3APPsC5kC8VfKaIjuZkWnn
16181,2WgUntfJ6wcxzUTHcqOQ5M
16182,4lxof0jvZizUV3hFonTXus
16183,64eHS0Dja12RBbwzFm7LeJ
16184,6oLGmNL2y77rfY1YlHBzBz
16185,3pIIF8immaphFi9lw9WIs0
16186,74BCvOtf75AboifrCMIUpV
16187,6Xor86Ik5RjRPnwOSuHZxe
16188,0knTrA8wzbYNVnZUuusKod
16189,0mVvkepe2sQUa0j8NWukaZ
16190,54XieTFptuMH4PcjQMpqGn
16191,2BflerwpXGN9JAgWEZE4RX
16192,3IB5qOeMayvpOdHxYCL5tZ
16193,2sEiRma9efWiXfdRPaU95c
16194,2EDQ46KBMWVjtzFxAlWHur
16195,3A2yGHWIzmGEIolwonU69h
16196,5cIguFpVUfyOLYz1F32C0s
16197,0CI66THnMVx0oNKhvRLJiE
16198,1LlEqZEEL6nwelRsqdZi5N
16199,1sdoC30q7QUghXz1X1UstX
16200,4oFmR1u2zLJsyG16jEaKTO
16201,5OyLvWS4IrfUtOMLgH9YoM
16202,2vTB5JcjGsvnP5ATiszB25
16203,6WZ9XhE8lfr4x8LKh0ykXq
16204,1nVeadLoBMq7f1HAcqwYHE
16205,2AxC0hBTjAslD0sZAywCzU
16206,5BlO6esZZmM6n3SQX7HYLk
16207,1D3GU5vSHWsPX8Ira5gMMt
16208,6GYI1zX5wD2MFnJOq003ZK
16209,00nb2sKGsFsRl6dTtiSmnh
16210,1BFp7WurxfDyuTJglgIDnO
16211,2b6A0dtU2oeC54iySbcdGG
16212,4PQsjg2Bfm7b7OhwLsbtio
16213,7HC6OsXZzWds3nmCUpNXfk
16214,48NXS1GCQmTZV5kQjbMPXz
16215,4WkHF9PbRwOu2yXJCXIdcb
16216,7jUiMNjJI5B9WbZHTy8rX3
16217,1En5AxHXcheysnw2aOc3af
16218,04NjIFOY0VZtJHbmcrR0zn
16219,1xkL9OZGwRvBCaPeTkI69V
16220,1Dt5VMvnzhdOPVfY3LzMND
16221,5LNCjqlDfOb8Pki1j1UWx5
16222,5x2BKKfwtydW0HO6NgH2Pi
16223,7Kv0yPSr550uUxbAwAhH01
16224,4kT1EDojFeN9tIvt3cyXOP
16225,4To6ZmcUYr2AVHQBFfdDZs
16226,1nzMRcVVfmC53Fo6EjU0Wo
16227,7CxzUgoy0hDfiYiKsPtua2
16228,0CWzkgDMAQlNO9NGmKeuNr
16229,1x6k0OEtfABK65G63Ndqej
16230,4QKB0FLnneQ2Q9ZPMfUCZK
16231,4HRmr1XzK2VIIhNWWf5ekC
16232,6PaVCyAZdVp1grfKSZ7f2O
16233,32cZT0BWrxV8IFTaibRN2m
16234,4P6Yxiz7yAn9jU5tbxmMd3
16235,4Oc3we21r3AHR1dcwYvZa5
16236,6AYZI8vIEuJXOzIrH5QKoN
16237,0JCJoVgkgiPvC5hMgdCoJO
16238,0OWrSWL4A6sVHIptKsbWT4
16239,1gHfAEgJtueNvZAc49Stgt
16240,4bYzxxOVl6FiMM68MrOB0o
16241,3f06ODMl8hh7f9ZhpXhNUE
16242,5DJodQryUdBYYdNvkkcQg3
16243,1BGGn2OYz2zhN16ShUzxfi
16244,3Eg8exzGg2js8uab12BRnk
16245,5Y6kdI0iy3JdidqDXJBgJD
16246,1Tp4KnaRbI6PyH7cAsKYyu
16247,2CsePjJup3O5B6Mmjr1GsI
16248,7ITL5IjLVR683ZDNGpDqek
16249,69DkySvtBDM4Czz2lHx6gw
16250,5vaNPQoye1DYsXj0yckiCk
16251,36kCSJg8ZBwiSCUECFKGUy
16252,2REeTHmiO6kbkNTwkolGwC
16253,6UR4lRksZAgmJ6Ak2ImrOX
16254,0CCwYY0oE0ircQzXiNdE0y
16255,7dWoQ8zFHa0EurxS9pomLg
16256,2uhOsvOIziDXeJ9zFdFs2j
16257,3Y1OWenQKI4pzCB3wCqIEp
16258,4E8lQ5jUtfuviuj2fUR5gN
16259,4hWp1BCIETEkSDyjviHJvQ
16260,1ul9V2OqdHcftMwO5E76v2
16261,2h60gK67BdNmnhCxm336N4
16262,0RsSoxgOcVkGFXwAQCNoR7
16263,52ixELorOwPHagZGtWHaPO
16264,4qMdmxvuvPJnace6hAkq7U
16265,26YHfs3eYf2DTZAmgkCi6t
16266,2rhFaau65TFMv4mACtE9it
16267,3dZtjIqQgvSi8MyBaetmXx
16268,2Y9d8yGTugT19wyz4CcmvW
16269,0Bk43to6C0w3S8F3TTpE3B
16270,0h0oWv1S8Vm2xxpY8DVHKI
16271,4U0MO3h4NKEeVqr3tXctvp
16272,5d3aH9vQkli5MDoY4kq4ZM
16273,6Hxe9iKvXIvR1ZQ1o2KL7m
16274,6FdNOn6AYa30r3DmQAniQG
16275,15tXWtV0rQWcMCtbj8u0c9
16276,0ZhhDLpggMzO8GDeWFuH1J
16277,4MXprBw44vpcd8bQJZywhm
16278,7cFpB4ozcSwXuhqjvNbrbP
16279,1DIRborPzCmfYhDQW5DRw8
16280,0Dsj7Tg0O3elAwdWvllkyR
16281,73Yg4WWXZtoEvpVKycjzQb
16282,2SuZmTIVWVzzmhOVGi9GOg
16283,5gb4ltJMLCk7PdwGEUtPqJ
16284,3HMB8EGoXJFYG9uFKTlpaK
16285,2vYDu9L6PRYj6tcPqk3iGT
16286,7BQxDb7v518D0FOteQ1Cb7
16287,3eQZbK5mweA7WkbPnSaejl
16288,4TsTkffaD3xd3L7hSuwNTG
16289,2VhXLSq8GL1duUtiygnecV
16290,6pA5gpSUYUZPBrZxWu4kyp
16291,5Um0ONfFujd5Rk45LHaSY7
16292,6iDIf0IjqlI9blVeai0arx
16293,5emNIXNwaRyHFlka8WORfh
16294,3NeYDt8tEGwhHHe5rGYTfP
16295,5mw6oMnpw7buE7GH3LeawS
16296,1s4Atd3u0GIoD6JDBeCUj8
16297,6K4sl3JE7oeuUhDJvy9ku3
16298,1j8al5yJfuHxaXbeMAsPDx
16299,2cOLm5jD2TbxaNXkEpRGqt
16300,2hK1jGsWUimZQ3OjjWmvrG
16301,5jYGaswqscRnNFJvK9KzU8
16302,01dfS8exeFJAN7yEWyOEgr
16303,5S5Jusj4MyKCze3YknWWo7
16304,6sGyfIzm7rvl90mQNKuYnK
16305,3Q4bG3tK2GOgdoGHLU1baB
16306,3kkZHqnLmJHRjHzOheJfPO
16307,1jytedNaBN2t9bjoOx6FdE
16308,41WX1mgQ3mnLBXXpXxKZCq
16309,02Mk97OL7EgpIDFRjgqFNc
16310,3BxUMAbmnPHm1zcTcAepSp
16311,4c5gtgugB5mXqG2ssc4ceA
16312,6gLnVRurnFAej4AZsBmkSX
16313,6tg8cFDuwHbNe2an6CXz1B
16314,4t0wx7DaijZogtBt54se5w
16315,72EJfsEW9fcgqkmOlTUYUh
16316,0g7r4J268kF71T7ChFu8kI
16317,6FogXugbgsbTHnx0b7sNeE
16318,1iLQXlOQvsGi4x9e4oP2H5
16319,0EHVdmnOEIMNQydf0sW2a1
16320,5iSCrX6LMuph6ZUuS1NboN
16321,66bL0xpBfaFdhkfUCpIjmR
16322,2IcAHSSkkbKMHYHpjdlKg5
16323,1WbuxG1NrZeKn3QiXujSxb
16324,0ifPuBjwjb5XNl8kAWxOeC
16325,7wsK8rdtPbNEOgpu7fcflG
16326,2Fcp9BlyigMf1wsGn3Go7r
16327,5bwjxrAR2jj0kCovNYq1IX
16328,37zHUCUIyPnH1gtLjkm1QN
16329,1ktQ6en7c8R42MNaTMS6kW
16330,4XbCCPy5Wck5f1J041wtYr
16331,0Khj227M17pFl6YepviWtH
16332,1mtev3SN07O0NpNd6j0g5L
16333,5mtRLF4Wjhe4Pyi1WCugWV
16334,6DR65srvHXhqpPP1A1ms2F
16335,6CnNVf1z9A2KCMsAXr72wU
16336,3ZSBXMcdSXbTnsivHfkb1e
16337,1hovoaCUCITutlnm7IL3dh
16338,5m6livL7ccIS92wq16n52r
16339,5eE2pbY2jZn871LqRN5qsn
16340,2RS9TJTiHvg0guy8hSmiAF
16341,5iwyLsQ5yjnCaRrJGyAPZM
16342,08k72c9oJpPx3GGR4krExv
16343,0S9xsXyJUk0MlUjWdFyKDm
16344,3fPvECxSMsqzqOjfLr3qqs
16345,5wzxzjEwfITwFSOve1usTV
16346,0eqrhSPS6gQXxjGwIjOFbE
16347,2GoYB59MoTI6ojhOGEnPVK
16348,6yNTjlAFfjiRwcZesVBbuB
16349,6WhIE6tTbrdM36mDQSL76Q
16350,73nnmQuY3L30pn3FyIEsV6
16351,4aTtHoSBB0CuQGA6vXBNyp
16352,3d39y7PNr9ME7Pp1aLPce4
16353,2OzMzBgqjbCRxYFZY2sa1q
16354,7mTHHPlO10IOT6mfBz6M49
16355,6HK1eU75aAz1AIOQYD0j5K
16356,0lTsEfvc6y8YCmXcpusDlQ
16357,7dmXD9P68MmRuAY8BA3x42
16358,5pW62tsMUPtw8k69ifpcjJ
16359,7fLWB75TtWgRMr0VRclL2F
16360,0gONO4K0PVRlBy8WJDGAUs
16361,6iaVv1jIEQa1DnnLshD6zs
16362,75UKLUQw7M73EifiXTgJDK
16363,3fJGFwNqoWMUICYtxjHhO0
16364,2SCVEa8ziOeMnAZNUSrnz6
16365,4X8SIs6X8At8ONaR405u8c
16366,3mTRaKibFteY37p6gv8gXt
16367,4CqR7zGknB3kWNuW9kkVhk
16368,7uSrRC7z4LGzf9srEc7ijk
16369,3ZpUIXPXfC82cv1v4UMdm1
16370,42HG3KnztxAs5axEvwFX6I
16371,1iXc0JgobSzRt5ZtccFWJd
16372,0KMZ6G9hbepRZLh1HHRAcR
16373,6ciuzop4RqoAnywWlsUP4l
16374,1nKTvd5PQrvh9OJ2UuSfMB
16375,15smRJDxkAvaRoZueTyE5z
16376,3sBWif9LqyrEK3Cc8ejjAh
16377,4wqdN7l3VkddNLItCWWX1y
16378,3t4PqAl5unlSf3yXqPmtE6
16379,5gPdjsmYkLm5FWT2PXIhnF
16380,1eu7wJQGPaihObFq7dSiQb
16381,6Oiw7241ZG5F3yWgGkacIr
16382,6G9F2G2iCvHWHbCzS17NhP
16383,3AR9uXc8JbOVfe92kzmJTH
16384,00dAXU4j3INg1wgC568Ere
16385,1tJMeMu0QZiU2WnkUof5UO
16386,5ptePaVYPa6kkD89D6GpC4
16387,4JvWZri1ws69oy9cIPFKE6
16388,1hl9LqX09jDhzSlRmwy0L7
16389,2laIbwg9x6wToQVITQRqIg
16390,15TmKiiBMn3OvByYsgjgqn
16391,1fGYKDAXqbJhPCFjUF7owQ
16392,2dXLLtSIYyPvLNDBl8zWGN
16393,4JyRuGw9sQzhnldGOTIfz1
16394,1IhyIwuRWe47j5ZABC24tx
16395,7HKDGsRlc4J3AzFFPo7qCD
16396,1ZHOREB6ew670daqMQ75F0
16397,47zRAFeQfF9Qt0zX41ahLp
16398,1pd03Scvo5jDIcApaONv0F
16399,6a1NWCLA9G2lZkiZx60Jt3
16400,43VaEwM6zXw84oPGJw9bS0
16401,0wTbEA8Rdbb6OuWslcS8QW
16402,5nN8BwAQDJDguq7Dpd3JQQ
16403,0GhqcL3rAnMW2J0BpeCkOb
16404,5WyXQ2hSenSjUuvYmA0YjY
16405,4NUXKzEW3Tv4z8n6IjvQgE
16406,0tJy2us7jIniKdgaHfPO0L
16407,2T52zs7aVUCrhevz0ojy6b
16408,4jkbvADlSsjwAI7Gxtz4US
16409,1RfP03Re1tpLPKaFtQhXMY
16410,0WBm9C65LAK1W7he8OJGuX
16411,2vLFUP3vfSMoF2G395khbn
16412,1FC1kumGrHPUkPhHQV52gC
16413,5w8WFo32Po5Lo6DYAySi3j
16414,7vfF8TSBIejWetOiSeEvHO
16415,0ijER7mADsTnpJn3x1OYA6
16416,2UILNFFtyw7rvtG2sSBlbk
16417,0AyhApuqf2P988rckBafnU
16418,4wFxu6EL2wjhCQ9qs1CeKi
16419,2DYlUNzTCQlpb9OcohXZMW
16420,6TOWWSnhHVrz3Dq713Llk7
16421,5wN9jR0CHmfsKGP4c1sRWz
16422,12v5GBM74fB8WsHJPQRTIe
16423,22nPfmgp4tQWw91BhQLs0A
16424,3DbOPKLkMiPRqR3LvxGumX
16425,6Xii7cGBX0Q6AGErO5xLNn
16426,1fCpoAS5DBaWsvCsMymRdA
16427,6SceHVgQoC9bXNyJ4O8rTI
16428,5zsfeE3cHZWfxDd2LuAqaq
16429,7p9toiDwTW2HvJJ6L85Ya0
16430,4Czy1dC4QQytsp6U5uySHu
16431,63hoC35mXQyygZRMQ4wcY5
16432,1lydbZ1dw8m5pPyTLpRghu
16433,4PARDrpVwiujrDIz958IRB
16434,0gOpHRlYz1BJSVHzSzA6eJ
16435,58LUjGxK8NF8VD7KxRvONb
16436,6RVGOHgxpbsxF41BfLRYCK
16437,3ERZA2UXA1cD5WAELjSpa6
16438,6HUkHeaboGO0t0HUo7Hh9U
16439,6Fm2Pzk6ThVigUAFnUMdt5
16440,03OEgOe59LE43VPCJ3ZB3p
16441,0E9IgFeGwNQNKMXw1v3383
16442,0NIwHd452tFZDEqwuPGPc4
16443,6TkosEvfKXR3Z1XNNOZw11
16444,1Y6K4UnZpBHGAPVajjedgo
16445,7APPdMI01MaPrDDC13SQ4Z
16446,1KhtEXtQ4O3IbKcpt7POUQ
16447,2ZICF8SFI5tHttaLJKMY1X
16448,2XO1JDIsp7Q54mYcudonxx
16449,2wxeIcUPu0hdlB8pFsxSAi
16450,00lzcWF7wOdvru2MgtUYwi
16451,62OLfP47DMf3qyIG99BaZ9
16452,2S1M6Ad874VA41C5A41trY
16453,1gNYEQ9Ox5Bwo5xWTr95DY
16454,435zxxDx7TdcqLrNF2Mked
16455,1xMdMCUEVUZbIQGBCZH51Q
16456,7r7NIoBZynrYIKZnIS5Z1Q
16457,1wzXGFJ3CQobC3KKyYBRZz
16458,4JgiT1QPTrDRyOUAVHdJCe
16459,0h6BKlvyLOvdbT9zBdTu0x
16460,5PnnEBtTbte2jhhfao9aJ9
16461,6IGzNxpdnPvCvhj7eTfrvZ
16462,7fN11lJXQgghd6Q0kN5gsK
16463,4ijQqn9zZXCA2YcBh5od9I
16464,3K4B7jg72g1mwltdOljDU3
16465,0YhgSQlqXbe8hy8nVNvvcE
16466,3CxPrDDaaF0WMsUHwEFQNs
16467,4r9ffw3H2DAIjPW7JsPgQH
16468,2gC699k5JLPqHDanqOKXHC
16469,5dIW547OieiJPP0mfKVm14
16470,3UW510I4g0X8xv5uFwgEqB
16471,7nU1qPnZB3IywrADh0CTgF
16472,2AWe6wD5ZPI9kJP32CP35x
16473,1IymMT5brhMJH3JujwAV7a
16474,7mPo2IE4V6YeaGBvaybbjl
16475,2QNpDJirf2ZafnKVb23G70
16476,5bOKCBbmq2v07ePHFNcjWB
16477,7C51GjZkKPzBa6LKrNgYBv
16478,5flsEpfglRQuqCTAFKrQ8p
16479,3sMkguP9aFt7ZoMCmgK1te
16480,0OazqCgdEpqBiiDZEx1h8S
16481,1mV1yyvraODev1vR8p9u0t
16482,36pYl1kfIQ7RkR3jfaUqqd
16483,1eWl82ij5rufdJSdakDxq9
16484,7z3287RYWz31FroZKYmtZd
16485,5sGJIH6BOv6LCUH1VQ19RP
16486,3dHSkjhnXDeCrsMHx0zvQI
16487,07bnvrBAKNuud6qcm8c9qZ
16488,386qCrEwYfIeisVmOzojyx
16489,6yvjEafD4JIQVk7GvvQ10d
16490,3o4ZEiNkw3g9JhT08dRa54
16491,6GYAcUngfpiHhh3CjpE3yp
16492,4udjASsKV1KO7D4zujI9fU
16493,2Gr5OvEqr71eDs7XzQzW2s
16494,2GkQc5DLYWP1gpsyrorLVw
16495,17nyb3V4TLmKqWGnwkdnsV
16496,1B0YEO5Pq5gAOHokrn3Rfc
16497,2XEHR1QTPX8y6OGaAKuCEY
16498,13hXU6vGPBfVJhTMkOMPEm
16499,0OCWGa49EaI8i4doLT6j4X
16500,4ukad5UoJ7uJyadY6WDUQL
16501,01B7c0nbzaf84Y3Bd8gbtn
16502,6ISr8phAkO6HDIOiCFEpSi
16503,0XpT08UaGrEF913rYd0NoU
16504,1GuNKPFTwUjNT13b48gWq3
16505,1xZdjsAGrY4BUIbIlYy3EX
16506,3aEzfdYJtDljsCFFnQ6EFH
16507,1ZKURrNIdRvTXw4jlDTTIW
16508,2Ha40JlOHpbYqT62s9kruQ
16509,6wqu6LuW5ALfsN5jPmkCMh
16510,3uMXODtGoXaVX6zXV2dfGT
16511,26UZHGHXOzJbCDamk5ssIo
16512,0sdarbTbJtcajIpuKWUxkO
16513,525CCx1fwyN7ZJbRe4T5i1
16514,5TiZAsxzwGyyTCszPMclXw
16515,4wWA0JRKHvX5MPNgSF8KwW
16516,7iggXRD8XULv2nw4NjkIjZ
16517,2m5YtiQtdG0oYj3i7OSBUV
16518,7ylczZuMa4yvInT6hW7aqa
16519,0P9jV6n7wzEA2G1Qadd7lp
16520,0Pd4lsvSDPkcNCxbcz0UeV
16521,0wxSrSjtvOzon09mIWbHhH
16522,6btmom50lKG0oyJHpfqsnV
16523,3Z9thDM56AXfSQZ6PvzSs7
16524,6x8huLq1o8dod1Ekm3wXUE
16525,3jsCjntLLAqZoOqGuEc94D
16526,2G2Bo2efAPbrmj2Fv9PB4Z
16527,2d1GMrJWWmqZSWSR4G53Nj
16528,3BdId1EhcMX7yAzwzQJLAD
16529,5etBuuxUOXXGJ3zTwkFDnP
16530,0UUo7rvtMRskRiFz18bC8B
16531,76m9qTSWvcVVhyC3JW7tnY
16532,73q8iP6JyZJg2ChN5VW05L
16533,4zBoFf0ihjdF6FtX099AEF
16534,1zA5h27vkppDkPR0A2leoq
16535,1Aqv0cWmfxE2KMHoXmGxbY
16536,6cYVkQmz29qaqRGp4Ia35l
16537,0sE3Rp12EmSxAj5q99LthE
16538,1VfXMgxLdvGTd82sCwLAqz
16539,33JmIIfnnqxwUSpXo5ttDG
16540,70KF4aci5bd45umsBcjZ7t
16541,74BQnMyRjUzfAtWV8o9APe
16542,6JL4A7mWpZXJYcsCu7D7XN
16543,2jweDkMcJ9lPcnEkxv8h6o
16544,05rMolBrjI0DnO9CkSNSJ8
16545,6CtAtlfUu2NlE8qzu3EGjf
16546,0kgZ49OmcPYI2Eh9RivDjC
16547,24CzZHV0vnMUMeHjP6Xz7H
16548,1WcklIWVoLkVm0q027D8gv
16549,7HCWXgI77tniDu101SfVCW
16550,4HIxTI3OrqaVE1fgu9wo7t
16551,6M3mm07dRheMT4ZejcjC1E
16552,3AwNBvTlwcncnnWgZ3KGLk
16553,0xcaCnpCnhmFHH44MQhJ0Q
16554,0DMiZn4n29Nqp9tTZGX5Nz
16555,0V37tH9H8ZepbL7vu1eZLc
16556,2uBVfRf4ggfwIsLLtgAlz6
16557,6lkzA4O1ZrnNR9drGy15Qv
16558,1ghLnFUNvcfQMAemcFONb7
16559,6SLJBmkPEBQWCgfDE3pkUU
16560,5pF6yJ6UGGxeOhCkzRliSR
16561,0IGDdFJ6VHvhduxs6T7lPp
16562,60JIvOXFE2iVeCS1KIo4Ia
16563,3UjShCVov7l08Ztk7y0F9S
16564,0w6nR60VzGOIeh7zAoAOhf
16565,1GFvR8qD3llIxfET8JjtTe
16566,01NDThtxArS6fiLDtEcFiu
16567,5LcJCJRl9NveVAvVnwvwQv
16568,6Ymvlzom4TQeoKqAWsZRD8
16569,6GCLkoKIWIx82anrMOwCHt
16570,7yAfrIDQzSCbc1KWVHlBWz
16571,5rU6kDNXZLXIinFezpbWbO
16572,3QzAOrNlsabgbMwlZt7TAY
16573,5fr0ocIee7TpDCRWaK0002
16574,6SI7muYCcOl0MjYShAjjMD
16575,74KtOs4s6tYW6o4gMWNXRV
16576,3VrAQzhFpUX0RGRqcOATd0
16577,3vCPApd77OpyntH17SFh6H
16578,7D2JWKGZ3lJvYGttojYLxE
16579,76IsL65w9IrYTMGzdTcE6A
16580,0XtTFUJkhfYgKkGkp5YGMa
16581,0JHdUegmzOoAz7lcPaWox3
16582,28plxWKEmmubA4AwEH3GLk
16583,0OpPGBkgaZ6zCWKAYXPNpc
16584,1WCnOFmg1kYVJSLf3MHnN3
16585,3Sipb1bJ36FTmBJW1vSAD1
16586,79ZbxZG3icAE9nayGP9XBf
16587,7mxKAJbGlWwh0SJ2rAS7WM
16588,4UtIQiNyALw50gQPShHxJb
16589,6s91AtSOFmvVs2G8AsLTlr
16590,705z6CMUlCuVVbwVGiMT95
16591,5RhDj7lb4KStCxJMk4vIIL
16592,74LR5LNUmLS8g3hWYXa8Ld
16593,4O9LSxKLMIhFOml6q2UrRg
16594,57ljtd4U3srkztQoRdWeYK
16595,3io1vp9hVwvuHzI5iIeDhm
16596,7lm0CTjjEMjQBztPfUnYSS
16597,3M44mD2haxaLsG6chVL9l1
16598,4gypmpruDs5ogY61PpBAYV
16599,0BBIcxUwA1IZRpKwcX7bbI
16600,0jQR1pn8FOJ5dC02AvNgTS
16601,2uoXXGV9Fob3Z9bPuvQ8j8
16602,2RNquHfP2xEI9Gpp3lXpQL
16603,21p46OoY1wstJ2jtgAE5e0
16604,54ddFMbGCrLfS7nJOE0xbO
16605,1RmXB5kbW2dLBHLUKZBPR5
16606,53gGhFuqYlPmQGGQIjWebP
16607,73TlvcThZVK3XC1cpMTWko
16608,4QYmp5IkfsghZzr20l7FgB
16609,070NcvD5oR25mEcZLrPojE
16610,5hwPScbXEB0byXPmQPY7zP
16611,3737oBAK0AEMMGxOdjM5xW
16612,33VLD0znAveFT7MhHt0muw
16613,0U4TSqUGTdBd9o6WOfpUEe
16614,18EvMxPjrVlxHfwIqDJm47
16615,1mr1MGVtCgwp4WssFw1pgp
16616,3tLZ23kbkOe1rzmGWo2jw7
16617,0iyNhi0ccmPF8qOKqrJHxl
16618,693xGvqOaeuxur7BKCznpO
16619,5RZmdMDsVvoxzzbuVLLU9x
16620,7wNYqliW0LVNT3B25gGXtw
16621,3KpTgzHGGCzHv33bxIcZ2e
16622,3E2YqY3LMKlFW2KlsDtV3K
16623,4WxkqmbuOZD9xruYGp85rp
16624,6mKZsE5s1dbRJHuKSorCV3
16625,19EbEe5ENZaGIEF2asGQ29
16626,3d4JtDwvj5DPtz2B9VSIAx
16627,1v4adEDf3hIrxVv8Lmdtq2
16628,1F5UOgpH96otzOrsHwPs3c
16629,7dhDep02i3hkJZlrGZj6R8
16630,6bAirj2qDf0agxdMuIdq1p
16631,1FR15oB76R6ylMsby1Tznq
16632,3h3UKONw7IR1z32xGGrYRZ
16633,5yWiWZ1teDo6O9iH6QkqWs
16634,5c6ekSNYzR7oZeDq8JLDKq
16635,5CxIjTvhKHsLGJaFNjfQyE
16636,3GapofL1tMxxZrR2yjrJVq
16637,21iS9APav9987g2DsCkr7r
16638,3HkaQXrf8sU0ZJR2o9DLb1
16639,6pIpCU9Lp78sJMvO4Tghx0
16640,4KPacrhlQWRM25b5a8x3Bo
16641,3zzBfOjbr9SKwbdxyw3Fas
16642,1Y3knDCl6cebMyffIe2Rf9
16643,2CMe0LSCqI0XWP0oFKVJ8s
16644,2EtZFeLn9msgg4qJzT9Vql
16645,6mDOKRG5kP1CKLSme4XYoa
16646,0B0Kv1dO7clBuDwZMO0dxP
16647,4K3RZJ8sWPbv0IedcnEfw6
16648,6aD1slFLniOPTxnG7QmBIG
16649,4MfBFhIBXrmqrczjYqasLp
16650,4PS11VY2ZSSY0JloXbTIr2
16651,5QO39Q4nsMlzF2CpWlLpn4
16652,7k8ksWSHpdGGIpq2ZSNlPz
16653,5oit3Ix76VxJ52S4ZApDI8
16654,0u8BIF9WrnNSgDfXq7ABjn
16655,0aeY5J1JMW4I5BzN4RhdU2
16656,2wfGXJpmtXteH6HNEdbyYt
16657,7J8A3XOuGFnGheoSsHUXC8
16658,7oFRsRfhRyBivsoeS7BcN5
16659,7sNwOV5etPScDNJtWdCaDP
16660,06sWKLCqqZlMPVGDCxhkgp
16661,3HCzj965m8Fz2E8wZkir6q
16662,3rYcZ3jBj86xfF0l1tXzxE
16663,0iwo02NoGqyooxs81iEkz3
16664,2qVZkPB3oLWsYyuGwSqsbN
16665,1xNvF1DVvdETdLgJXGqM7O
16666,71OxwTrkw7PlmkEI12xzWZ
16667,3pZmg4c6GcrJqKXDVqRPoD
16668,0iM3l6XwAxY8zkLuTqrLwD
16669,09f7w8W30zPHY5e48omn4K
16670,0TE0L8iOhrOyOEGLO2Tvcv
16671,31PGDSFwaByZVL3o17fQpg
16672,0jGO0X7fHBb3DI6zk7saq8
16673,2krycdmxjFrELfBOiK8wfH
16674,0nxMZS0ZfYWZnPjIhsGGNb
16675,3mVcapUGqkZdqYIsl0h4ub
16676,1aWpryBK41hIRfMURK8DuP
16677,1dVT2CbuH0j9rKco5dvkLI
16678,4bd3mEuMZbklpnCodHGaeJ
16679,6RezCa4veQ2XCpNyMZK5Mv
16680,5kx4xMErn45NZvEChKiqdo
16681,1G05yZ8DZmh8V0pm58XsqZ
16682,18Uy2zLKjOF9Nxn7IOcXZz
16683,3bg6akaHie5A7fpUl0wyBc
16684,6ySx2PSSEKRLtpjAHf0q3B
16685,1NVRTyKvOlh4xleqqvUW2D
16686,4zc3vdtIXULiyifWgkYHyz
16687,5JJRxktdvtSjN3AeITJNCs
16688,0Z5ok0QLLttAKsujOZYOXf
16689,5DJYwflPKJkBcXmCSGI4kO
16690,5GJUWa5uvE0kz5ZMZd6T2s
16691,2DSa9B95QBjbV7ek77DChL
16692,7GTcfdzY73zsDINXbBzV7B
16693,4x7Jaaep1CvR6sTX4lQZ07
16694,6m22NntKIuBJkD2Qmh58P9
16695,4k6hX9RKD096K1NCjjJZLc
16696,70bIXA78HdQB7QCMZ5YwLF
16697,0zaN4ycoI1ebyJAwyQW5ZV
16698,7HSg9Mpr0HEbMSIvo3sAu6
16699,4yNzKTMHMiubMFHZXC8XX6
16700,6z7be3FoRWLMrCTTTAe7ge
16701,6KbmuHQQnWaUxASFLyTIem
16702,0Kwm2tFcqCfxRwLXNBbS3S
16703,4L7K7dBMNWuLhKybpJBo5y
16704,7ny5uPMkpDxfabAKwLwdXG
16705,15JBnVlgCxwyMZTstw5778
16706,59dBtrXdrXgJw9CPyc6u31
16707,4LpSMOEpLURQd9jOWgSezO
16708,5OTojHYaglFz7k32bO4EII
16709,4OrV9ja5J9qGif5yF1ZVFg
16710,0AolcwgV6pqC3MfiPXKP8g
16711,4PURyKQKD7zyDbgcyJEFBn
16712,5HpmdkkcPPBD2wLRxU8P19
16713,1XGDDIVbY0VOrgeqv54mlv
16714,0YAQ45Rk6NbE9RpWOrb48S
16715,1INmS8oaDYVpK4ymG3IlAe
16716,0XCYpvC5V22ewQqINFM3RG
16717,3kr5RjzyULgH9O9ZHWAEkj
16718,1Es2LKnOKrFkvmmjqXCbDG
16719,0CCBXBvPWiYvMZM97jdp39
16720,0nQtGilXmvGde0gXNfHcYc
16721,52qyVLOrfb520hY5Eqvxho
16722,1e7N17vNLewlj7GBsDhrnq
16723,3DFPQQlwMUcD7Zh5tbEJiA
16724,6KH3zObtGZXSuOqaNk8Ym5
16725,3rK8TFLvwfbEGBOP0G76T9
16726,6j3WN0gGNXMrPkfyqkiXSe
16727,2KXW4T80oPXsGa9Y0MKsSQ
16728,2Yu0jQhuEDbFVSUfzHHSIj
16729,6wxqqoiu7qVK09rDG7DdZ1
16730,1fFGqmOcQKT0XR9QhdU9O7
16731,10SCxBKIiQX4XYjSXCe92E
16732,3BbzQ0VuM1QTMOiqva7VYe
16733,5L5lvk4ofZ3Kvrs8eN2cMr
16734,1e9zYgJ4p23GNfomxTVMLh
16735,4P6Wx3cfo98yZx1Ukynch1
16736,2V0B7G7kVkMQGdlBYDnRPS
16737,4KaeqyIh7MOQh7kORpjLjT
16738,49Rg3nx7QYlvq1ogfw22P9
16739,5QZ11AHm7xiytOGXGlxQi5
16740,1Ulk1RYwszH5PliccyN5pF
16741,65aqwAYrWYPVftgfV1xEz1
16742,1XmYh7bwrqyL9luXQC4awM
16743,4OlxIRziaaA5DqfQF8jiud
16744,5Ao3vArhHOJBFvr7DjxBki
16745,5vHpdV3TBEOUExAQJ0OFRR
16746,5eHYF98ATwMIAFYvZJi1Bt
16747,34jGxRWVOV2V7lCYK9qGb1
16748,3VNVHB1pa63RIokenb7EKt
16749,2aXKUdueMOj7IaxJZ8UQN2
16750,4cBZ3Hhh1K5e32bC3PRHr2
16751,18HCs9SzqYEbaaaQKc9OSl
16752,0G1HcY6dlx8yjJBMCO9rOc
16753,59kfMcUIck0QQaMLsFZK6g
16754,6h6x40tYlfthA5Qkz6oACB
16755,4JJJPqv9i0A4pPJ9AlfAcQ
16756,4yMy4A8vEl4HWYc2MQ7kYV
16757,4EvZwWEf8kXXCEpFj8BSwp
16758,6FKCL9wRMpybQYxTQQQYGi
16759,2m6knc5tEfzVYwGY6GlCPm
16760,3kJfo2rjZ7pomVj71gH880
16761,2cpgROIq904ByjJH6fI7ux
16762,0qfmpaPpUi5xIb5WPFlQUQ
16763,36zpfzPMNaNR4Iq8KQmrQK
16764,2NnsEix2JSUkZvHqI6Tcyj
16765,6GynIk9jBrLkuvLVmlvEZn
16766,30m8MJzJXXUpNrvNmXhpQB
16767,4eRjRkIGYVXQxhzgbo6qz4
16768,50SPFQVlpW7V4X9kYkWApk
16769,31RsH2YWHNYYjjbqMe6Vxs
16770,2noRPwBUD3h98s09YuxHf9
16771,55T34f86VePl4TI4b7nmle
16772,3HJ1sSzDNwkr5w0e5LTNJE
16773,4yXdlclblfpdqIDogAb9cr
16774,3O2de2JdIqnVVb5SBpg6wm
16775,24Rxoi7AA6TbPOw4Li8Wjp
16776,3tAa1Sfa3uougBb8aKfXVl
16777,5rjJyv6c4qXD2SKwdQx6wT
16778,4T5UcJolbRorAycAZFWOw8
16779,5d2TVYiAbcTFQvdeyKZvME
16780,2j3GxEsbNYNeEzz86wDY4J
16781,5FMKi4dq3hUdYeUvmwSIL0
16782,2qYWZcBmUQDDwMHnfNIXC4
16783,0UrS753EcBj3zwm3T4OLyt
16784,7Ig22bF9QIkq9alUgE7p6R
16785,7pDCODKRTXaigid4Evq0bq
16786,4UoYGwjHfNhXpTWoXYWfRV
16787,7cclZSnrASovrKyEZd1Jhx
16788,6COvxYdHnlLHqT55sLSoJc
16789,63lwbZioX7RZzvQ0sJNd7u
16790,3RBIKgIMhoIUPIEHuR07GA
16791,35aPOPwSY1zZS5QBf7gIaL
16792,3q2aoMgDImGcrRLMk0Uwzu
16793,59ykIxvvSYOInV0weqSDtr
16794,5G0q9DjioqqgxIY54QngYJ
16795,2Gduc2CW1LNiCKFKTrW0xT
16796,1aT3NMtJ1N0X09RBDWcBHE
16797,2U6473fd0HcUyzTpWfBhZV
16798,07ITwpA8QzwFmFopfj7qWp
16799,5kRIl2QYfL3UE4ZM87a27t
16800,5meDgjjmLfSeFnCwezo9zu
16801,3TfBp81XBxnU5RLDKgD8nR
16802,2B98ljvzqpCVgt5reTHq28
16803,09BRFMvmiPu2expR78MvzU
16804,387OSDmYALGglTMG22cvG2
16805,4pVA399XGov2hhrrxSJip2
16806,5cZdnXcEsjlGLuTePpWztt
16807,3B60AOG78SDAmK5kLozoqo
16808,0rHkAR0bR0NCD5BfTMrafa
16809,1T5IbNS5mqd0hx1TGZoacY
16810,4hr9ZOBt3YmwnG24QZ4a3g
16811,02MtU8MkiCTpqv1jvRoXtj
16812,1b1d0eHua35n3BWtTqJSMi
16813,2jY1DvUjejhXvaIHO8FiOF
16814,73wQ8dXVh8WdIsxLcgxScI
16815,595lomYlgQKEubCF5w6wzC
16816,4dKfLg0bl1lIxjSsRqhmuq
16817,0Z0qdGuEvdXFt5KfqXprhH
16818,2xlLSy5wKzwjcGvsiZomyD
16819,2YaYySJt20f3jrV9wtb3MG
16820,0Odwixfrwq9x2wM09UuoO5
16821,78bLaGWi6hKU7lV6RnqupK
16822,1t6eTOygj2t2R1UOB2ZZ2u
16823,7wuNgAEzYe1V7N1maHp6Qj
16824,5rUJMReNdG8ppsTdBusoBO
16825,37yppdo8C1e6uvHARq4hMX
16826,2byh9mWzJdxX7diHg8rmtj
16827,1xUFfIG0pK26e7isxo9GHB
16828,18H6wKowL2llinDEPnu917
16829,2NM9WpMqPcIHPsV4EEyJJW
16830,6xAwatCMi2wdhwo9wlJxew
16831,2KQsC6cOpSXdvCWh3SAPJE
16832,1oI9YSmomtV5ZtV8o1tSVr
16833,41ZKxxazYEe8cilFgEyod6
16834,13bHItq1R7F0k0mVZ4PUG8
16835,0c4UeE0HFueUOIKvlcGeto
16836,3Ej9gFp9x29QEpU0TDUueh
16837,4PHl96KFsGIFi0aj0rXV7t
16838,2XJUNQSqGCPKlHaWKIbd7Q
16839,6NrT3y7WBhLVeS1L3YrEwi
16840,1VGy1nvzRZRsmqXnwS6pUf
16841,7AocjaXJDJGDbAt4lRZwSs
16842,1MHxAhGjERa49aTpZqerLA
16843,4kZgxPUGb0QyUgnxzp9f4D
16844,45RSAuEb8NAKDPwyjWY7Gw
16845,6ShUF8nbaPAzLF6KbI9Vpq
16846,74E1xZz0jQUxMI4PWr8IBZ
16847,5AWolKjDgOMFxDALibTkKJ
16848,4h5gVHou6IWzozLx0N6mpU
16849,71HgfwkNn7m6mwiqasfJbx
16850,6mZ1RHJHPb8Ox31R5l49Kn
16851,5yCE4N7kOIrlAdKi1pp8BZ
16852,6uplDMkZN2I4tcJTg2qsgm
16853,3YlwXNVpYt620tomqn8lgR
16854,5ydPtuZ3Q1bEJMSh5RO7h9
16855,748QPwdNArGWNqBuSZBGPH
16856,50dRvTqff2BLK3C6ERRckl
16857,4boNBVGfW0TrwDpTHhzzK0
16858,4xkm03zMAQXHc0QHl0V2Rm
16859,1GSTVLcaDSaP4sJWfNoqay
16860,1ty0yUHZ6i6zO7J2QFBB6E
16861,49279RQISCzrzVWmEslrj4
16862,4TxQSd6r3mXhdsumBlPZox
16863,4cfBrtB5o1clMeC6CYrnnj
16864,5tKD7VkJxsEWBx5sKCsZTo
16865,6WkSUgo1VdpzgtiXKlFPcY
16866,3HQEXS2AExrHDWRZ8R5cSQ
16867,0CMIUT8vPDzAC3s49J2bAP
16868,7CyvBtQRy2SDQkBQ3TxSOo
16869,767gRjedAWnbUer6ARRS8d
16870,2CYbmgQ3sLOtG13AuPgwTJ
16871,6rsgYxzQwEf8lKhgXxceQL
16872,04eRpiuOBF7XPfG5kxWO6i
16873,6a06GfUAOhTE8yhE2qXYQJ
16874,0HL5XOeVxgX1cEPY2KgRRa
16875,6skXhlTbMkrStLk7uPqP5j
16876,3yl4pTU4U1sc7qHfcG9ryF
16877,0jZkU2WcbamGJBkMpWiXpO
16878,2zDuZ8bA4bTN8KqxsOocdu
16879,4Cq3ikDNVurLNAk1jylVji
16880,5zL5JbhIg0U2QJpHt9LxpK
16881,5p0Et9J14mQUaqZsNiFlsY
16882,50B9kej67ZFaExvyCPQiWc
16883,5eyNkZZyd3GjwEkhpqAPjK
16884,6xcJyGpfZbuuiequtnlKt4
16885,6QwGWQkhN74rhr21kX1OiW
16886,0P1uVFhdZsNkMPbEgtNj5q
16887,0RoJa2tWME9imqEWmxSxRG
16888,63ISXOWS5gmluVZabtaEzF
16889,7nKYINLBZEibCoZEFt8y81
16890,2kFgVGcgMylvBXTY0yDq1L
16891,0hlH4m9mmhjzWHwA2svcob
16892,1bPwtz53nWBmdXYnTeI92y
16893,0S9zKOWiIwsR9Vla8NVYJd
16894,5X0dJaN9YTSXZ0j0Tnej7g
16895,20mm07wltfpLJ6vKbx01da
16896,4J9u7UsXH7F6sFI32KnYuP
16897,5YBEys4ziBiWss50LXaYQz
16898,08HmqzLYGKGBj0xv7vpdYF
16899,4a4MAworXbrN02s0xGEeP7
16900,10iRqRpvYA9C89C6MHI1iq
16901,3Z9NvyNKcJGzdjbQmFrV4h
16902,47LJaaGmBpzhw7HW90j1DL
16903,5Bi3DtODYgg2QVARYqPPjg
16904,3AJmjefnCKNq2Vtib5qQSE
16905,3aevw0xzVW524zYRunWGxi
16906,5RdIhJTfHWHuOIQ6JJtAmu
16907,64uOIMR0ZqKzq3WLpg3zBp
16908,7sIrlEH2DPYlKnnHYVRcCg
16909,359y1QXme0PpSm19xI5O9s
16910,0JTcVIakUeAFWor20HFggt
16911,1rQEEkWAK49M5jd1CEnsnd
16912,3CmwXf9bED0H0bWXbxAJEF
16913,5bWJZ3t2dTIUeq1qA7sWEq
16914,62AX3JL2qZIxmuocRk9y6G
16915,35c7BHgm3Up8r7ATikZCaW
16916,52pFc5vYFNOm5VNrZLomaN
16917,2Uu1hqObahlzFDbZqjC6CR
16918,1dSRuZuKGJLb34w9nFnoTj
16919,6I7kWBZmPZk1yxZHzBmSgQ
16920,1gWUXGnFOvz43LTprWa85K
16921,72W7PEe1h9sn3Y2zfy8eEF
16922,2MkOA9zFY97XtL2FxaTwhP
16923,1sP4rBIvW5Eyhl8t6CJQam
16924,5GgiDYTRlUqnl0v0kCSgeH
16925,0qwKpfTK3IZIuFAyBJ5537
16926,70OiKbKXTP91D1sGcpaIoG
16927,316xtj9humQYX5bmqo2SOE
16928,0u0VR3pCjK9S4g41cjHXQ0
16929,3OLT2dumW34q4Ty7V33jsp
16930,75jG9XiInmLtgaRY68DWL2
16931,6KgnQjBqqqtOKSetK1HaYY
16932,0pmYwPU2PFS3ORKBEQzyKG
16933,5PbIinEQlf6KMOZnBlAlSq
16934,3aptQsWiKnRJdl1AUeFe89
16935,1173MC1nfbaA5h3kEatH4R
16936,2VsKJODsXzU1NtoFYIh9FM
16937,64iO7bkh3FjGLNYyLWu373
16938,0HIJS1zwQmH1JfCRYEkAf4
16939,7gHwsoIh2WXTYRWScMGicc
16940,5LkiQtWiqcIM36xaxkWHZY
16941,6buK7mWHfw5IFdJsM1ARVM
16942,7LYHvbE3SSA9RExeCh61oe
16943,2MOJDcs6RlDgBcuS3hAPrc
16944,1ojth8dtpLRnItOtxHCboN
16945,0sq6L0pQRdMCnQ5N76U4AJ
16946,2m389eHBcF5NHO3R3mEUUh
16947,7poqwe4E5wYvtuCtn7NYtr
16948,0nonJpXOUxwbIqgCqL6Rdh
16949,6GGl1K5qvkGHOVrh4pe4TW
16950,58qpA3jFYsf3MttnLzEtlM
16951,6ExpN5CXmntIJBv5OikCeG
16952,0NMyRjD3RVAleRgxnWvc3F
16953,6LBvil8ZDD2nktYSmKkHIy
16954,47yBPZ5GEDld4CMlsyudCV
16955,2SBXIYZrYz7SoXrCYwmtWH
16956,0L2N2ae2Uv3YUJMNbj84Oh
16957,2bjgk3bEJzQxIpT8BP2aYo
16958,0E9ZjEAyAwOXZ7wJC0PD33
16959,3dWZJWo0kVHb5ID7x3PgtR
16960,4I9t4VZRHuuI613MzLZn5S
16961,7Lklo6IcgQ4c8jj3YM7Ty5
16962,1A5yplwEk6cJbAL63L6bkp
16963,6vmTFgwtpz0UTeSEDzE4L9
16964,6VKW6keNBNxIPC6Ti68UYC
16965,3GdjhlnNqJ6feNQgNM8Qzo
16966,16qYlQ6koFxYVbiJbGHblz
16967,5j0Dx2tfXo3uxGu50HSfH2
16968,7MMUmuPiGgSl95eTLgBfNS
16969,4EQsvb4EX5TgiXiwMxADJL
16970,0BDcoqJihcyHhPVCvK1a3D
16971,659msZ4jVdvUZe08mkHk2z
16972,5ZIE2SUAd4Zbc9h7U9vAQA
16973,6HvskT5iDgIcFz56HzpPS2
16974,624OsUC4x3pIHUrKJBSuDC
16975,5yvux1iRM2FHWPDgQtTML1
16976,2KyIZ3w9Wd6fm5wJxzJRYO
16977,4DgTU3kxMj4VdDDTFqlIf0
16978,4820OvpyuPBFSSTagsEkTK
16979,6WJrww1OaHfmaK5eBGtoNi
16980,308zR8FuEwre2uE1EuoXQr
16981,4E5rL7YL0hVUPqeMSpjEF2
16982,07aPudz4c7xtKia7SxQ5Wx
16983,3U1hYn1QQRfOzr98GyCd0V
16984,4BaS9dEQevaz4qfaUPDosK
16985,6aNc2BNZDu34eVXqBCJiSm
16986,3nXbe9ssAm9qchQ3lOv6px
16987,0Ai6kLSh2X5CQmZV6Ixp9s
16988,5dizzhwoxvHWtuwvBpUfJd
16989,2URuTG11mwZjhW7jG04ssB
16990,18eF4OfjKQHAuL96YNqzL7
16991,0z6aqMJAl7TbCP4okrKcHs
16992,2aYk23XRZnWbOxb1hbkHVz
16993,66oBYtfzCBRTBFhVU48IB5
16994,0a2pOGNIjes1kCERVpaNDi
16995,00n4ygJRp0HJoLokGU0yvA
16996,52rgXQyZSczHhM5mSht61H
16997,3lY2M4GVM96uCyNKqKEK5q
16998,0hv6ku4431kPrjbpBBspw3
16999,1kgoMTV6BJlCYzTR9lOxCy
17000,0j5gsEKsQ2UU6mTdJmtxsg
17001,1s92fpYhGM4HCi2Nke9W5b
17002,3pDEtP8fRPi7t7GrDdpmaf
17003,4iWj9XyHMJrh7pLOk8PYfk
17004,6qHbluSwPkhZuRKDoEhUJN
17005,5RnSYRnCUaAubky6kGrsGj
17006,0fjYN9BylnRXMA3or3QSld
17007,4MrWGut3GEqSzjNzqg3ejO
17008,6mOiT65GFmXgBAviM3lrsE
17009,1WJg8vRU9O799Sp9f77TDG
17010,2q30Rgmrv7m1WcgIh2JJna
17011,1AbSYBxtTDr12qyoMO23WP
17012,6lUG3fVyRRGohrYqWOOxku
17013,6Ntcnh9Ovj3iRun701JpuS
17014,4Wlkt4TzeJv2sqiqo1O3W9
17015,0xeX14cDYPUduj2964zeWX
17016,1AKp9qHetnBliEwP9oMiFY
17017,0QDI4Ekp5AeY3Vivju6KCb
17018,6Nenm0bjHwjCbTet7Zb9VH
17019,65sql5o05skwJ6frSq4exl
17020,3w9ACd2NlhwxaWUKCN0K69
17021,12uJkzLFhVMYq0zPaBWWMy
17022,3FohXDis9OCRzjnMPvaNIA
17023,2uvYHYYlhOpfqBuX7idQmr
17024,35dGkzP04jlko07Y9Dv0l5
17025,69AmBxD1HMcd9YPzJwhpOF
17026,4hLvUbH5dkCByoNFsM02Js
17027,15YenHw81vZttMg46E9ccS
17028,1cGxk28F3b7xK7dxAoB9RC
17029,6Xq9qk4dHJ1JMPUG2LqM4G
17030,3lOdkpv7v3erkLAWGe0BtJ
17031,0hsEwB7RvpWOJYZnAF4j4E
17032,68qJGt0E1gB4MaQOZcGGK5
17033,0tK364wBUCSeE8ysRRMutW
17034,2WG2p0zl09pUTs0RVfuaPy
17035,73n5CbJCm0rgRV9TRgjcQL
17036,1lXyxleB814ehGUXzsWNXu
17037,0xCUU7DSGDTVOjiZEyy0md
17038,4IryVI254hGj0J8ND5r8gZ
17039,0JGfANN7zFpb3NbRzYKXrp
17040,2uskL5eFBgSNoOwOhTEwID
17041,5oqg5gThHrDY7sQvWYAXAT
17042,1OY8QeQGKJLfEYtl6zfWZT
17043,48hqdc3P8kvaNc3vC5LTg9
17044,0imqoiWJbLFNWlGcCjeCsY
17045,4rAO7Ik17Qw2y8ApqWDiKK
17046,2x4Q1fgntSN4m109uDsGgg
17047,1WL0kaPINFmwygwJ4RUCht
17048,5FMu7ZbfPXmGeOU7FnGijE
17049,4FdYMm2lLxkQsLxiZGKChf
17050,6AZBVSpBIbSwr3KQLI0EpQ
17051,5d9fQ5qPrtB8ieSyJ5gWkO
17052,19Atssu8qmXPrB9jnxeqZZ
17053,7B1VbibAlxiMdpxF4lsW7Z
17054,5k9QUsFx1tfdl6aYlOjBZ2
17055,3KRsRqcimXCJ6uzVm6iPSx
17056,4jA4A7U9Fgw9ZKQojThseH
17057,7mUiAWyS6AlJouOC5mkY06
17058,3rCX1bRXiqvQ5bMy4VQ5UX
17059,3IrI7QoULnGZ06U7cbT7mI
17060,7wND4J7k4G8GlvvyRql5o5
17061,4AbcRdpcHZWXHjeWEmD1eo
17062,6fWJgZLhNtiy9hluKS5O3K
17063,23sFi9xR2uuskd1TWG94mo
17064,2NxGngqV89UZXiiA6eQjjC
17065,5yCR8e47PESGgmAfjKTYnq
17066,3WJXfYLwerm8Vn0Lh2IhRS
17067,1H1U3PbWhxkUUG9HNEZEn7
17068,6FsjMLk0XWSNRbrai6A4aG
17069,707gNBxdrjg7YLaAcOVxXm
17070,2ww6vlXkh2Ntw3pZwtqnHj
17071,2XseM36lHjIw8CU2Z278lj
17072,28bukwe4uosUxAb1QONtU7
17073,6mR92A7IzMIx6aYnbQDIHu
17074,1kYoVkSCs7IoJLAPCYFrXP
17075,5AM9nodUIrP4qKMtlGJFay
17076,638vwoy1gI0fVqK96cOQo5
17077,3rUVrxExy58koSwc7mn5JW
17078,3yBMtRnDaXI9gX7PVGorf8
17079,5GJHS0wIcC8LDLeE4PyEMb
17080,5w0sTWVe9nGdS4HwFQCm9b
17081,6179WQbZYf2WXoVne3mN6d
17082,5TWvc7p7ZhpYpJUXGXPj2Y
17083,1pmVrxB7KlxsPfikuq8i0M
17084,2L1YTEDraxbH7AQdJvblxv
17085,0FidYx2CkNDauQnMme8gSQ
17086,03gngsY2p3n9EDCHIYEJl4
17087,3VEZvzr84WVnoorZ4tlBSw
17088,5i6CpkeePD4aKacf0cmZqg
17089,6moC1gGhXJ4j3UEvx1F7aQ
17090,313cdthw8naSCqGDNON7XB
17091,6oZuaKrdv6dpj3LpYxX4aD
17092,2CsSaYUPI57QaeB90gwzGT
17093,5IVA7WzOlWrmZh8EqZqMaw
17094,4A8HapPwdRyJQt4IiixL5E
17095,1mMd869pIVfM8TurlkPjAH
17096,0L69GfeRq90IeRGwRXQH6g
17097,6NDbgknDgOiOMOfHXEHgCL
17098,6yU9I7SBiU3UfhTPqluDKu
17099,08G13CUPRoRzivsBsv4BQN
17100,1dEUc82c81q7sDsby3MFBd
17101,4YA9ndFrbouW3nETV9DA7j
17102,5NRMXsseFxdBUx38ZGBHzp
17103,0F8NwouCRjznJOHzapIbpz
17104,5G5Amx8IeaNQsE0D1caGhm
17105,2SLEZrKKVNpOXQJN8UKSxC
17106,0HbvjjOooM4b9smsRUesEz
17107,15dL1unDb999f5IXkeWfM8
17108,6BxesBP5yRhtNwfOLHG3lG
17109,1I3qP84bWnMFrNsN6eruAm
17110,5heOXcnqGIAwrXsD8l2hbB
17111,2b0nAtCnujk7Y0VgCrSgN7
17112,5TNVSr2EGgxhhuq8EUbRTV
17113,2EHVjRFRSsXQaHAsys74Us
17114,2EsJunQJAPYsems22NWwAV
17115,4du8LA8iOR2HgOmHZy5Rst
17116,6unXROJcbmj6B9UA3d7VbK
17117,3vBDZAKjwlfF2DXTixCuN2
17118,4eaWhNmqMnfXdHwhWekmSB
17119,1l3ancn9AOmWx17kbP740a
17120,3GnJ5RJiv620iRwuDGsOFD
17121,6JfFNAwQThm7bvnLxwK5GZ
17122,0SAac4DkotbhjVKlqRamLl
17123,5SAyeZPYqe46IFmYjuAF9N
17124,4UQy41kC5LjzwQuiuWOpwA
17125,67OQJ26ltL4Wig2QOlARHL
17126,69bi9FkxOVP5nI7VadHKjp
17127,6XwIFfX9Mi1OS7LJryoQTA
17128,1mOSp9sl7Rqc6XZifDF1UZ
17129,1KgU8LZ7MWxBkCugjWFRJ2
17130,7hMeS5N8tFsulMq24F20eW
17131,1nNqVIkQEwTT02E2egymxe
17132,4OFbTlUnvv4dBLVNit1jO1
17133,1Te8WIfLudxjHTr66BL0JK
17134,0Qm8uVaqXvIC38gJBULMpK
17135,0INehbMZOFPnaPBAjK97i3
17136,5cNEcNRHh4skFEjU0iVveu
17137,2XLDsxN06EL856WlwYjXEv
17138,0O2edKNjfvtg0tO3ff0HQw
17139,5V2JJJwtnjiAvnhRI1s2Ku
17140,6ry50NWt3aUCetHJfzi58H
17141,1povBa4VP8tMGoxZN0Nn7Y
17142,0q0czUsXJxSGn06j4EugA8
17143,1KZ7QYEVypMh69rmcujk0a
17144,27UtP2DEc3gKIDuKAevSGM
17145,47vXjuUO4OKODO9XlinEDX
17146,1GCCKM3NRDDC7Gj7GidtKz
17147,5Sf3GyLEAzJXxZ5mbCPXTu
17148,0zCLpgSorj8Pzo1q7Zgy5e
17149,6ZCgKbeHNjufpGYGl3C8cu
17150,20KJptYXP1Svse50glBGd5
17151,4RU7rnJBOXCzWmsLDqUaFC
17152,3gLQaPT5DYbEUTyrv9RHzT
17153,51o6rpuSm82oDaP6EJPTw0
17154,1tEhhJUYgC59RSNuQWcGqQ
17155,53HD2Zb1HZvtbovw4i6eXH
17156,4BiCAvszzLVnyacHxDRFaT
17157,4yez5oUodhH56PX9mBraon
17158,7HMvSsxOPf84Zr4lgBnKxc
17159,7dC5KUTbaAbxX2Lp2Snxgo
17160,5QjGXVuCtLgvnGbKUBo9nN
17161,3hlfoTXrx6hqZG1EMuBwIL
17162,51sGd4PYmBWbVNMCAh3nd0
17163,1YXhC79GEYmcsltRpR7McF
17164,3TC9hdA0lZAxQy8rg6Wj5S
17165,5rKOHcpjxzJUS3V36J8AxH
17166,087i0XVQpwtfljQHJ3x9Fv
17167,083G9aYcOlpA6MZoiYyDRl
17168,0D4ExI7Pe1225Z3gp6Iwz1
17169,0QVsfnLS0LbciNmsEAqfrX
17170,2hGVpwWhr3RNba63OFflqU
17171,1lDmHiLgwQbRKfNtxlWVTg
17172,1gthSsE0G6WsOVv64kdnZQ
17173,4KuOs4XHh8pgwpI06duzre
17174,3VYVJsPy8XvorN0CTLvVAg
17175,3ogIqI5FMLt7tmuhfeyS59
17176,2akPnEzzH40f4SGGXiPSlL
17177,7lpc5u6i5nP99CiUwatK0Z
17178,6qXkmquPIHcr4yCWqtCskm
17179,0dpZxWSo73cxjODFRxRzen
17180,5oAnkaWLn9eHSrKJXOCJy5
17181,3m41HKTmFxrCfOFT8YQb4F
17182,2EoxR4AqzKYB8GfArWpLAj
17183,13csvOm2sBimqppl7rLJmc
17184,2qZZt0lFEEs7eXTmFCxfxn
17185,0fRorMdYYMndunw9d2NY3v
17186,7aB0vIcTXzMWOpXDvbiMFS
17187,2JLQsiy4ckPs44NwJqCFpM
17188,15c7qo3ZM609t7Htk9JZ42
17189,5x58cCAxZ6BBTDuk8llZxd
17190,0kQUD1MgW72FHonZrkBJiL
17191,5dkoEgln7k0e7wdUkbLUf1
17192,4J0KBaH6ZJh0dVqc7XlYT6
17193,0osG0WrR6vIOslG6SW71fr
17194,5fZ4JOr2duCUrZHqnArBTV
17195,1J6iUNnNJChItIBDBZGbat
17196,4j1OTpSF5ejqYPKwqHvlzM
17197,6HzGFDjOIFiAPbuQB3rNqK
17198,6rUF7Yrshr4eZf9GoqZOlH
17199,3l8pXh8xpOF8aC5N61uVn6
17200,1ZgcdbuZDwTEqdaws2qQ5c
17201,4DcvaQ6wUT3W1uAtpmuI3X
17202,57qlkytk7LUfbQcSG1n4c5
17203,7vU1DjshWWApmXf2bA0iDN
17204,0LyZnEqqPwQvvNjCYOV6p7
17205,6KthkBoyIkEPnVSVuHvdCB
17206,20l9Alm46iuzr0Nq0NOvHt
17207,3kubJ2b1Rad7NXZtnZAZmO
17208,0MiIX7CS8TtxHpH1Ar6UB4
17209,027tq4cWr0kRxLTfdxvM1L
17210,7kSYnrGHR4OKT2dybiPG5v
17211,0mG66FLhO0iZ6XCAGdjpax
17212,6t82ysvDG7lrjl2g7V926U
17213,7BGF8Ye9Le50Wd4vduFXvr
17214,4K9Ohl9X2U6dte70ls1VOM
17215,2CgZkMHi4MTGV2UeCc5Pn5
17216,7qvucyr1sBMKXVk9SyyKhB
17217,34evYSeIopVKvQcweYrU7L
17218,6DFDTqHD5VGqsFeTGKag2u
17219,7lUgAUwODSeJaUVNiG7pYt
17220,3fVy9ZwVwkJ3FRrgkyTJbU
17221,1oyRhrmdRoJj0rUe7b22FS
17222,3iNJYcF4AI1qdBdFEuQQUC
17223,2VUZziJusn2sBa1iMn9YGn
17224,4uBiaXLct2GHM2Z90zu4yc
17225,39cpcnobaB8FdedVjHjXP2
17226,7Elxs3hCKEiHfOv7rb6F70
17227,7KTWrH0uLqfmaHZFdWnAg6
17228,7ihMf0GDBLTutnOIDsoDm0
17229,4wFUGgiOQ78QueYrOQmqCs
17230,13ealR4gNKgpfCNV2FB3UM
17231,1WBuasqJC6UP9ZCjTCiKun
17232,4blMQHONplzay3YkNIUlcn
17233,31RtShBICxYaZbzerWBE9u
17234,6xiiZYr0zysI7wbEQlbpei
17235,41NKu9h3Z49MArY3EcWRUG
17236,25wkqhuCgLebTzgDMlvE1B
17237,13MZd19ppTPgnOKvR2RrtM
17238,6wkEKz1ikeMBsuUigswY2S
17239,4XDGzPuDpogrEba7nHWjgK
17240,75GJzkw6GunnRWieVmxvXh
17241,4qD8RygKB5VpKxwvjOyTDD
17242,2PkO0ofPyFErixUUGTCm6e
17243,5fZE0TVp6FFesXodTd8Uvx
17244,3E1LabJWM4J51ypbrjADLd
17245,2kmoIS46XnkZITMasjt08S
17246,1pcG5AKS1PTa5sz9cBOCLZ
17247,7AYo5KBGHvHTC8kQZVNZEW
17248,4NqUzKSC7uio3Xk2XdDkRv
17249,47nb06pax7AZIijFp62POd
17250,3NumV8iiwiy2ALmtNvOp3T
17251,7tvLOdL1l7aDQOiK9NHTNi
17252,1BgQUsAUiQFuIUVz4FFyAk
17253,0IaMDtO0MerkfgWHyIIWjt
17254,1Ga3vv69TQaRt9gflRv263
17255,7nlSk1vKt1OsVazcPZCiVj
17256,4oOsz3hsFV4vhhk7jSfNbm
17257,5SMyZoXvtq016rkdvCg09I
17258,5alifvW0L5t3Ei71aeDVax
17259,5eVzZTuMtB5PZPtDomfNR9
17260,0LJgoydJI7gp5Z3WP6Z4ca
17261,0Ob7jCVaxwXSbkGgLzUvhx
17262,5aQe0faFOjeskrHwpleXLJ
17263,1DonCytH3yNWUwXTMg3JNd
17264,6nxgOgURIdssxFaTr0VhNW
17265,5jOkjmh7gxHBIIt6yBzFnh
17266,6u4gioiU70toAYsjqSZySJ
17267,1jonArtlrKB0gBzBSYwVsv
17268,5MUxrNd7Gr2HksLcAlB0IO
17269,4a5sA9tNV4ifFvvOTeGz02
17270,4C4e1CQm516yQjWVrzztCL
17271,2Ja3UauMDeQnq4sI8a64Ys
17272,1vV1qQMZm7iHkC8BqKvzsH
17273,4x2z65CsWpM2Kuxt2RQ8rj
17274,6NWjTke7IJDThX8ze3DUJN
17275,2P06U5UMDkVC3DL5dn5qzJ
17276,4Gn8mSsXZANkqTWmXuVTXN
17277,3MIVb9pn5cDSdK7yNDsMU1
17278,5JruLmZlUwNTlTfM2LDdxR
17279,0NRgpY0Pf8lf5KBL56qdFX
17280,6kBuHuvEzKwVqc7Wl7UYzy
17281,7mmKG4TYBtuAoTspzhCXAl
17282,47f6eZgviwSZciXGv2iWYg
17283,1mCRTfAQQEZKqRYwQ9vvRS
17284,7q5DPLERSWUWGW1nNF24B3
17285,0eLsTbBkQTUUqE5beo3PVe
17286,1vmvy8YJ9it4TbL5kIw90J
17287,2xNX7F8mmwZdKLMfNWJJrf
17288,1b4i9BV94aJSkoGwPSol1X
17289,5FZfFEb6seV2NzTF7SVChR
17290,6gX1W8cUgxljqEq2O8kQLz
17291,3kNC0mFqKiZB5BMxhq1iFX
17292,2eQ9B2SsQFU2qCnHSas3eQ
17293,40UsQat77LUt7A1k5qYWin
17294,2Ym8RkBifvGdlBiNRiq7Nh
17295,6dCFyR9WtLmQZ5yXN4sQ7q
17296,0FylgjP4mPwhKtiWNJ65MN
17297,1NT5kx8p0yvlOgOjJjOZ43
17298,3nT731QXaKuwz0wObzQLPG
17299,7ulc0PkMZ3WNE4QgywHY1u
17300,31RqoSq1jNMoXcHv1PtqIC
17301,6xV8Ko71oo0RPQFrL2ZpUf
17302,18GiV1BaXzPVYpp9rmOg0E
17303,56XA4OXsgEMDpjJJyHyYaQ
17304,3WoKv1lpJjycdFe4vSTAWa
17305,7gDuP7JHRP6A9zwbTIA5gF
17306,6wyp0r5aarDMG4ZjQJtjc6
17307,4d2NkkohIze9c9AbvrQNMf
17308,2k6mUeaFl6s9NoF05Cu0FN
17309,71tvtuzZyAEV3NuZ440ipp
17310,77PSdvJWNONeMujnhIGEc2
17311,5lPxAgMhBYlQAByQhj0Nuw
17312,2Z3LiiJvPEL0sOagbpeRZ3
17313,38JSFQ2j4UdbUyXstBxdc8
17314,0T6tg3eZmrfG5Av6E8rP7B
17315,3AXThFtnpQuUnIpQH6Uhnw
17316,4RLujGTX5Pau0vjFxsXrTc
17317,3EujFiab9EZgT9wqWepiFg
17318,1mf2JhPLztqxTISZ9H2D5I
17319,60nSmIbM2SnUqWTYNgVVsh
17320,6K6dn88zG4gPhJb7UDYKiM
17321,1MeFTMjlNShNVFXpStm2hW
17322,6OIDiv8taHxKzlDy17wHxh
17323,2ZkpAccQqt54QfTjeXO1So
17324,4UvNjMnxSpPnPfazT3URrQ
17325,4hFQPMrel3Mba1YEN74vrh
17326,2AeNT3hMvubPefRNMOy4nX
17327,1ZNcOV0FJ4Yti7PF2BUNP4
17328,27aaVEyHitYuzOZLDKq8IW
17329,3fZluaUtO99vNpEQoE6cpc
17330,2EfawyFUOPCXx7IZxhOuxH
17331,6WGTfHSQtUcEx5vgpxTLCs
17332,6JJncQxuAw9vUpM3RqVKoY
17333,5nVCqTJuVW8ZKoL64YTVNs
17334,5hcWiOMgEUjlJSSpGFTLXz
17335,2vOFdBs2kss9U0ezRGTG2E
17336,75OacB4ctTSJ7o1GOctQPQ
17337,0gvyS5QqsQiGZ0e9fDxChn
17338,2v2KvCqUfDhegBXuensxfr
17339,5ysFWl6H0NzdBd3N4sk6Ge
17340,7zFNXeOnvAR3YD9BfPWon9
17341,71LaX8P6NI4dS03y4Pu3rh
17342,6N6c4xnRcFYC9bWcN0MkYD
17343,6YUme1tcERsymA2V1qbFwy
17344,2TSCKsGHdDFiN2HpuAIeVZ
17345,4upJkh7ZVt0LINoGwm4lpc
17346,5ACNniIZRuvfvrAVzFoHE7
17347,6Y61Q4cdcC2tmKyTB6OIPH
17348,4BV6PlNpPjODN3karK36ux
17349,5CJmS3ARhyM5DETBrqYXYL
17350,2tRDKfrqRDt1pUEv5rPzrA
17351,6f96mgK5WtWnMzHdy9rFTI
17352,5Gj18iwG8LQ4lObXQOtfc2
17353,72NjgmnATQipjHE22iam8V
17354,1CTCZ5Oxl4H1rlw2qE3hDY
17355,3nZH0PlweHNIaFASV7X1XC
17356,7kPu650beK6ZW7c6xUq6f0
17357,2obblQ6tcePeOEVJV6nEGD
17358,0UNqDIu6X4ZAUmTZuPh8cZ
17359,0VfStDVD2jYouh4Qd3LRbK
17360,1y951LIWVHzMP1N52H5Sp3
17361,1LADAThYbr6FZvDCtNRWLL
17362,7copckP341e78u2VRziYQL
17363,5InpFftvzKaswcj57hPQNi
17364,04rH8VUco2tMUsKTcTknlF
17365,4ZZjG7Ni5njcPTkp7frSWM
17366,1tBxs9BqNlBXbIxVaCBrv5
17367,6pQWnUKOtFkxpkaWdEwU8J
17368,6P6PwoZNACtrkTsIZV8XS8
17369,4HW2nciCCts18Upebhj1ol
17370,5fqI1psF1Ept5WvTNkpMPw
17371,2tofXDrli8EbbsM7bZflXq
17372,3Voy5pbnIDgEiIN2cGz3b0
17373,5RY2zllwOPIOyjaH7QrosB
17374,4uhVJ6SU9rwju8WXv30073
17375,2saGaQtvSp9j6c70961ZsH
17376,1WOPzcUXT6YlN2yXVmB27K
17377,46gpiOadqDbBQZE9jYbWhQ
17378,75AzpK8frf1hggKXRonCXG
17379,1B4YRwOOeUAjMy04KaBoDK
17380,1bZEWn50h7yPRZz8adRkSZ
17381,1jFtCDktj1XTxDcu52iyeC
17382,5yVGsHQ8SYks9heO2TmP8K
17383,1XX8Mz9YpN5W296k7eG4nB
17384,50y75W71BAiws5jeApxOz8
17385,4EmUKAySe2g0MUOzZYHxn8
17386,31i7VqE3yaAOf8fGWxVxMT
17387,4wuf5qwou5EIPYHFvI6Vv8
17388,0BbByaP4nhIqGeSZSJ15eW
17389,67w6wQYa9CGDEygitg4IEK
17390,0qaeddgHc9Xb2zLwdlJ3na
17391,0fcJwONTBWpDg6fjZpKayn
17392,1bO68Q8Xtukx623D8KDxM7
17393,0hdSGGY2QCU5YwTfWJHLw3
17394,6dGJFBCKrm05zhMl3ZsYyQ
17395,0j6oOqMqxKVgGemSEmZBP2
17396,5q576fqzIJrORgC9ULCPWn
17397,6qNP0GdQyh2CsWJgkBH4vw
17398,7d4IUv2XBoSg3SQs3sZ3Yb
17399,1NqMhFOLe2p6y9DAq4BtBF
17400,2LbvrBu8x6d6ZtiQiYl3fi
17401,27adNyPtau6RYDGsUbXEo4
17402,4QDYqqyX7HJyOrHS60RJZl
17403,1PqIO2NB4oFg4f0fhs1crX
17404,6gTLElFFF7ttT2pCighbKC
17405,33bVUbRimlYMTNQBCXzbuV
17406,0d6VlFG2bn8yL0wiGgJRPx
17407,3pzJXZ1PW3l3B69PoTx5lC
17408,1BtOAYgTkPnv1KRcLHqyxO
17409,4t5tAOTFUfb2FhHnnapWlB
17410,2v9TxPdblHMBRir1y9uIqw
17411,6YA5kPwBN8OrioMruzjnmR
17412,0p3q6zlxZV9Aft2hR1NJOD
17413,3UpOX3NNgWmyCr89LLtTmr
17414,0oiIsfw4qIfNs4DQBzG63b
17415,7oURShGnHhsRxG9ukkuH4c
17416,3ZdqW0bBmVADcQjNCJHaVs
17417,5GJxnVErCRdw717nVsKnEB
17418,7sdGWbfHF1ofLLLVi4i4M9
17419,5WVni6TW7Hazr8miRkW4qe
17420,1f8qvpRcmCIDavCcgi2wFI
17421,04v5HJG0a3TQcTFcv16oGd
17422,3A1kkAIXl4IPxeJRCCF4Bc
17423,2TtdCbaWKy7TmXwUoicIf0
17424,2V3mw5poHaBLdyxTiDB0Z6
17425,4OFDoLXwsOTG3XpQIwm31n
17426,4Ehnp82OkED8fImN1Ixu2v
17427,4LTFmdfwQNAD2A45oDVAa6
17428,70uixR6jXhzZofmxFcHgnN
17429,3fB9YUHdP6lACbH3G2VSHC
17430,7D4thhnzUuKgoSlBjlUw2P
17431,6zZVlCC9oGWiJaunrMiJ7h
17432,7ngLY64yLCFIRaybpIYKJz
17433,6tOIXqI4zl60wCydnGTT69
17434,4W42uTkqyIdNrhxHcmomnx
17435,66saVN7IH9kzcjJy2D4zgt
17436,2T4JEt6fcuqCknnMmoa1rN
17437,6o63OtU6k0ZyJVP5cLSTMJ
17438,2IQwoMyhWXPaDFbzDYyeH6
17439,0tWafhSMBKXG1xcz6OPDNx
17440,5ioWZGukB2fSNByBdSZXVG
17441,6l57i9haIUcYlXj6KIEne1
17442,5Yu8xJwe9SPpFY2s3jDnvj
17443,0e11WWlALz72TeykN7cwBz
17444,19bLrz6c6FHAulmBmnHLT9
17445,4abqexj2ghzzW6Gs1WS1W9
17446,53WRGlnie0M4zhOWn4D9vs
17447,6Lxd51LV0uhkxL7ngHQwJA
17448,55oPHqN7fwbbfZnZlG1EG5
17449,0jgjTfhdWtAyjx8ZVprI9P
17450,0D4MPJbXLhO5SmfVTejW7y
17451,3jyWPW2PBQGZ9Ebn97suLx
17452,6wEnWYpKgrdiIiTdp6WSye
17453,5KwG9guAJd5WQEVD3wU61V
17454,2O5hXsChIEfN8KL45V5py0
17455,2otxmLJLxYQPVq0FYIUd34
17456,2KqrlWhsVrSwZpzsUlsf22
17457,18TWNkr9Ly4ZEkB0eYCadK
17458,6DuX3rs3gHCEHMyDwC856c
17459,4F8FtOWSa286XpVEeB8pWm
17460,5P64t7VMnVGZIcH3Zk58Et
17461,7s2iAmlI372KGVopcqetU8
17462,0OtKAoHjNQ3bih9sllLPHs
17463,5WrrKyhWgHbqelmd2ENpSf
17464,2zLDkeSf9KAwaCAwIPW4kd
17465,0APM4nbnwD7gCaCrajxbSr
17466,3sl2L7uWiHorH5EjgSMG4n
17467,1NhH2jsDT8384oU4kMuRXG
17468,2Bzx47OJqE54EmN6ppiMMZ
17469,1CtOCnWYfIwVgIKiR2Lufw
17470,3zJjSpODA6yb90racGoQvk
17471,462lbiTjrRlbwOwMjEoGGm
17472,2pimMpK7uxmZkTvdmm7sEu
17473,5xdHYVUp8wPRxw7eYpPggF
17474,4Ehwpn2FiYs8ee2CqeYsO8
17475,3l85BgDKG8LVAlEnHEU8lP
17476,35ygPuAuy0OOQmAUpDqLXu
17477,6VjsO2wEvhsNmXR0e74C09
17478,3iw8InStr1AxVVsCIPvLOA
17479,5UFJSb9Vo9Es6zEUNerAqu
17480,36XM5GJ6jt1A7N7140iGAc
17481,58XCqcq59U9Ay3oMpN51B2
17482,2OzWhCqrSOdweeLZoKFBdR
17483,731Pa6Gt7GAdADATMSEL0N
17484,734x5ht4Zj14BnGhynfXL4
17485,37QwHhcmo4M500xGm7UzhR
17486,6jLc6Ql8o1Fs290ZCGmXsp
17487,3sEdSgfBfQ8fMcjS6M5CBC
17488,5dQJEwILcYh8BioHvcmLQ3
17489,53FtabmWxAJDn5Lrxhbrlb
17490,7MxmJmW08fXXIx0WV1UeKz
17491,34xKCCufqJSuEjqXJ0RzRY
17492,2PKita0YIEaGvPN6Q7bVf6
17493,6CZ6YPXHJymDEMzV9xuMys
17494,02NHzuymPGKBoE0kESWO5H
17495,2sd8w3eaBfsSAX9KMPqbHu
17496,5O6rpXJajIubsiJYx7DPMH
17497,5HXFOaaJTEv0UQoUvXFXm5
17498,5TF4OlQZ2vD7qWinHDfO1j
17499,1znMAHispdxBsPUBZuDC9f
17500,4JeM5XlNZYw5KeKGL2OBO8
17501,4bjk2UZ0y9RpI54GVToD5x
17502,4uNhv9Ca65H1LvFmgGQJxm
17503,267R5FQjlJJCgxSlXerVV8
17504,78tzwyjbBzcVLiThPll2c3
17505,7wi01nqiiq6JsDYAd2qD1r
17506,7DdRue9YZjuWbDr244EEx9
17507,49X45qXIZSGgFZgkrx3HRN
17508,0FFS6lZvAJE6adrVvmbscG
17509,2F39JrUuuWBbvFIWAAiAXU
17510,6FDb3ISrHE9e1qHea5aCNC
17511,693ql9D8zy0t7kEwfDP5vQ
17512,58426dJtPITazaM6UtA9c2
17513,3h4bd54oYHhwSC7N1d5qq3
17514,0QSt5KmJzRqU1gFJJfQJ0Q
17515,1tU1ZGax4Blh7EvLmSVFtq
17516,6TCKkbyGVo5uvTEfJvkcE3
17517,6r8w9NhDqcMY3l8SicsaDt
17518,4mKEAuHOC9dKL6xShw2acK
17519,6J9ZBZguIlGntcvrvuLs0R
17520,38gB0Kojuem5h3wBVKdCcx
17521,20PzzDqmjsaCCYN9Rh2lc8
17522,3i6a8q2iW5coU6p6V8zVGg
17523,6at1pfXkPkLy7wBO0OxpCP
17524,2QKfks5yuzxNtGj16TVL8y
17525,3BQZh6dFzCCliIzrS3dNln
17526,1GBzdEAXEzs2M2cYDzuJyI
17527,0dlGlSXWhDzMYkzCw4IvhE
17528,2IWGina76PKXgV3vhXuN6c
17529,6HlP0B4hg2URs1y3u74unD
17530,2JuMBpiZmsz9NKeRdDxiCw
17531,0oPJJtRMFkREPBoaPdna26
17532,3p2wqAtWl9WpMRwlsci0Y8
17533,6xa9SfZbThkpRyDM0VbXqe
17534,2p0JDvFXnvpefXdTcHX1YY
17535,3AVPfrVKxIMu790L9cdLOX
17536,45w3Dq2i7LX9oRmlSNCbF5
17537,6vuaMXLYLDy8udiDzlzbRp
17538,0h7lem3jmeZbW7wa0q9k16
17539,0LcN82PW3JQLCnyEQWAFs5
17540,5ZhnaKTGhvnXjSqIQVuCow
17541,03jAcEieIQaNUMlUKmwe32
17542,4G72t37ZvWgyfCiGmvjnmH
17543,5tO3pr49SdxO05TNlYHfHT
17544,3m1kHsIwwIm4cadvASvAqL
17545,7Lr2a9kCcBLnnThOvBeiYG
17546,7bPTaamEBQi5J5hvfsIZvf
17547,6ZR8PMtSghzIidcLdWeSm2
17548,6ZLD0rXIjM90Vb4Iz1oLK2
17549,1L1FbZI2bHqJUsOBCTm608
17550,2sYQZde59k9yD02PhwFq7n
17551,0247StOpd3AkeBQzANX4Zf
17552,5OoED8zTEP27RSL7bmTBlH
17553,0jGNrMFSke9iI1pmfWbvft
17554,2OWCc49V8tswNjET3E6feF
17555,4P60VVMdkWcwGMBC7r4Kgp
17556,0XGqdmiteW69CBZePXaGod
17557,5aJDS5hy4KcQrcKznbNPgf
17558,5FaKvoAgeW2mSu7Z4goqso
17559,18YEAoElBVWzaVSqoXGP6w
17560,3alGgDhp2KjXqC4YVmJlXq
17561,3CqQIRZng2MVh3k1H2jHHN
17562,62BK2vAyqW8TYWQJDM7tzS
17563,1WyENgdwjbj6oU9xflvnYQ
17564,1cF6ecG3Ym8wmkpucEv6aX
17565,1x9z0sVfQdt1QDs8aFp9zI
17566,1kcalxcsajKfSTXAfw8mov
17567,3ZYRaOg3og4efjS2NO1INY
17568,5AnVKPyLcXC33zBzX46Td6
17569,3Ujapj5Gv1EM0yDGSP8wzl
17570,3MElOn9Ko2hmAEJPWfRiJM
17571,4Ogx6iF6cFamTPBHKZ2vQ6
17572,5GWCndQ8ykzf6rYRvwrFcj
17573,7uplEt73lvvKKIyr1FTPWq
17574,5qYNVfNO6nJvJwuREjBVTH
17575,2uUiB5hWAC8GwOUWzJhlwF
17576,3tqKjFPcpsgAWgyHhp0E7W
17577,2mLOC7YJ2GgvcWHtCESmsJ
17578,0AOOAgfK0ICeYLXvzgauQe
17579,0jXT3UQOsXdfFI0JuF7aJk
17580,0B3z9zXIwwawn1Gi3aSGHq
17581,0k7kfdefyPCDVHtHzgaq6t
17582,1V0p6CzMVJPtAPpJPA2O6d
17583,2Xc5el1jfqDIOE7r3AbyDo
17584,1pmYyUaRadqP14vF2U4YjC
17585,1kN5Bo5DAn9neVrli2wKBt
17586,177X9syEXKI1xmumkjHfFQ
17587,2bdDETZsaSuA00ctnPEnLX
17588,2WRzpLD8qDRrxMXc63E5WJ
17589,5oAUHptmS0nX3QdkwSmaLB
17590,4vr8jiwThpHQrPOJ6MHEXr
17591,2zlfIJpHUFqMaoJvslOiDV
17592,1qcoyhKSuvdnYzz91edC4h
17593,7Iov2WvAE1Ri5BPWvxNEpe
17594,0Q2B54tZ7cSuMSpR5EZdER
17595,3CEPOpg8YoulP1iueWDiPm
17596,6mPywe6DlOZiQzBEqiB56o
17597,0mR3tIDyybZanIMVbC4RmM
17598,1xNn6fAPOCNVQ2hKy8TuxE
17599,71pO4oZehXSEFe596iAoyO
17600,39bkVWRSIqzmbK6tV8USii
17601,1n75G17FUzAeRGAreyBtrK
17602,1o6iBXLWkErtyooDgwx299
17603,7c0bAlY3sMHYHjxiYlj6RR
17604,68ILg7uMC3giBstB98rjLM
17605,06bWD5ZoYTot5YaOhAfcgK
17606,5utxgiFaO9OwmmvCxjuzno
17607,4IcEBPHjmpQIRk1WZKfOdO
17608,7eUuw91lqhOZTmkp5j6d2L
17609,4ihJvY6UclVA6typSKpIbZ
17610,1FbyXyyk4onboY3dmEXhLG
17611,5z4uoKybvt9wMYRrm7b4qn
17612,4FQbIq2orskYpgSR7HkUL2
17613,183lgYhRXxZcHtOonHNApS
17614,7aWaMGaXF7dXXmns7Js8G2
17615,0c0kkt64GkkXvCnwfTQBje
17616,5aoElwXDfpKVYXb5nPCKs8
17617,1hcVI6p3aiHPYo1yohH26u
17618,2dMGO2knq54PWD1LzAQ02a
17619,3qebp3gdFteTRN69PZ9zHu
17620,4AunjAjXIgEfUUwEeq4QMW
17621,1xgD7scNEswvJO8oQcN9Yl
17622,7eLOtLec6Jk1HDwwXKmrbM
17623,5UbrJlPimMRYiRKkEmd7HI
17624,2jkZB94i573H134wKmsw2y
17625,1mQ34waLiTMqIA1FJwKL8m
17626,5TsphMeuzmmQCuS0vnatrJ
17627,56IAGQ84dtC41ZzVaAdWGb
17628,0rddV3FgbsxiAF8kJCeUQQ
17629,69FjMNqFADusxsgHT0f1kL
17630,4g5h8Kq1FGQobBPgrviYPt
17631,3G7867O6gqh3UmpQeeMLDW
17632,54lK9NHWa2fDNHdWktpktf
17633,3iqoLysXwZFjzWtVEjEp4N
17634,12homE4JpBey5cckgoepR7
17635,7D4EF8Z3Q8jmfW545xJIDu
17636,5m1L3o7fOfLFyw6VwumROL
17637,5irLTfESLTaS1TAeRccsHO
17638,3I7krC8kr0gFR7P6vInR1I
17639,3mvYQKm8h6M5K5h0nVPY9S
17640,06BYQ6PPXKENaDyq4BUR3Y
17641,6Q1TIMUFgQIiRJlPMgXKsC
17642,3IDxECslyQnrA8IFZOgk79
17643,3XEy9hYD6qKrHfvMAmYAEF
17644,2WwAnOrbU1vhRMgZC2oX8G
17645,76W2GSF7RhguLirVZ7gClG
17646,3kBwvZiZTm4P9iIKoSp44I
17647,7fpRF4s0cD6X37Bfv12nXh
17648,2jtUeOhBKxWqYVTmLvJBzW
17649,25hQFhSh81RyLxbechNgXD
17650,69CIs9za4BDajb7hnbDBX8
17651,00ExSDTRlVIRwsvMQdx6gn
17652,2PVjeDKsDJBSqU0d7HUWkW
17653,2DQHaWnTLr0rA5RHzTeazR
17654,5kDqGHyvDEvHgMRjQImFNq
17655,6KUw2fMsxHGGuwAkaD03xS
17656,0izUjTuDrUy2FgQOSRALSU
17657,55gd42kNvur0J1z1cNxDpS
17658,6keUc6LHhh1HkJfE87bnG9
17659,5XlHEDn2JQHY6QSBAzex7P
17660,6wTnHxtsQ8IagusYgU28Uk
17661,0cLMQy53w4KLKDOzchC5fR
17662,01WHIgAouZblpKu6QuqZkA
17663,1Q3E2Fu0CYUhW2b0ttKXa6
17664,5jYntKRDo21t5sEQHx8OM2
17665,1ABtgnQ8WhEYIE0T1r9gPz
17666,0YyBaPhV9rGcDhs3dS7V6q
17667,50qJmnDnW0CrlZBV4ryxln
17668,6FpVU13yFqNxEl7HEwGf0q
17669,3HGfHFy44HnhYtJIlQtDqD
17670,3ELnSVxVNuwK2PSqjseSLu
17671,369m6KUvZ2ANGGYn41AneD
17672,30xNCSFBGAmPBLZP5mtwHj
17673,73oSJqjFburySJ3Ns82Xw1
17674,20aorkzugOSwPcXGZf9eCv
17675,2Z7kxLayO87K0553Cfs53v
17676,1lYXxGp7yHS4mTweHvmVtE
17677,75iInsf8JLCfCwX1k4jvWP
17678,3z0a8G407NbxfjTRffvQiP
17679,3CFRrpmTnGYi0JC7QDIxFP
17680,0zViuvCvyMnIkqtMC5hOAE
17681,2pqZTC8Cp7jnwxGGGdgfey
17682,1jDrYPoiTVcWNybb2kySD0
17683,1C8VMfbSqTK6wXrmZ1MNkA
17684,3SmC7CqLwCFpaQwY5cSuzW
17685,34JCVaRxldqEkJUBJtsIte
17686,0DcaMpeV1EhnHl4QTf1GFt
17687,1iG3Ly86qPEJu8YgXVu7pS
17688,1VbLPA94RA2q1ZyX5imNyi
17689,37xKOnpp9vmkPlFcFmIEKT
17690,3pzr6utzJ4jC1FpBMpnDD8
17691,0vnCEYbnzh4g8peFJ6ZqKm
17692,0WDeVpxcr1VxJUHxCMLnWp
17693,7fwph2BDIEtZEg4iaTxAuT
17694,0VnXemLs18D2jcH7wXaySJ
17695,53WD6QvMGh7wXQVP0U8Rnr
17696,1BDoKwhZO1yQAReJubsw33
17697,0JVP3oyh4dML7FCy30VgpU
17698,3cocybYCM5UGRoa9w4LcdK
17699,58ODgCsaP9KOHdiRciEInO
17700,47p2NnvtB2xG9MhTcQpcs0
17701,4SpR75cviczATzRhwL45T0
17702,7yws3pF3FFguwT2Psi6c15
17703,0dIjXvuRcRJKMqiofuFeyc
17704,5RtcogJRjQIlqoh25vfi0P
17705,0189NSt55rDEbds6EyYuPt
17706,2BTXe2eRw1iBSKXhvzetgj
17707,4GsfhtPLfciIDYhK9yCE8z
17708,0mF7YNgURDkBQaxa9YRc47
17709,0LdyM7ROAJPUcfCcsaNz3d
17710,6lvvYMDWvM69CFMVVxTdig
17711,6dqw3LgtaUt3BrQIJq0E0s
17712,3prpIDECHETZBVEZ6EsuRV
17713,6y9FOsVA7S57Qcx58qip9h
17714,7cGpisHH8TCwcPI1Pxd0IM
17715,0e2s2IiKTQdRRgKcXEP9Ea
17716,5C0ivQMxes2lWuOANhvVAm
17717,30GOP0aVgbqy1tJw3YmjR3
17718,3k8AeDhApZrHMeGGvtL3ev
17719,42JbrfnuplqedXFVqyGZO1
17720,19yiZacU2GVbGRjnWUht4y
17721,5ENYGKVpu2MunEK90SaBwJ
17722,77vlTpgb3fOls0ktaXIlcB
17723,5r2cbcTE0HhvRO2avP8GAh
17724,4C6KfxHdNt7x4LaqVa5pkD
17725,3PetLpTNmX7yBtoBKDBTU2
17726,0fjMXEy7uQIMtGlhHfzqXh
17727,3oqjHPRKvzznc9SaD1MlOB
17728,2Hbf4vstbAHNBpwcXOSKc9
17729,0EviUSXpBvPdjAzGffb87t
17730,1vYNFl9HSQquQjNExEakMT
17731,1CClbJMrDiuwSxho2SMNlf
17732,3fw3gsoqz0uIbk7mfiirpP
17733,4uodNlHm6SPPWGVDP5msIF
17734,1zhiY8SQbBksuS1O9WDfp2
17735,3WtL9ZPHjFqxbHucfGSp30
17736,4pDFMGD5YSnUPUDIe7fF36
17737,3qkBZ5HegR5YzxGWor650h
17738,6phWVUn5CCTCRBepIKnf6D
17739,0mU5BI33GT8ZxzpOWg3x4c
17740,5WRc30LqLTOxMBwumZ71m5
17741,5jtbhF7zGZR4YRMxhLV4V8
17742,1ARS4WdyeSCmB9X5HbfFAa
17743,4cScJvGYCkfsXhQUS8cZyX
17744,30V1DvUefQNTVEBbwNCeQW
17745,2pXgBx7WYSUO0ifTApH29W
17746,4cttx03aIKwneYmrsqyN5L
17747,1oe3gKUBLkcrikTjJTdb91
17748,4xVxdDEk4O6QqU1127g2qS
17749,0HhfwtmQBz4SWK3NgR5a9n
17750,3J1ffxdxqs0MTe5JqslVV9
17751,6G3ii8G0L7VdEA6DdIYRPz
17752,0svxmhjOzfN8NT9vu5pt0W
17753,5W3oCSRlnfrd1YlCrLUHHn
17754,54Q06r54BwpTM3hrOZmhdv
17755,2L8FVn4DKBoX9S2N3KOZzD
17756,0JQIvyNNfj7pBi7mKEKsjk
17757,6bpbAkKUdTSejGMqKcCsXS
17758,0KIpuVYhKUUUpjo6H5NvBY
17759,2fW7Um61bPemPGVakUVnaL
17760,4CAWOorpK5MiNXJR8qOnG8
17761,3DfE7Ysl7H40yDbGFSuzPU
17762,7kCMJC2CV6l0tFLUCXRiyf
17763,6KedjmAJCqLBzeMQtiJnn5
17764,58U7iuOHVZBWvMJ5oWXXbI
17765,6G0YnLEwqOkVZFe9h8Ayot
17766,0um0FuopeuvNLwsN5FCPSS
17767,0PGpWcKIlayTwPdz6Qstol
17768,0cDK39EtJwwk6V6Ea1vaf1
17769,1QZ263NhvkKkWYwwQkLwDm
17770,71rOF7QFWCDCWixzKphOER
17771,71nTxcMe1XFRmzWxRYHEeJ
17772,2YcgCfn4v62JvPvyTqxMxH
17773,3eY98NQ7nEML7ejHdhD4cm
17774,2VDxMrYLnQy8NdsKCzbdnO
17775,0KMhlVOe8SLqJ3EGy6wRnx
17776,3DAtzPtYIvdubJNSzymB8G
17777,4KUXGrXN7eBe4QyyeFX6jD
17778,2NJL9ACkCqJuSBvwZDWUzM
17779,4l6aYyoIdOscQT6YweYl52
17780,4zLWqW2kN1AVRVLSYC2JPw
17781,1UTADYROYg29naxLbAxGww
17782,2z6s0I3o9ZIqcn1nQUuHVI
17783,4LACxvevixL6m3troGyn4F
17784,5OCs8SURfADDJf5UZWHp4U
17785,1410iE6em3NIlLO1MCOVZV
17786,5zKPbbUhsZJzxds5LhzV1u
17787,7doyf2TyjHYjBPii601IwD
17788,4Rll5zm95lj9BNCcekhmzz
17789,5pZjTg3p3ekLIltKfe9iQQ
17790,2yDnFBLmZp6pH66xV7r0A1
17791,4Haaa3jEAPT7Qk2rvF8iFr
17792,0cDyukldbjydHYeYxh65e3
17793,3nFQ4HligCOvCmaowewlLM
17794,0tp7xLQmBPDFlZ4xkSw8a9
17795,0AY3iY8Nn20yDljtcAke4y
17796,2W2vodjw341bqlgTNPx8mb
17797,5iUqXBwMTdLtqFQhKp44Lk
17798,4MNxbtBdPAosCQsNYfdt59
17799,7r8U497uSNf8cfatYuQOIA
17800,2C5jGbR23YLonV7Lton6fV
17801,7v794i8wsqogD3AaaTH4wk
17802,4pUwgAYLtQ3RybZ77x6ffw
17803,0TsLdWGRBsUI26j5O7uDrP
17804,0ABYFucbXXVgHuIbOP1c7l
17805,7t5xFl6newnSXfQZroWp1S
17806,30sflIF4LkLEVuHapFKWP4
17807,2WzrHslu5Ta9B5jThYoT9M
17808,0VfJ6bktUfAa40bcVqcTjR
17809,5vPnzkooZMwQwFKNss9hAw
17810,3o6DZhZlx6v7OA6ecImt9P
17811,5gm1ZAAaZZw9ba7jBBVT61
17812,3ljeSSMEzbuOXZ49sPAB6V
17813,0LxrcEoEGFF9DPIF6a5ASN
17814,2QwdrUjF8zJXHKPEV97vhE
17815,7CdMQeOoHpsO6vKQPCIvDm
17816,5LpXrjVkXNFXIzoj5Mf5gw
17817,6AlBN0U0clySgDxBsJ25gk
17818,6LBto1CtsVkkDJmUFxd68e
17819,1rqV3BWmPObSAM1oP3pWQk
17820,5OhZMjy2S3Yp8hRyqECAeQ
17821,0xjaE9BMt2A6efz9Gj7qG4
17822,01Lh4wY6TXcpx90hCBB078
17823,7fkB3wjm6dGhIwDbALYNmN
17824,2ZLEu0iQi27iw7Bjtr1KGh
17825,1oX4Cya3V7WtapDD4srlgw
17826,1SezxeMxNhqlXmC9CfovIr
17827,2qTQNC800Aw4ERiMVJ8DQ0
17828,5ZGI3XjRkXTqAJIHvaO06e
17829,509cnvcJ3OSoyTzd7X4icM
17830,4320V54rQK4Ml8bZrJzJE1
17831,4NPIjr1eUG3hM8xTddArWG
17832,3nKXgTD1ycmVUTPAElWrAE
17833,2OZNrhNdi0NbAJBXWrw21y
17834,2yD7qoervWPBLatUmjO5F7
17835,7FqYwV4KYtn0Y65W5WFJG0
17836,2FENudvWnr9SFtqfxiedKa
17837,00YVYBFPoAORXMVIbgeMBH
17838,6lVXUbyL1fLx1gWqdei1Yr
17839,4mt0PIq8JAZ9gHaCCBKiWp
17840,6mXMmcFfjcQqhsmz7pc2bC
17841,5F38CasQpDNrL0Shg9i4aN
17842,73yjsVafHrOn7fQEHIbv0B
17843,0CcjAQJWaJxhGnagyWwbsB
17844,2UJMZHp5jSHz9jBzKupIYr
17845,2qIXBhlGmwHsjiUUHZvMUJ
17846,0sGjsf1DIgiGYOVG5KdKq6
17847,206n37mZTmloL45RYhmMlP
17848,5aa3xveqpPw5HWdnwZ92G2
17849,2lzG6cW1IVSpDY5cWe4bXG
17850,1fELcguA4MmVqLmpMBKKlm
17851,60hGGhX61dAa57258o5qGd
17852,2gs6rBDPvocRM3yrMZd0HM
17853,1EyYpvzxDqvwWC1PXS13fW
17854,781bSdZxh7P9Jy3crohLU9
17855,2V3FG8WHCMgeD40uJOEOL8
17856,1KK070iuoUVsOuHRKu3zh9
17857,3XeB1bCs6NSaLKmTkVbx6R
17858,4HFzKIRsdfqwq408UkIyA4
17859,1Fmt1U0yO98x27ZnSUCBhn
17860,0TBggIs3nZ3qpdmQ0HMHM1
17861,6VCumKR2ueMOYBiESOShiq
17862,5VKU0Lh9deNkVq046FVIir
17863,1bG9fCTXYSfv3P6ZFpgI42
17864,2ydfWZvkRyYxw7G3JWu6VY
17865,7jWoa8pCy9WgBI4oHOLTNX
17866,4FSUi43RzeRcaN2gklWvnl
17867,1xM1E7kO6M7t0wMigoCtVB
17868,0fONhcTZBAnBLZL5sySQdk
17869,2vVQNR79EhhqReMbch5JCT
17870,2ua1p76h5Yy2u3dVZ9Qb0l
17871,0sGoN4jARXKgqgKCQtbjir
17872,2RJr23Ie3rWnoOdNrjGVUw
17873,0Pf3RvEabXhMEDB02ww4AZ
17874,6uyBOEZADiScWwwzQPeTxF
17875,1WqXqVlO3VUmnDjnjnn68X
17876,4bPcD5FD8yjQhqp5ckuRAV
17877,1Ww5Jtp3xjzRyJWKzNA77G
17878,7vR64t3B1hWfGYt9U19y1m
17879,7H6X3VBnwvPCXsHw2gtWGN
17880,79oesFYaS2VT39ShdA19u9
17881,5nCZJANO7eTKUQ2rMnGfRM
17882,3hMyw7BhfgnfVLmj8QLpWV
17883,7GVe4RdOTCwJBl8GRUf9Iu
17884,5uXSt2HXJwYwkuKzhlSTPA
17885,4gTm4H4JN3Q8K8ymsUSH6u
17886,3vaRXTBUaEDNJgCh0NbiZs
17887,2u5mjJGtanqCx7howoXhRL
17888,6ity0uNbIYIwz1izZWbB9o
17889,3psDp2iXOKLs2ZuhWQEmW6
17890,5OAZRkei8jqt0lG6T3WVL6
17891,5rd6dHfN0ghURUrqKQoG50
17892,4oYfMQ6NDGHq0GcbICqsDw
17893,2CWZlt0DGAFmeB4YJnhFwH
17894,3o5EybgLsNgkvqjXJNvZl5
17895,2Y5kQ8mYDuLJHblEUVdeAh
17896,6onLsl9QsSdUiVunHQL7R3
17897,2cTI33Dc57CcdOm1uXJEFD
17898,38U3HG4GJpS21jWTcGRmmq
17899,7FaZVqjoWqmQ61qAWwWXdW
17900,4gw77k6LDGT7iMjpOLMOKv
17901,5xnt4pcLW9MDbYXkrIrT7m
17902,2ULdbKMR6J5Gd6FMWfoNGN
17903,0dY68xfdk9SRFwcmHCwqog
17904,0xa8AnnVum9aN8MFpF4VtS
17905,0j4QpZHNmkAVzG6Z1aYQDD
17906,41v6sWfkIDWasH7phu8M3v
17907,13RedKF2SLeMxI1NAofynE
17908,2sslUjzcMD8yq0vM9Qs2Zw
17909,4Wc7CAuf2XgX44MLz2QaLg
17910,18CUaEVCuARS6dySmy4VN2
17911,7CpbxjciLW194KpSGHdPim
17912,1UPEEyZstrNDoHJMhCqtX3
17913,53zhOADFmJn6iAPeHpAhF8
17914,1qZkp35D5jAT1WAS7K0nnL
17915,6A0JGwf4x2kqspn2ZtBpO6
17916,77O8Dr6RoO3xa7p2yP9VhQ
17917,5lSQ5qV9WnLl8Q03y0enj4
17918,4tOeiJqj6vhXjkckN6T3X5
17919,5MHggqafRESn7JX7NuVbUy
17920,71OUMRWjZ6wMkYpM1EGUXP
17921,5lXdQPbg9Pr2GQy4DoJ9Px
17922,5xsyUb7JZ6n1sQO9T1Lakg
17923,1RNIS3A9fEVOZP8VlkXYMk
17924,0EBCSoTMmj0Gf0aOkZ6Hx1
17925,3BQJFDWHZPsYyqzdXx6F6g
17926,5oc3JfsE42pa5d4P8VX0V6
17927,7rQDHbFIsRiKIIcKrdWXW8
17928,5sAks80h3cgwZAli1WJHXV
17929,2E6fK6daGC9fq9GqDIZAem
17930,1Bm5vPppYkoNEEZZlQpbZX
17931,5kzruPQIvdiTMKi4Rubb2H
17932,0uxmGwM2L5DoBXZoSUN0EO
17933,7ABBqxULLS1rJZIYNmSGOb
17934,7gbglE7zDhVssYNVes7o0V
17935,2ztjokQ4k9zshK5WifQmol
17936,06jcHIvYzaylbx9uDxkuJ0
17937,3wYml942fyI0Arm6qG0s1I
17938,0pe2du168zXMGZJlMcyyIb
17939,4Qk0B0eAgZtutyVbVAbz7n
17940,1tmrkDDIiHXejHdVnW4M1y
17941,2gmWa7y0aWqscbEbhUoPVH
17942,3EPFtEjgUnL0xMFMxiW2Wi
17943,2DbQpyXOWGsKW2R9zSvFq9
17944,7fjdJ6kqvWNo2kOndHaL0d
17945,7IQWs82nSWONuLdFJ08y7Y
17946,785vp1zvQfUCrsQsPhFuKf
17947,1SwRuuHAOHr8BPGifwXzLC
17948,7keTJtQq15q2tZa98ngWyf
17949,25fMMsv6fVWk4NrUtYy7m5
17950,6y7uxPkO3EevIAgXonI1qO
17951,0swPDzca4dt7k91YN4c5DX
17952,7Fy3IPBSjO1kNerX4vErPN
17953,2ZIm4nE67GSmw1j8qZbRYC
17954,1WFTbfjtW9DsL2txiNYKyK
17955,4IPkIr2J2xjhmMRaxClyi7
17956,13XlwkbA040jTvcQGjiJKP
17957,35KcXRWo7BTYdJiyMOy2Zu
17958,05HR0qbvKj6VICBkFgj04W
17959,2mumZRgEobS03J546KQcMl
17960,2wY2ofsAati25q7jeKYyWi
17961,4mEyJLA4OhmS6VNo5GxtEm
17962,3fATn2bGmTGvw49p5yw4qg
17963,6MSyU28DvNRJvCivoMkY4G
17964,4D1EDKIajYm3807qP09RXU
17965,6ZthdsKjWtiCxnxbhs74vF
17966,0MlcIrpjNkN946v7cVbU3n
17967,6kElpFULJLv5CvBXH7VLsq
17968,2ITCuq0GuxHt9khjldLzSN
17969,1ao2cc6wgmuOqIkpctFFrn
17970,4flgBrTORnYs5aDUIjUrIx
17971,2yDnQoLs8jSZBhIdjeQCQB
17972,3mmBQ1jnYSzjoIhk9p4gsy
17973,0pYo4FTWz1pxNMvgYIwYo4
17974,155kD5x1ogOgflu08aTBF3
17975,5PUMPGQRA5yb9eidWILVnS
17976,0H6nxUJ5ytk2odSiQzj1Uk
17977,22GKOoU7q9YGhaedUzhlpT
17978,5FSUnOoePJ9YC6YySMts9t
17979,3VyQQsBs0JSGDitD2gkLe0
17980,2kYSpbnekPDgHWIkZEPZtN
17981,57Zg0gFLsBGhlBFFDbuhzC
17982,0OpEiERmCK6BwOr8XVMpI5
17983,2ctN9s8Mlw8iUxbtdKgo06
17984,4LxNjTEnb4uh1gUg1Y5Ycp
17985,67v1dqm8IjNuznpUKhu5Ej
17986,35dPohEe1q3z1gu05H2VPW
17987,0ZWnT2dKUGW2eaus1JqqaE
17988,3pVUqDd3Utc7CMDo06psdG
17989,0f84uGKEUHy8XtxmqZAK4v
17990,16VNQF6gEq03h1ob0jjyuK
17991,5hks7kSQAJ1SOfQwkdBZUy
17992,6w0O9gshUWmVPGG4w0tr4B
17993,2eSj0HHwB9aHJQ7zFOu90G
17994,5AkiFUBM6Lb3LulmQ2BsyN
17995,6oVQHM2BIE0coP9iSnEcpU
17996,0pPriiSNZ0ZuTVsWZbPuph
17997,4XfmbTBoHFzXWGNewrlnKb
17998,3IAJIzYUu6lUxbz2YkSSiA
17999,6mouyvBTSf03q1YegMpViq
18000,2MMRWb4gn8mwpK5RLlPtl5
18001,0enUZt1fJjNd3vP0fXqRcW
18002,6Na3LJmy6qmjK1SYzUhmZ6
18003,6mugfvyXGwNsSKC3V0UTVM
18004,5OWsVgj4Teo7t5RsfBAeby
18005,2EOWRTzv6IF6471N01b2g8
18006,1MsYN2LmlINM37KGbfs91P
18007,2mcHFBL7l7mdZCDzinop4F
18008,6Pb6FbiOoD8o5XvFJE6NAy
18009,3oRyXMD132QsFJeH3qEJIW
18010,5sgEmIBFEQuKMDOPg6ZT8W
18011,79Vd0aPSDW8Im5bobyMmYA
18012,6R4q50W6P2xQfGgi8p87HH
18013,7gDTDKFLJiWu48M3CfKWvb
18014,7vtVPiqW2UcsOVQo2f38dw
18015,27n4BSOr8RgCTDOur1kGcT
18016,5Wd2OifLuN9MuakZmkX2Dp
18017,3uxtlUO02q6ooPsZyP2ym1
18018,7Ii1NQgebh1ITmR7vRFllD
18019,6AMQPfreM7Nc3JNpW9P1oj
18020,0TnTDlgj1a9DPiF3P5nmoA
18021,3zC30IXkQdGiiiarAsyTZI
18022,2ZHGP1IzaRTyiuUmWvMc86
18023,00uQXhh4EHfgzAezhtNK5r
18024,2fnYS0k5H3eizRTET8NNmE
18025,34LCFxjRtOzirHn47AK16K
18026,5bhA5IQMnMqCCAAdNwSlCM
18027,5nCbHnNHtArDJeXmrgByYL
18028,6g7xgIFhsU6G2OkRmArFNT
18029,73gx888k1raTwjFeuqIV5D
18030,02TTmvRPwqZBT42LrqGr6V
18031,1G9k1OvHnoDR1lxo9lB5VK
18032,6O2ch1Qtf1boHkW1XzM9Xe
18033,4FGOdJpBuyHSjYTBeQEwQr
18034,5l6ZYGqJPp72y9cryKuT9B
18035,5DMb7E6IvIs1fdtgvaRqCL
18036,3rrqxp284viMn7WlXx2W1X
18037,6nuLrHbI7KN5WznJsa0Aw1
18038,4fgLohvvH0HEp0DhJfgbJe
18039,0TdqjlmkVyImNHSO4bErgP
18040,4LimlSNYAlc5TMCi32Yuy8
18041,2Y2Ym895sAGHXCKgUl44LC
18042,4OooxdxVsRZQqqhbjbT7t6
18043,6hJGbVAtyWL0N0ZZrS96oc
18044,6W0P7yweL47Lpo9MPycsWT
18045,1sjJqTjWwWrCB3ZXmnXrwT
18046,2pAD0PKMUMtxlMvz33tYzB
18047,0iX6mzHk8O0ydBnQJOX9wB
18048,7w6CayyXufXTl0p3bzqX2d
18049,3fDiwt5oAMfu45MVWDf1um
18050,2Wr0aEk7LWDbUyzcC9iLtX
18051,1IplUAxaONToXkYEzqRXWI
18052,219TRua6jpFqiXQDCSeSCv
18053,6iclRsf6D5EWzBYhpGG1u7
18054,2x4zdBq2vbBBOLe02kT4Sr
18055,0RCMrGoHymtVuw1uCTwE4W
18056,4WenUCZ8CKWSf2Pyfp3izS
18057,2aygOLEn1GGN2IqBcBVRMv
18058,6h6o62UVjT3MIoCxzKjyJw
18059,35NrvZEds4SUlr5p9SpXIP
18060,06VyY12p1DHswetQudIbiT
18061,1eV6bcN8GGF8356ALfclji
18062,4TdCv2H0CVnHY4aTnIUXdb
18063,2l4zJarZ3jSihQGUzsbLdK
18064,5zmADhhxcyYwV5ueI7fE2u
18065,01rhQbqH5snCUwYCftNVue
18066,5UmjGli9rTscKG28ERN9Je
18067,1sIzgIeM2kbssXgOpIAvl8
18068,35yrWddjHkq0FqDBitYZZT
18069,58JrqhVLx1rUQ3l3NIHHlG
18070,2IptkwA6pNq5DxQoP4N0AJ
18071,7d0eOK2UhiOndsxpfTXd1c
18072,3gauWyhhIKYnKdhROrTRcc
18073,4r5Ui8URDXEXyShJdSe43E
18074,1jC5yHIsQEWwT3Kmqf2udI
18075,3sUKe0YTe4ebZqkVmlobd6
18076,1g1nFR7I099ILnKoUXrXjd
18077,1JGb28R23RdtKZYT4XOf7u
18078,7mOpGJFU2TyBR7kdotEMSb
18079,0OPqnCzvWXsHYvNKpIdUda
18080,2QeUnYtvlfQdfWxzF3b1ud
18081,5ndXvEXUgBGJlFmRoXILQW
18082,6g5pIWQ7XC9MbKxBWzYX9s
18083,3CiGKCuCs6VwrdrEnujIaU
18084,6WfKkwRzgTV8uo0DfUGwaA
18085,49Nr7It0vSy4sqleoiVN6H
18086,5cWW0qGme9hnEtlPIT7qJ5
18087,4Ir2UxDlAm01qmv3eSZYlP
18088,7c0oECfCu6JqYtZGJqQ8lA
18089,4YEMAdZZiL6O8T4kqZiG0L
18090,65wuiIF1OifeUmyZCsHeCY
18091,5ePTsWHcQqaK8fw5X7WV9H
18092,3Ktuey4DNzOdYnLXDNljQz
18093,5uS8HGp7VfuU5fDarEbNi7
18094,3mAf7r7oxlnUBp1si6dFDb
18095,3BWBwe6c67Zrx5TpTbegWg
18096,4YTFAawmOFyRjJdT6H95oE
18097,3RnHVxYDzYHjAXIiSPrxUN
18098,2ifl4xwuEtG5DxvokPAwL4
18099,1JNWTg8oVN49MRNAPCFAmU
18100,259lrCujUYhUcXbY1jjyxI
18101,6Vas6h9lB5mmeVDXdFqlQA
18102,5xX58ok24goewnuvic3Q4m
18103,4j7GTZYqolaolIQHa3uvLc
18104,6Wz07vZfYX1JXlhAErUct8
18105,5QC9zDCSzCVeeJxLMKVyCD
18106,5f9YSIhQRJiXG2nRrLzuJz
18107,1rnsFy41deoAFKeTTsNjNU
18108,6SWmZWH6MAgyRBwuepcvRO
18109,13B0f4EuiSwr5HezCIIwGQ
18110,5Ql3gUonJ2GLSlhGxDx8E0
18111,7i2sVNwWo28SJrACRrzyjW
18112,0kq4SKQp7XPTpP5z500TSp
18113,0HmV0WfiKB4DE2ag0teDTZ
18114,5j3QqRGflS4o5jbsFSwKW1
18115,0DNYnUVewg3nuMasMFebTM
18116,1hFZyNuuuiMkdNJf3Te861
18117,6iRjiy8XZ7gvjQL9Wbaaoa
18118,6eEE0GOP4iiS4DNlEq3hWa
18119,51BhUyV0KDJnUQXpvcl5f1
18120,57ydzJ2LQRRN2NTxnVBpDr
18121,2WXwpqQilx2KzQk5Grc3tb
18122,2lhWOCEHyh6mjIA1sK1RcU
18123,2eamrVsZKfOhjaec1N1bUm
18124,39uj5xuz8n3UPSZbKqmxqP
18125,7jiNWANZ656EQbCgISgTPi
18126,4nFfg73es3giKZAT2UAN5k
18127,0AkeDyA26DpOIe1ZDxwT4H
18128,1juPtE4wkHzt3PtTwp4LD3
18129,3GzKRcrUxAwwAYt47Of3N4
18130,54kzCR5unkQrAlcVR6Dpsh
18131,7Aa5r4Vp9SGSsGnv2p0xJo
18132,7DQ5CZjAQdhgDgdnSXxJ7Z
18133,2ZoLOgDO87kfrxDiK9WD1f
18134,7q115ia4fQn9zonjpexWsY
18135,021asQ4PYYW1LJgPvct24i
18136,7FnhPawoTMwowTSNwghQMc
18137,7iuvkOy7CTo1qkE6YzZesn
18138,0ZRZHlre9Epm3F8U0kk4f0
18139,1oUxhE3m54VLsIdI4ISKNJ
18140,1rmfBJjAsNlFDAU7lm9eMz
18141,43vKyWDxt2H3mJgA8T4TuA
18142,16dlDlLW9Uv8lmIUvAXAjG
18143,4apF99Ys897yDY4rfTuovz
18144,6yodAw6dsBdkoGSx2ps4bF
18145,2uBGnzRNCqA22hzfvMFS5L
18146,34FEaYAqUiu6wO4G9yNfOZ
18147,0T3uPDgL6iErias0LLfJIE
18148,3l4h3me63f1Vuv6ZsPD1qD
18149,2bq4tt6i7eZOfp2mqL6RU9
18150,1balAARJPUd6BHWR5knG9k
18151,5wqZhz3EjdXiRMryyAB2Zb
18152,5WoIJGYpSBIqozvoq7eo6O
18153,3eUsM3CdrUf3Yrz2B1waEr
18154,31cdMIm7MieKhhK4NsBFh1
18155,7jEYbxQ55fkEkfCpcXGS68
18156,3AQhXfkD5BijatJVv2DsJV
18157,2pwEbLrm8PkgplnTRG6bSL
18158,59gNuZaG2UzPOzfCd0WKxN
18159,5oJNy2SRaSYqUGysbk2cgt
18160,36CufeN6BOaRx5d43dO0SA
18161,3CdeWyJ0t8IU1ymwJPbShp
18162,4NlRBHQFKKgTJiDWG02fIV
18163,56TEogRI0BtGbs3z2fdRDo
18164,2cWVBN3jm1gm9ztho9Ca1E
18165,7173j0yzIEMTTSSpD5dFtm
18166,3IEUKf7JpW8AeCjqIgyH1U
18167,1ddUI7QlgPdWityoKt2No0
18168,2qDPNhJL53E6WBPIsh0RHD
18169,3JXwCO5jiBojvfzsjiwdaX
18170,00b6fpaBoDoPhbsVbraJX3
18171,1E6s44juGc8zHwhqtijUeD
18172,0DPETQJ17SfCwpXWwDaOkE
18173,1zc3ejK8IsDDbUZnDU1hDD
18174,1OBhaUgb9letYZVchKj2TE
18175,7iEB7iZpWTFCkNRe7aFM12
18176,0llA0pYA6GpGk7fTjew0wO
18177,7u6HZhzndMJaOTw6qfLKKw
18178,35pI42B08Yjg4LPttZhI4w
18179,1ktWDaokgen3FWXExr5xO6
18180,25fZRMHpmJZMNes14XyPkk
18181,4QCMnKAZBUKCWdIHQnC3Np
18182,2OTnw2PAGyH0Zd1QtaoB0F
18183,77502BucTfXCxX1H0NlSzQ
18184,3pGt6yykUYu9VAVcm3lan6
18185,6O7nutKXJu3B95Hgs0nsv0
18186,6ByBX29PORleG4FMRdzd1O
18187,0SNzW5gObQwCFrhI2LOSeO
18188,1m5HcIPX2T3wSoiHWhgwpA
18189,3I4QDFrLxVUaE9u6YbjImB
18190,5Z9ZPVbdriKZjubZ3iF9IT
18191,12cGgNwt8LkLB182t4Udvi
18192,14TeEN4EG0VEKJ1Q5hUo5i
18193,3u9q9dmYaiHjHgPZYWUjQL
18194,0fkyyAgPx7XuQXfkk8FnVD
18195,0YkXRZcetpqI3VzjE9Sey6
18196,33chUMoCDJzli5JkageMuu
18197,4FhPFac1BTundNElU7ZaHK
18198,3jkg3492UhXZE378fyanq6
18199,0DowsITFvHqUqg96WQR3s5
18200,1ZpyIjwjGyW6Pt5NrQ0f1w
18201,4ykN1N0jM24tSMGD1OY9Ly
18202,0WDyonE1MJ7nB5OWkozuFe
18203,4pjicGblm2xHknzyjnDOPy
18204,1aKB6ZZ6AII26vny70lIVZ
18205,5Yu15wly7xeAXRF0ebhKhD
18206,2anx0ECmTpeyeROONcPKHi
18207,1gui66X6hBsMcEUS7qTRDJ
18208,6a8PspFDKiHSS2ZenKfDZK
18209,2D5zlAMnSU3lVH0ZjqH6CW
18210,0TdPHbWSEIgqrI04MjMENl
18211,05VE9KQVXfqKiuNl67Hja8
18212,23gkWjfeTyIaEMyFiZis08
18213,70aUjWZmd9F3bRSsR4DwAJ
18214,4OS3uyNCSU7GeiCRAjESbv
18215,7tygurxX2flxdmfp68POa4
18216,4xL54kSVhepxJcixEpG81d
18217,3i0diO0lN4p4tfvomLBKNP
18218,6pE0mpFsb68Rrle8O0poGE
18219,2Czwq9bKrt8DAOZPvp7fAy
18220,7IzeOGRw2L9hYsKRT7j00j
18221,7d764yeYwCDr6injUcEh18
18222,6bvZRLLkBKkmgpBJTTj3QK
18223,6x8Zen6GmkUKhARI0Cotwq
18224,4SRVwkqEPXnSONlvbwMTpi
18225,1an0GezcVP0weM4nRumEEp
18226,0Sow14hk1ISHQBQVZ2P8aK
18227,7xZAgFgZfbRVoS0CkHx3nL
18228,7JrLZk4CIJpbVwiXKZkhav
18229,56t1eQjGgI9JkCUg7ORQb3
18230,1dTSKBZs91ZVnDr4THPluV
18231,1oiS8qwmMvEx6FMPXolLFq
18232,4mTl6m1Ef4nvAD1tTOwlqy
18233,4fxeVw0mf5eHVvunUtcVZG
18234,0tFx2YcqFdrBsXas6uY7Dl
18235,6z4J50cydm4UL2wLqk5W2L
18236,0eaioDQLdGKlYMmj73I89R
18237,1MpuM9oqDtjMZ2tVImMG23
18238,0MKZV8dQ3NxCL6dFvHWK8l
18239,4rCvxVnUCdTgY213jimToB
18240,1ko2iL09yVsV57V1Z616KP
18241,6fVhHCBAAhycU6THcABNjV
18242,6KMaihr1iv3GMiElYWyXbj
18243,250qlOkCJEmpFQS7G9i0BA
18244,048hHDwePIwICyehsuv1RQ
18245,47C4VSyRxQU9GBnHtDZIC4
18246,4JweoWyImlJk2wH5EjgQnN
18247,1nkT7vYymOAq6q2P5tlzLx
18248,6JZ3WFjEWV78PkPFYMyuDM
18249,0lHtmZCJGmZyDpGvE4WHW4
18250,4MteadAdoJXNnuBIa0Q1ZK
18251,1NJGrqHviC2EVMyvWNZLWJ
18252,5wHNN87jPpD6ouu1pWegAj
18253,1QD2adVcChL5WjGmsWhoJ9
18254,6f1Vke61xFftdtfxRQFTwK
18255,5B9JOTh3uhItvTE7zh3F6v
18256,2GFJZydzCSaaGYbU03Tw0g
18257,27xd8AA3bQjMJrvdJ7FFPF
18258,0ZZCW0rSV1mEt5eKUamL9c
18259,3l8FWYAfYCutuiGgJndfos
18260,5TBDFfYOyB8yyMvaC41HXe
18261,1fJdE5bWotc5nM3t3DXeCc
18262,5cYLtETBJfeIpcRChtK8W4
18263,1P8mmV6llhUuj8sz3By1q1
18264,2J0X46UkpfLlWbuCXFgDLr
18265,3ZgXhAgwV3ek3UGz8ON8FK
18266,6lOJ8ESKI2XG425BYTO4Zn
18267,5TtVQeYpMJ7fED6C44p9CU
18268,0diqiEUdyPcBJ1jQuP9cBn
18269,305uUMx0WZqKshGrde4R7e
18270,2rV0JZuZ1OkY9BIeM5PbMq
18271,0AXjQHmgEq5BSVEPQTuj98
18272,6gygmQRwHF9Y0ruCWCVm6m
18273,5fgQz8tQRxDMqnDECbFYyq
18274,21l6MldsaAhcISjWq0sLdH
18275,4ViqRfZoOGFryXi8BDh6Gj
18276,6hjlL49GHi5XPBf8ue1axc
18277,57ss3UFtKwhXEp2wFRQnUf
18278,4qjhqiRizO9clCM4I5lZNr
18279,3D2s0SloHkpIQybzhbUBmT
18280,2pjyYboyu0gilZZVJBS76X
18281,4rZM46K4uu9rTAwkS5KSNr
18282,4zn5vpXjq6Z0t535D93zR6
18283,6cvezMk49v7mgA678nkY6e
18284,4mbUqlxi4FAjQNmnVCWmUO
18285,6YSWnsrSyGtWRQmyhdD6su
18286,5TCM94vVa2LZzeUMpLVbme
18287,1ggYjU6zdFHgANcku82boU
18288,5TAyvXXqZ0s0SK36LIJW4g
18289,1aRDeC824HhdWi1Sr1rWW9
18290,5sbbUGA5RbIXwxYT7THCaZ
18291,38zvxomRDR8IvFLwIqfahi
18292,1bcHk1QIYwneMCrHAi7kHa
18293,1jDudC6ZQExxXY5ciMT3BU
18294,1H5IfYyIIAlgDX8zguUzns
18295,5hFbZQ0qRYgzXW0tIg2QlV
18296,5SLzNvvls3UGgx1ocoFinJ
18297,5rGF96eFDF8u5cAZgG8fUD
18298,038AERHvdUOnlvZPGxeMQN
18299,40jY4X77xwW1Cv1riZsasU
18300,2zVejngGT6iVfXNhfmt9uM
18301,0SA28GQNFDN5UhlT8QyaCW
18302,1DXsCPTvfskTN3z7xLaciX
18303,1dyuHdMVplGxjBMkW2SfF1
18304,1eoHEohApA5EuLcqhbO2FF
18305,6vA9MwQSTgsGw2aaiVQdq2
18306,5SVXnhCIVS56WVFdVfi1MS
18307,1RKulHHyeTiCQwL7T2TN2f
18308,1r30Iz6qrNAXJFiQzQh1vH
18309,0AvZcC7UXPCSaHkKWlq7wr
18310,7w3NfqqpKCF0PEZHE91u3X
18311,5lcNXvEzsGN5ysXAL3SXBW
18312,4kcgs442ZVULEnXyKyHjep
18313,5L2STOBiS00u7q4aLtRjKK
18314,7nHFfJqcBgMQXOie88wmgK
18315,1cSsQ0ovRgUQWd7NnTHJQk
18316,711WfDztCZpnmJg7Uvwod3
18317,1jUA4rb6ZCv4gby4YU53xq
18318,1oubp50KyVsMM6F1rh0epV
18319,0lhnFfdzfyHOwrif1J2dib
18320,0TqHLcDFZAvOG4JXRkjsgS
18321,5BHrnzrlkQzLTFsliplUK7
18322,0zQlcVSjsJ1136uI1acaqQ
18323,1okzeFirduuD5oPvAstVtA
18324,1sqS0pfLEgVRYRZXbGvkWA
18325,2CniHGjlpzDBw3Skj7oplp
18326,0KSD3PeXHSQevMiJfpSPMT
18327,61Cc8aniBpMq6WKRlWEHQt
18328,5DmTtZUUJzypyEGlpM4BpV
18329,2HfWcw5a1XZY52JlLqsWmO
18330,4nSSZHI4FUIiQOJELTTZdS
18331,6471zt9nuKXLwEOItOgDld
18332,0nyMzGVTddSiNDDHWt7Jlr
18333,6Cr0TTE9oGeY3KA1VpUmWB
18334,14Ma9W38tpGRK2xqh5ZpsH
18335,6GaFzzbH4O5hgROhWWmApq
18336,1ozHZ7uR6FLESFZFntJfFY
18337,1lZ0QdFQhg5fKbJRiByOlv
18338,6ioep61pyI8ZJoDDXClbyz
18339,6FAyLDrDUhd7B7Qm3h6BPT
18340,2oOubdxXkZSiF2RKwd3D2c
18341,4NpIlNdoknManpD32IBiW4
18342,7Jyx07BUGsHDyCOnvZenSc
18343,1lvzqdu1xGJbJG9X7H5hyB
18344,2afB4eV1KWBqLqFqME6PTh
18345,1zsOBC1Lil18fFwQES43cq
18346,3T5AtZHfROthygPMNipfZC
18347,6SLDzLJu9TofZucJDE5ZeZ
18348,7MpwkB2diI6yLLdfT2Mukz
18349,3OGA5VsFUjsAVO2WGUatme
18350,2geamzmkkh52ihMxfbTIGm
18351,3r6dHJ1SlAHVz9Qo8tfcx0
18352,5yDfAaOtSjOCUVfShXMxYq
18353,0gMLWnTbbo9aIh7Mzknn9o
18354,7mPabS4y3l9DCecI6xJno1
18355,55V2JDUPwsJVcSBVTGnICc
18356,4F69LVvV9fWsMRLUGz8C4f
18357,51XUQnoakvliTla190LVCP
18358,4ccNZzUTggy51RFvIzYRhT
18359,25bhZC815VKJyXBF15UVje
18360,4ZQKKtkYL3F3aKOwXw5vFm
18361,0yqPorNX7LTAaJ1Ou0WOdM
18362,7wFX9BOw0KjCDVdqg1PFl4
18363,2wV5qZaRalM2kvGE1z6A7o
18364,5BsMtgFr6LEL8FqPOaN2oj
18365,7gs2IIU3JHsEuiddUN1z9I
18366,5Qr7StTFbXhgHt9JlqJx0I
18367,2T7qCmVQfFrh0ihKjprF45
18368,0uEqGj52IUFOcVXb4nK0sz
18369,2x7xvB8b5y7kjdtFlW1tmY
18370,1I1vrgtCnTg7alXvoMBASS
18371,5YZyJMKV5znCxmOm76QcEZ
18372,4aZLKRZLXeSLcFtp7H3PgI
18373,3Hdm6rox4VYbjkqpsXRgwa
18374,4gpbXdxDIRmRnJccrjsXsh
18375,4Hk2Kn7nuPCbUQIM9Ow69u
18376,6ztQ6fWFVoj5yRaJXAUIaC
18377,0UkTPKNtLeDB1WLf5Msfa6
18378,6I1rUKf3BJHpH2KJQmJvpn
18379,6ZiZlQF8gaN6jtDxd1M6Ki
18380,3UgWVsI3UlMqCq7ZlaGMds
18381,0yorinQ3AjaqL2q7fOiS8S
18382,2y44eQdTbz8DdfYPm0GgFC
18383,1YAqMv5kabudsXnTrCj9KL
18384,5TR6M0T2trKJT8Ebp7PpIf
18385,5mdzg7ZwebXNb90LPRusAs
18386,4K9YHCULB76OHGWGp1mFuj
18387,2OemgiKHgCNZGA9cTr3GJT
18388,2PWiGgnJqrzjIOLMls2MqS
18389,1bbRLwR9zFwdLMLYp5MDU4
18390,3W9LNbphIlJlAmIFCmnP4p
18391,0S4o2QVTSahKVMY0bnvHhQ
18392,5uQCtGtZKWLZKj2B0UGjrr
18393,7CvVeSuOC0fmPzaXc24ZbS
18394,1oQVUyz0ZhfI2ffGZ45xg9
18395,2a1wgB2PQax32VBk6AhLvd
18396,3UbIhHCEYbH7ayc76IB0Q9
18397,7ulQ51iAbfUjbEifA3AybH
18398,78L0A9nNOeTWRJLmZgxfIs
18399,19RpyE2xL9Z3oSZroxeno1
18400,58MMmaxuTVTh3wsmVeHtdS
18401,1zxDmyjcjtw3fJGvR5ZL0a
18402,65aRDEEzQTUOh2tVUprftO
18403,6232zr8hlTjfPGRMRQohdw
18404,3E03reDNsQ3qxPO3dYMxR8
18405,7IITbM93TjfDQYP7wT6E9G
18406,2YkIWJPrBFskvBmHj3Q6c9
18407,1lRpl9mG8PU3UxavCwIO9h
18408,30pACQ1vMEqJq5hxoD8Rqo
18409,55ysSDylhZ0WKINeikZjSY
18410,279IuhllrfAauLGsIt9eXL
18411,5yKBF5pkfNKxmrj1TYhzjU
18412,7uNkbPpYl9coc8UFNV2D3A
18413,1ClnSFcrgV9lxrWhNaFJGZ
18414,1L7FzRIZU3Q4alDOg37Uo4
18415,0guZb3mvT1KfNl36jgxHF9
18416,1DPJa0DUdGH1NmBzR827bQ
18417,4foeB15xH5n93FQJxEN06e
18418,5UUkEKc0Ulv27KM0aL3lcR
18419,2qqn52sp9dDk2F9PdTrpwZ
18420,6Ml8NAUcUZs7Qr6ufNqiUh
18421,2aNg3KlXFV4efBlDZcBoQZ
18422,1i0E95JgT4M7NPDQfPdsAr
18423,4RCMsYncj7cNtb2OPObVXG
18424,7FGFf0XKVUkZQLMmc2ediE
18425,0ufeafXxzuvWLnCMfKYneh
18426,0kXtfBgrfnwggeOhIpgKGo
18427,4STjNobYrUYvjATZU9Ikme
18428,0NGtEWdyGrkkfQei94cEU7
18429,1BN1hUwNCzuEjfjEwYLBA6
18430,2N358btAqJ7ZrWjgeJxeGg
18431,1Puo0eNMKc2IFlx9UeqAw9
18432,7G89VN13zsQEGRa0daDC8B
18433,32dC7WRK0noYPzgAS23aZ9
18434,2qWaD6k5E3YaGSNZzOZrAr
18435,4XawN6Nu5twzrJKRR6PV8C
18436,4Km9C9OWWjCJyexSusHbQS
18437,3O5BpwY4MyeacGhDC0QoRM
18438,2xhDKvrT7kNdFHtlDWDFNq
18439,0QNyqOgz5r1PZncADXMVmk
18440,5UEgfVAMpUCdALwBjfETw1
18441,3URJ5UGpLxLAbHYZNdooYD
18442,5RvSwENuCJ3jDoZekY5lLo
18443,65kCDD5NthQ3a5nYi3Ybm9
18444,1soxUgYIZb1qx1c7o1Lc7z
18445,7AtzrTsXNFiSCpL9MTypSO
18446,2x0supcZhd6NEH1nem9DnR
18447,3MmgqMG1yydXRkfhFPcIGl
18448,2fU4JsAoRiOam2azK907yb
18449,51gHj565UcOi0QXMD7iYPx
18450,1OPkXWnIK8RYyWTp3NWvM9
18451,2CwMxEXxMiLRrKPLjQLmne
18452,1icaKxivNiYXXDEkg2Wbgz
18453,6pAjIc49uubyNaMDrbE8T7
18454,6fmrEm1HZlQ3GWqwxl0MEO
18455,0zcP9KhEMKisghEf1j7p8i
18456,4lRXPzmv4v71Vt7iPUcnOj
18457,21NaRJANuui8ZNDU78JNCJ
18458,1rWwPGQnYP2VrdUViImQMf
18459,1ba5Wj2GpNl116Kg8WLbRI
18460,4frbhhEDHC4oiolMbWynrF
18461,0atAxHERXu5HExZZGKFRfV
18462,5dLQzGgp590ZOwjGGKHf57
18463,24HkLbudKaPDtBL5T3x9Bt
18464,5c0dyDL9QGgOGRxvVIaNSo
18465,1NrfEZrNm0Dq8ulfYMxwSc
18466,6aU0EuAfSTb1FC1V8YJ0DV
18467,1s6Zf5Ar2K80BVvT78j76t
18468,1EGcDavMFCX4px7ubJvfFw
18469,3ALUfg1ISMMi1c38tOKk9E
18470,7qcNOQSQqMHAmjF4xfjAiv
18471,6kM4Df2i92o23fZpEF2Nz0
18472,6GyJKLdrAiDrjzpepzgAMl
18473,6taAKrEE1wGVN3QkzeNzOf
18474,6YZa6twZwNSkLnS7BL45rJ
18475,6qAG3LODdPgAjFRAJpESgE
18476,5eTyAAMuZKLyA4LG3x9ahY
18477,7MFYyeIFUMaY40uFoibJwa
18478,0kDGJyLaMvbGHDZIB6MYvh
18479,6wsr6EPevkmLBukP6G2Fz0
18480,3JMsTm1SBTCDPILWtp5zFl
18481,2XLy8pVkzzECFMsqvmPJvi
18482,0f0usr9pwMaN2JHtvSf0c1
18483,49ekK8zDuW9mbNmJbp6yn6
18484,1iTNKHWFdvY4XXhr99UZta
18485,0cDP7RSKFi1dYuvPR0YgCY
18486,3SvOakiPsKZWwDrxej4pty
18487,3IqhTiIfeRxIBpMyflc0ls
18488,5bR9yRs5lCvuRxgXRrCVkX
18489,4ICcM6pYaphNnMaWIlFPqV
18490,1fHvDqHHT8U3wOYQydUZVC
18491,6TcEWI62o6gRMYOy8vVs8m
18492,3xEx3xxA06MuO4SGZ4jrkV
18493,52mWQcxnuCGsvWoxSxGgMc
18494,6IPNp9PfaEqrzotY47TIWy
18495,3WMqXq0iOlfDlJpPJMc6ZP
18496,73pAG203aqC3dh6DEUr85W
18497,1rPAZbtNVIPZA3aGMvaAIJ
18498,25ZjGFRegtNCsK6RDiFOTg
18499,5BI1XqMJK91dsEq0Bfe0Ov
18500,5deLTvVPsi4oQyX8Sqles6
18501,4Y0icS6dsmJg0ZVMThC7Of
18502,4rh7wySe2iEyEDEEzstKkt
18503,3wyuggaVL4sRzb6qtKGG6G
18504,3xm0eAgjnLfo9Gbd98zksE
18505,6mVikbuO9NvxT9bb5TXUCF
18506,1Aky1DV7a97CQOyhT8XqBm
18507,6IeOMUCBkkjVOBtjmTWlbh
18508,2GSUNdq88OmOQnWTO8yhe1
18509,6FwuRS7LLtemBSw18PK2fz
18510,6scqISlMf8lllUpBQRFdP9
18511,1t2YGrS7RAznI7zFR0aIIP
18512,0WSRhnGTH43KGa7LOp5vEZ
18513,57YeN4L1zAYvnIlLwL3hp6
18514,6FEZa3MuyCW9g6hOb2swek
18515,2lpOJS0Or1ILNML06vYALH
18516,0UevKnSrhYfQTaJDkOTlgP
18517,7Hp63uo9OqeclDv2pyqPyo
18518,09c6Cr8HN9QQnSFjUk7G9n
18519,19x5x7F8SYMfWNiJOmqMUu
18520,0Jei5BgldWjnvWsg5lMZXB
18521,5MuhZ95avmyI4YkILSCSdp
18522,1i1ULaI8iN2RATP8FGUynA
18523,4o9CwU19dGTziGONZJ5R8O
18524,5TX08awwAs7EHiUAZot3UM
18525,2Q87Wv1UylYPZ1yAH87ddv
18526,4TvJ2rDaFLFnl1rqAy9vIt
18527,66sBTYlkaiyBwf4fhbIHlZ
18528,3kSIXQW05MKcprFP1RtwWX
18529,306ewCxOiAgaz3uheBqi4P
18530,2DaU44ilSPYqUI5T998EBI
18531,7Ch6bijlUtXxq2rEfnvnvi
18532,5Di2kbuSMtovpj4Y0sCS19
18533,2BABTeUx608FA8b47bDuLK
18534,54KZisQ9oIavSg4cns9Fl8
18535,6erSZbguljThqi1rFJnRW5
18536,62bd4zye0cFl0a8JBndSFS
18537,1cCiFM6t4LdauvzXjG1Vht
18538,1ctoTuda5HTIBLgLBX3Eo0
18539,6sT6u6cdCoGCwbYjrzXTUM
18540,26SrlxK6EhVa7EWJ6w5uhE
18541,5X6clG1HdWAlYX36y69ic8
18542,73P7eRpOs7PZ1V2ikeqx4H
18543,4eeu02SOk3UHGabZW3N1lt
18544,63HSjJ5qW1vlVjOkpBEJiE
18545,0Lg9Espn9HNNqbigvWd59H
18546,58gr0dYwCWGvoGT0HXHGwG
18547,6ETkY1WHjkOO1lvP9inbaV
18548,1RIC8UCzVE0EFTcIwtaury
18549,176b96vPhONyF4mAg7s9mo
18550,0NyHfBvRvrwGH9k1W5ilEH
18551,1VvIRxZ4KP55c4KlZBrcoO
18552,1n0aiBwSvwdoqsLxUFJdq3
18553,4K13PIDuSEhgpSunsD2HPS
18554,7E2CGwS4yJraQOlpHSmujA
18555,1jArr2od82FC6ItuMrTYUm
18556,2YtVzmZzew1ILUdNueyWd7
18557,1F9XHisrSA1g4EEhbSOeij
18558,4ccQmBycgXDYtIA7Z1i32V
18559,5RWhCuvmLuPzBg633wmftI
18560,7nfFPtAAd12OzWy2t2shz2
18561,3sCvmn8RadALx0iVi9nxo2
18562,5fYt4GYgS47sFBfsSLXtSf
18563,2tHtAfQCMqEqCWfGRwxiVj
18564,4s47T00IbQ0jgOG80fe1QE
18565,73gVYM1agGwO6By0Giv21l
18566,7nKPxTwPIb1p770nYc8JHF
18567,31YLRTUjxvyAGG06gfUWde
18568,3Um2YxGXJ2kyTqUZOyV8gs
18569,4lLKiDtXfehgw7q4mKfQcM
18570,0oTtnnedK0C4unALxVTPhz
18571,1w24JoONDv7KS6L0PFlnUa
18572,6ZmZc7xaqibuxl2ET5qeL1
18573,2o5dqmbPiu4MYkfu8OwWw5
18574,7DWwdTxJKW0DJhXf28yofx
18575,42TRCFfxSqMGgRJwSfIBqZ
18576,2p4KUJulBS70c4gjtf11VB
18577,2RBSlOFWqRbUFHxnSX7D3N
18578,7LD93btzkLH3R2VKYFeNNr
18579,3NQAZFYK0HTA1l9lIB5U3O
18580,2ttsEYdPfGLGsZ3AK8eT9s
18581,6EaKvyOpAZKntbpybxAAmi
18582,36jv9s9aFpwOWTYfsviOQS
18583,1dTsUoiJsmyklJIh491jZ9
18584,6kfNEkwUdW9uJ6PYEMBACJ
18585,1RLnxQ6czoJoVvqSVsk2Ui
18586,4VthV5JjqGxMsl1FbnYOX9
18587,6y0IDU4ROt5lSIDg7b4yJO
18588,2M2W0AOYzKABAo1CyfZoCE
18589,6PyeQIxFN7maClO6Po1pu5
18590,0ZzbTzjeQoHelTNA1FomWL
18591,4nowJjHmvysQfoecbIOYta
18592,1KjqybxJeKMlq1h5s6YhIt
18593,3vc1Y88hGVtpOCQna4DsTR
18594,1YxaTtlvaG6bI0GDjTWxdo
18595,5sGzYNpOemzJp882jXNnRk
18596,5SdogfU4lpC9QRwJvAdWYW
18597,6xWFzrQE9KIioQSYXlVN2t
18598,4LGg2NY9eHp0jF3L1WbCNl
18599,1AlzxaY8kuRQ565HkUvEHh
18600,3mOTqS6hc5Z9c9E8VfKN23
18601,4Cbp0cgF5BuGMeeUChVQjW
18602,0lxvNLUMjtI6vJ5oVZJxp6
18603,3WzSmr21vwDoeY5zAAfc75
18604,5B12lNev0wIE0zrfCz1YCI
18605,25nj8XXpkrUWxNBjl59XYP
18606,5sx9hOWgRSJvfYpk1i0RQ6
18607,5eeZSFjd4MgCoAbd2b20Yx
18608,16SVfzI4s9AGoWHiiSdKse
18609,1LxKKYsJNPeBdOwdudsJzv
18610,1wqh24mMWaqfQn6GJUpViJ
18611,1zhqjtJbalIorGDrHS7XoI
18612,0OMmiWMwsCNtpQ5aP6fdp9
18613,0BiQlf1jMCxkIDGbBHLUrg
18614,3gfo7jR3XOWCSEqtJO23KD
18615,10nEq1x2RDBWA3xAmP90CS
18616,1kYrF2oZECSToJIZZ7jjPb
18617,7mBTxMVwCB9fs4giIDt6kz
18618,2zSXJxqRM0HiEn4gZYHyL0
18619,6lreHNWfeZfTz7RkNXKof6
18620,0AfeWFCJaa17HZC9voLBSB
18621,3u3onLCtbvpnz3Txqt9xCv
18622,2cH4kUn9zGcMmYkbDLgto7
18623,5F3Hoc5ByUWTWvdlxJfx7f
18624,2JLMHADAyossZlBcpc8TDs
18625,4YbzQhOYFMI1IMlFzhjTzG
18626,2bvpcwSWjkgdPXpMMlnZyS
18627,7JB9KTjy3hKIxV8Zk0KCRo
18628,4Vqk5MwjhXiY2e9fFzmLB6
18629,4BANvCnm8UeYQcvYjzaBch
18630,6Y6OsWMQdgzPHNZpyAF3Tc
18631,2djdxyyUc61fyoxXDIhQ4r
18632,3AbojgLDyzHvgSTWon85yL
18633,7LHqxlhat0OIf3gCOGnOGr
18634,3eRu1vN9EBHm9DqzYpjCp3
18635,5CSqxxRYzhWMwAtWlt9CTx
18636,4kUkZyMP6R45do4cFsHI5Q
18637,7sGULdccMGSggXDq7ZjT3w
18638,6cls0jgv55oyvsIw3DgVGz
18639,5NguCJEDD2Msl15R78oi6P
18640,5VmRVQm7AkiYY2LEYfrbpM
18641,1fC13X9Ob5KI982tNtrOhG
18642,11NLXN1vcW8CZbrW3hZC8c
18643,0EnuLmusyS7x1uLHL5Qbu1
18644,0f5WYlpZ78HOTFlaGNaLp1
18645,4vuqCTAXCVwVMUB6t7iZdk
18646,3A2Lp3nfBy6wx6vxGmc85J
18647,7zObfJLwWzJQMyM57aQben
18648,0c3hCCGjBZnRBSzJOy0Iwy
18649,39HKzvpirTLqblj4FAgqlC
18650,3rJKyc4VZJtIVXHoNnZA4d
18651,1xrgjFztoFlZAKsbvSZ4RM
18652,5AtV2hhHvr9HpcXUTn1qzj
18653,5NxrjZLQKeZyvtqlOa6uqb
18654,5a7q2dPMLJyf0Bd8oelnMv
18655,1R2ni98s7x2CUtYaj1LD4T
18656,7LEMezp5TN5VKdnRLIdxEt
18657,1mB2OuRj0t01zeGwrihrK7
18658,719sjsuPpzbErlQDIqXL0z
18659,0mq21MOgot9pUQZM0QoyVD
18660,2NM0JNPn1gI4jeMhEc1lpx
18661,04edq8nmRKQOo2yQLBwgk7
18662,5Zm5exgSbnzb0JVsLCDxlm
18663,5uBLkdw5egUSWG5E46XFab
18664,04fIXb2dejwAXz2oy1dtyz
18665,618IgLbdyfMtRXtF5q3p0p
18666,4yOGRs0qZAoi8kyS9UDRET
18667,51cfZ9FZ0c4BW8usdjlmMU
18668,5PDVFDpt1PFdIn3QcuMarl
18669,7uhmQXCmglHzUEUA0ch9mh
18670,5yv1gDhUXiTzVxP9u4nIlw
18671,7v76U3sNYJPq3hk6dSyN48
18672,1Hy67h4aEbip30QfRej2Nj
18673,7KT0ITk9CT16thNSLxd1rZ
18674,5kHyhXCwWydMKLRAkAOuan
18675,1AE7Kt2nz88jjaqyOYEg7r
18676,1fOe2KmUr62lrgulDRR2cu
18677,4X5gMtM6O0QAAUD7zmajn6
18678,0r38nisZ1mr1Pl9ea4BCh1
18679,7IQDWpKuboIFgXfLartfgV
18680,1xjpbId4vglPjIeEnrf0pn
18681,4KcwauiIQCE5RuRUyx0ws6
18682,011qTYtg8441SkisiqDxE9
18683,3ATmLCF1hhBeCgUEskSfZ4
18684,0V60U0AkdV0peT0Ixbbe0Y
18685,7KOLGWeNarHb2BzOq0PrnT
18686,7ogblFPec2OajqqvCrdjuN
18687,3EvIW2rx7uL8KsdK82d2eX
18688,4rPwXxqmB5EP7jvvb5S4PV
18689,5wSrYlSuAhTMxhJmdTY2q5
18690,6l5a93PXXOqYbsrx6O8caA
18691,7nGulvYGEu5kzueufl1NcC
18692,2cC7qULrC9ObbS4w5elt3k
18693,1HWiQfVrzP75gKkMbXbTi6
18694,01zUCeWZiwoJs13jQHUrho
18695,1xc2xffuQiasE6KlIs1WLa
18696,51pnpNaAkB5YWAXZhsW3Fh
18697,0Iuercx0h27nF9o1FFA9Zq
18698,7qTpz0wOZIPKPKoeQaSwqa
18699,2Wh0SKIFuJtgkKsDA3bLxB
18700,75D3anbXFgj2l4PEqN1jI1
18701,0IJUKNbnxD7ODsF7hh1AAV
18702,72RD8jifCUa7JtwQNSzadN
18703,7kGjsYefX29uK3qMlvqotE
18704,121drYoOUz7V45IPa53pGM
18705,2yiEd5N2cj6BwxWFNIIHyY
18706,0eNNdGYl6dSubUYgr0HhOH
18707,5j2S6N5qJNQgafjWNfXlII
18708,6H0EMHSP0RK7edSMFam9AG
18709,1YaKBlA2mvdcMzXIrTpyuT
18710,2PyfZmKPdojPFeF1Wioq4r
18711,5CB7h8v5ASu05I9oN2AThZ
18712,5Y7Tj2fh27PM08CgaaDwoF
18713,3U4zfiQUgcNH0bZFRgH1Gp
18714,3EbC5PJgMDnewdL9YjiGl4
18715,4yfXUgnirSCTuCQ1GVTqTN
18716,0g0QRD4FjmXeqfMvordflB
18717,05Iawel3maRW3mSHYmXxMZ
18718,4eK9MnNqIT0MTxG8DSJwaz
18719,0y8WvyupC28m0sz5xdzuiT
18720,24UBXFnEfKq2k4ltQm7CYV
18721,2NoQ9CH9Tn3lYFS2uZpO8Q
18722,6z5B7T2q0ccf9oTcYW0Tmm
18723,4e2ZQk1cUiNFFtHcX0Jna1
18724,0jy5pl1dU90K0Xh8hRHGEd
18725,6apLHDqtUKt7rP3qLAjCQp
18726,2x5azqktaHxXvWXBUxtX5C
18727,1a9rOeuuSEYpyRupt4D1Po
18728,5dZQwkIcXYcBvhGj0marTA
18729,3ND3bJwlm6jn55OuHXQ2lc
18730,4w1bfkfaTMFl3P7JWx2ht3
18731,6kKeXUi0zunKxWrB2uUyWb
18732,0MD1B5AlsKuDQSV4MRn5rr
18733,6B7jm2IJsh3DYXO7RgwVnx
18734,35h6nMEEdwV0uBY4vKVCUd
18735,77dAVNtv1mC3o9XwKKNRyE
18736,6ppsYmPvK5Wp1QBdJyTc7s
18737,5HCDvV2FTopwOCQPf7WDls
18738,4QIhQwjHG0d2OR78KcqrHh
18739,3wCTa5o7hfnQVGL1JqB78z
18740,2AAkbFrRjsA1l0Hxxf30Y4
18741,0020v5l90KXB1pF0bfx51K
18742,460opww0SOGYK2F4Lcv9gz
18743,4Bxl1qty34HSOKZrRjyj0s
18744,0EtY7YwQx42gouKJNOIrVf
18745,3m0il69qM3aZVsglCIJJOf
18746,1ykQkSNsCiTU7OuJyCp2Ev
18747,6dSdoRdRIJ7fUvxDRq9Ln1
18748,3RKbdvirSHpLVwbwQRqtZE
18749,1RAb2IrGOBsZG2791LDIpW
18750,08fDDWesYc59gJxYOkeGRL
18751,2WKVaRAThLLvivsg1OIsNr
18752,5IOEH3MF0ybXAbiWHltJeM
18753,1BuNGqeCq1eAhahZVBuEix
18754,6K0RM6ZzP68IcBZ3JkKkjA
18755,1pNwCmdhj0ru8rYCw5pPrQ
18756,6FnNg88lKM3gSAOKAdvtp8
18757,49kdc9KAqm4N28Y01g8SuS
18758,4euW9RoFZ4xS1Asrql92aF
18759,16Gd8yX4wyhb6wE0pOoSQ7
18760,5VLkFNnadOJxXkzoBQbL7H
18761,7DRMau9fci4pS9h71eQLa2
18762,0UjvuPBkyYDCcidJFjcNLi
18763,2KKBONcn6UBAH3paFgPkfZ
18764,1ZoS98ptAKSQDSzYfrl9Tm
18765,34tc88RDQq11UqRKHkmibb
18766,2yFN8GyaGvronYX3vX8Wbc
18767,5j95d517Uz72XCIEzyHk82
18768,2ud8W0TmcMBwIkhIUq0fgG
18769,3nHnizpvyccMGJsJ333rTh
18770,4LrsMkW4cLVeTGYwZXJKeK
18771,4LGC8LyoY06TFrYHwBwcpD
18772,1IFXFbScDD7UQ0Mp66d4yG
18773,30IeocGEafO6mJpVD5Wlvg
18774,3J0ldeyYolJA2ea4ROkWph
18775,2Y846AkZ26vlQw5yLojpEB
18776,4QuK7MWdzFWJTedQpMtx86
18777,5AlSfGcN88eiTLWAT5EwS3
18778,44YEUgOZwKf4HRtJrLHG6s
18779,3beF674gqoTzWphHwlPqRE
18780,3ku8Qt9J0Y29yC4jdzJ8PO
18781,07grjb29wSIEwP4xKtZUjH
18782,6XotN30Vq5zqCocVhq9qKF
18783,51ZJuHdsRmPBMRboDXSnPE
18784,0Hx0cSIzWULZsMnLdzEJ5c
18785,3kBYXx2k7kDXiKWFXF0Twt
18786,1eVWCmVXkFFY2rw50T8njd
18787,1hPKSQuvfLlPeIu8xhRyTf
18788,30SfwE148lFWWXO1gUtHpU
18789,6vjiNNOIO1DMAgF81FuwBF
18790,62mdf9YGN6zcGzoNpjNeUF
18791,0yM3VmM8gHEVGViKvAbQkc
18792,5O0GOy0L0zfDTPv9eIApkg
18793,5OnLWxxMNmTmXFaT8uRm3m
18794,0TQ8uuzlzubDsoeYGmA3zF
18795,6Co5epv2hM0r10vTvBMhs0
18796,1dpooBEv3DFMeWUmIkIqg7
18797,3O5e2Jgb8qxgB7vlaEUQMn
18798,0JQSsA9r4aJUBGbz13ADNA
18799,1gyyrMAeQUdXS3UTgBWav8
18800,2M8kPyF5dAbjnihjzES0r5
18801,6p2MkDayjazhDzCspIBE8O
18802,2B49LNSMgjaQJOa5fTml4M
18803,5ql1bMU3X5NYamBDMVEdJc
18804,0mnPpXnMMNwcERTVsst0x2
18805,3lA1nUzrJJns2IGgZh4ulK
18806,63ZmPonhAmcxXZCzYHLwXk
18807,7zWE4XT8ATao3xxdHtKly4
18808,43hj7RjOE5vXtgnqPidEv4
18809,0uB3TmXtIPRKaEHh7eMw5D
18810,2FXuh6ekocaGT7YubxgO4C
18811,66wl9OJ8nRzRkXdTrAQCo7
18812,2dXZhZ6OgUPAaiwJs8yR79
18813,1qyW801Ntr8kuyH2uQaZEq
18814,028ARUhVE9NpsVPX8V1WWy
18815,66eD1wzHyojsvBC7CNJK91
18816,74pBvHu10iqNL9AlAPC0WN
18817,05sOCR8SfGjcf7D6bsQfUp
18818,4fGIqy3bvjX0jz1SJHqjjo
18819,39kDMgwqWAkyfR1c7SIcd7
18820,0DvVgtyFmOdEBEnxEvAmlu
18821,7iVD73ZF2WLgNPmGMh6QMQ
18822,1Z5nR7epPPmldWTOcUF8Iz
18823,4K4N4aeIhCyH6RbbwkB13M
18824,1MJ4JImHw0LCpK26EGrVsC
18825,1exTqUQX49StcQuDzAjAIH
18826,4OY8jBPtDBjeaYKqawTdVS
18827,1DCfcJM9711oDFGrtHvKfc
18828,7lY3DlaN5BtArXlOYH3ir5
18829,1ty0us7iDU0OXJ7rHX9I5n
18830,4UhCCVVdquy6WHZ5JCcjAf
18831,35mtjM30xXExEbkEj3z1a0
18832,4p2t4oc86PRP5PHvmuNbrJ
18833,1W93dVmCowGHihMM4PKbkD
18834,39z9ShFDqyeiI5uhqaeWWm
18835,5bVBISJkPvxxmH3OZwABVh
18836,1zYvDbHHYnrSDYZS8rMO3W
18837,0KCH8Nnks6PgIv5BI8rg7b
18838,5ypLmgUH5py6ebEFDYprEG
18839,3nTi2DKV7sLpMUvONJ1btK
18840,3cr4nLS3rbzII8fqvsDO5N
18841,0d5doqF7N9XSHKouauGLFE
18842,6kP9VycsImqweQx1pi4i4W
18843,2qOwSHYZRd7ZTG9WFrG0vT
18844,2AzcUI8k5exT1fmMOkOAmr
18845,2KV5HBvugnqFRjPvNzGixD
18846,1fQaoh3imrMunWVZh5kf90
18847,40wyhIkaVvuZUAbAiTOkHI
18848,61DtDotCR1DeZPbI6Ky0UP
18849,2Hw4SsuMEF8P8k4On3uoSx
18850,610mVW2WclTxEsJjGR2NJl
18851,39QlcVWo8NMV8kqqrCR1nr
18852,59DqOEiZvbyRNHew4U6guS
18853,3p7uj0MzEZUV9Lai8LUcdE
18854,3J6XC8Xo5kWqitzWgV4zgl
18855,6PbUAKLMQA8WkrD7nTpHXk
18856,25mOPkAn5kz8vqi6Oh6rLV
18857,6sbwOE8ibvmG94TxeXL25l
18858,517kdA1nYir35ch1MMr23o
18859,503x6YSnffXZt4DD5MXNMd
18860,6RSBP2zlVSxb0nRxAD8fwJ
18861,01hIP4hD6yWdB42QsoQqTh
18862,6HIrys7ah3L1mIBwkg4Yqe
18863,6COizTy2dzSJXdijcQA3G5
18864,5Heu4Nyrx3w5agcWLhqFyo
18865,0jOpLO2QdlwTqaY86zm43f
18866,1fZgSt0vAZpcVvzY7vGTVY
18867,3DugxTcndDHQ8dQAienHha
18868,4zoc1Xb3ALBLdf5iL6hocg
18869,6vuakQX8x5GQ9iW5yfRWq5
18870,40UZ85suwIhop8bJbVwkOg
18871,1MvmgN7xgVP0HRvQe7pQ9P
18872,5KWce5jtj05CzXVMBjfO5J
18873,1uOKBuziYCCioYymiwI8zi
18874,4XWdPiF2nCjPbJ8xH11oSo
18875,2NC2pajpVtCBIJRg4GBPjy
18876,2MGjkYn8d2aacpJJnjPsTF
18877,3wl4ZUBsuH7n2lsW4WjU05
18878,1hHGUdFaiJHw9hVZGJWYO2
18879,51mTqTAk3or11MJEKg1Ld0
18880,4mSXobBfj6GhBgPLvVWgNy
18881,2Dlo3MHqNxgRKOX6KAmWWO
18882,3dFyht4qagMu8Q2Ewoj9Wg
18883,65XWeBIra8uqM5myMOWp7u
18884,3Z7b19GPY7BzKF0lCnv4gk
18885,4eXtm78zEI4Cu3mWpVzH5V
18886,5V4NlIfbLfR5c8U9330HY8
18887,30U4GMgCq89MHhyD3MLf2D
18888,2LQaTSxGBlQzr1TGfYtum6
18889,1FHVkiUUYtsmRvyKDlxYoT
18890,4YFcGTdgmEuw8xTO4XrxbB
18891,383huIiLDewEfMioopMDb8
18892,6lnLAEwWTeinLSbDDAp67j
18893,6orPCwBWW9Li0CBseEcDHJ
18894,5hKVxnm1ATQc88MjnVXi9G
18895,5tbwtgBpjFcXGTXvODtpSh
18896,26qfqvFuN7hVQLcGxQti3z
18897,0CYpFfFcRf4FmZ2vhTg0qt
18898,4OGP3JkT2pGickXoZ95VAj
18899,6DTNRnYEp9W0TQ1v9JcImF
18900,3fkkQRXeEclavjbP6zjwWU
18901,4fAkWcdkLVIZNUIbj2FDF0
18902,55mKuESqpfgqe0kooIkTH2
18903,4Xe8ybuHb2CKiFc55bp8VZ
18904,7wO1SGOue1lTuTzmXsp6vm
18905,5XOtn9UEbf2WcCbLVWmP6z
18906,7aKGIxAzNWVpbhLxZOgUzu
18907,43YLZTfWqq4VicHZhzGk6z
18908,74tVtfIGVQ6kxTjRRhH464
18909,0EP0Q5X2bblYpRnlNzw26r
18910,0gi4QWCP8xrKZCOOSshYik
18911,2hlJ4IkFHpTQVsQxzug5NX
18912,22HHKW1Z3NhxUFV0tOV6Iv
18913,4nwKdZID1ht0lDBJ5h2p87
18914,6Wn3pdFtAcnYJyJVITwt7N
18915,0GimydHGEn9OicmTCNZTO6
18916,0XsnbRqvzSFFUqjSk5wYIl
18917,5IC15BbbaRv6FmseUG0mTu
18918,4EklpCLalQcpMPgZsACUHG
18919,3pTAkzGUULimRyIctKru3r
18920,7kKXEpCRgppSior0yhE88t
18921,7reQXmiIthB3BMiD3RghAF
18922,1VuHql6VniYKsrzNFZ1xT3
18923,2mZ9UMXGpZpTbwkb0LipCB
18924,6huvhTE5Z5gXnduG3G3nHh
18925,1pjK3sLlogTfhjph5lNmZZ
18926,6iAMTejgX1rbJ3uQibXrNZ
18927,12NkosKPLQWpGufPD4mmHe
18928,2yPFrN5YyoPqJSimHfjwXu
18929,6aW52zMQMtuFXOKf9TD6sU
18930,4nntDWydgfqcwaouSskNi2
18931,7Msq9qojB7yORuJvz49iUy
18932,2PYtei9YowK4u7QPta26BY
18933,3HO7khnC1Ixt0gLNqdYUtt
18934,2ZqK1xHlQBKLDb3pK5g43X
18935,7yGOB1NM4vnBL0GJFxLWWk
18936,4m1TMr12eCTosrRY5VSiHm
18937,3GHJk4wGsMaJV1BkfNUlUx
18938,7gD6hBL9aZv5yDmCsggGhO
18939,0oSB8RMpYE1NW3jNkjXIvH
18940,1Pu5aUfU7LhHwgySohaWLv
18941,4IYyGIbMS5ZkxDXGfPIrXr
18942,7sQLge8CicZtBUtLrnEMbY
18943,6Ab2SaAV5U224gWrWvPbLJ
18944,5jfc6mftNWR53u1R3ZUmZD
18945,3zij5BTF5aGm1rBDqi4NjZ
18946,7maTN5XFhGworY1jZP1Jyc
18947,7aRIcm8qsLwh05BJjKVDHF
18948,3YdmT3Jxo5D3CPJbSlTkdP
18949,2tnPurkbUEOUxLiEBH3bTa
18950,2Dkx6B5BZNmdQZDO8POsKJ
18951,3EWI7uja1ZE1GF8qaKH3jO
18952,4wSFGyYc25YUjqBu9AU1a0
18953,0DTPqc6Pxn4nQmmucZ92jh
18954,1eLPPU4HycGct2kv66OI3s
18955,43D9QEhU3LGbsYjimD1oy1
18956,5Ct9yuekVJsnx8MmxIDTFV
18957,6ro8Rx5kXXiIFmjPTlJjAI
18958,0NLoUesyTzIblMfbRNFLaG
18959,7CfY6uY6JrSrPuWEhfNxGL
18960,2S8JoT3T9I5C0Vsha33luG
18961,7AD6XDXmXCk2erK0KA7VwA
18962,4cMnESkXGcB6kIp6iPNUB2
18963,7psqgGa7cys7wj2nXrx859
18964,11gFikGqZn2tHPK47PNKCK
18965,5KPMGLhMUi5Etnm4r7Ruts
18966,0ECcKYdCcPWLzS7Xs6HZ5t
18967,1iK6FehS4UiF6X3BOD0osg
18968,23hY5ZnJ9Uqe9FRDmvWLNm
18969,6wqWfSOZvTK18SAczoYm1L
18970,3zKMZbVprIkztuUfYPlJ3D
18971,7riM5gZZP8R0Qit2a0u8wi
18972,5LQeuY7vxQYq9IB2UFCdVz
18973,0D1FevKU9viN1csbENBXQP
18974,7HO7YWPSHBe5WDIJjivI7p
18975,6lNM1WozKdQiieZmf7fV0m
18976,5oVr1Ek8U45NYv8LsPswVK
18977,1q7RK15ea8nIZYYygq0WCz
18978,35LJS6LgJ4QvROh6LZEoic
18979,4ixvJpqCUh6KbogmdTq5XC
18980,45UDFJYaRcyF5JGTnmAcHG
18981,0ZVlFLp6Yl9nHhAcqMzmS9
18982,4KMha2sCvim5pohNcUKcL7
18983,42i1pGtSyPVXNX71oW8dyg
18984,2FFll3memqNJ72H7SeZ7ay
18985,7DRUd4wcEUi4hhoUPXvnRR
18986,3LPKV8XV4SttaZaPONl0G5
18987,4Nx9CLbcXGNmvZF7FzQJeJ
18988,4HIunZLibo5KfbYIQRrHSu
18989,6I12mvWNzSvgFneNmj0rWH
18990,4rKxuplYEn2zA1MQhuCbYm
18991,51X7mOWIB4XE4DNimvwVOe
18992,6xKTnJVwbZwuqe300NKFkP
18993,4UdJqfoUn55lUpYJ6W86Ir
18994,1l8TGFPNRCtmJ5xMKFDO2n
18995,1HUqbb6nFSZsrK0qXtZdJd
18996,1ishMaKoZFGrxFdGLa2qZN
18997,10J9SZ24axzwhwXjKTo9UN
18998,4Md3u10DzpUOswcsdWCmg3
18999,3fbGWIAvf1BNz5nN5TONxY
19000,5tgWC48Qo2c7BHVe5SzbNx
19001,4Uxb6ZyCz6YnB0Rr85IsS8
19002,4B6ODLVDLIWcQxNUWmjlmY
19003,39l93RzPJUnps2f6OArBeH
19004,61uOSqcShc3TzIlnCurRtz
19005,0hPqUnOs02Yh42K3oKzsDc
19006,5aigHrfThtXdjyfqvsT62z
19007,3fEZazgdK29xhzrRL9yiV3
19008,1XjuOTmXeOp1SwjMfaQpfC
19009,3HW62dpr4lp4c6XKW7GKGQ
19010,7CJNSPVLHUvRx2WmNQELQX
19011,1mL7ATXvy93K7ZIPbzIdAs
19012,4oqF9y2thGJh7hFd1hqItt
19013,5jsdv5PV5xgplwoaNc3Zzj
19014,07tN8UZOSZSScb35ymA800
19015,17MUVqfo2wOjp0cGtebNej
19016,53Pr3AQJREW2TveCRGcHYF
19017,3e27EkWYHjcN9JZ7SXyLYN
19018,0FDuV62tTtml5B9otoFRbD
19019,2FUkovfzEF61gbAhrvqcF3
19020,1yc41N5yqubxODRQ9xdfyH
19021,4PLJd6spV7lcVMYgYZ7ppI
19022,4P2gCP5Sfqg1TFBf4B2yD3
19023,1CFEoQ8FbEgJAiBVTVgn9h
19024,1qjfwMFcP7XVUyXsxkKrAl
19025,0jKVH7Uns5ORRGOnMoVSCc
19026,1cmyvCHBmQ18nlFefAkuHG
19027,7lX66sYC1iWr5DQ0IFZUpv
19028,11XfxgIxPRbuBdyBLS6sBL
19029,7eszBxWMKmceW1anrk64au
19030,69WTFK9z5GcTvM0lHg6pa1
19031,5JvSldF3W2jdqHOjlFxCNq
19032,7GZmUlvZ1ed1kDfHf3eSPe
19033,0RgeiH9PjWmyZtJCxevLoo
19034,5aaXYBSwI5d1BHa8yEfHr2
19035,5AS1rPPnC140Q7o4defs9N
19036,38paDDziQ57k1f4VfKTeGk
19037,1TqL0fxLzsWNTQj0Ym6wkM
19038,7prvyfDK8wJQ8o4Z9UfITl
19039,3jmmZmFgIhFNee9gCdCAa4
19040,3POpqoO9i1UB6WzYZ0MvOC
19041,2RimfF1Gcaiva7Eys6a9Gx
19042,5xufiy3RkShQwpSEmzozwu
19043,71ppcRIqIBVQVUaqTvX9cs
19044,4Tl5vJ39aRIaqeiGh7Hnqj
19045,2NtyUBkU8ljMRbz89QQfMk
19046,5BVaV7sgx7tZubn7mPN5yK
19047,7ANjiSuddcZm7btTxIpNhC
19048,5RwGWU2Xau23ZJDf01OxhW
19049,0DS3G5UeU8GGBQHZkiZK2F
19050,7x0eznaiq2CaLUfOqiUSvt
19051,5tw0XOtzp0dZlLvESyiYAl
19052,1SHREUIDJGrgCveZjnYNEI
19053,13HhfdVVNXyXnENEKnUp2L
19054,634fLugtlEnxCSWqaVkpVG
19055,2d81Hwz80UjoxTRPqCzn7d
19056,6lyiT5pnUuAEiwwi3gDnfP
19057,0d6xzihPPKLsFMN0sOmj8S
19058,7hl5xxAf3DlZpD2lwRa6QH
19059,2tPh2McjzwK92SmZN2n8nM
19060,7J10tdWcpRZfgNIf57nvsR
19061,0WPcZKsM7xvUhdEgXwyJwk
19062,5OxGefFrlfnuH14uMub2RG
19063,7sFxCpFlid5V60tB6maXK9
19064,3UgXBNjFZVhsVvBaFxCma4
19065,2cHSvidHOVGA2zgqgvlgkH
19066,6JmEQx3sPZqhkSqmlnweRi
19067,2BmCen4Ww7ps0EBbobxWsH
19068,6z4suYXf384HJU1bK8PhOZ
19069,2OQ0l3d1OvjfFJcYrRjcVU
19070,1InP6ztZrypiTApWxEdHjr
19071,2WTGkkxhpjai1hGKcfdmIr
19072,6yc0IYNRwSS5gagjXpgz0Q
19073,1IGcApt9aIsay9tEdLRh0W
19074,6DPjPnAfdCO71OluEpmekE
19075,1pJWn88IZdz6pXzJ3DP6Tg
19076,1h5MLv1CIO5rgOzXpkMfql
19077,3XAIZDbCUZizwrM3GMr5CX
19078,0qFpC42a0VZdHTccbOMHZL
19079,2tNFbsexJSg7J9oX2deh73
19080,256HFTAUJJ2x5YuSQNA9OH
19081,3PGdRTw60PSb61iKLHsRGO
19082,4aGoA9AWuaRKZZIbRerC6J
19083,6E25cEiveR80fvy8KXveQU
19084,6qLl3OmST6aWsEuxePXCPE
19085,4WqF8xp486EXOroq7RgJYM
19086,5LIn72haoobRVZg0cELDad
19087,5ilLJ4j7dpDe2xzdBPcref
19088,25MNMuaD4EfXeEPqzJ236F
19089,2PrUKG4kAO27esFEtQu9rL
19090,2kER8zmWDPcwwzSeEvXOaY
19091,3QqHt507QJZCzluEYsnv4u
19092,2q9z9sHalrThk8dvMD8rx0
19093,6JcnFeUGRZQbPB9VRfZu3x
19094,3C2BKKKa7xrz2uWqIN1Mnh
19095,02xqT1kwgj1XPkjU9SDpdF
19096,1zB9Mnzzb3fWvktqXtOSgA
19097,29M9kOGhyLPMjXAoHocXvA
19098,1iXP5wRxJXJaefJRJ3QC4Z
19099,6ld0hW0iaG4LhAacah8yWM
19100,51cqtusY2TwC6mbN8Vz8iA
19101,1pdHZsQUzxT4OyhraItBQQ
19102,2vpVoxJBdxmhcXscZWShjf
19103,7dKQnlx6Rt5qvlUSgvsa3h
19104,2AmHslEhKlqc2eb5hukFMJ
19105,2HfYKlj6APFm6fLl1CXOpM
19106,2BvMqRANkgYZpRCVjjl9Cc
19107,0sNlNZIrnsyU0BN1QcXbK0
19108,6t2gHlvw7kTK6M7M5f7S6K
19109,0gMW8XpPFPjoApDii5Tj1u
19110,5sxoL8g8EfVX0RXrzQ15KW
19111,75ZDhX3SURiiugfCId7b2b
19112,6EXs17fUwhvcf7LvTCVWMb
19113,065J6YUGz8tN0A3TkRrWtP
19114,5MLjVCMjJKwXLk6JmPeOPe
19115,3KGD5x2TeYqXieS6qdKRsr
19116,7K500OvgjtmDK8HJjHEtoD
19117,1G32fy7VMCDLl92iGXvBEm
19118,0hu5kXeYgEsZ2ZJ6grstMz
19119,4ynqu9dZHY2LeyDzVUjpXc
19120,2kjFFYj1iPnqyXBxHDB7qN
19121,1kWUOEfaU672m5GOvEbxfx
19122,2jd2Ao6O9z4iuRLDH8pIhm
19123,6iH9WMCrhLOTfR7RNIE4Rh
19124,3fqllTxfzPZZYyArfNJuAI
19125,6TsWlrVgAmotYS9Ahnbr2j
19126,7e7hic6gtPVhOrVVIZMIWr
19127,5NAQOsPYm2N1p3SjVPk9Vj
19128,2PbxonRbvNId0pTIKAQs9U
19129,1Hig5qOTDmX4Erqpmk54xq
19130,1CnOUJzM9F5JHUVepMQ2Dt
19131,0Cp7pkYwl4WCGRHhrfcsrg
19132,2T0eKU20gCZQhkD5g3rv0h
19133,0AATuEhrQtGDevnhq9Nx2k
19134,4p9SOwpTjZJq0xYf0j0xOp
19135,0WGv5rjywsqkL1zYw7odGx
19136,5LInOGDHqrgetnMlnvaDNq
19137,1SKPSCy2lMAet3EmjAbDic
19138,3DElOQigJUqItPEgJzC0Du
19139,18S5yhpWbjr0BRsccX7S8T
19140,0ECynh8CC8OFbVvkJxclHx
19141,3woCiUTBLZlM5GyFJ7DCwZ
19142,4O02yDEqBDvR3UMIinikDg
19143,1n5FryrkkpjnDCsdmg9QG3
19144,7AymAMMZRkwRq1gJOnKNB3
19145,6qbaRdGTS1lEV0PKgolUoS
19146,6nSJcuozw92w8ffSJWbKor
19147,0Ydrp7rGLEPojhtx6a7New
19148,4aw7cfyPCErxExENFHwyuX
19149,32xMhV8LOSuzoI6zGZRzHR
19150,0Ne9DucpmFAqOIma07Tn3T
19151,0RovMf8MXaT7HppeGihF0N
19152,5kqQJHqUrMdDYm7lrCIoLC
19153,6E8GlyT87ySGcPJYZPFuSi
19154,5xJjrfEEqX2bviCFC1YZdf
19155,0EYhY0OKKnOixYaFHqVfhc
19156,0fKm8WqpVQINWvidGD80JK
19157,4I605p9XUOQ50U7rAKl9Y2
19158,26UC8ZV3MuYcjl7K4a6otc
19159,5iyjjZnL3PJ5YkqZ7U8dJW
19160,1ZUsd5fW7uuXnrbgVIWYb9
19161,3BKrOpeZk6lWMs9dsalnpA
19162,1CGYCubRXzXmch4NFPSLIf
19163,6KPjfgWwPAofrorvBv05GL
19164,6nMBg0NXX9y4639EsS8sLO
19165,4Q3ikbp3CWt0Gp4iYDt4lV
19166,4nzWrhpeV8Mma7FcBcernt
19167,6CyJlVAEFlNdpggOLanytL
19168,0tZ7EcmrIMXPLsklyNZfiz
19169,1yeLSqz8u8ip9NnzjGs7lQ
19170,5IM82I2DqML530Wkq4JulG
19171,4xXKQh4wwMXjPhClTf2UKr
19172,3a8MIjr66iYR8uCnvmDh7j
19173,3dKoL44Oa7bPlUxkXhmY7Z
19174,0rlZHmF1jlTk8MSAeKHpRx
19175,3B2qn16bjhCNA8euhVQRos
19176,6jY7IkH2uf1vZPGyqb8wO7
19177,5SewlggcpV5Sdrlu0hkCHC
19178,5l3C7CgpiOoGF6B8qzbOR3
19179,3WGJ9Tlo2DUYQpKxVobzU8
19180,7DYjzYtHHQExgtzgY04ZDc
19181,42ZrDYviftsU8sYEhzF4rQ
19182,4Q0gexDyqLyLHmnktsn0KQ
19183,5gmv3BgePSYiHnPJgY7oTJ
19184,5AaPGZXvvHXyc9bFtGdzzT
19185,46xJ1L8BnaglIjkosHa0Bp
19186,1XYTbyUM93wmoiaUmTjcTV
19187,7MEFFv8pCIZXkBmKUX54G3
19188,2BITjwt5C8UZsqmhQMFcSY
19189,3rHTe8RxNFW6XWMVrUfhPN
19190,1uwnBpEtKYO883Ro3woXWw
19191,7pypjOgvF6cCXnHBfmrnC2
19192,6UXAOLTxMM6EJQZgOb5Rxf
19193,6Rtrt8cKaQ7gpuKAhiHOMn
19194,0zX1wpVS477ECMmXxbTHrt
19195,2wJ2oinGR4C23su7ZeqVdT
19196,3nfl533ANTUluOC7qQYHEv
19197,00CTRoBrn3Og8huyhXZ7Et
19198,6HsexB0f5VPSbI6uhH5FUH
19199,0Ry8J1f4S8EHUXmVqKwpyH
19200,34u0xEjBUayGbjxBFdQHvc
19201,3wr146ap95fc6vq3dbqtpJ
19202,4Btn2KjklRGhfk92jb3zom
19203,3jPFA49lZd8OBBypkZVXDR
19204,4fyIKnJo5HIEeTyNlp03IY
19205,4a0RlE6Mde0N59OLuBQn42
19206,6Xvj4WhAi3ZNSygNscd9fU
19207,6tns5mbJrWmZtFuuyJVvyZ
19208,4O4AJC8NSHJz7uVgRgly7a
19209,540JgtBaQGrMwBw7tE7E70
19210,2pOk2SDsJhO7o8xtfXf1jy
19211,0RjTa79DOaCvav4xusyHAH
19212,3CaURTxGMPd1BtFnrdRtj6
19213,46mlz1m28wLfboUBeXT9hD
19214,1nzbFLItWk2ZXrx8jvTmdZ
19215,52RUlkbnrI1J2F88juCeJB
19216,1TkliUZNnCeTjZMWPuUoPK
19217,65KbgfrnYhYl8SkJE9CqX9
19218,1Ri0dod5z9OD7H9DzxKb7B
19219,2xS7O2rZhEouDYnxU23lw6
19220,0UE6zwfY4tVkLwhAHRhhWf
19221,4pibWdxPVR8O6aQ75HYuD9
19222,1ie7dzumtdK4omEgubnu2F
19223,6qaCN8VPRV6watMZKn2um5
19224,1d1fZUceM2zK6HETEYtzxJ
19225,4AoCJNpzhk2a0neT5NSbZu
19226,3udxikGDhqPeft5sX5D8dD
19227,5z2XE6OKl2S2pGr7eqdjk2
19228,5ubBIcEYIjTsuCninoSGTk
19229,7yt6q2indNuVgk9boFxEP9
19230,5PmODn2nDfqtP0hHCcAENs
19231,6lDY8ktkrxNlPrGZbLZGW4
19232,5czNuIU6g7l5jpefJRcPR4
19233,5B9Jvqw2CSIMblC3EbCLND
19234,4YxQRpinBNHlwCiA4jZYph
19235,2WhTZy9Ew44KW2y3lB9B0b
19236,6C28f2RuUUeQcSkSiRtu1I
19237,1KOOL9nYh0PHGozGmrXAUb
19238,5QOLpeYvfW90SjUf2rLrKZ
19239,4SKt118N7T1TKhodbTPNw9
19240,1VDv0lNmrvjYDSduViFuSy
19241,2RwQGCKmyqEKsUHoMm8aIh
19242,04Dc0mKBoPmK6DuutvxQjf
19243,6npEPLgNyJ4UzWyjSyH1KJ
19244,5ZOZIHW3lIyj9HtbuWAb9z
19245,17tUYjvHadbPFZCTAaJAve
19246,1mpaqWn3xd5WhadX73bp3L
19247,7oJxBvERnRP6u0uOm14cjN
19248,0aHJHE7zTX5bcu4As6QK9s
19249,5j8WFQmqvM6rcMspqFo06r
19250,6odIARTda4VMoX6j5VZfLc
19251,2wcPoGx9jjhcyuxSNzkS9C
19252,37fcOImXwKOFOUwKYud0W0
19253,3E7LzWNozVasVq0nScsXfY
19254,0WFlDv4ro1ZVuENYErUvRy
19255,0VgzVI4NiZI7f2o7CjVL1U
19256,1D0cJSpaY7Jw0tgSAFTAap
19257,5OOtBTUWEWVn9IRGUAAvSN
19258,5fTXmk8bGbd3jFpegutdq2
19259,77p3Htahozh7ShAZ91FNQx
19260,4s98lJXk4JTFTVtvvKXPdJ
19261,1ZpJz5oc0qTtArTGQ5Jwm3
19262,3Qwk7eqIZG9yATkiS6mkn7
19263,5rTRFxeAnKMLcCpTUiNiJC
19264,6lEDoQeSEiRwEvOPYC0PYC
19265,51Z2oUPpcjLsmaD7HpmEcB
19266,7kyiHjkFdmHcYcIJtFAdaF
19267,32ny2YtiR7zKi7PBjiQ5Iy
19268,2uE2q4UX2X1y7BYhek1Nai
19269,0fnHDKm53b6sWPACfWVdTo
19270,3wsYeIOXrGuSnG3kRGbrwm
19271,52fJLPcouUhbUYY8YPjPMg
19272,05iPn0c4RMuoY5NdLE4qUT
19273,1p5xO0tPYoQSZY7VUNFSJt
19274,6A21WVScVf31kTxMKZiNaE
19275,7G4dva4s4Do8u1xtEM5O6g
19276,6RKqhloyiah2kwOIxKIna0
19277,31h2fRWWfGcLmUeUNYYblE
19278,3h7Zhgf5jQDwQTsuj6Vhlx
19279,1bAtvVG1Fygcv1PJCScoCF
19280,0dFnHw0HyFYi28ME8XD1lY
19281,2wMJeWvvtnoMDCicK9nQQx
19282,3At2oFOuSMMmO6coLie1oG
19283,6UWeImvCfb29LpmyWjeqTq
19284,69yAqO98Pou6BEfLoE48Ms
19285,2ae6mkuD2gJnJQADl488et
19286,0oQllmlC0r34wyVExFRsQx
19287,5matV6Xq3xBq0w1T8dqT6H
19288,6iC6Pnt8IXm09tOYkv3JMV
19289,3kZqDL5CALwCmy5tChsJAa
19290,1tjpoAROSHmr9QLb7Ibqoq
19291,0JREURhfswytwYZVBb4Bvf
19292,2rXw8L1yVUvyAXoZIARf8X
19293,7y1ScaTfRogQATFTHTqOqN
19294,0R8BZU49NtJrUn5K3Q8eyM
19295,4yiI69EWCCYdJeEXNe0j6E
19296,294kzYMYnMI8oA0E10OIYa
19297,4I9jIO22UFvrrineQirsGY
19298,0nM25hnxJuNN3jJhh01FCj
19299,5uwQpxx1PCXLuVrMOx6Axo
19300,609mekAwxC90JkQ4BDo9IK
19301,3z4pRCkEmeTGHDWzY0z6Ga
19302,6GQA6oYS5Dfu1sGzrKfnq3
19303,42LiXQn3xibOEodtBMoJp3
19304,3RwSBTowSIewhs9bufEgbZ
19305,3k1t0MMGMXf0C3I5YSyMwu
19306,1S3DbcLmPqBak6PaWu7ZrQ
19307,1RzbcYoc5cpiMDJUUAI1BH
19308,1t6D6nIxoeMUk6DIxwFarx
19309,0E9TjRVfs8eLndXn9MPs46
19310,0DgkwZDYZhp3aYvOivdX59
19311,3YAQlz5EzZsZ6Zqy33cERI
19312,6TFst6mNTTgDo2CljAjtBt
19313,7lykUmM9q1a8JwQ0PlsMFq
19314,3rxqTIzSZGHpjG0NBleFjH
19315,5jBqjVBEPOBcd51FF6l02M
19316,4W2gdXqk9IF3U5F4Qframz
19317,2Mi5lny5RDCGASrZVXD1Ig
19318,5PmFjDz8zM0LxwuKbfMhpb
19319,5MF6bAKq8VbYQuNw7vuvb7
19320,3hS5RCp5EE1wUiiE7f8dM1
19321,1RkXPWuqQM6OslDj8aLKT9
19322,3ANOoBSjIv1yXFT6NTBmnL
19323,3Qz00PXwvbowqUdj8rQePp
19324,0yotOi6EFaBal5Gy7YVcuI
19325,7gVBd4OnoNWXOMOOReeXP4
19326,6wWps1wyZVFb2tjIc2gWGW
19327,031BORKOyhNOfhCaJEXc3R
19328,5Syg1oPEvj5MS1vf4etOrP
19329,5RZyBRCLOLAngqotouG60o
19330,2StiiHwLUtQFS0YqWLBh4h
19331,61BLqKMLopSkHrmNX8b08Y
19332,23OvK9AlKo3Se4xcAMDwUY
19333,0IktWVSl8V0SLJdv15yRVt
19334,3mAx8dkDL4gwg1N97xQ4vM
19335,0y0cmxjiozAE6jRYeOCDEa
19336,0jo4ydahfj4czOqHmkU19a
19337,3zI1wlj6TCnD9nqfzO7GdH
19338,6Tcgyo2m5eouucM87VjIFB
19339,2tH4w1O8cO0RQFkGWzAGbF
19340,0hDYRarrVY34TLYxbdpPdm
19341,58hrApuT4bbpHIRgH6JMOl
19342,2wZoBFqwT0Tpm9XW0oiRMZ
19343,4mWhwsrUMCrNDgygXyOIOc
19344,6piSzfRUIO5Cutz5DChf6e
19345,4nxRsCbVgnw6dtsGKfG2Qr
19346,30xoUvcCyCXeQBdu8QmrQF
19347,19scNzd4ogVsHrNWsms8Rg
19348,2fYkDQeoTuATBiSLyLtTDZ
19349,2YoD7uIks1Gy3DEXXJ0PnF
19350,5pmDeqWQ8CzedKdUyasscX
19351,0HUeGDgzF7nPiwisBD6qNv
19352,1r0uah5RXpK0XVFlKAvY98
19353,3U440ZwW103dFK1d1OQeUP
19354,7zapkPaw91K4bWEi9Kub1D
19355,3zicUewvBzy8xAd8MlWPre
19356,71MiUHJicHxmuHmHm1Winn
19357,0wDDINIKBfpedPrdQvgGQX
19358,54OswMsrxSSw8HmY93zRXd
19359,6inavgTGg91aRT48vMv9y2
19360,5d4WBFop7docFhvfbt3nRM
19361,3k6AEDFsg9j4FdGWQOZbBU
19362,3GpszQrhZfdO2XALPWo0pN
19363,7vhmrYJpwkKyPvJGNMSInL
19364,0ORndgmEcVU6IkpTsya2bY
19365,5aXgz1oKK8Q9z9xvTmSnrO
19366,52k0QZqspJ5b6rhuyXKDiW
19367,0KgSR27bArjrfpFkSBZ9y6
19368,1Mb187X5w3OUQNH6P5M28Y
19369,6mWhhpQpYnQT410ImfktfI
19370,32IJILdZnJRSnglBPK1oAL
19371,39nH0Gt85DBnpU806Uskyn
19372,2wXg6yjvKUPr7WFNr5FI3C
19373,09HdebVCZYitM3ewdSgLFh
19374,67bGOBxjYNsPTcJlm8tyGu
19375,3YhMm1tEqtDAYbQOLkyApf
19376,3645qZRrz1Fc2CFnvsnXqO
19377,4kRLnoqrnXyZl9VAjyyKrg
19378,4ChzXD34FOaCy3c8UpthPr
19379,2MVwrvjmcdt4MsYYLCYMt8
19380,46JGVfEEiBScTaiP3Bnh27
19381,7zOraN0T5rKw84A7q4JtzL
19382,2sSQH8JHznZMvchlZtXhNn
19383,7HlnnMOSPKvB7gNZNQwlBS
19384,17YRiVcw1kwVMlj33h5a43
19385,3yTEfGZj9LKslgUKOus0Wr
19386,0aIfJQoEtwqQ7TMCZtNU5E
19387,75fDUEhXsVZDW7aVamIQGZ
19388,1kvNGqiWBpVqrRs9NbvZH5
19389,5Vnx0s7H73V3l6qPWvbHIM
19390,1q1KMkhrBdkFTTXFb0AeII
19391,0M1uwzjENOO4nD1K4PYijC
19392,0k2ZJ0m9z3FVkeFhgB5QiW
19393,4yZs2zuFUL1CO0cuGx3hj6
19394,6Giz4f8TZnn2qbTycs5aGT
19395,1Wv7swXhHQeHpEuOzfpBLg
19396,5GOyBZuOe7v1wpAd7oMSuf
19397,7cS8bCHMNzv9IzZHpHKAJb
19398,4NA6nCtWVhfzRFlq4cDpan
19399,4mdVkJdWmb50glN1NFbUOb
19400,6j8bL8U9nyaGT9zA0P0c7P
19401,2Q20eWqSnV519ybPThUDWs
19402,3BgRjm9lTpbup7pz2JZFqP
19403,2zofPgWJ1nFRbQdKsfBZwJ
19404,5C5Xyu6klCqbTvIKRGEDFg
19405,61myKjd1b2E2gZB6Eh51ql
19406,2YFEQCDiLBM5FGDH8Fbs4U
19407,15WLFtkW9WgirercvrCmSW
19408,4Bpj1ipVCVTusKReOkwjJz
19409,3NYQNFVofjOMrHhbPUjPwx
19410,2R5IXwD9aVgG7aN1TO8Ihr
19411,76vHCf3Z485OCrg3I8yL18
19412,0BVy5aIGy2ykWAnPJWiMVV
19413,4nop5UmWUqnlxkQ4kvG3Rp
19414,2A110W6j3xAbTDsOXu4uN0
19415,50jgPYBnhvN688zzzQeDVl
19416,18HuoV25f636YINxzO5p53
19417,1zQjzfgYp0ZDSsU1dxi5g8
19418,4Ra592mREdDjC2yLer4zuG
19419,6oTwKEphvunUppSOXrjau4
19420,08zbGkZTRudx8ODsi8DLIW
19421,4kDmvdGkT7Wnaz7FYjrVBN
19422,5BCP1rpkAqCMZVndpkLuLy
19423,6EQm3juzti0aYqoZw1pp0q
19424,6njpKuxBQFmX5gIrzhSULc
19425,2Mp3wFKCHY5b7KTTVZMbtS
19426,2py1EJlf7IK3uoNJ9rhq6t
19427,6oI4Fewpykv3VJwV6sFoaS
19428,4LRavfLEVgTE7QhGSTj8FF
19429,2kbG3dKJag5D4V5xdWRpDe
19430,15l2kEwhZSsj01tZnNzyZ2
19431,0MKmdjQQgYKaMwFrV6iEYN
19432,0uW6Xu0PJJVbbKGao0crAl
19433,2HVsjVVkU226V0lDLAeccw
19434,4gbR24XpCUTkoElYKZlrpO
19435,1ZiTAIl57ZcJUZseOhSEXG
19436,5jMXNY9Jlx7gtNndmvARVE
19437,2zlTsVOSm3Mbpjf9bCrFhH
19438,5D2doSLmZDWqxu8FXQL9cC
19439,3H3aJXnIu2Jocd4YbJynd9
19440,3hZnp7n8WI3UnnURw1i1DF
19441,1Yzv9uXeSx57FORmNXL0DO
19442,7GSmwvKI8yDSdxJOJKS2Kk
19443,39csuTK9VJq6qOYCQEGI3d
19444,1NpEsGF4a1KLe4b9UHDmaR
19445,7xXhXdhvcOUqDReuILyxfp
19446,2NCfoYcxaQZ6nadDUx3aa1
19447,3OCPe8PJWSEsu9ajtjP5Qt
19448,7huo2wvrCgRucUsjdSDLQV
19449,2svWSN1cu3TghohnSmgheq
19450,5yaCuJWsZh9VQNO2RxtZvq
19451,6YXsLokYUPy8vuKYHYNkzl
19452,3Hf1iGAnHY0cBxCnNokK93
19453,4X4ipOx6obko7qBSlGxRDy
19454,5x3ZdEegga3tiN50fCjnjp
19455,4Vs2i8GdP5s7vd8vfSRcDk
19456,5OPkpRe9EFSxWIXOXXnibo
19457,2Dvq1MNhEx6NXudU3GPAOa
19458,6PEPG6annEjWIaKh65AFXm
19459,1YcyPuQbtcGSnkGhECZRp1
19460,5nmBnkNCuVjKxXH9dbgZYQ
19461,4u6L6qNuTcI2oBYFobdRnm
19462,3iTFMWNxXQ9fjjR89KYG7w
19463,37107dPB28NderX4Tpbirg
19464,2AYJA9HZ3t0R2EPSs7OTPQ
19465,2NaQq1qIyWDptKyNyddsXM
19466,7zinPNdKe0zUH5GdJPDvDC
19467,63yYXbYIejRsczcD1BZxYU
19468,4ibI8nkwpN5C02vENemiiL
19469,0OBEDKruUCF8z8fOqyJkjY
19470,4BgCQQxlVqwTM2WmFtvVqB
19471,4IQaBvlHjZrpZrIKWXuBxh
19472,38cBjK2Jpa3smZaR6gOc1g
19473,069rbknMeBISwpviVuEzEz
19474,1bGas968flWbyqIdVqlHt4
19475,24LQTNh1jQNaJzUEIKFy5x
19476,2LPoZ0ToV1A2atD2CWRYOI
19477,5AAkTokxOBM1FToB7NRzYK
19478,25yDfPUtf1AB2fvWWQL2n6
19479,7fqZMgaLqRLB1xCGUPN3gL
19480,10R2cxLcd6CZ17CWvj3so7
19481,1cmEK62km406VcXO88x4Gy
19482,7L88SOKAeJakhHL63dFyXS
19483,7pIPQpZ3AuJhTvmy6eLQEZ
19484,29waoXDIJo5XZoAtPzm1ip
19485,1cEeu034stRTEHA8azeejc
19486,1gBbGODUwAAjpJzYly4s9A
19487,4Yh4LFa5X1bCXuATmDUdB4
19488,3r0Tk9ibA2KT1KiLGIuKXA
19489,5vHtunHdGk1lASvI7u8GTM
19490,6AhXBSs7ZQIjpq134TZe5B
19491,0fdRWVqElGwU0RyhRkPc8C
19492,3doiHDELcm4TqZZQAjlADx
19493,3rhXtYLlWXNCC5sjXkj6dc
19494,6QRbTnXpZV3wamOKL8lbpx
19495,0ScHgtzYGHfVn83dlCTnmS
19496,14ca1ksf8GSu1RgeJaFZDF
19497,7z0oLWaOMoId5tAjr0d8Z4
19498,3g3RFTrvNXs8wWkKJ8W7wa
19499,63VCeWivac96Qz3L7C7vHP
19500,5m7Je6wKz7RV20patXu9kA
19501,6B8Q0LnJePTTaRGCo2tdwG
19502,2gY6Rp0WxTGDoYtH9JwwRS
19503,01RGswtTp5np7S8GHPdy0o
19504,2Mt7VAy2lQLDxRTMtK5Oue
19505,21U8xXTckAC0I3pXpeeUAm
19506,1rtjokDibjk1StIMzZJMFl
19507,4VoZsQstakRjf014FDWJNJ
19508,0sdBdf0qwFPiUBApngSQLt
19509,0a1mK7iFOv5hb4XT3eijLf
19510,2dcFp5BKSHTbzoyJd0MdRk
19511,5ojiOUgbkHXe1Jor1NlHAi
19512,7qzgIi9e4yrLnzp67MFqNv
19513,3gPBEryK4BEerqb1daCPTh
19514,5SQwiRsUnh3V1Sx0nmV79w
19515,18xAyZWOTQ6bGdKNEnIKNP
19516,2PkVoLFjpdLLUX5g1SjnoO
19517,3i3XwvrLZ74c97On7g2VkK
19518,4SXja63SDQWHHfCG5z9AEv
19519,6n51DiONUJSYSZcp7B3ma8
19520,40RpWjf9qGhRJtNUok4Lzz
19521,0zS5yED1tcpP5gXTTj0IL0
19522,21NgtN1YKlxtesjp5ujgx2
19523,7mzbvHU3VWi2TwRKBSKc1N
19524,1vXstUplbFJ0W8DyY39eVL
19525,4xd2I8L75IoTzX5bezbP2m
19526,7ykOHVrUmqQc129hXVylyC
19527,2oF5s0oZiWmO7UgwoaF0JR
19528,1ujwcG51GR7knyeRhutrQX
19529,7FMIs7YLsFcEyiGaHayo1h
19530,6CFzhfVX4iJlDdLCR6kdgh
19531,3mRcVmaJlodmb7eensMMfZ
19532,2lAB8uqXMIsQNExjDYv4P3
19533,2AeRyM3jNjXQekqi6OHF6G
19534,6SwL2vB9y90bkazMNTfe0m
19535,4rNRFl9Ad7sOo700yMwlAG
19536,5Xa8AhVrlg4W5deVWGb22G
19537,4fljqByD2JmHJ5valNRUIB
19538,67SpbzeegM2rANczi85HSB
19539,0ViBDMvOlHuCThuVPpdt2v
19540,5OhhbHO1miFfHQrpAJUoUP
19541,7yFcQfZHx3yGlyKBpsnAu7
19542,2HtcPHFdo7eu4Ilbvb0BVI
19543,2Jhb881RGxoSaVrEK71Jvk
19544,0QEnLXUJMWgF63olFHNoEq
19545,5rEEkF2wZsHfFHTaEknuji
19546,0pBZfMFRp7MgDChlsSEbdH
19547,1AtS9hZyd6mX5aDwOSo1gg
19548,6m6QqoyKxQJuxWPRjUvaoR
19549,2OKHAXypZjnFarJ44qyqDw
19550,79x2hbGghm2goLrMeLwczO
19551,5EPB5exuxI5MLYl6wqvuvw
19552,5NNj40bHoajumTiPWi0EHb
19553,12zZECyfr1TdNx2fixO4ig
19554,7jllhSaYgIlxkuY861VSSw
19555,0rTJxsTHftHWA6pRyCWu2c
19556,6W2kTdZu9nMDLRltwNhiBD
19557,0QH2x5vYKAFW0ESI5tFTxo
19558,33xVocmEtq51pBY660sq47
19559,3sParln0vfms1LioRmnid9
19560,04LWcYIm7tZBUA999Rnp2g
19561,7dQTSraXR0vxBUo4fzKVWJ
19562,2gvKTgdscfa4XwoGnfp5d1
19563,5s5dbTbDM9v1VZXkTr9HIW
19564,48xijnu216M8LHw1Z1YUsL
19565,2GPCE96x9Go6acdDt8ex6p
19566,0OPrJKevXq5m6uIiHczXuV
19567,42ufFL2mR5G0K6wMPjMb1q
19568,2dLPjDVladV0DplqiihCDB
19569,20lGHKUzu3OH2D23VRpi44
19570,4zWDt4wl0xdUvw3ykqSwQM
19571,4RJHa0uZqGV4bGyKQe2wcM
19572,2GAdfGevvxHK6G8oykqdxJ
19573,59eE9akMTpAdvLYr8ABs8u
19574,2FZzcWnzSyUvFbu7xNLepv
19575,6GTDgo3nizNBEZDSi8vhe2
19576,3jQ0o3xvy3fKIAlojAlzft
19577,1Ugk60oUHU1A4As9T09Vn4
19578,3vcVDD95fKJkBwlwJ0pNnQ
19579,1RuGuVPBHqPJFHXxABWahV
19580,5iAZjNvfHaoA4crouxgePN
19581,79ayP2CwH1cZuV2X71AAko
19582,0uTEeu2Gid3748O86zMfCB
19583,5xyT1IRt0FCk7cpLvqJfib
19584,3zNkNyXEeDs2HeAZ0fYqxI
19585,6H8WMHCov3QGaPLbpOMpcJ
19586,6C6JkfOSz31JhC0ts9eL8C
19587,5WYkecl2djANEqk6WW1meh
19588,5mw1PItCLCWYREsH31BRcr
19589,3ANSh2reDuVISVbT39FKMj
19590,5KNoyjCDbXVPhzAX3CZsnC
19591,5RQweZSTz8IID31Wk4a449
19592,4Q5FZRLNgbYjkpBrmxLfFD
19593,7z5MjweWUQlFTLVfU6cRKI
19594,6ogwqBm8AQU4Q1NWOu7FVr
19595,4hkKXtBibeHfWcsVic9Jc9
19596,5s6JELAtlARwHTuIhMHy5y
19597,7EXFPwtpIvAYNEDqjhjAzY
19598,4Jh9a3ys8ZxPqQVlRQrOIO
19599,61CSj3AA95IG8P6IaXFUOX
19600,22IwVzhx2PnihV9zLkzPxk
19601,7riTER54Xy8xAila5pBfZM
19602,57SpcmuBvezGh9tcSPckcz
19603,7fCLfDo3os5Q7UDPQV5fMZ
19604,7dnCVKmjsTaBHy3hcw8Aic
19605,6mPeGTJR6yUOVx6IgQ4hZI
19606,4zdpGACQ6p4u41bzZAmpLp
19607,6EUDUDQP5ynE3g5SWCA8sc
19608,2TVOijF8ivrV6TnaSzlDQN
19609,79jRo4c9oVB29GYT4wCAJs
19610,0OQtwuSug3QIlpNB148892
19611,5X3Yc7g9cci6JHC06xHFoA
19612,0NtFN5JrYNYtGkw8sf1T9z
19613,3iuPiaY2TVf3BfbhWkkzqb
19614,6GQHHGCSJQp7rLaQ5gRRZX
19615,6w6YM6gYHJ2gZxcaPsvESx
19616,4gyHuTuWlIVSozCZycPFGF
19617,4lLu2WaPTtVgftbkPcl56I
19618,2aMxSQJLoKCXaZBZr477kI
19619,70IIrKoDLyQK7vSGqHIHRf
19620,75ax9KwrdiZj8eSjKoBMMY
19621,0kTPOJQ8ShLwqot7pfuj54
19622,3O8XITugw7W9svMQw0ODcf
19623,2VWfAzF3iTD4nnE3LZzHTP
19624,4VcN84ZdC7doe4yoIarJUA
19625,5OTOUyo18hGb3p1QeLOsp8
19626,3sT1RVkqfFN5Js3hZg3jKI
19627,72WNOCEOGZFJ7iGXheEi2K
19628,5I2F4tWakUjjBM4XYdgPGQ
19629,0yqLMefytWmTmaMzsgeUkq
19630,6ODHeVARVKSM3CIrm9Ml3F
19631,4IuSFMbhtQsypAn4xIbsa7
19632,3xm1LPIdjp5UdobQXqZGEu
19633,5TzWUruxryqbib6DZBJA8n
19634,3NUpelUDKVG6pbrCcgNp4d
19635,4j56pw08rnwygARgiKtYy8
19636,698F9QrhDemBL8WUKR9PlW
19637,77t1swPPzXNwheFKafh0jb
19638,6EgyoAngWLi4ulABDCu95N
19639,23nAIfJSb1V4US2ZRdQerP
19640,79Wha8HYimXmxajWQ6RPIV
19641,4ykcecXtK6LvdXowOmnM6Q
19642,4TFF3v95H2r6y0gbj7C8LA
19643,3KF1EXX2zGfVtGeZKiClB0
19644,1iKWEkFBENe8PcOVXXkXg8
19645,6QAfJZURn9hAkZMaH4w0V2
19646,2Sir2b2S9Ya0QnH64TsjSE
19647,7ivevsCiot5JeGLzRFwSCu
19648,2TojuOnSTbgY0OR3p0UuOy
19649,3onLkE3pVXeDL5Mq4nDCzR
19650,1ZclZBYbfU6dH8IAsj9v9e
19651,79YfOzTvTMsVSM1I6wzJgI
19652,1fkhFwQh9hsta9es80dOOl
19653,0J1a7dJ3p6JmafEdwl9gGQ
19654,6g5yW0oqOZp5crMpUoylsr
19655,1ie5zWkotxj3UxH2atGrPE
19656,3fsJAJasqTi9TWZdMRgxTx
19657,7BOtaBZfN5pVNF5DC6VZ9D
19658,315woNeEiRMgjD15nimNDW
19659,1rojV17gbXb0yEJSF7MExp
19660,3NaTMzagO4nwJVKL9tXcWm
19661,5XRuPxMShwVlQVS8jdCSbp
19662,0oB7tpt5Nm4uiaUbIBX4AZ
19663,13C7ucXlnNRWcZWzgvSbP4
19664,4VLR851XCgnVWClUmjT59w
19665,4LVDKH823sEXTlfnaPRkog
19666,7lgymbyXFhkRKWgA0qYeOx
19667,4PQUayuhATbacnXg9efleg
19668,4CA4CIaKqcNcXqV9dHOlgg
19669,5WGiXTB3wLDmmakTAnYNLd
19670,0m3ykrDYndkWVKj8LL5zZl
19671,0JFRAcNxIayvSVmp3ohsix
19672,4v4ssibf1FAkxisrqeMPhh
19673,70YNOZXxALhTKqd7niVP9a
19674,4owCz1Oy0MvA2w7IHUEyUq
19675,51JKSTZ1bJjfpV9z8vp9Oi
19676,3up6HPO2bXcu8IRMMB6YXS
19677,3S3F7BVYO7iCZq9d1l2joS
19678,6ghacFqX1Xybok4ADSDq4u
19679,40MmnvJrxORJu69hJuPz31
19680,4ZkT6GaBR7AwTTRJXZo5xj
19681,71Y5xS36nxCKCuAnVugqhv
19682,2Uab2twROU3jsIfNvxR4xL
19683,5ljIbdLfyY6cuawKnwRaOC
19684,2xG1ugZAYRTrtqmwcVkj9I
19685,51GV43ctKTEGNK3g6OnANh
19686,2fQCMX03xgnxgmYbZam7FU
19687,2VrUcxWYViR8y0YfMPAZ1u
19688,5sQ3VMM7ZDEgcLZCeFnSCx
19689,5EXEeHuB5MdcV8NPxt22PA
19690,70YvXPzEdDJO90wuEUylwy
19691,0nzvwCXs0X3SGPhyGdb7Cp
19692,2XPkTtnOmYD1LrcS7v3DDg
19693,2u6yjqInQralQlDKhP7oIO
19694,1zpfqkg3rS5NbXyr8exDAe
19695,3u4pq1k2CliqRp0iI5JHI4
19696,5Fpbw9DCdROeT1JtJWi7lR
19697,6JTFRvVecntUA5o7RtTBpl
19698,6DPyFiLcUhSP3y51jzW0PY
19699,2zkfT7lOmVPfzV0Kory0UN
19700,2zqo48ui5RE39wrQ4Z1lcf
19701,5PNmd8zjfAeDGmvXJECyPo
19702,4mus5VBPpq2ryRM4LuFX9s
19703,4R4dNzG9e7zu4vuMs8OIDK
19704,10lT3pp9QERGOWiIzLx4We
19705,46k0c1nLsH3hpFYlXWmxY6
19706,5q186AzhWeOEoFnApajHgR
19707,0mJmM3uSzMrd8wfBEyMOhG
19708,4PhdxQ9QWdWjbaYkV6qLyp
19709,2OO4NWMlf1safeRWNElc5u
19710,1wsLx9XqN0bwma0UvlUrEK
19711,3H7FIgcYKeWOD998eoJQ0G
19712,3MjYLMrii8utdhmR6wVM73
19713,7jKM0SeFU7tn6KnC2ZkBzf
19714,3ncivfcJahBVdOoXDdQdJh
19715,7rTAJmrje4oHKkczZOCA2b
19716,1OHNBBNgDsHdmSg7T9iIqq
19717,08oncrKOFfsTQ0HU12dzAx
19718,0NCgIK8PaSa81fBDfAeDWn
19719,65m4OnLQi7kJPKgCDGCSKe
19720,5A1Ys6d1aubTf4cBEpZ6pH
19721,7CTiqQhOXfaI5lSEpHN3TP
19722,2gzzLgdrVn8b45XJZzBsZW
19723,58mNIWeH9DnwKMPeM3lyHb
19724,3q8zm8d5S0uHqwwA8XQgRB
19725,6KMKZEwDN3CF6RbU6xZbAh
19726,18lR4BzEs7e3qzc0KVkTpU
19727,53Gs2a7kV4h6tBN0fCTtUY
19728,0Jcw5iId8lvWD2kufa7rgZ
19729,3UlaRVLK4ly57aeqGfCr5y
19730,2TfNBZNReB9L02rmi5tsnA
19731,7D3Q7QFN6aUuIMewijFtjl
19732,5oTql6eCYagYyhWOifWMuo
19733,0PD4P3XSGlMqriQbV3NZxg
19734,2HjCbH1mkeuExXYA3BArmR
19735,5QNqfOBAmzAsHmXgcq1w5p
19736,2Y4ks87vN7rXX0LDS5RSxq
19737,0xZ7Ia3jIXlAgWYYDwvKRI
19738,4De6tTVXe0N3V0OPOmkvT3
19739,3XVT8VNy0vpvTbFPQaBSZN
19740,4FcGpyBN6QMuXw5mWPUcwC
19741,369w7IUMPCnh2HQUNfTfem
19742,0FNtO8tcWLQExAMco1stYX
19743,0WkCOwvBMdSch0FZgh0vwD
19744,7090tYPC3UiSg7sdE6oGti
19745,0gE63HwMeWgK30ONO4witM
19746,3c7KT5CN8uYRaK3xThhdYt
19747,3GNQqRrw7frXAnUdSC6lxv
19748,6FmVzQZAvBo1IYATAEzTAu
19749,2Nvhz3iyJUDJxPq13ronnA
19750,0wCx4Q9Rcpk0lvmuIqKwKt
19751,1p1cY2PzjhmSw2qiI49BKA
19752,4mpzaAVXxpAo6Y65R1eO0s
19753,29UvKErHPnGqnXicZlpvb9
19754,6Yj2HHXLDogBueXLW26Hh4
19755,0zh3RhUmTQXU6MNU7ehP7m
19756,3oBkNEc5F3XM3gWVA14CHu
19757,1WZZ2392ZI6lY2fQikh7YM
19758,1UChuvEFhjeDfd1ZA8UUqd
19759,1bW8x5WdCz0SMMnCL8m2Vq
19760,7c6IfBkf0lxVAcdm4Xxl5D
19761,2WHlwCAZB6hLFsrXffOmxx
19762,1AbZJ85Rp9ZCSelcvDggpr
19763,4WIXXKHJbHEXx0WFWviHU0
19764,1JhNaEvVubRXy3wnOv10Ic
19765,1oOl3Ocw4tOqIyuN5kEFzU
19766,5zXNvJgCNNqmC262XJp8TW
19767,5ugT4gwa8nD1RrXcrLkz9u
19768,7AaIapyv3JcPcMtPuzaYnT
19769,2KrzTTjGMG5KcxwmsP4z08
19770,5f2ml25PS6hLYtADGsiTVk
19771,51S2IsrJ1eSm41WMQnn5XS
19772,5X5INlXGg1Raid9OwbiwtB
19773,2I1ju2vQN5ulDMA8BgD48p
19774,09Gd7f0GBoebG6i1BxZxNZ
19775,3wAlDj1NnZZhQfOGeNp8me
19776,0zhtTDPiMU1s0DZJNRlDXw
19777,5McCBY15rLHNIcTssncQCF
19778,5xjjbACSDUzWIfkzMlAphz
19779,36r41EJRzRhyhTmX3YJ2RA
19780,5RWGi0DpBx88Tbqd8jkPy6
19781,6QtmvqyqMsEYYXkdxhYATK
19782,1ZvE5lUBrDes63oakjfrr9
19783,2y1PuOloYFiRp9YQn64kBy
19784,1cHgBKqhj0zjsJENokwJLF
19785,3XVNsAgALmBJ6aVU2jkEfi
19786,4ocezcFjZqcHwrvpdeFQw7
19787,25YAEQ2PJihXqu4IyaeFeb
19788,2vUBkHXhhZtSfwrX4i7L3f
19789,5g3tg7avxFKoJqrpOgWwud
19790,7DHa58CKcfDSj49JNICiG0
19791,2Y2OLXEZIuDjeWmwvtEa65
19792,7KMWh2xqIHkOKpfDQpwNY3
19793,1Yq9me7ilIMMisxeyM7QmM
19794,1CCQRvvG9AFfJ39FqoJZSf
19795,6ZxvgeoM6ipLYsQyftxImg
19796,7nMNn3PJJMjhipGwFedAm3
19797,4UvGBQU3zPO5IcagzHDIxS
19798,68iMdxXn1timrxURm9dR8C
19799,2fYQhaV8hWMEWwGGcaTgYO
19800,4dAbO57e9vT8VzIi4sWL50
19801,3ZzJ9B6bBptCYUffmbBKQt
19802,5YSdRZXOjFwluJSlPRCJBw
19803,4MUNIBQHE5y6DuR6qJmmoR
19804,3OUpVpFeNx5jeInhHqiNfs
19805,6nXji8KfxsFxflFwakbvnf
19806,2hW1WO2ArjZmj7M8JPxmaB
19807,2GUniSWu9XggHchcncLkFC
19808,5d2C8TYuo3JCDq3yRgt5CV
19809,0KgcTD544cOHhIs990ENxt
19810,451GvHwY99NKV4zdKPRWmv
19811,2efH51yGw3ipTdB6tv3U2v
19812,1rkC5w0JvpEnXExoWwfbDo
19813,6ZIQL3J8swMZyBi2ZbDlEH
19814,222DOzRAEAFiPVcmbLeOU8
19815,1x2aQSZRbipvLiquyPHHYE
19816,1XHpWAxbS9MlksCI0Sgpyu
19817,1iDxNtb7jleE8GqD4m81dA
19818,05Bb7Avrcy9IbTNEbmdY9H
19819,0nDLgfnuq047SgAuFhGTOM
19820,4RYOkLtVvndss0OGii58nL
19821,6r7ULK6c5CLVvImjTIztl1
19822,3YUXbC0SOJFDka0zQtkzwq
19823,3YRM2Pe6XQCynsC20zMwBh
19824,2OIDhyZzFJnL438ZqqRCku
19825,4FvBu3qEvpqTf7xrVkZp1B
19826,2QmU4B8fsyWcTQLVDl06Pk
19827,4HyT7VMNVh8nG6ey3TWucu
19828,4Rqh6cSotTuTlqIxQvaiwT
19829,5r9wICNAITaU2kPkk7MK9w
19830,47ZNTvN4hAd0iHSFaOo5bM
19831,5fC2n8LvvlvOigjzib4qAR
19832,2aC5eL4bU3lcvcQqtvjPQ7
19833,4hKvKRhAtHG8wksjCskfAl
19834,7egnKmaZwpsLjDX0bnuFCd
19835,36xBFaVGjqm7le8CTHytUj
19836,0CRhPdFXgkFBG1GUShEyXE
19837,1s38sPu8OrtQ9R7aRPSJxD
19838,5rECU0IhjZLJAzw3CcFmEr
19839,5LLMYWdANGwQTfGtTi30Bp
19840,4IA8aBLVjcHHmduns7x7dS
19841,4FyhUbVIVFEEOHfdTiFmbf
19842,4zYchkXbGeXtJ3T7Tq1elD
19843,5jKdSZtw2yst6FzDJ4yvEV
19844,0OX390LANtbxYQVgz6gaBQ
19845,7v0Qx3dVFqKHkp2OHeruNR
19846,2wRvV2x12RQOTE7QQFFAyM
19847,7qNHVajTi58llklLm4dMeA
19848,6HLRstYPrOk8ynUECoVqYh
19849,0w5CEH9Ptv2zDhJar45EqQ
19850,4AoUVSMrrIXzUBcNaUZjJJ
19851,795vABFro1vXFvZNuXMlw2
19852,0h1ZyAn6THCcRHpqc7FIIZ
19853,39RL4XaTf92UVrkgADG02U
19854,5VEnWUXg5YyygAq0UK1M3Z
19855,7txh5zmVNHYDj6yTSDtjVY
19856,3ZwxczCIlt4nA7czQaugvM
19857,7sNAmlTx7wkCwZ5aKHYkPE
19858,67rFaBkpBgTkQLmVcqECLb
19859,4VltHgjDal2Dwdrntx6n1L
19860,2S1tdthoMGG3hkj32f4AoI
19861,4xzHF4MoH3Bs60Sl6OuXiB
19862,78ML3F5Lz3KiNkpnFAaR3q
19863,75Nx32mI8GsEug0WoQlyAY
19864,0PZMLgwtacSHiNwAkH2A9B
19865,4xLD2uKF4wdWQWOQ7vwSEM
19866,3erQAddOalef7tmVpAZ3BV
19867,5Q0gI7aKWT70T96XWYSFfY
19868,04QNwM1ILAXwsWB4s1py2o
19869,1sZNglb45kQtVxT7GPUjF9
19870,5XFPyaJXZoCDzTcBgvIMlK
19871,75vWJOZS746g73sHXeSJBv
19872,5jkurlY4KnzHZrwJiZiepk
19873,7kX56S5T5acyvFmEWwDait
19874,7wxVH5e2AQR8zzzdmIv860
19875,2aawXIEmuIPI5BrYmo3FIl
19876,4SuaxOJVgFXkYfrIvtShUV
19877,4ECSlUn3ssePlQo6KEKeuI
19878,1Qg0JhbqPhYki1a5bv7NgH
19879,4khRfibu32AGybm3FmGzk0
19880,4LtVrrqpn48l4Iq7KIshmi
19881,5qEKL2VgzRlsL7gFjgf11I
19882,5Ofrnv2h5jrKQuc0WDAY5H
19883,1LZ56yhDe3Jf1WJ75mzjGv
19884,7rvEZjM049qyEtUyDNnvyS
19885,3FTo1W2mmVNaHPVkP0x1xf
19886,4jWoqT4YPGgsUSPC83pd8h
19887,4UytcvOJA9y62T36sq3RFg
19888,3CbxHVA7SJnoXTfyMLDn08
19889,02YUPIScUF5mtODfPkdAlp
19890,5gg95UhIku0aBTgT0fleZ4
19891,6XBhpk2KBedQf21DnRtbxt
19892,2s4p4HXiIkSEVY2ab8cc0e
19893,73m8WuJlhzVusTVzJCGaDZ
19894,6wMPSaCI64sGHI9R6pjBV0
19895,3YmZ8V92nqVKx6u1lohFCC
19896,5fCsD2cRqXf0q5JAGTrmez
19897,5pWqD58cZ9TNvL9WbNfcQ3
19898,6zHecELSAUYPCmYY8qHuOy
19899,3pQoleNaAvfj1A5Mc1QK2d
19900,09L91mP6dG2Nphq5iijpti
19901,1X8RLIp9GVo7elxJfzREgD
19902,0loPe5ZcMcwWSmXgoxKQzn
19903,7u7KSW5VKTYOTod6NvYgvT
19904,2x6SVa9w6zNhkVZkMsb7Qo
19905,6tQkovZp2lXdGeCLbFrjIT
19906,7ugH4oXAGj6fKPZuguqQO7
19907,66rxCPAonImVG3M4cwayKj
19908,0ZCMWiLUVrfYyFmCMJqW2s
19909,3eMe9khisk4VwcbeDmmJHu
19910,2RdyGvnfShvzhi7NYtjRU7
19911,5sr9gYvCGCFL97E2EFmnSy
19912,79yzyZiJFG9AX0zH4pFNEN
19913,4AMVjK75t0HvVoTNnl63BR
19914,1HvTxgCj0mTzQlEo0zLvFb
19915,6kyVEIEuTR0u8rNYq3AiCm
19916,4a6aHyLB85FIyP0nBTYdOr
19917,1GB6lIkn2OVq83KoCIZTqE
19918,4O76joQmZKoZm78s0vOHTJ
19919,4mA0xfFK3YdHwulXrewDbU
19920,5WSG7bcMBJdvgzJOAGttAZ
19921,1Nb07tMLdA78A5btttVdUv
19922,5meQr3LlSYe15j4luYo5T9
19923,1jfzCY0ca2Uvf0Zu4ncBSY
19924,4Arjo1XR9qXsLstvU9fFV3
19925,6WXH2FpS1g2oJ5zCTT52dT
19926,5SZSHOAVA5jsIzd3EcuheW
19927,02y9IygR9mvrebqobJW86s
19928,1GZW7BdBmrWIbF4bqyOFJo
19929,7HwJuYZCU0XGukP95ulC2X
19930,345bkgXOneUbSi9qETPLUE
19931,660ugsUJVV04fcrs3ML1cy
19932,08UO9wMoObhnkimMoYu8mx
19933,1vfNBVBmLIRImMH8HWNTvX
19934,3mTl8Fg49zF6fpDdi1jhwO
19935,7p4RabU7q5uFQKYskhm1xO
19936,1cYvrhqm5lxTcnJvQ1tK1V
19937,1p0txitWUzsbb9scGmL2wl
19938,0qDheZDwsYAY9v7kdHwEip
19939,2webzYYvam4POzSQV5CMxj
19940,2rWAod9QJJJdkX1LnN5jGY
19941,7mldq42yDuxiUNn08nvzHO
19942,1YjT8Oigrk3zl2FfxzL0qF
19943,75jYmjSxUBWvUAzbQIrKD6
19944,4gINWjKIduh20Z4GsZRTAr
19945,1MEKUqJFU5c8M6uFsgh9S1
19946,2QW2NTVCGCtC1Y4RgAkj2w
19947,2qc18aq7sxIg77fFndwDpM
19948,3txeUReiOBdPoxKJyxfMzo
19949,5bt21PqqfMrsfJACsw6LLV
19950,04UxeBt5otMvTSZ8DACARC
19951,66Nh4TosJ1ANNfrhSZ6AEU
19952,2lWvJ6m5zyViUz9MfH7Uld
19953,4xTKwU5OGITFmyepRBM1Cc
19954,0K02tn1iPgxbHLh3BhJl2F
19955,7qfgUKBfJuX67fzlaucNOX
19956,2UGdDjUWm9kD6K90E4jDvZ
19957,2u0Y2mzJgKZX82bH0a4ecG
19958,5V6eAg4YZJDePjCYkcURRL
19959,3etlKHdaGe71OcD8Es5DHi
19960,3y9IkWHVQfxVXQ3GuCr7Yp
19961,6w1hZMlo2SVuq29liebhb8
19962,1mcO0AM9BaT4hQFTyFkfir
19963,2oDqmfa2g8W893LlwJG1qu
19964,4MG8xFGlRKpC0Is7Cs5M67
19965,4v4blswIcxIfXysdpPZFgB
19966,48aUix9yN8txUdxzmzFvW0
19967,4PUjpaNi7rtyZCyPvGVd5b
19968,3rgJFMfLIGwGih91t7gZIo
19969,6D99jCccvqJolk6EnvX3wZ
19970,5WklXPQIk1DgXAeRSN58F1
19971,2nh3U9fkXRXj8mEywrzZxE
19972,4Z3Myj8eXlpORPpeqpyaeq
19973,1vO9SHwZKnnGugCznu8T6X
19974,6SmtAlaoHXCKfvvCYtz7iw
19975,1DOxwK25v6wOMvdVjcxG3e
19976,54L6rC5mpGdFNgYnkIAogl
19977,5L6XdFxbAZsIG1Z7OcgrWK
19978,6iLxKpMf3pPoOv3Mnys9Tr
19979,4axLNmm4jvn5t4WZ5N31lb
19980,17S89qlqmhEtGbHjzWWLaT
19981,5PfbKnSIrIdq40RJ7kajjF
19982,3G5O1Hu2PzhFX0vAFfjhRl
19983,7pIpoyscBxouhgDQo1cYQP
19984,0gkPk0ZveKo3407ahJtsgB
19985,64FoAfryKQr7uzNtS2fi03
19986,3OjeKIWaUgXsFqtRAq2gQH
19987,5sQTWhLOryDcrcde3i7wuR
19988,4eGwmCkLG1wfbCCMcrdpIy
19989,34X9XeLp4NNtOQZXJIEfmx
19990,4KZLKshIhpiBSp9dm2WERc
19991,7bsUUgGrtXLxnyjLs226xN
19992,4ziflPIhTIz4eD5UFtFEiZ
19993,5HkbU97JmKq40Kw7edJ6kO
19994,6qb3wllu0PjQfGMfnkx2Ak
19995,6qnlI6bFmvY9ViGenYdVcD
19996,65VFcQVodAr453eXHJs6FT
19997,7Gembq5wBWWuAyWbOqDOas
19998,4y4lCRfxaKKhr5IhiVb9jH
19999,3PqUAwpVHXr3GOCAL22mfo
20000,5GAdTu5vcpD2NQJFheSCPY
20001,4qjvm3eFsTe8nY5Vm2CxE7
20002,2KUrFIcgYAMbadHxF0JX4B
20003,3s9IRRcnTINyYPIzL4RLM4
20004,0WX8hCaTnFTTklDryfO2SI
20005,2hbq78Hbo1GHhCGqjkGIY1
20006,4GprhaU0LPbrwqbagdfh7C
20007,4gAezJZS9oJ2JKw29y4Zkt
20008,7DZsH0df0GuULl0FGwXMfd
20009,2SHq3oS88uhcEcLiBDFnDF
20010,6mhC1jKXDq3Y4kMkFoCcBi
20011,7DjoylAwV9pYUXFd8mtWBA
20012,4CQKujyTtCiVMvyojCppqU
20013,0tfTutKYlmP5HNu3WGImI9
20014,1enywAXZCARdaq3P4Bpwzv
20015,7zmVAVcT1oho7iWJGpApkE
20016,4gPQKviTnxzD34Ruf2rvGU
20017,4HUMMFH06dIfzUG2ht1BJN
20018,4K6YyqfjIWqEjGkGhX4beR
20019,62pPo2FwLiz00Bro9yCiaT
20020,3fpEdLVsRIMlYSF4hN2sw2
20021,6mn9yMv57Le9LNpOGAKq84
20022,57Pzf1NYNeNLOtTl4zLVO5
20023,76YNoiEEzaMeQJ1gGQNxOA
20024,1RN2q9y99fr9V3PbdwK53t
20025,5eLrilyRL5JJO3P4N7TTl6
20026,78gKlbhDODzAnzWtXmo2GF
20027,1yvtT7C8M2z2jlUtRL5jld
20028,1jnH2w4CsGiTYnvFtsGJKu
20029,30QZodrSdezrcwersd8CBf
20030,7vXDKrhM2Am41ZMeeCJibV
20031,2hDMI3I7WGgHmP4EGAk7la
20032,59j7t3yjayjWoOu06aFrS4
20033,5dUdmJKjbqpzArU4OhbzyF
20034,4KxiDMQBLiHZ0efSyvVsKc
20035,2EbfJIOLyZcyHEZosJC0dT
20036,4VgpcmklfBbPokJHWzwFo0
20037,2ETnvgpgJHrK45xaIUaTxm
20038,08Uo3zW1IQUJgX5Otw5uox
20039,1RvnpwEqOkbSDQXDe1jsdM
20040,0hl4KezRB5UNfJfSARnfe0
20041,5nFpEjGH0kz2Oed7sp6NnM
20042,5boj4qKR5C852BR7ZS223M
20043,4oSGFT2Shdko4Iwbm9Y9WD
20044,4DMUME6zWo5Mc0dzUaXGHM
20045,0pKubJtwEgNqwEDvStfzms
20046,5BW5DU9RGMvgIjXa7q6KXQ
20047,7J1AERAFWhnL62w0Uqm5PU
20048,2XzLxqhgczRscb5VVxvTrY
20049,1QvS51CiYpdVWWCZkAWB1L
20050,6vFbNeAZzW0BBJBhlasr6w
20051,2NV13tpMnhrenjLbNmuMdS
20052,093IDHZDmN0sc8W1MkpmMO
20053,35oUgP0JkprdSrxsYr4zE0
20054,0fZRNhPJ4AGmwY7rkpdbqK
20055,4kh03h9Kt0wOCPwJuj0MCT
20056,5A3BZXpLvw399NrvWatRMJ
20057,6skI78QEln8kN81C1RsE07
20058,7MLWLQSOUQc9sAghrNim6j
20059,0uH6JssU7mWkTT9mqeqEvL
20060,2Tmot4w2IRwGpJ6feqk0NN
20061,0FRLgA3tq9wUo3reXaFy7y
20062,3Q2QFAesUeG6QpM6fn5jH1
20063,6sD2mCUjmi0S3PTKxdW1Lc
20064,5QrT8pNtw1UnjqFuSUsenv
20065,1qJK6Ir4eCIZZXBbl8NXqK
20066,1CXRTtmG2wTG6BinOZeVnU
20067,4TcOstiDSvJuzzmDW28o7i
20068,26tumruBOUyg1KaK83OoeW
20069,0iCagSLrAcBhJeSHcQ2mN7
20070,5krUMHbzyzwl1aH2e5NQLe
20071,065FTktkGCR7fMnCbK0iXS
20072,7C1mBzRzBAK1iwxD8CEC5J
20073,3GbIAc1YF7taTuU6FG1W13
20074,1kIyH7VfuQTATc3r0BKPEm
20075,1ILjlFp11FmsyHMqwoUH3h
20076,4HKXMWTjRbIKzQMsoWBkQn
20077,5ZcQ0WtCu8q3PawMhDteNX
20078,4NM1pBSyZylpcevZR8YW9v
20079,5xnWQwp4Dfqf5xP9Q7Jsez
20080,1Jc3DqBxWynXZPQLmOEHEe
20081,7CYueuh9mhjAUwOlBjV3IA
20082,7hFqnWjf0ZzlsnEqNAd5QY
20083,4ONd4j4MRfz48gpi2hjYuQ
20084,0uCzPChSRkPrrb7iH18SW4
20085,07CyrZF9eVd02zzIse7tZA
20086,3APU3aSMx79TKJYIDBRg17
20087,1XU9iruOrORlupXhoUGOXF
20088,7Ichlrj4l5uV549sD6I4tN
20089,4d0THQsQyfyVX0CSCaFfH1
20090,6rvdjz2BiEm3Q05AjTYpEF
20091,1yI1iWrimNBX0g36jjU2PS
20092,7dsgeGymsjH1mRfBtNx2WV
20093,3JZnwxAiCqc34zupTtmIhv
20094,1esgA63AATIL6HXYUW3l6l
20095,4kkeuVl6gF3RMqE4Nn5W3E
20096,2RSw7Qkd8JPNFj1fHdri5M
20097,0NVYVoFP9iDlmeulrngZIA
20098,5IP7EhcfE1fVPoTJwUtkv9
20099,4tXHZV5syvZpnSp46RnxUX
20100,508oM91iRHPVu2RUQKxhXc
20101,0iPHkdyaDMAyoqZHhFe5bS
20102,2di0TfKcoDdmnA0mSPLCYk
20103,4fh642QUhDrz1Hwb0XNt8t
20104,11sV5RZfZ4FEKz0TeFnvN6
20105,7grUWE6LciZUOMi2vTucI2
20106,1SBiVxS1voVmsLnzFBboM0
20107,0udjXERzY6Mg9NzcfGe5jD
20108,6855kD5Pfhw6QkZhQEWB5S
20109,1xiSJNdlIcV4Wkw0htbpMt
20110,5dAtKXyrQoQW054LZqJ5dP
20111,2HoSQsY3QuAiFJF7xFeTXD
20112,1v73WezUzS0bNmt0qORTdC
20113,7z2ASvy5QEcgUseU7Kpy3z
20114,2cdUMOtkvopB3HjKFGl8Re
20115,0Um52iHNtmWTqA19f9cDiA
20116,7lgh7iPQ9IZhWmUCY6KEWh
20117,3FWN2ptNYQVs5OHrwDtH4Z
20118,6TCgbXfNTvxzTTJjKtA1FT
20119,35eXtgMs314iwchzF3nbqV
20120,6vKcM0UiFh2XhEWnBULabQ
20121,44uA6k5c8OdB8379yh6t41
20122,7C4qe0Bq8ocwzcyQ9EPUDN
20123,3E0V79VFOfVguaP82twvKY
20124,4BmtlltxogluXRfj4zUKcr
20125,41y5pjC9ck61Mn8jrvLfsW
20126,5TmMVQRicJv7IOaI3pGIHR
20127,53dwbrVY6qMzM2B1szud8K
20128,5y1RIfruRZUqbr9qIYgGu9
20129,1Gi5qF6B3PXAeoIRB741D0
20130,7LYCa8GePls1ef0cSonbJv
20131,4McMCbpBpBE2lvqt9zvH6D
20132,5alN6KI2EViKqJMVcUtz5e
20133,7nSjLOb6fq1EwuN0dIlJ7q
20134,5NZDsSWbajjNjo4N5BSLwO
20135,30Ew4MHfMC0zQqf2aZSZWT
20136,6QB37rrnZ65eSxfwQvxl5I
20137,17yS6sY1uip6aAlbp6Ss6I
20138,5jdEF1peDZ7grljfQ3EiXg
20139,3O1LH4APEkRvGYtcRnICrf
20140,6EwYAoPfXfKIeGjjAveFfb
20141,5bw2MlaBXiBjJN7P94hIbk
20142,6tASfEUyB7lE2r6DLzURji
20143,3r8HRZk40bZ6zimd2aynzf
20144,6MuZxHZMcFKzhH9jJQ1iW9
20145,3sMAzJIN9ruG2Nhf07FJeU
20146,2KGQz5zetRSfQyMfagV0do
20147,6jW7StdcY60i55KM9oBYqC
20148,1Xccd7M3iAT1sUu68pOZU0
20149,3g9i4QArt7qpN8gKVAMND1
20150,5haaFGaQYRHBzffm29MPdd
20151,3Vs2tKLoggqQkBJjxpwjnp
20152,3X7abqSXC4xrxuC1ykpWcY
20153,0g73q6pMcCP6DEde6t0rnM
20154,4gOVLiIRFmxIBgdDbb2u61
20155,4YQ3VxgsS9eW1YnV8EuSla
20156,3DsTTvD7YQpCBTjKA73HYy
20157,6iSYqSHzOu9GAfkgo03ADo
20158,4enSu4DkCTkLa5PIbqRHlM
20159,29TalH7vMtHVSgD6vfsPNr
20160,0AykhxBUQ58RpSAVzeX8IJ
20161,00kjEDU91GM0bZ8uth5AUN
20162,1jV9y6RlwtB941p5vvF4VD
20163,0AJHULve97uUC5qmfQQQ20
20164,6Y5VT2aFL8IOZFZJ9KT3kM
20165,50gmu2lhYpMdGoAVpTGVs2
20166,49qcxd6enSsY1hZpbAmTVd
20167,7ewyZoCYrRb0iZBXWV97JQ
20168,6daemhQH963YVeQYws6tMG
20169,70WkfhA4a49FRFWa6Dw2eR
20170,1XMi013cycHzHENzgCQPJi
20171,4VrzT5K5okZO3TmZyxu0mZ
20172,2mf13Q0cusU2yAcRd2SJNS
20173,7Ljposs0Ep0s05t6VfHRV2
20174,5F38qO1o2zan1lRKjPE5lU
20175,3yCDW6dV2NuPQRikv2nyLx
20176,6LXA9XGQNQFKJPj69sUe7S
20177,2auu0pk4YB54pK8qY2uM7S
20178,45MtWPIxfqTuNGR6ZnnPyl
20179,0UvKEPxpmt5ggriKA4RPyL
20180,3fBPTXOnZdhNGpJvRmY5TN
20181,5Ozi1beABz0SovwmOIz7uR
20182,4Jg7GvInA82nYdkIJMofXm
20183,7iJUcPqjwcEuFmY0U8Os66
20184,1Dsi7mCZz6NioAAwmFlk3D
20185,2xOhUJIDBKtuKtqVohxM1w
20186,4P7e4gMEHSr2TLrcAJvDW8
20187,1SH9WY0eACGHxtrmW3QAn1
20188,0G5oSPslFCPXJry0vPReYH
20189,4SWHKerZ68wx0fmjtXwRRE
20190,0gpfgqNfNvesVkfAf4b1RZ
20191,0CtYCZ8hD04cGMqGnXD7GI
20192,1XfDYxQ8o7yZN7lbKECwHE
20193,1QQVakoOTvMKY3qBGHWZrN
20194,4x0aGE6IN7KnIZIIgshpnF
20195,1cz9jUbkmRSX6jZmQrrSA9
20196,3W3ZHm27GvXUzUD7R5vmB8
20197,4FEUoGEmytDfKURalZlbcv
20198,0rrg9b0ueovRprYksDFUyP
20199,0otBwuW6Shr729ukM04CO0
20200,7Gqkg0oMNKtZ83TblhL8KL
20201,1zJ4sAnZq2eKmozD9YDgF0
20202,1JuflrFpkx9mhDwZ08Txx7
20203,3TYthlxY3dq9iBkwTpuNrb
20204,5XKZua8kqgHwcxeKiMIjge
20205,0majnowXPs9y7KjlGcucyP
20206,07KY6wdAzC8mTycSu37oFJ
20207,0Mq0AqDeUKSzmb5ky2uHnW
20208,66QhdvUCKKgvNJVBjIHKGv
20209,6ndmKwWqMozN2tcZqzCX4K
20210,14vlb2rrtYJc2t5eN0Qxnp
20211,4uCfGqrF2OHcav71k0bk9D
20212,7AATIKkLQ4LO7zY7DSF9aW
20213,4AoaWcqahLjCsAq0qU1aLO
20214,6yXEcfw1iLffhcxaZh3KPz
20215,7cLAjpn4mtP5flss2orzOW
20216,5tTPVkRgAEJSrT9aV6AHVX
20217,36CQeLoHzTh9QOc7yB0fs8
20218,5cusGXDluOc4ce4VrfSP8d
20219,68ngnSqAtSBOUc0s2LZkcf
20220,5tKbrFMvQJlG1reK5aDmkc
20221,1QrSEhAieIWnWsqWwLAFnZ
20222,1WtKv3oGjNuJC22lVdP8XJ
20223,18OwIztvS2PdhCqER9kEKG
20224,6PISusAhO7PyVVl9B5wcPr
20225,0SUDiaR0qm30fXVGPjPvRp
20226,4g3Lh0I9qRt3jk8HXdWslc
20227,2n1WVxXgZ3HPr8UIxYwWIc
20228,1ORrp6jVsCluuvAuulG91f
20229,2iL9nqAgTPpLh1ezT9l4K2
20230,0nHI9HJtXkxHF3x6RcL4WS
20231,4uO22RIoqVHJ4xQANRomvn
20232,7k36eXkgB6aLVsdwvjWqUr
20233,2Xdw8vtiD5GCiSUw8RI35w
20234,0b6nYdpdY06eRpAPk41Pus
20235,35PvkxZ9NB0RkSLvUXmRBt
20236,288rR07jQ5tckfhifwqwqZ
20237,6RyZ4o7K0hefLt8SRZkHLg
20238,0Kct3M22OeLVUNTmd5ClDJ
20239,14utGjIhWUXpZP0t1vsC26
20240,4Jwf6EAuAciE2t5Db3gZB4
20241,3WVDGjwLYHdtIFYcfyUkgM
20242,3E9byN5yXXYcUKfhr3p2tN
20243,2m9oEvjYdhuF3KATDbYgWB
20244,1e4Bxpure88d7mAnSvVynh
20245,02Swa7MefqtqlqKFTfZxiK
20246,4oEu6Zl7K6TP52l7W2wlcD
20247,34ZOKBTe4WF3ko4eLlHHsL
20248,3cM9tvtekWA3craN63Xiw6
20249,6utHEO8fN0KolKSr2hpmP1
20250,1oMYcqxAXAVMb9M3UbSZPa
20251,4yrZPn3Nbxh3IpaaODVpd1
20252,7jFImjC2qNx6K4WP8PPzGv
20253,31mSJLJ2UptaxPj2uCi88A
20254,1hcWllQ9w3E9GU4p5WDgjY
20255,2c04MUg7oEHyDIz4yH7bpP
20256,4SNMi465ZTz19T4JOXh1Ee
20257,38DmhGYmJijMzl7oa2UEg6
20258,5KIw5iPFQntHsFPqreUgB3
20259,2X06Dtn2M8xjRzw35mdU4C
20260,32W1MeNQSxsCImq05yvnDW
20261,4dC1zWaDJrwIqSXQfHmAfX
20262,1febC4tUDHJBYI9uoGsxzw
20263,5ZNTDb6oL1ghsKF61tSAu1
20264,6AgRvsVKuk5ZzoWrALpJR5
20265,7vu2xz3vJUSXGWjs6TX5n8
20266,2Lj3rCD2apREOpDRCWHBLn
20267,4yoS9Bdyus1zqva9q4DDyB
20268,6MdqqkQ8sSC0WB4i8PyRuQ
20269,7scrvMB2HL77DGpIPE44XS
20270,6Ndz9cXK5dWIzL9rTBDtyH
20271,4OB5m1C1avL0fbudiN0Ux3
20272,333DNNWJFDTNyOElL4h5xQ
20273,6SucFsmaLQyOpT8evUNBOO
20274,00RdfNNw0df9i5if0Foaua
20275,5yFuPQtElhF8zll9biRcpW
20276,4C83nGVm25pdfxewJ7DJBI
20277,6WM8fnjZKo7aq6LHWm0dOP
20278,3aY5OwU3eDLLCAUsX7XGOQ
20279,1aPkamMexE82RVZ1DzLkai
20280,5oTzlrZ8WTDIHeTsz4Jw3z
20281,10naTgamEKad78Zuj7DwGh
20282,48KHkT2f3qz8MzRzwO9Ugl
20283,1lkaByCqk9Ue3vEXWOJCQd
20284,5iDWUEhwMlLH8akLQwiRUG
20285,3BOkzPcvfYt0P8h0xDcsnd
20286,50yTT989e0IvYPtqxmyh5D
20287,0ozBWF9eWC7WDAyTl632z5
20288,5PQNQ6V6Cmx7XWTZ0HotOh
20289,1oGv3wA2NdjALU3vxah9Jn
20290,6MGZkm9RcfxTONlFow4Lb6
20291,6e2JJdBLwfljw9STY6FfmG
20292,264q1cqD4OB85DZkHT2kFH
20293,6W8w7doxFixYHIvOQHO0G8
20294,0MjLEq9MMT9Rps5aW0G9WN
20295,5SKkOuJxufkWfkTFnwQvWO
20296,7fRN3zdAkbMSB4fjk2YaD6
20297,6oaKT8uKCEifZWdUqiC0xh
20298,3Osd3Yf8K73aj4ySn6LrvK
20299,0A8HsvOQDZwok0iyMflSdW
20300,2uMbDaPM5knVhHlDXqCc2c
20301,2dcssVSC1OiONrbqAyUTqb
20302,77Ozvyd5Hb2JelgPAefv5I
20303,7pEDJ91Czg5TJUcLsb1sZC
20304,3LifIHEtHrqA3I8kFe1WpR
20305,42J7EbIglcJtzqeMSHD16P
20306,3G0vE0Gv51dwXv23ratgiB
20307,4akPPKpqd7IkvwQ4nBAZOe
20308,2upYqIMQv40lLEzTDK8hSc
20309,0qyzNudONhKgzgy5ghqI5o
20310,1qOzN09z3hBMfcUBaBi40Q
20311,74SPXFLMPAjT95A0I2wAGa
20312,5BzfRtVjyC4wbISHdbCvWL
20313,4XU4ZHlrSkRVx3cTMRYHi0
20314,1Et2jNpwyp5HEJMpaZv5ZR
20315,1qzTXIiLSlygEHWW6Sg9U6
20316,5zQtaEIqIjswMSivS90QPU
20317,5RWtBrp4M0W3APN4PTJ3C6
20318,10ftu2BnMi8kmMd6ewauBl
20319,7pdWCImCOcNcqRMMmHSeub
20320,3nHTfVfZl2hemXBytthsXT
20321,5vP0orDDee6Ql1Sh3g7uT5
20322,3LCwQoTrdQgHsGJE5gGVqx
20323,3dGJjn1DVxF1A02PJxAPdX
20324,3HXG38QE6XOOuQyilh59wS
20325,0ZBGKrFknIQzAKulcITPy3
20326,5jg9PLXgY1WTGYY5TMf5Te
20327,4BrifP026zVVvIznQRtil5
20328,6O7SJA0zNe8CHBawU6xS19
20329,11Z116fi85akAp25zZtFaD
20330,1v54R69i9bjRcGfArDzkhM
20331,06DZr8La0oN5z66AVsFXFo
20332,3ALgeFDqzYDo9BOE1w9QFj
20333,5WeLN1hPQhIfZziZdmaf1W
20334,7CHbpMEV8zFVXxtTvwsm37
20335,70NwWYb74qoYG43XXhsxZ6
20336,4FJ6zO4i4FzEWQG8uscBNV
20337,7CLO74VqYXdBn1nyeANxBR
20338,3PSdlSIYlXLJZ3xeuWvDEs
20339,6aSpOtfzxFZ7hy0Bom7c1k
20340,59sxRgRIZfx0aBbqMwKuNt
20341,5qAbwj3B6H7ztbEcO9bN9T
20342,2I7wlhRFEesckeIVxZTJL8
20343,4jfD8YbSpNO9OLDuCrYOyb
20344,3YGfizekzJMxTslu4e8WYN
20345,737n9MbhcsfbTHGO6h6Qu2
20346,0PSKFp3zoNmJzDsOHeLV6l
20347,3odTyVALdXlUCCw00CnYbJ
20348,2zrGAEL0xpNfKE1khhG7LU
20349,24NeEtPqGmv4SPLXLObz4i
20350,3GN7jke5x1sqidbEvK78IS
20351,11G5VGuCkBfaXvlugRCFW6
20352,3Pui6gRuR8mIDcQtuo9El4
20353,3GbqGe2D692YDe1aV297DP
20354,5xxWr91y4Vj1byVlj4Edit
20355,56whVbEPZ2bRA5VboQPned
20356,0XzoaSSsr4GPrBKOlh14FA
20357,65mNhgOQgT5lrPTySrNYfo
20358,7eKPItfDDIMNNzdTm1f7gz
20359,2tOjcrhxmID1Yd0GcABb8O
20360,7rrv2sWVKPtcqCgSbS7N3o
20361,3FiULYS7ftpoTfQwpO0oPh
20362,2vaMWMPMgsWX4fwJiKmdWm
20363,3lGjWGTMxWhDaMu1Bl8pLM
20364,0qE46rBnn5oz96RaAfnZHv
20365,5GOK3EWHUYhG0S7E0UousM
20366,5owYQhTAHuPLxaQ28TKsT5
20367,37jHHWRi5DDIDMdeHpGkTU
20368,7oo0AKSxc7VCECsNvRjgiZ
20369,6Le2vg74dfdVYxBVpWGjmd
20370,1cHgz02MxfNHaPQYgTrbyr
20371,3jkH9iMCGXwCKS7wtl3BJo
20372,15076BeeLAWATOKKxlikn3
20373,6M7dm4RRLeXv7CcxbSoGFq
20374,2ezzdlSxaielNXkgsA5xgF
20375,11UOtpgOUnsvNMC9voQ2fl
20376,3TyRSwSwqxjWpeTyo0atyZ
20377,2NXk5qIqC0dasixqhjwX5l
20378,4bHrZLxaOU1gfAz0rZAnCx
20379,3CSoGTKZLzBxeUTu67zNuX
20380,54RY5iKfhCxV6TOH312Vhn
20381,6uaeeMJBMT4fUZkwIfCQ1Y
20382,2Z7eL3QNRpRqiV5FVT1g1c
20383,4BJFoz9tJmNRHoZBDdSdSt
20384,4GcrHopPxf0SL6YtP3NSnI
20385,21y4MAL3qi5rjUb5IIKqrx
20386,4QF7ivZgTrRTemRYF4Ydat
20387,3sZgveBLy4iOP1nzeIGh7Y
20388,5Mh4nvqYSik3ebrSRlB8pS
20389,7bYHsaXYjBjjMzFLnn6pEI
20390,6ovZnGJ3jeWMuwSiqgmLQj
20391,7zZOh9j2YttXlLJlhPUVGt
20392,4kua7w0c1jLB9JGvKoXFMV
20393,1qPFGkwdwplbztV3KEJ6Xh
20394,2VKYTNg9r6bF9pBZouux68
20395,0HMdoMfG99nfHUgtIuLoWy
20396,4ybTIxuDt9W4DqTienSsMk
20397,0zhMdcsmD0JSGpOxOMcV9f
20398,2KnpVIbSPdfFt1AKVPJ6nW
20399,1Rg5mGReo4Miw27mFBHV9X
20400,648sg880AzlNrq7i8a1jkj
20401,5tvyBw58RUK5l2QyKghTzn
20402,4liI90JylImUypCcKMJXvY
20403,5Go6jxKaBziz4cuwGG3pCI
20404,3eNEXcBxCTNPdqVNzPLL5I
20405,093RfrcRDYGM8Fn9CzBGbl
20406,7cFPZpBbnXCCW9F4NfmAza
20407,6ctztrLO3vAmbItMgME2HY
20408,2qZcDbuyUc21TxtgmfuXg3
20409,5FVWfwP32aFfa3uU1tk97C
20410,0RnrFRJ8hXw2T7yArwz8Hu
20411,5DtOkC4VImGoRB4CNCnXLh
20412,0UhuBPpuEYtnHSQKtQi0VU
20413,1hKz176MBYlIx06esP19wL
20414,5hFXBlQI0IRFMCboHp2wV7
20415,1fdCE6FGRgz0yeg9zt8EFv
20416,1mCk0pOTDmlBkMMSLhM7dO
20417,5pmvjFMra10u1BeCqVWojv
20418,6Ur6u4Ici7NYBiuGEEkNMP
20419,1NpFS2fVhu9OcaiLId1TeE
20420,2AAli9u0HvxtcK2EmfoUjT
20421,0NQKtfGXHKkAwonoTbWKtx
20422,0kWzwQSQw2kacI72rVgZrq
20423,3E2tfYoAuZqOSO6zdOUI0V
20424,5fig23xEqifS9JLKJrK4Kl
20425,6Do5aDcqprYG4mosSnU2F9
20426,45w65hwFxMA9nfakKGB9IV
20427,3nfBjCpNI4wdhbOS2Gjq0E
20428,3Y0iZyngvwiGF15eLRttN7
20429,3RV56RGvaGROYvfHcg7zJd
20430,6GVW5k7CvUbUCt10bSUIIW
20431,3omWPuCcH0HcWPMkzKAaJ8
20432,2JqHlzGkTjLRxA7BfrtEtP
20433,3NTegpfIg2erCDlXo1xu9b
20434,4Mf8dZgcgM8VCR29G3fLhl
20435,57eNekOFJtaDvU6ffsMOMH
20436,3D5fQjOejFVOvgYWrnRJNx
20437,1z5aV6Cg0ZAQSWTWi0ePiO
20438,0XkDl9R6GswLDRmNxfuVC3
20439,7zgZWnVNHGUrx2oIDiD313
20440,4z6uU6l22n0c9Vdgc9A7IQ
20441,5LRKPn8fgSZT5e4YHDWng3
20442,4gLp1QM0LomU29ygOpKy3b
20443,39E5rL2DxKGOdNScaxJirA
20444,3s5wCK7VuK6PJ3jTieesJq
20445,5fepnLFUsG7i2ELVKO0vtY
20446,4cf27xpF4Te7EFoTWuBnl5
20447,2t6cOaWLyBHaHvOylqCxfN
20448,35W2JteEsRs21hBPUCDNxh
20449,12kZglZD0TGAUHGS61pwwL
20450,1OzQNJiSZoY3MTSMGNBNVD
20451,3qJwMD0TRsejb73xbaT43o
20452,6Mc6Q1r8iTpmpYzSkUsAYD
20453,45X7n0qvb75Lvlb886HdNv
20454,3dTSmk6Ca939zeS3ZArvmP
20455,1jHQrmQx3E1DMGF2tQBf5T
20456,2TY85DuDr1Tf6LoruH4eFY
20457,2Y5UK692rvcoutQ8P78hKc
20458,5b5iSDarXQfTdzcxUdUsDW
20459,4lN9C3LAta9jAonpdERD9k
20460,1vfi4snEyctJv3QRUbvhLo
20461,3FSyY2VbFoerEP11q1wrwt
20462,2AuDyEx6vmLhKAwnGz18gB
20463,6ld3LJCSV3cehleRvDSyKp
20464,6ZXZqddVGl024zalUaVnJm
20465,1L80jz9tjfMCcNB9f2L4Ca
20466,0SaMP8AimstpvEyRYFSaCA
20467,1VvJb38WyibmsVBHROmyEi
20468,73PyLoj3lDa3Qv6b31Ndj8
20469,4SQYGlhBf1XBiwudoTrP2G
20470,2s0CBkXywF7KmVgt9tKJSg
20471,1H3nqazkzs2gRGqzokTVNl
20472,3t35Gl89MBdzXZYhz2owdG
20473,254EFwVfnEwWZhtyaOnRTW
20474,79CwlotIsi2k7Y2R2kh1pY
20475,4Q7sXEdAxUJsrgdsQ3CzGO
20476,6udpaN6WzDvClCstRS79b7
20477,0sSZRC7pRvWrtUQAmJQJ9M
20478,2vcDl2SLudnltyDEos3v6E
20479,5PRm5YNFUs6sWwAgoJdJIi
20480,74nfQWsGjMCSl6vcjUFSQ4
20481,540addkRH8xOVZdjiLjjJh
20482,5nOvqnhHxo8upSq6icFQ0r
20483,3CsGqy0ajJSqIDBe8fWJWt
20484,1OiL4Phsx6b6qJPgQhOV2X
20485,0fTUNF9d05iOUPZk1uFG4R
20486,2DFV7ppXhKw0c8CzJ8vnPO
20487,0NLkkYWdd7UZ8mRHe8QRxP
20488,3VPtZFny06MLykhn73VHTt
20489,62PcgWFexyDMFJgzBtDIeG
20490,1NnUbdEvJigY0ARnoOgDrv
20491,4C4ZGls8SqHMrYayEqK8BT
20492,5uQGotQ1lAMdQa0gR4Y2Qv
20493,5RtamGvyvD7hmim92fuOqm
20494,5lYpHO6ZO4Shys3GD8rav6
20495,6ASwzpV4UDmbpVxpUa1sDX
20496,41iTybeZlSGdEKUaEYz8Ye
20497,1dM2e0eVVp4t9PWql6Qali
20498,10Ne6IUkTTy8S4bTcjA7vV
20499,2R6TKYDMhqySxAP0ldTE3q
20500,0id7TrBjYYzQ5v5mHWTUxC
20501,1ySiXiea8USGqE8SOOZ4fT
20502,1V7t2pBt70sxBoxfnawPv1
20503,4PuiR1Ajyx6wUl4j1iUucA
20504,3F88W29RUTBLMERyKpZ1ks
20505,6yGyQaIG8Nj8vFSDBzEfB4
20506,4FuY9TaO1Su5gh56WDcY2s
20507,6w19PXhzIM4kDdeKpEq76Z
20508,5v3pD7OwcHqZMeKY1zPaFV
20509,4w91cMvUD4P5jJ2EHCM8De
20510,3cXWRjArtSKtd0PxnyPESW
20511,1rVyxy6CRo3dB5z5oNKZfc
20512,1VY05o1M5kzk1aS3G5rw04
20513,7CZBv55qoXpm99HQzIeNKz
20514,4wNHbPlpJ59KmVK9giFlL9
20515,0pnCUzfpUVwphVGgslCPcf
20516,4eOSj4IhLnh2y68boaKb5s
20517,4lbhl6BjqvQ3UlaxwEq4tj
20518,4NWz2yFARTGs8ZIWatzaYW
20519,3IEAsjWjzChoXaSBKJ74QM
20520,7n01hw29VcSepoggByQUZ5
20521,3DWt61PpTx4vSN9EELOqLd
20522,3VdlwXjm45dyy6B0v9GiB1
20523,50ZpPgU81payZxI2H7QXNM
20524,114WQN9TlPuw2VVOnp7kxK
20525,7FWaqDbIq3OGZsC04CfuV9
20526,6KM0MPPSPGjBlQgdwIeJLc
20527,77oQtngc7xQtvuWBDkj8FF
20528,1BvZ8ugPPPuKtXcV2dtVEN
20529,4Z6hh1Ev1Mak2p0NXACbNV
20530,3UdMkwWYLDkq7kgP7hYLx7
20531,4gzMuinTjlHCHWiC5z9mYl
20532,6dHTkQYY3zdR9i9Nj0IGVW
20533,3U98xo9fFntyu6QBKJ0q5W
20534,1Q13lH8a4nc1BVWhd9DG5m
20535,1Gf0LKwsdN4pHPIGHEQXv1
20536,6QGJ6M3Mubu8r8QtHVK5kb
20537,4wVSeaXaZJ3IEAdpo4N0ps
20538,5MhsZlmKJG6X5kTHkdwC4B
20539,4HuVx0jVOlwRGtSkhPP4VE
20540,7CYil2FMychZdNNg9t4sYn
20541,3sQgRYCvM7Xl6ZDndZUa3U
20542,7zUuc1DIihdyF6M52n2LcA
20543,4OCr5lg36axI5uF1UjFHwr
20544,4UQoHvunAMA4gT1UHrQgk4
20545,0mHhnmWupFoh3oU6Ds3g1Z
20546,2eCKInLAAoItTk9GGfH3yS
20547,2OvANfDUOpfeKU94WVEd8b
20548,2nrDVP3Rn1u5ke1W0TzqaT
20549,6l6qbSwlEAWRGfbL5sf8y8
20550,3ccsKRKg0NEfiDaeYnIauK
20551,6pA2ZKJm3oLx8pZeAIWmUJ
20552,08uTg0Nbwmevfg2ERbQgRE
20553,77vuGKOsF7fnXsDBVdnQzn
20554,66WVzX25hAWa9hWZ9a5PSa
20555,0aEb1gDzaQMb53iXXoM7Lj
20556,3wRWnQjaodUfbTx8tmVRtZ
20557,3ewPaC7GLgUKNVunHmFBNP
20558,3CWrK9EEQSyJVCX5eNEBpv
20559,0ublBOV1B8qC6pTw1QLejp
20560,4aI97Lvwi8jkov8IYai3Ob
20561,0ltQ234WnpNTdSnFF8bhip
20562,65cE2ZRG8GNrCMECj1o3aM
20563,0BvQ8hZcZ0qHaIq4dNtivb
20564,7KlBE9PKGA1EaYnsqEmLcr
20565,0k2268KBqCOSmXmTocdfu9
20566,7JXd7TVyq86pu399PmqOVS
20567,4DgsWbo20FacH2ovF9hWrc
20568,4fQepXUW9b9Af96Mb98Iif
20569,0t7XDF6t98k5lKO7F9Rdnz
20570,3lec3CzDPAxsZokPph5w87
20571,1PQMaHJd1WyOc6YfseajxD
20572,4dB5YUzxHCmG6A3LoseHFa
20573,43nzmFVbtTknQneBDi7Gx9
20574,4ihqltSULBEcmcdIxPiNmV
20575,5PnHl5d9bhhI4PO9yAUJHB
20576,7r19CwZAs0nFOfMnUcZVyJ
20577,4JokCGmfIuyfSh0uV8fKcP
20578,3Ge29t7f1GCc6QkYnWSAmv
20579,1VbOLKo8gwyUpq8ojQge4A
20580,5KoLaBUJRWXkb2of6m1OYI
20581,0SHPtPcXmcO3346T7EFBbz
20582,5GdZPVBiZTbUZW7EfiObIB
20583,36F8DzJ1IP1m8C1h0CpIaz
20584,1Vv93qCC50ckZdeXh7Etln
20585,775kHBFQ3xnxGeRe0rOz7b
20586,554QP6owMYOaS8Ghr9XcoD
20587,52stVyuGiZ0QOWAAb27ZY4
20588,44fIc4zJWyRvmwCsUWdrWh
20589,5I87NkyM3GoQhuHoJGo3fu
20590,1u2CN23PR0T2BHfXRNHwnM
20591,7j2HvuXMC7lcU5DpNfDPhG
20592,4Ng1VxCyADghlSok3VqgGM
20593,4PgWsUNR77FM2dd9hLqR2y
20594,696S2FApcjOsxcEhgorEKb
20595,3oYkxJlyB7ECY3ZbIvVlrw
20596,0tNzYuAPrNP44svww9SYxi
20597,7JyEEDZD345eioJFLaLApb
20598,63O4CpEtppRmeOZ89Fb8tn
20599,1REJRpQNstNXaPtWSrsHa3
20600,4ngheA5Y2xTfKKgU5pJBLG
20601,3qI76fd56ASO38YDPER0Qv
20602,6CRAkYgQrit1bZB0k4VSby
20603,3JVL9sYbbZmwAaNcu0nmxQ
20604,2UODrKyrqWS8r2P8ZvRsW6
20605,7lMGc58V3S7lD2SLNRdOKx
20606,5Jno63iv0mzu5OZ28asYbE
20607,5ct9hLtWPz4fiBFXQyjAGe
20608,4wM7V31TsZzzDBEH02Hltb
20609,0nXcyqHdvdoLJtx1qmcBIq
20610,40gUvt38UWCT8A5s9DwejW
20611,6iETFAMqdXlipe8HLs0Z89
20612,4S52a5cWy7fkw2iYLDuszf
20613,3uNDzWfg1NSRZ54TPxM8gT
20614,1Gb2wkjjyJBPFBnF0Cl5Ni
20615,4NyatePmYhGnPQJqfg94Mg
20616,6qNlUlcbk3gH6HTPfQPUcu
20617,1ai1VRpdLYDlZV2OsdIYKD
20618,4WiO0lciUEI6Erssbo28CZ
20619,5ZpRf623O7MaeGHIwNUcZq
20620,3l9oY0c5S3mWyQgoexMgim
20621,57PG1VBVgKDH3Y5EWZHaUN
20622,53QNhk9jqnhowWjzb5cMmR
20623,6JArzREnwB1502RXjP3z5V
20624,0af2eYUPY30pihqkuZUP3q
20625,4akQgq1Z8lKHg1kN4F5NJ7
20626,4KX7jXWbf6SivrmBHMuDuj
20627,0sshxa7Vz8gjDsBiCPLMWb
20628,0OVUbpDkh0TwJIA8UrnsmQ
20629,4Enm0I4p89hW8MxfH8iKCx
20630,40oKW22ZNNkEdZLJTScaQI
20631,4EIRorwqo7C2P4EcYL0p11
20632,5Y8PSKrR2XYbpBU4ktLOQK
20633,1nqr5aImhYu04kUtl2ifk7
20634,76QVeu8CLL1sYrEhBAFj4r
20635,3VfK5D96Gk6EX9tCmStdj3
20636,6aR2ZSMQdxdZRqW64EuI8I
20637,32xRMJHkXvfGJ97lkgMoBH
20638,29dHmvrfps8bW2KEy7Nd66
20639,5QAPvZEIaDhjDX7OfdmLPa
20640,0jRdMXriTIWk0Bjr3ZSp49
20641,094NHiMqsx98OIUS5u7nwk
20642,6czEmVcntPHqHBYt2eRpgY
20643,1mAsS7rBsT9QkXJmky2hmy
20644,34xosinF3uwKdp8gDj6Jkg
20645,0ypg59NyOVCpWVzd0SUsT5
20646,6DZrB2hbH2zI6m39P9NN75
20647,32ykHHhIO7nxcJawUHis7I
20648,3fQm5lL6UCCbWaWfffLIsv
20649,6fttN13FzOPKa8rZfhkYDU
20650,5zI721DtTDWjLbDvZoWKGZ
20651,1aQkRzZPCG1CAwQb9z71Ih
20652,6fQOIKOV2aVrPbpH4VFQsS
20653,3k4QR6cWUysRm5NKQfCsNz
20654,6u5gQ1NBQTs5eDr8XH9i5M
20655,5L3Xsu9mgIhcTn86T5Nui0
20656,2Oow7DnTJyoaBsBHia8yds
20657,4TfpuRoohxMbK30hMQEANO
20658,0cJLCs71bxpiF6lPBujQj1
20659,4kflIGfjdZJW4ot2ioixTB
20660,4E3Ia2zH9apmtVttVlMlQE
20661,3beXnjWOtlWIe1yXOcPVer
20662,1JhORTF6h6N2lpb3lLWeqv
20663,20hTmPgYgVWwtVgrSr3VFH
20664,2te4pYRKJbsg5KO4nCA0Ma
20665,5e8RMIfo88eWU9TiYs2ehh
20666,7sTUTQ2BPB1Q0vSGzMXwX4
20667,4aaH2ltPZ0d6NRAsGog1Rs
20668,32IeMAhxo8nhUTVdFGwh0x
20669,16uUr6YlOT9tVn3xMW9XCg
20670,4VEEDnEFLI9dUy5QA51rom
20671,5dx1s5Sn95LlRKuFUK4xYg
20672,1mDSjLteStv6JNFN53l2wU
20673,4xnFtkrsxTOSf0tvzVQZ3n
20674,6Nx3WjsVvhhCvOFvnrEC8O
20675,0GjxXyCpb6nH9lIe9KWArV
20676,6KeUSo2u1fvRfsjp7OHWun
20677,3bknLnIt6T6uicpkq3SqNU
20678,5QK6dIZyfcAkyzPnndANnQ
20679,11SDt0sUX6B1LnLxR0FDWm
20680,5rZT3vLHimtz6B0jyvSlX8
20681,5d1kqtYMnfWKHtMpdX6MVn
20682,6HWKr5UJJUS2K8iIQIGNoo
20683,3KHAWL2LoWXZP5WH5XBIPG
20684,4GPCc6lkV53nHP3cq6li2j
20685,5RscDXZC0ccelj3Qzb9Md6
20686,2mEhT8wY4VE72wWhLQnGew
20687,5JxAAEORlKfZ1wZ0lEzR3a
20688,6sCtkVwY1hRM1IY8BI1arV
20689,5CWaYPulpYMRRl1ToR6yO7
20690,29gMkCrDSNqU1KJRPSBmsv
20691,3vjBB2Abpey77gkQEWSdR1
20692,2DfyJmTVrVel3jBtcp1KEr
20693,223jJXS6qPhgJUzSBP9hSb
20694,6u31cRmBZjKesx6HUE1Jay
20695,5tfwQhGUK0cxj4Zw7fkk1g
20696,4DoIVmEuUPrVlcRYkfWI8l
20697,6jbKnJJlAmBvfZQJzxvhYH
20698,2W6xLXgSiCg8tarbPj4ssc
20699,1Yv45rzCDJmy6mMDZvn9vA
20700,4IPwNjZ6NxPH68z24rs6Lb
20701,0T2VLebR8oX7AIBnTnnERH
20702,3vy8aaqwI91PzTAv1zmffE
20703,3QfYOSuN8Az2gW1BrSKvF5
20704,6uHw1tIbsYjES6kT5NbI79
20705,0mmjvXgJHsWecwCgFk2TUf
20706,5Lai5fXXbUkeQIikBH9a5Q
20707,7uyXaF9E5bIjxOgzgwHvs3
20708,2pK5vFJpTSfEMSn7IVVrUi
20709,1tPEhOQMRKHeWn7nJwUkqO
20710,4GQ5k8IWtNWh9Le4zit7YF
20711,1w8YCm6tsuxobGBKWzOlWJ
20712,7f6Ou0CgNgld4az1auMi2Z
20713,7kQh2gBStbgIwGbEqidYEC
20714,6IIqjp84h4ms1gzFQl963o
20715,1o8Lq5c61YtYEfLsEk9Q1e
20716,3LEg95mKSWCe3JI04MoQ9s
20717,49E0Cc4ehMjHO0AgCnCf2s
20718,5m5cJ2wI7iPNKLywxt2CDR
20719,62iKI3y0fqJV09QkRCnHQD
20720,4Ysok52J5hPSSi1vgUbgf8
20721,4WpmwEdc4RBos8W8icSSxW
20722,43fZvzuAiizvnw9D4m7unf
20723,4rsHWyJwglfy1WDZFVqyjw
20724,1Pc717MClJDSiDLfRn6TWl
20725,2tOs5msCdEWlKQfoTyiiTb
20726,4w82HB9FEvykpSUB1BOfUH
20727,6Ja76N5EcdHrZCGfsWNeGo
20728,6jgP6BmCQ0jQujPSWXgfYO
20729,1BtZjD0TAUF4LaHXlFM5aH
20730,0gAPzj4qirUCfMblyiodNf
20731,6P6gVDcRr8ReO8fl4kM4Zo
20732,1F11MNcQC6gWYkWix2pim8
20733,0p1c2oNEQDd9MF1H3R9p3z
20734,4CBWlMhNNyfRZ19ffezHsq
20735,5UD8CAhGyuAh0APNNS4PP4
20736,1yjQKsxr3h8LUfbSLZWTfO
20737,1xZcfXVOmbii7XLTvd6hid
20738,7h57SudwVQgRGkdqCnFEeS
20739,2S3wW83zk0CosLGYN7jfor
20740,0BA4yo2WyI8z88YfVMIjwS
20741,5IHi5WPEKTAY9YrIFAWZaB
20742,6ZqclUhrzMRTcMC4IT4ts4
20743,5udE6XUnhzUvoC80bsYEMR
20744,6o5qFSBREXQPvSTJY353I2
20745,10moEATZxywCKhCLJYOt6X
20746,3B83UZcNH9gB4CKAwQwfgC
20747,5yd0UuyvlqS3gMhtFp9w3u
20748,3HjmdK69N8hal2kZLIx6GS
20749,1lSJicH86QLnTFMg6E4S4B
20750,1cXVaNRSVzDv3OMXQVOTAp
20751,6IyENT301qDiw9GHUFsGTO
20752,4DwY9qXH9uAJKixZoWyiAQ
20753,2JyV3FsLnjseO6TF0kMPbs
20754,3SroCECw4VRZEUtlL1mNAV
20755,6TuE04s6SJD7fg3iz40cn4
20756,2OXe3KQ0a8gCGVVPSMtLAJ
20757,6Pzbv8zwmq31mq998fBG5i
20758,0uH4BVbOps1HtEvL5ZIVkp
20759,6PgWI61mcFGmsBMuIYA8SJ
20760,5eFfHWOxG08HgkpVoSEPBf
20761,2RpUDleigTMqbjiBf2fF95
20762,6zeNRXazJ6i2wY7c3chZgp
20763,6YK2tAEYnHgYkkC6TSziqM
20764,2vVrIBFqftbGnK2j0PuMOX
20765,7LPXf0FqPNqQvhcEjvETDp
20766,7oklbyYBpXg9Uvl4tMW2iU
20767,6S2nVdXIwLlqJtpzmNMDqi
20768,7FyTbC1xnafm6jGNOdC4r8
20769,1cR5FgMz3pm96CedlwpgqA
20770,5d0NScC2khDZXf0XJVOsyQ
20771,2udOOyGmk4XKQY7KO7ByWG
20772,6PZYjJmUzrE3kNRjiC95bj
20773,2yfsg2vZWOJ1zaAEoAKLpX
20774,5vxWwZw74Img3ywxQfH2CD
20775,1WDs56ObBLKUGEGBYnAZTc
20776,34XzYdAC4r2dEfSc2Xr1sn
20777,76xcX1EaXzuiAG6uQy3fBA
20778,4bOiqkzFSRUnZ0nHuBH88b
20779,0Gtlg39b9NYMcPyklVVAW4
20780,1sRuxHGe5UHBzZdUKWp2MN
20781,0Tzp2pb7IScK1QAvYYOsr9
20782,10s14vRd1lrgSMclrlR8w7
20783,54rZiCq2jCgdiuTHc8273s
20784,0IYml4jlnP65o130er51Mh
20785,4v84hgO73xzKzp2xyJhlfU
20786,5CU8UtTlbd8bVATTYohYTM
20787,2Fm5cm7dStewlUOXeZakG8
20788,0mMeNL8Q6GMi8YHItNIFAr
20789,2RPbEp0DyBVlkRvvYKopO7
20790,1LZFmh1loqmSqRYV5hR1wO
20791,4qqzcelFjwiWbL8pOlMMsY
20792,5Bv9v9ijc0TRJppfhwZrg0
20793,74SvWLZcbdmqYkcGOFcDJk
20794,7kH5qlzZmqdkbHCLTTqc5X
20795,6AYhcCGev7SxZNdbMoOoNC
20796,7HI3Pz7De3BV5RWo5fyUf8
20797,1xlSY3Sl4ebnRCWzHrCedI
20798,60tfD2YgDiwyOloZbE5xtE
20799,4wGKVFDAFaIkdmKqgKERuK
20800,3Cu8uUosLHs8Ap8MCwzgew
20801,0slHSNb7aaC6c8YoR5bLi9
20802,08uvUzdW3goqz2kdU8Zmhh
20803,7DZvke5esSwHbf35Rq0nue
20804,02w7QOBMWcOUoWsICLf2em
20805,29jhxvO4o5MmxooEU6U4EB
20806,3VD2IZbUcLQUGFA1EOHl6F
20807,63BcfK6YAzJYeISaTPr6IO
20808,2LfM9NwbQkBFV8XKAwhuTo
20809,4kmUct1QhCLsZtGPNb5S44
20810,6JhPEkJaTYAR5r7iWVUJRP
20811,4a1mFp7Kd5y20I08Cy7Nei
20812,1tVDQsrfLMkNVqZPMliIJD
20813,2OIMr3CNOgAAhgODoBa0oj
20814,12aaDuDJ6H29BhchO6x4CF
20815,6xXSyMvscBJTBNcveEYtBZ
20816,5dQ9lpB9amNsRvkbNEHyPL
20817,52pFy13TIADVaFHRiKo8Yn
20818,3aH0VGuxcR4AmaPJQwCpKG
20819,6C9KfesdoZqZUPSGjc3Y1H
20820,1g6L5OPTZQKzxrCTkRGVif
20821,77FRpRwvh8uy5ZIMoXOkzs
20822,5pRQlGmGEAAyBXSHRA90re
20823,6j5fVSOBfFFuJvjQXkMLQO
20824,3jgX935WHpbb4QjYonSVAX
20825,0VqWNCBBDqOUd8Pr9LdnDm
20826,5wVtNySae4qFfcmgXfEbhG
20827,3ine8Q5EZw5pGDhQkxqqvm
20828,2Wk44bTFIhHghILWHUxsLR
20829,1MMYuuvnD3O9Sn90gDabv9
20830,1mvsBRtgjW7sxKRNguQtz4
20831,7v8fRaLdp7m8uZccoGayki
20832,2FhA1F5jvkxKFulRgVDVFc
20833,0Zc9MIhKu7QyBKyJcvkaIM
20834,2N2cvKMVnBYhCUwbgbKN5W
20835,4jkmIhUST3S32UuMC937N2
20836,3lS85nqG30AsYderMIQ5ae
20837,4WMLLrgrDyjyoMinuvnxsm
20838,0klWF70nR5R1AE9z1hGCRf
20839,0j3VUY0O463Gwu0EIniV1G
20840,3CisGh5CyKBDnGtjmsszSo
20841,5owS9iWWGd6mDlFjUFzBsw
20842,5OFOGPE7hrpkfy8LktBOGp
20843,5kcogo8rmbAuu8zeQbRUGg
20844,2ScW9P1stb5FFSEWQtzvkH
20845,2z0Ll5JZ0XgrW33uBBU5bc
20846,1I66zFfRohnb8kwJV3vrV4
20847,7hdyEMLyLAQJnqg6uZgB7f
20848,5dOCXUAZ6bCDQviKRm6es0
20849,3sxNhARfL8uj7NlMqwF61p
20850,57DEKfxl0oVq2AufSvQX8w
20851,5MQRehJsbPPfGUFjVMzT7a
20852,7uSekeuXG3G2wH6D1q3ACK
20853,4ESWJepzBtY2lR9oZDYVaP
20854,16Pnf6xlnGdAul9XhN2EMb
20855,1dlGw08ZcniBceTOsx65Y8
20856,41dBmeGDhUeJhBNazDlKEL
20857,5yjWQWPLGUXwmreEPGF5JD
20858,3HFmU4ed2MToZ65f4MQOg8
20859,7vTakgP4Z7CoG7hE9CTL2b
20860,1yrHbj1OW7ZKz9xbXWyWwJ
20861,6lYcocAfKJH8HHg3kFDf3f
20862,3foypyYP91XAPx4AHNwZeM
20863,6xTCqwREMciIQl8PB3JGT8
20864,1D7vr0ywHOTIEPsJBAuDoA
20865,6ROiS5xMT041FmOEodgkUO
20866,06ivS38drtNuRCDIg2ww9k
20867,3OxXpb77jaNyFfSdaw2m7G
20868,6QyYTRZCrzjAUqchxGC91x
20869,5NLUcVnVHfnkt4uUexWdIH
20870,4vdlwYSNc5LiRrHRIJkmYG
20871,3NzSpNRxX9MevWeP3J6gQ3
20872,4IKY75aSLRaYKy5ASmQ5Ae
20873,0p9GbPgwjZW6kvuO9o7iyU
20874,3Vy8IWWRQ5R2SyFehhSDPo
20875,4vkPNmbIqWTgV0ENmZcpJj
20876,4YDVjAtabidZyFNEFUkZi1
20877,53cVCGWe27PNZfb0KNUnjt
20878,5ElHbvog1ZvNSma1GAqoh6
20879,4mf7mPqqWQOTpOIDi8lVvF
20880,3iV3cmiotOSpP59q7mZtLh
20881,0pWqmYF4SUf8wEBxD5JBAr
20882,0VlZziREhSw4PwBoy7ueyT
20883,2mieXCqCH44F2fM0O0yLbJ
20884,35504mDJJo69QH5ZoH4g3k
20885,4eZljzGKfjLi9LsiJwACMD
20886,7wHXFuYVaLNx7tr2fyJMnY
20887,6DtT4umjjqAhX6L5X2Y7tC
20888,6Hl5J1WpWPUYjeMq8izCmV
20889,7auuTTjddIetIThE5nvSqE
20890,1KNKik5gUSN25XsiZ768Gy
20891,6TYIMtvnKhSDyu0zARwvpN
20892,2Fc26ej9iandD05B0KMcbU
20893,3RL7Rrdx9DWPqVaZwEFvNw
20894,6N0SWxddfQBJBW0856thS3
20895,3TwBT7vfrPO0xjXyfjmkVV
20896,0oUQq7N94dk4SActIC6xJM
20897,5u4ki2s6VJu99AcLfpB1Wl
20898,033N3Mf87ODmORg6YO61cm
20899,1ZeDREFHjVW3EplrrUCIdc
20900,14WxdK01IyDl3bumvqufxH
20901,29UTIVFxeU1M8Cqj6UTA59
20902,6wV1wHINAbaRjn42VtPa00
20903,4vtl9JaO1HdoS78lJppxqJ
20904,4dsMLfbm1AnRSZmuvWnXyp
20905,4w1IwCOEWobiZUh5uA35GZ
20906,3AmTWV9SEnBmifqz8rrUy2
20907,3HUB8GPbaGpIpjRoONLJP4
20908,2Kbzax5Yn2oIk8maqee2re
20909,4WNpRHWCjNNKeqrPSbdkH4
20910,6wCRGOb73x8pfHoGaIVw3g
20911,0yccmfYLi2ppCih9e8JvfS
20912,1NFF6h7PeJLOBBywgLeGi9
20913,1iTbR8bmAiUMyZSgtGXudI
20914,7zBpmLroUdgWCbb9ORdd9D
20915,5lETiTnKupS7aT2FVXCQZo
20916,08xNbHpJMkfjBtFCl2eRCZ
20917,2KCpJlFgqOtVuGPBoq6CVs
20918,6etOQB4yOw2NnST77PqLlH
20919,33alqc4oFWnFJ3zWDmujsr
20920,35KkE4IibzJmc7kvKyJqX1
20921,1PGJHAEqbGqiqj3Cthmx4p
20922,1EwkqMg7XRWp2O3AqEz2F4
20923,5Y2YS9LVwVFqxcxkJJSbnr
20924,3Lr2qUCslQTh5uWNkPueYo
20925,709mhePXpkpvUmysxUa6JI
20926,0kDJUVRxtrnEFTFtyALPGQ
20927,5PsG3vg7isSwbJP06FvvUt
20928,5WJbJxnjFhH1KzVnKICAvh
20929,2Fm8QdRzWXWjscoOqXvffN
20930,47BhgqJy3oRTGzjNTgf3hq
20931,5ud1PhAxslWvSY8qXzwa0g
20932,273QnyCvJB65rScHJ1nPZb
20933,3OCbl3FgXS96Vhbf0Dnd24
20934,3EzSgIbWA40wcrO845wsSr
20935,4cS2HQ6jK80vqdY9ofpztx
20936,0mndTgHRV5emjqwEXAcaJL
20937,1I2hAKra0JvxnpUbZa4LqP
20938,1ma6BTlCmG49XyJbY6WbVL
20939,2OVFuR2EV4bvrS6jKb20Ge
20940,5ccBsJsoYDjtURsE2AM4AQ
20941,2FIoA2HXo95j29Do5jg9jq
20942,6r3kZK0RyI1u53HhcnB216
20943,1nlvXRisgSpSTf7u3Y1xil
20944,7bvrZnKJAKXy5zdbNGSvs2
20945,7kBOZA8R417ZlRtEqmefvU
20946,0tEtcRNU7PKvAF2AMEDDpB
20947,6T0eKznk4HbadPkuxVZVXy
20948,1faidjbURmhACFeCjhxSu9
20949,6Rq1XS587Qid3QEt92FEBC
20950,00jusKdEnHrRUmXIddEsd0
20951,20S05iXji9vJ9cNXr8Lcue
20952,6aWjf5U0RhtJVu8uexX5mO
20953,7kWjMQKPoKQ1XBpt47B2hV
20954,5kk8yZMGPvMjLd4SIPWUp9
20955,7l4vhqMWd251O47yYSgM7q
20956,7dSaIwS85fxM0FlKQETwpA
20957,4ROTEqZbUtCkXdSJXh3ctr
20958,32rNbbO5n6pqQVvMPTcXk0
20959,0qpVlGaiQNReSLlTQnpxFO
20960,38jeJzhd2rrJ5JJPW6NA1m
20961,0PxHrnV45CQascq6nWBnLT
20962,2kHpYBcW759NxK8Arjul1j
20963,33CHpmrIFqF9hrhl2fkpqA
20964,1KUb3DTHHgx5K8X7HUn6QM
20965,7aTbvD299eERGyd5ZhVjGs
20966,1utT5POQSrnCzTT9d5ZA0Q
20967,4vUTDiEyjTcpFMNOkcrjep
20968,5TOLwYA36suGR8P7SoShQS
20969,4XB1h6hAqnk19yif0ia00u
20970,3oQIsHR02AWcIoOTzJP7sF
20971,3p0tjkB2jBsPCXz6tkQ0G2
20972,4Ogebrr72JUOLOVBHwppQk
20973,1f7VfiJ2bPtXITJiewpkDi
20974,2VTxYFfYKI7TjQV5uqzUyP
20975,57vbBGqVlspnjFcBqyiXGT
20976,1ujkChL5byZllTlyibCsv0
20977,1CZO7lyOiiOEph1wI70m9m
20978,5ZX47XAYtfL74NqXVgwXn6
20979,4D14XcvdZfnDCrOgxjXhFC
20980,3C8VlWTrMhDgsZAIiJTbUG
20981,58DW1Kbnth02O1t3myXyg6
20982,5kjwSFPqfGY0K54G7fAsCd
20983,4uKF8UCxy2qDus56W9tGis
20984,2WbzgcH1AYr58QlWo25tw5
20985,4ViyNu7WwCh3N0hs7JZKzd
20986,1p2TWJxUlHE5JR0sE6E1d7
20987,4YKjWv3Zz9boj2ohRVpdu6
20988,4KPi4VNvPOfKqIp1sx19Xf
20989,5yiBLMSH9DCRmBtws6wKY3
20990,1gGhqfs2pDTOI30AEXMXrn
20991,2JhJOPGvtqMpj5RQC8cIYf
20992,4L89EMHbazaxvMDMb4uZH5
20993,6uufzRkA8oCsvnz2QSoJ4J
20994,3ScDfKCx2sQnZdnKfJNWiV
20995,0komRzofadMbK7goHcF92v
20996,7bUwVy2be8nAKF1Jsywaps
20997,5NPf3JsJujrv8h53h5iKkj
20998,1NkTytKXfYiLqe1rAWm385
20999,529UhNRfvKmId4ZL7cvRDm
21000,5CiAeNdZXBhg9t1izeCcBI
21001,2qafBFSCcGR0iNbcRPJpby
21002,6edjmG40nog79sxCw5gt5X
21003,62NfErhx30BxdqNQaJEePf
21004,305VaR3JP3Bw3BJtZqDiDX
21005,3IjN1yX8V9eUL8iILXYzWf
21006,2viJufnGlsjR1X51CEHpeg
21007,0kB2TGiaMHKOfMwQg2sYuC
21008,2BVVmJQZv4fOPWavI9mkIj
21009,1mceHZGk7QWHiYsIaGSrfN
21010,6QFcZxCdFbdg79iuNSCVZP
21011,6HwM33ibc48ct1ralhvJrW
21012,6FKvNrS5jAYMnnJWrZUF3i
21013,5G4ldDr2UjQtfMFWnrZrZC
21014,3IidZsP7EWcYkMPZsu8TEv
21015,1WJMnphkIwUCqbjml6H50K
21016,5LtxNZrd3iXL8LPRcwmYpP
21017,1uJDo7tzY6pDcZx3kZrKx5
21018,0deQdfQbZEk9Eyyr6cDs4T
21019,72RcyzaejvdLIc7vGTBZDR
21020,1hsttJprbyV7AEz3DDYg77
21021,7GO96bZqFVLIe2ck1C8GvK
21022,3yFsyy1hw7v31NBrRJX2QM
21023,6tFqiCn8KQbl0GUx6gNJGW
21024,1YizzPZvXGpHTJ7IzOWrLN
21025,7H3tfdSy1cBxoTsXxDq03p
21026,1k4fndx2nA1Y8AnyqgwcX1
21027,43vcKFYE6yMeARXCTLC61I
21028,6z6gJbN3ut9ysbAfYwoGEl
21029,5Bz4kKYH5Ji5VUAH8JEao3
21030,2B4EW0jqZzE3Q8DcmacqA3
21031,54ZsS0nrgAVSibpJ9idhjm
21032,6NZgsSbsZTnzYqjFSldPRL
21033,3Ba9jA7jBSoFYtGlc54J89
21034,6BdcOxNI27MXj9z8biUHbs
21035,1kAyeO7kWRKzQi4rJJqkFm
21036,3hs03JBbm1XPfFmpl9TVw3
21037,0eQvZU0QAjX59WTohFmW0U
21038,2rhnO6nvKeuC8nSReRCXm2
21039,394VuPpiZSWPBsKV1KJgx4
21040,0GWAOD4UipCp44TmvIkq2L
21041,4GD5azfrLG4PBLKdhonYFJ
21042,2QLxKsUuwmjeaZTTfJN6x1
21043,7DH5dXVuQaqcKf9oTy9oUN
21044,4eQBhSFYnXAtNXJEWISZFK
21045,33Ox6NnX1TQfnWpM4MESla
21046,0ZZe7kpsz0icMeCuPvfTFc
21047,2AQCmJWhCLQUZiZGijQco4
21048,014RXVFKrGRSNXjwrNVVwI
21049,58xN31xmYcfrgA56gAeM3W
21050,6VFz5JcBct1td2Be3Wrk8o
21051,4wDGADdtM4Y9BYl8THgaFr
21052,15Lw8Uofm03raFJeuVrQ0k
21053,5X73lUMvlt0ykafye2TASW
21054,4Lq4TjaQWTNmo5viydoLLa
21055,3JDGFusRrabLrR9JMmMpZ4
21056,1dOilEdjk2IgPbBepU9Xib
21057,4LyZFpweouHmd5A7mZmU9u
21058,4Rz0T332xtXIkPlMjY22v7
21059,5UxT2LUjtpmk8sLoDrZTZM
21060,52uqjWxt569hWcspxqpMrI
21061,1ey9ub4AISvEmjM7tkoBh0
21062,235Up06kzEYCHalxDqHTVV
21063,7o5T7GvZkW6jOUFM3uoPMe
21064,4eBcbjsYmfrPNGWTHWipl2
21065,5HKbpdB1F5jDe5qbjLIzTW
21066,7Al725sCwFefIREnLDIF2Q
21067,2MHg58sGBb9fJ9HEbvvXyt
21068,781iF9VwCnXfpIONjn8GiW
21069,0IbWDJHyBgJ4PWikW7pAif
21070,73azlvIo1kD7PUJfRCZ3vv
21071,4OrLtxaf6iUI9oGcpq7znT
21072,6KXP2DBbndAK0AgFa4us3E
21073,68M2mIT211xNR4P3MgnBnM
21074,1hLqrJE5bmhy0Hh2P1CL9W
21075,2lWN4CNYwjFiakaTuawzzb
21076,2JcnWWVTJ59KFhZRvo1eyh
21077,7ivCVgXDbSRFn0es8FFRI0
21078,0b9YgxLnB4ar2PRswsZVu5
21079,2abR6A03UxabPFOJPA32QC
21080,28aj9dOGk1ownsDTVU176l
21081,6L81nfiPAb3BKKCu7GPX95
21082,2HcE0UBhTeY1LYj4VcseJZ
21083,7i0YrvSol2mAqxkgzyMFKH
21084,5eGKna0aflc9wmMoDcIja4
21085,3E8GaS6dM1jH6VJ1hAtS18
21086,7q0VdsXafFQIYfk3eZpwTq
21087,7Lu8DT982TenMUPLV9HF0s
21088,2pEh48Q7VtjEFRrFg7nA9L
21089,1V656O6Tz4xsgh1N8f6YIu
21090,22Ff1mPDh7MP3BQsZQT1Vj
21091,4vUWzxdmtVqMonTp97JIOf
21092,6BegOi3uDfaXTXgbpjlCQH
21093,7mDTpSIVoR49hdF5drFfiM
21094,7FezHxN3JiG6lK7L5Sl84M
21095,0z1MCtPlHy0x1g0XojaduR
21096,29YEj105yMqaC2YYCHmgbb
21097,3Xfv1Cigdk7frg0J5oaGmc
21098,4sr42gemJUyI9dIeoXA8OG
21099,2s5XQa5TMUDMsiOBQ80zbx
21100,32vPOj5lZCgQjMdOE40yKX
21101,701yJw0W7R7QVa7B2uYDd4
21102,6R6LtpPkpIWXCPi6Hd6HqF
21103,4nSn4wk6vhXrtUVuq5qmqw
21104,0jFdc0YlAFciKRPVwOWYXw
21105,4fUv7PFMC4YBhweyz4mMGY
21106,1YisXNr4DPHcPB4v5XfQ0t
21107,0JvZpSulGAlyG4bZjUJxHm
21108,0ugrCjPrzOBkawMkkhYBeq
21109,0dtuE679z6pgdEIMjgj26u
21110,4eUaOXILpJnT4UjDaTvQXp
21111,5TgEXL5DdUeFOSYK0y62OH
21112,1wLQwg0mloy3yXjL0jPE0N
21113,2MgSSYAYSPxHigtjdW74nT
21114,7lizOj26AKXsAntUQMTJsq
21115,3pGeMszs8vgG4osWUTMEk9
21116,6aRacSekUdEdxTRhByXuCk
21117,4Reuxx2B7DFQwp9lDSMMKP
21118,5V1V6J9eomavJJI1FYrTqD
21119,1AamYDLxGdbOMpRGQw8Wta
21120,1BpXQXeWcTY942wFXJtDsF
21121,70b4WnTV9is6SIfxxdMFFu
21122,0uLo9OUGEb9CemdEvjJ9m5
21123,1e8jhHOFCxq66dpJCavtw7
21124,4MAl5GecO9aspyQglkaRRO
21125,3GvvyT9ZZO3l2npRJaLney
21126,64LHNnOVgud5sXdnA3eWpe
21127,1a3uOTuMrX29Y4K5KIwExA
21128,2GKbw2FCDXHIddECLeSLef
21129,1sKpE0fMyk1hlq1TtFBm0E
21130,7GSEViS4Y7Mr08JhqfiE7Y
21131,1pAEPbH2MdoraS4lviOCFe
21132,7h3CegZMo3rUQgCvlbblcE
21133,5vcaT5UNCfBWnRwozDsZfW
21134,25R5Tdr4K7ENb6umHzdCXn
21135,0F9fZwEu2cWSgqoRWzAtAS
21136,7xoPTKetLK8EyEyYsa1rks
21137,0g0O4gEQ5L55F4GXyBZpx6
21138,1AJ0tfm6Vvj6KkcSxo7HUm
21139,47h2MXGc5ydeeQ6XKuRqXC
21140,0VVBegPBBdO7Ib1dNusRCC
21141,5kEMNNRs73z5Wtn5ytsKyy
21142,7udtGnLcwt6QGl0VQXF2Dy
21143,77e2L1sRlGjnwTj4PrO7z6
21144,2X1z1P4QjI8McS78cTByc6
21145,78rA4TEETpXZpuUzirG8zE
21146,5e6jE3jUKOpBSkNqkYjIjs
21147,0VM5acl9Q1cPTZH9BvKI2U
21148,3HwAhE6xA3Zkw70XDYg7j1
21149,2EfOo7QkJu69cxRTZLvgaZ
21150,4myyFa9YrZzbqLNzfXDiAU
21151,3R4C2Jh2dtDs2DKZX3KpoQ
21152,3kj79fzdsnbYzZsyrMKOZV
21153,3UlV2C7HURFfUtAQ33rQxH
21154,4J6yf2pi81MPq2RbOg4Rwm
21155,6sxqQzjQuEUkVfgVK8Y6tW
21156,6gPR5Zm6dQ39ki9c36qxcz
21157,1TUmsdvqkoSDnvYU6gXbOU
21158,5JKSty49E9iv1Tj6lfx68n
21159,3a1aICYwrm7nwHfFT9Aomm
21160,5VTCc6F12w39dCpQS4xtej
21161,3FTd5WcWsiq1dRB1DITc8o
21162,08L79ba4igITQd01s27WI9
21163,1lbU09e2SYXn5XluhI4djx
21164,76dvXHdb5KNLwn8t1bpIYe
21165,7uTt0OQKljwMXVFrbYmPh7
21166,2biTgRFnGR5U3bP83YZqTa
21167,6bGQLU60OrlPcK2HclUNqG
21168,0tTenNzVzQMdZK92jgcxIJ
21169,37Eju0tTFGamUeZBm8Wjn8
21170,38yfG6JHTZ98yDcuOu1f1l
21171,6KmktQvdt2AXZjCd8zay5J
21172,01lmn9ssjvetCIAdghnxtW
21173,3bxPg6qYojdvDKX9FVUL7I
21174,7wvY7tcgxIZvexzD964KCK
21175,5z1B5vOkpsprAOBZl1gUdL
21176,1KQCNSUCDgqpQo5zrdw5zi
21177,3U7R0zk8IG0eDRdOHbFGKq
21178,4KFoXMUU9jvj2mfqnTyAqi
21179,6ngIWHdwkmHZe8zFP7lIJq
21180,5YKZqlz6pX6UPYJfqu1tvU
21181,4KnnkqkMwJnPK3L67wFqfj
21182,0M2aj6IVZb0L3Z1wuqKcM3
21183,2CRx925YeUuCmXnb76IGZb
21184,2SX8HXuyWqkLHcKRqhKhtu
21185,7108imzniAqi21191Fo8Et
21186,6xIA5QfcvPC5nlSbL3pG9s
21187,1UCV5UqRcqaktkMvcoI0DR
21188,0Q40x3qHTXoEpbA1pZbTdz
21189,0aA2SIsXjw58avBNJ78zsp
21190,4EidM9jHhEq1pN03Y2mtxs
21191,4XO0c2DlhbTBAOTuxLocTY
21192,428ZcTtWK5XVmFbOwXzypU
21193,6im1pj9EO1i1n7G6b7F6XK
21194,6iR55N9LYabXRdfG8iYssa
21195,6UHQQMXlhvmDppaCv4FCXW
21196,0frKLaxjn8BIZH64nx7t4h
21197,4O6Y5WSd9qSl0SEG5biSHi
21198,5SR1geFURbG98tZaKodRXf
21199,0QyMDyosGai50pjaFbC1NO
21200,2RgPdyYRWY5BYwHuIf7VCX
21201,1TFRdEaqsCt0BmVS7zlBjy
21202,4bL9tXdShlX14Eg36FZCVb
21203,6FxdAycUNPT8gHH5JhG2xI
21204,6cZQ2uFmJTOhZkD46wvex7
21205,0lFIuJQwPjFH9U7ddeSuPq
21206,15ownXIQf8FStaqLZVwBRZ
21207,7xuiAWZargaLxKvSaMKjwj
21208,37bcNK1iQSqcYbo88d3v4f
21209,1UWDBsnzbORyacpo2iKPYa
21210,0ZnT2c9VkpLjnajOxwiDi9
21211,1P0iAEz2vmTPfXtp2XTlcO
21212,66mi3OKkrYHZkV9T62Ytyy
21213,0SbxZgVhfkljp6Fd6Fh5a9
21214,5MYmYqVtTgQ41HYJTwAmcf
21215,7uhXLl9Poy7lFtWFpciwmT
21216,0iIa0DLI2ImYoqxJyfWPqw
21217,5XPSElbh3y0S1Jl0ggpwQr
21218,19JDNzDT7KtFY7ZaFjBmqA
21219,0KCVcvtY3gG2vVUOuhaTJ4
21220,6pz5cIbHc2Hygoad3qUeGM
21221,7DHN7bCuyHGA8Q0yE4TKIA
21222,6WuGdVuwTKFiDg6Dj6gWgQ
21223,0XOoWlEiKzyF5VS4oh3Yb6
21224,5JgFM9t2wSAB99lU4sMfIb
21225,1y5GYiYND0nWiWWKtkPNzD
21226,3105mYiO03t88znlFrlJUl
21227,6vcWk9Y8QYa3eH2FmdgO8i
21228,2YfYTyShcbMFFWaZQXKb5V
21229,5Y5b0wokJqZxaefDVRm43v
21230,29eOjlzVVvxmpDD8VYeJpp
21231,6SuI2hL1y3oj7Pa9dq7Ovs
21232,1IrsTtQhcuj0fHn9fFQw2N
21233,7DfjFqjOUxOocAjE7ReffT
21234,4LN8tUUSY9zTlROie7Hnm5
21235,1usvtV2D0EBPb7Rk1l0PwQ
21236,5Dl98jL5bgWz8Ou8SxqQbD
21237,7tqG3RAo8h9pHxCJFn7bZb
21238,2vxiyJ5YRoaphJOnSoNeVJ
21239,1VvXmAMpldITYF8UDBFNBt
21240,3G1rPeSTMK5MNno47y1Ll0
21241,0MTUcpek4nhHCMg1280RNO
21242,5idwGjfOFRToxd3GIMOOYc
21243,50Z5BvGwtxAuLWbqweZfv4
21244,0gdt4Gs2hRmOm7kbKXhXVj
21245,18sfTFdvZqJAtdqmVDCLNp
21246,2Z6ynWKfXbp66zGf5GSbyD
21247,553oYNqTk6baxF68RabIk8
21248,1MkPFLINOUHthmArVvKKom
21249,6JfcyN6xlcJWXTHfFGjcSd
21250,6hdsNoZWIjPSjxcOnsjIxj
21251,3HG3QFERdP3Q1b6VGahwWs
21252,6dlRBNSdujKthRBEqeatpg
21253,12XaCtGdS59KU6tTpH0nja
21254,0wfliHKDn1DkkGYXgqURI7
21255,0N46chETWUyNdmfbonjlvG
21256,0Xm4Eb6UU7HnDf6w9FCM2V
21257,0RnueFQ1LoUEINt5A2q46v
21258,3y9BI61Ssc71BX3Yh6aE5N
21259,4atiYxxr8LUcmCJK6oHWwL
21260,1KdLP5FUQElS3s2OncQWnV
21261,6vNjM0B50Q9Aotm9hrzfAa
21262,0tbET3RHc4hJzj2zQWo5VQ
21263,66V3speCvzVe6lUnIezZ0J
21264,4WsB29SraAS0pUUV5xLxr5
21265,4lQX77YOzLJKXJu0CNRz3T
21266,4Fyg7nn7zPqLkY7cPwUGbL
21267,4H9a8oaJ5WtOhxKVwFbpWX
21268,2G8g23AYWGJnxZgwpEa9lE
21269,3sxlyrrIvDvLESFxBG7Z6J
21270,0rlB9MM5FKeRnvJiWOVRYY
21271,1oFYQx9p53d1xYLhpGV1dF
21272,5SkSa4KcYWKZehf5vvDN06
21273,6TCH1ElIvbSg9uvSyHTpW2
21274,25bUh8u6oQrfJad0dGW4cC
21275,16ILP81IdsAetvlG0JZEr7
21276,0AdDummqsyHaWshOa1gQuQ
21277,6cETWPh802VHT5FyI66qYx
21278,4nXweYjBhlZ4g4BkwNAxC6
21279,2E9n1Zpby16xLUPoujMUSd
21280,5XFvhTjWWDttRY2pi4SIwx
21281,6SEMLxK89qupoa5h5VGozp
21282,6DaHEkkaHiAhRZVEFZOMJ8
21283,1p7iH7QuY4HquDvVctlVeD
21284,49Cq6VzikG8hwAnhX3o20m
21285,057sdYirt745dVbe48m7Hl
21286,17LAPOiiMjuYdZmA9YxhbQ
21287,4VXhicGRlRz7Z4OQUOzkpT
21288,1KVefJKP76RzNPWrhyfXnT
21289,6GNG0YQixWuLE0M5FtrRxY
21290,3SsGwD7HMR9axgmOpNmyL8
21291,1uLJDxD9OZoGtT9C4IXXz6
21292,7Ak9nPr9wPZz9JP33HkVqp
21293,56wo7zqmPLdv0K2lykI81k
21294,6gS5J2OxCOFEkIok8RHRq4
21295,3ZzqY9QBp7DIzPl9e0r8aK
21296,5p0gYMQLBNXX84s2kmw0DY
21297,6DiZXHUBIi25hYqnRNgnR3
21298,4JwwopyaJSioB4wbtaQdLv
21299,29h1lB9PTcekp5oUvCt2Za
21300,0ZtUCVf7uuDAQ7dXGTALEG
21301,5bpDVbFhXrZOGR2nP6MTJT
21302,6htKL6ftTJp4dZGVD03JXB
21303,6lR2UjemqJHW4UWRPSEYeK
21304,0yatkm9lc2I8PjUNpwKa0U
21305,27fpobH4rUuMVFpt3Bnznw
21306,1n2RKmLnhZV2GohsNbyii0
21307,5S4grfkXbc4gebEMNeD6VD
21308,0FkBWszH9H2y7TxH899416
21309,3B0b2I4EtKy1pC1q2cohsV
21310,4OLzgDQn3SrBmbE5i8vplt
21311,6NMdQCrpO1pX0EbyIckRgG
21312,21HtJyUMzWmYW1tBG2pZ5g
21313,6gLbERLouIpTQk4kNhRH4M
21314,6gKF8ksHJEh15CI6m5XZbq
21315,77zxNtCUK0C6hQD7kihQR9
21316,2RP6FgXSwgiLdhrOvJWueV
21317,1PB1crNoxv0Jezj0Y8LqO0
21318,2XGNKNQXY0rKH8W46TUoma
21319,0RfwOCCfixdYgdgQcEjw4G
21320,6CJEsReQ6bC8DAPTSrAWO7
21321,14EGwK3X9IpVLkDbKemdnd
21322,6BlNWpXnsONi1ieRt0Jzsh
21323,5ZjItAwOfzFi2JH17DRFP5
21324,0huxrD4MV3OAyEizla4JZT
21325,69kBU36OR6j8apeZhQIPcu
21326,3kGt9uxpJzKTxwp2uJHrU5
21327,73HXCmSdRUKCMJvoM5otd0
21328,4CrJ79YU7DYtdB9ogzN7iq
21329,6tuOkvs38N9GHe4x7uazaZ
21330,5LPIsbFN6Ck8NaBspiDwy8
21331,6dmAUEBQxDxXfOCxmW7wej
21332,6jIsmAuw0ApM3IlXoVEWVR
21333,1gigJImcWyDZZidGrqu2bX
21334,2H6NbSsccvcT1j4jwAjDmf
21335,0hSKejDafy7ATSN6yJEtdS
21336,0bdarNTuFBJFI90Q9KXyYu
21337,1xki8aomFlwD1qr1VBAr4u
21338,2NNo9DB6cr45Ns41OdSIKP
21339,75ryMhvr9L7pFo979SaKbp
21340,12HWdKlpYI9wbXO6WbSiKk
21341,1HNI05pbtIXjevqyYp8VHM
21342,11Jywidl4OVzmjziGR0QiO
21343,4WK7C8ypYsDuOlf1COUVFX
21344,4tvcK5VeTECYIepVxloVSG
21345,6SS2aGNFZV1215wkhUDQPA
21346,1j6pajskR2nBwSQl1LBoD8
21347,6J4B7wbZSDjBowOHn5dYCM
21348,2v63SstROhGSQ2z8EYOyAR
21349,791ecQoEScHB35Md9LRwWO
21350,5hFytEO7Wfw7KructAKyT2
21351,2NjsXteRQIXp52cGbIFXEo
21352,7oizyFVWGs1jrJ5Zszfk7f
21353,6xLlFIY9nuri5BR0Cp84ea
21354,7esMRbSzvLv60O70XLZFbc
21355,2zM63Zcngnfy04gU6gFs2l
21356,4ZEF6Rw1c3WX5NatSiKjx7
21357,6XeOVdRn0jE3DdvBWrAsZk
21358,51HnXIFI3P3t9xpW1UjD8h
21359,4gjRPjfuKPApfM85UJ6K13
21360,7f1X6tauagdeqpfNuNOYWr
21361,0OhgrmjvbMIGu9e6a36TAY
21362,7jEyX4bqaCSdMN4D4JNnVj
21363,2iqM3uTOoYqPGFBe6HQYak
21364,0Gax86g1xt2bbwEYIKvoXz
21365,1vPgXDjP8JoDK7LYYtf83C
21366,2xr6ztSWtoxJ7ru9m8cKq6
21367,12CSDr04r9ByNAu2GoEfeh
21368,7LfFUe93bFKb8f8DF1dZCB
21369,02x6kYkmOuAQYkIoPUWtP3
21370,6nflcOhWmK2e8c6fumYIq8
21371,5rMbcP1NsPtnpK3t9IIvNB
21372,05aNscryo7NdqGE4DrUXbS
21373,2C7bO4BWYvKdoqEXi8oRbZ
21374,6wf1Av65qe8zhaXrHiKy2P
21375,2jvXg9Sfn5pe0ejARs5wGi
21376,5bc52PcbpNW7xroJAAT6SH
21377,4HkJqkKtL0hRGH38d6yhJA
21378,20X0AnKMbmD4PG6D5W1G3G
21379,3cXzv5floESs781yR9BMBx
21380,6rI38fv9wdm2yG9haHRel5
21381,39xYG6ayEmoXgzaFKpX3sG
21382,7hdUxFqRnuX6j1xNu6eQ9B
21383,70q7Jz9TglXd4fYUYNQZcu
21384,6naxcNZ9gAfWw0IjYAATyp
21385,2qzqMDWRyKEkk4t8fKRcYZ
21386,6Mcd6s2uP6zBDbd59WjKkm
21387,0NZqgkKllQXoFksQLBcEV9
21388,7mPpgZ7a3CSht0KZ1ap0b8
21389,2UhrvlKDcK5CSIqjDfycHD
21390,0fs91Ji2LOUSpDoWvD6eaR
21391,5TwDj89MM3ZiRanfZDeykU
21392,5uPYEStMW3KsXnnLV7iCTw
21393,6eLwYgi3jyGm294bgNlrcj
21394,5IG2UY0UDqs2c69NZWmYaA
21395,326jXPcnyxU2z66a6K1q94
21396,6gdV0lnt4Kw5e6p9vjzy9M
21397,7hQzzfV7N8Ms901b7diuys
21398,3lSC6bnarUI1UYV7l6tjjb
21399,1UgA0fPIfgb2DRwvSEmlHB
21400,7IrCTxnRCyhLhTYEf729Ni
21401,2cMpdjuAHJDuabECNtISbK
21402,4MeC8PuIiFRNum3BCZwwXA
21403,7e9P2X9BRRWeK2aRiFF2mg
21404,3Xzwv8OlCT65i73QpicPlO
21405,2x12Sb0lxMB5DR6Llzq5GA
21406,5ZYSHKzMg2gxGNyzilI0ap
21407,4r7fFyIgtpkgxR2v2WFFmZ
21408,5LAVhynnTmj9VJjW8xGZdP
21409,3lUsC8WAJTEqvsnOCLDyNk
21410,22zxLxXlXrBIm7XaazHNrg
21411,6oVt9GBbquoFDz3VTPFe1e
21412,1MnXNW03vkijBz0GHAsHgW
21413,76QrhNuL6VWyKBu4IylkaU
21414,5chHHt3j1vab6xTQiniyx3
21415,7Jy37c6CAQNbUdHzZox5iD
21416,7wD8R6QWYJbp6eWrgrNkUH
21417,7rGWykdaO67LIyCLCcZxaM
21418,7fCTruy1ZspFeMdgAENzCe
21419,6wlmXo4EBfKZe6qG0GlHhD
21420,0B0LPiHjXpGLKUJHt8V6eL
21421,1NkXQb4iblqy0hh2EtFpxH
21422,5TgVvXOHy66gkmKnaRZCN7
21423,0mcspj4ScW3ZF3OILnvr4i
21424,79hyU4ynQErqwlT0QHZl0p
21425,3cByfEmn12O2fyTHd6jAfx
21426,2NXvhoUtp6GvdwsOZW6u3g
21427,0NYkvzLjtkW1FswRIL1Ga2
21428,2Yxgzz4jgNEFeAe0pwxbJd
21429,1uJ6abQSkZvUiZYzkeFf5y
21430,2PV9sorI2h94qEPke7SlGI
21431,6QRTlrlNsfA97pI509FpZQ
21432,27dbyyrE9vfiisZFnlLPyY
21433,6rVk5c8eVjJ7MVG9q893ha
21434,4TTbGo9DnBtrlbSclUfUtW
21435,28atTEVXVsaHXlVpOu2QuR
21436,0IrDiGW0L8VgWIRrOQDG04
21437,6xPEzDfCTGDWEVoYkDzVxI
21438,1Gt8OZtSF7Klf14VkbJ3Qb
21439,65ETjlTwLlEcQANrfKqcct
21440,7aA0woq8om7IwqZ9e9s8AE
21441,0PVohbHbtOwUU74dSxSugU
21442,354Xj67l1nLRyaG1ksw9go
21443,7730PSuJMcj9spFaKdiNHX
21444,1z0Y9Iqvyk2nNthx0vyABP
21445,3fNTFy0JHs8UfnRNvzC8xF
21446,745iAk0VONAMvDlfQM9PkR
21447,4Ttn04NW5K530oBlw4dQDU
21448,0mrX8tfOIqEGGA93nOkrIK
21449,4iizPigCsQ0XSCbb90CHST
21450,1rEUo9j8uZzUolR1uVW76m
21451,3AqsCmE8mZEWFx2I4EPzUU
21452,3EurXN0rsSML1dgoaw6tSo
21453,4iKSE8HKd5G1kocsl1zex0
21454,4qQIP5qwegrFShW9XklEHU
21455,50EXZCtLwYyFxiGV8v7SuS
21456,0FD8KMG4pHp0O9clTpChjp
21457,62xDx2BeihVT0LwXnLqB3T
21458,2If104vrvGBJevfJcT4UmZ
21459,7aRjvseZHvPdaNGhUpSSHq
21460,6GmEAxNBMbuCOr36lBk19Q
21461,6inTsoFPJvs9bG59QRLiko
21462,5QZdeEHEHy1Jphbral0nbv
21463,7eEhJ5vbP9tVyF5leRaDm4
21464,22PnPdB20lq7wElHkk17oP
21465,5IlTkukileBOPqKHxHF8bP
21466,7z3DWTpAXQbRu7NGTylDAg
21467,0MxbvGrVoDp6rsqdhywv2i
21468,4aBpRqTt1L3FwDwFzxgHeB
21469,3qX1WSTDnSmZkHoBsWrV4k
21470,21kjbE5vuEwcHcEd3fyNAl
21471,6N0ZAWkJUWUI0QYG2VwHmL
21472,3texMC5NW02C0jXtMB7Phm
21473,6YUDVeBMetj0gOTX0Z7Gas
21474,107RYLxRLmtjlPu0qqIXpf
21475,04yOHOBisfzW2C2qQEhQkH
21476,69jGxyfw3lzGGYf78jdkpF
21477,4gSobDUNw9x2aYLhxX116m
21478,5jE48hhRu8E6zBDPRSkEq7
21479,7hERnkzHtUOwho9czfxuju
21480,0C7sbRykiD9VGrz1rXmv0T
21481,1zHH3c3bJnT6Fm0YBlJ3Lg
21482,2sWzJDMSkqLs3qTdtaFU9F
21483,1ug98rdnkOyTbkpP6gr29W
21484,43kwlnamcMjVyWyq7RgI1v
21485,1Z7HjLJeEOFW13oQuaZXmk
21486,1ru5R5iSawvuMELqKXxLjS
21487,17zgwQPgs1njHvgJeEiwiV
21488,4BW1kUr4MSnqFWJuA3oHOl
21489,2hgTXzJzm9ECFQ74I9pHzv
21490,2T2c07K9PoO4pWYCXdIOLT
21491,2J4uDIearD7pNbBP1Qy2QW
21492,0eeI6we5hG6atsSrvC5nqp
21493,4EINUfsQPyXoJFlvuRyXd3
21494,63Zg72RXjCf3jSm8WrvPsa
21495,46tMYau1t1d2vTUoPz6MDN
21496,10Dw1EPCcIdoQ7MTvIZfIO
21497,3OSJvDLikGJXPzWqNcOY84
21498,5LcSSp3kKIGHMuEU0yDDdP
21499,6XsZbSacs0sNziYgDl7x5m
21500,521ZqUanbmGPgH2cZiiJSf
21501,0wBAsoAY2ymlUjvFsZXKTd
21502,0TD78uUEPyeYp3MvXE9TfQ
21503,0Bo44khrQnk5W8I0ASqzH1
21504,2EPWt1wqQI17dW14jrGkix
21505,14zFpEhMih0MLxjGP0cSgB
21506,47DtZ45tMtdDM2jsfjnND8
21507,1YolqizNFTh9y1iwbPm46z
21508,5TmA4Rm6UMckuqMTzGW36I
21509,3ID8CH6UCMCIhcGg4Yfy4d
21510,5XtYRWOQaYt1lJZkjodHG1
21511,4dSHIPkmOqNMG3pE5O6vPn
21512,0mbmo9kT7vl6pLfs8usPSR
21513,3WmeTmPFJegeMM88qz8J0p
21514,7D0AI8ViS5N9s1KsxkwIy1
21515,5oNn3EiGoLU5kTwCthCSNQ
21516,2ghmhqUMZ4Z2GqpwrH8yLj
21517,56O6X8Hd6WRaz3qZfcRvXy
21518,2XIL1Bufdd4pZXg990mH8a
21519,0pGmaTgv8Vn318oqYTCXFd
21520,3KCCGzTySr7whb8ur4rEZ6
21521,3KCL7OS0XntKD0dm0zNaln
21522,2VLXYfNcgQi6vDdv4QVKSN
21523,6GHRk342WRmI4He80QW3tp
21524,3K93YnwRvagcunyyPcv79d
21525,1N5WArtjT7k7RwgYOOB5IJ
21526,6bVQ9ygrzZj9B7Z5hLB1bk
21527,7zE4YHQa4c2XqcKfBKvQgD
21528,6EvK7fYOXUUCjLBHwfyjk7
21529,0TZ7zhkR4ffP7m48Env7XG
21530,26UgYbNP8DMxeVTtBCMYSK
21531,03qKgTjLQire9tgBSByX34
21532,1m8WTqG2DFBMCecwcrHuW1
21533,00i9cVjuQ1GDMuhoG48v1g
21534,4ZeqX70xoJFAZq6wNtyJRa
21535,7gAX31HmznPbj41OOJCzJk
21536,55bx1IBojSje014fTGcjFI
21537,1wGKNTu5dddqanW118j4ww
21538,2w71Icai5AhKlbxJhoRNMY
21539,7lGfhlbpUkI1DOE51Vb2Mt
21540,1f5WKNFdIse8Sp8Roz5U8n
21541,20yy7wGUByZptk1ww20KIC
21542,5iZJe5diT7P00lgmYOWQu7
21543,2VYwicegArvUc9OkcgMVkn
21544,6lGRiGJcWg1WiPLi7KoQvq
21545,6VojZJpMyuKClbwyilWlQj
21546,3O3F0ZKmxxMdgYm1rw0jaN
21547,2ASKEEVzN1GtBgbtbspf29
21548,79Xb1FStZ7y7YVQMx9Dc10
21549,5S98MKSX7MJKmLTyvNXdg9
21550,1hoPdqrhupR0aSF2fH6rhg
21551,47z2jPpuBsYFfWdMP5nEI6
21552,6hvx6ftSQMe2tslej2XWjj
21553,2R76LiRDiwmISuxTdYlSWD
21554,3p4VhuZCMDZm49WbfQGaIj
21555,7xKKutnKBkiJW73Qd9tWwO
21556,5KvsuPPdZaqu79dakJAbLo
21557,6UbrKqVXxLTVVyfY3PGYVk
21558,3ab14Pk5i5kpLWZFKTRIkP
21559,3XwwIzKVZ4cdVukd0fP5DK
21560,7yLr8Z24O7K3tI1ds3Qbk3
21561,0MtXYHRKKUvtXxYXQd0elA
21562,5AzuRUQBFH1xtxZlUtT0VJ
21563,1DhvzX8bSwbn9I2qJlk4m2
21564,0g3N3RCJohH1g7nPbplplT
21565,1mkbgYbM5vbu493RfDKaEI
21566,1QNjiMb7Te9D6dkKsi9VR4
21567,1NpLCZNSYEegtDYCRA5PNN
21568,5ekXLHyoYEeQdvcBZorEju
21569,3bCAWPIAg6cWj39EMesApC
21570,52PCi5DlwcHFknaMyEE9cD
21571,2WKaZN0BxzN6amxXRHXHP3
21572,0duGPJRttnt8hD0ULlPLfp
21573,6n8IwMJOhnTDKt1pXgTimV
21574,3F6BhslvoL5C0omdpO3qMV
21575,7LgyKYscgD7wkzsLRRTTpd
21576,2XVpk253EpA3YV0OBn3LqH
21577,1Zkkts7hUNrWwdtDzdvjvf
21578,4JQ350kf5Qb87ZecuAmdZL
21579,4Ek8WLusFsNHd3c4tRwBtm
21580,68DqqwwIOuIz6bg1L11Wjl
21581,1yQsbVAci5mJ1Ct4WwIprE
21582,2LKvLgW4sdrQ2irrBR5u3j
21583,02ZfVcdowfzkbSD5dKf2jA
21584,1v3REriDAqdYYvctr2BBSP
21585,3EKcsBc9ODvk1npZlpJMNc
21586,1TumbwxMU8I4Oz8qIs1ula
21587,5VmMo51jEuUE5flwShjRyE
21588,6PM1sGUlHGCssd7nTPuuYa
21589,76Ug1q4l6rGwJ2ubV5wh3X
21590,7mpc7fSHrUcTBdnD2FVC2t
21591,3VtoOb3SteJnXAJWHpVlK4
21592,10E2LMoTXKnqszgFHmZEDa
21593,0yHplqLlm8zgdvYSjeyRal
21594,6UPiQffjSYMceORrjJg0Fp
21595,6qHvfPq82RPM00bn50aC8o
21596,6NnEAy2fUfLpY9hzRm7Z1N
21597,1fXApfBjJMgyIWd0Fu5rJM
21598,2Xl9SgLTp16bHEVdmUuJPi
21599,1Kr0tmA5iWITCQljsOT32t
21600,6Z1801Y3NqELyNaVrD0SEA
21601,4Ds8M9h3GYYCmHcCOBK9L7
21602,19hLjHk0OEgJOjW3GYi5nX
21603,5LcXgvFrPx26X8ZexNMT0s
21604,6heb0G4nDVrB17V4qRf6td
21605,1pU2ryFTmHbjhJ7zCwIpxK
21606,6wyr4ReB05D9sJB1Rsmcqo
21607,5jZ9CIlV0jte6dCXkduIsu
21608,3Xp5OpFupA2MIORRmUUfCN
21609,0htTzvx149DDXogXV15mRz
21610,3iaQIMpxVZoDK2hKxUpkaD
21611,6GAFwQksvNUUkiIoDVSl1e
21612,0W6SPZVgUEtM34xR0Ap4LI
21613,2BirpDWGDcO713Ht1dlwme
21614,4S8WK43eMxManxzewCswet
21615,1aRiwSQA2rWgFiw8OxmazB
21616,4BagJ5MwTx1UnErjEhTXbu
21617,4GhHrgsaiQsuMQCHTGa87C
21618,5laScgxkUUe2jlJu01aKRJ
21619,6sDDJCduIpkKluZHZBwln8
21620,5nOAxzkV6StMeiODo3rQbG
21621,1bJTBSe2tqzUs0AlbKYSHo
21622,2Qlf1pnDXGfKgfPRFCJJCy
21623,49xdA6otImLyGjPYnAZkeN
21624,6P560tOzuMyKOFtBw4TaVm
21625,7olm5xO15WTGp5HqzDRpho
21626,4VyZr1v1MNeZbl6eV8ZJGh
21627,378k5TpX6hAx3L8lTsb5f8
21628,28rNpSADOROYNWPZYp8SU9
21629,1ALrTfSEogKhyzcgs8spWN
21630,08bNqnw7NchrpmmxihL52b
21631,3W6d6o6pIHK9fVwDEHaPSR
21632,1oS7FkZShntew6cU4YEA7X
21633,5jZLCVKppwm7dGxvb68fTW
21634,1mW0eYPzc4Gj2I0eMpdrLx
21635,3jTavhTXfWlnu8zsn9NCAY
21636,0MbTorBGV6tW2ePPVJ9Chu
21637,0kLLxOQGFWD6NDHAVsC0hY
21638,1s181BqxHar0IdfBaahoAz
21639,6ato1Z5BIRC0d0XFXuP23d
21640,450mSU53qr1tR82x1Oc0bM
21641,0zq7bLj4XY5op6HISwIGoF
21642,50xQqiyIbP4GmQMimK4VjF
21643,6hMVa7OswjMJ064ZTw82LS
21644,33BySxtFpYx1Csy0TjCsBn
21645,1lapJqFt8kOE59ZjRuv6R8
21646,1db7RfyPm25ZtgnrHqh0fM
21647,4DaxUeASOprLxVXN1W3Mrq
21648,1jhPKL7JgADE0JvvuEhGip
21649,3qNgZKLKSNQqS2H34Rn81o
21650,5kQhjWNomI0HLG7W0QjJN3
21651,5Y4XjSBT0YwjC2pXEsCKAL
21652,1N0bGMszBsriDXUMQzAcJB
21653,5hTFEOZrnKjDQJUBeJ19Mp
21654,2rZFpZCqXf71FpCKjOIFzI
21655,3E2XLkHYc6yFb0iD6ffBQn
21656,2yuoF9C4QF9kCsoDf3yUHP
21657,2M3E9wbFtqdkSGkhfHikFh
21658,6HM9tgpH8P17xj23ikH1bQ
21659,6I6NX6tjGsxFAsIfGzY9lJ
21660,3TIMSziHVPWUoRhSutgRnV
21661,2cViIXIe8Pbd1sOJExMJlK
21662,4XXhqstX3H1bzZQSN2Sf6V
21663,4wZtl1YXpVfsostikIY6zT
21664,4fTf01HHZpL60eIKX4HjW5
21665,2boUc4JNob2fuDJ9qReNCI
21666,1hIRfQ1yBODfQ2W92pAaNv
21667,0pvAmXz50wNF8BNTLq4o1k
21668,7i4VB2zMdyaO6dmwv1nD0G
21669,6Pf82iIvS3Vm5JzFhKIVo7
21670,6xD6xOVLXCQqPPDCkMzeAC
21671,7cMn3Octp5SRRGpv6fTSLE
21672,3inV9bxfPe0tv2GrTkEI5R
21673,2B80UW2fyYYE2Yclat38XH
21674,2kNrmBf2io20L8ifZepPhB
21675,2bkrti359GZeDMcWMgDHHC
21676,5WqMTOGfQQ1kH1oZiXzfVO
21677,25MKE4N1FX0w33mpeVWXMH
21678,7t6x9vuduNyDSZ2EhZXAzq
21679,1BjitHJt9PDDfzh451bffl
21680,3XKl5FQuMoK3jSHsIGX48x
21681,47yz1biR7tlMu40srGnHkr
21682,5XZty1ZNT3vCm3QZttvpjH
21683,3CiZVVLwdGwA6wbDp4jUfr
21684,7xnkC1oLTNNaOYFPt1b2cS
21685,2eaom6bXMm3dHkowGkHnmQ
21686,1PKZY6tVj4hqTQUjV3jjRv
21687,0AigJh7ev5dr19RhNOsDJE
21688,3RLYBBPf1Xy3cGZhkYpJEb
21689,0bNxdr2hiuRVA66Vzh6SzY
21690,5ud6YYZ91cre0SCZrETB9B
21691,7LUdqlJLUzbAIq9eXPbR3T
21692,5SYx9ioKukWhGoiyGhazAy
21693,76IkF7pA7RscjDTvOFT4vb
21694,5pDXKEZKIXFpIUMYFB4agX
21695,1rvLgiDr2qd5yUjQsl0TW5
21696,3uatHHlAYm3X9RyAXJCmzq
21697,1hj3rGwfdISW86Xfpy6c1y
21698,7B3QMNfsrujGZvwnbDUk7U
21699,7hQTewgpQuqocEizvO80GB
21700,3vo7B2JhuDDQLHLve24uSR
21701,3ALlJ5Yp3i513wgLemqkpq
21702,2bEiRcvcvVO0LUXeAbfqCb
21703,31VLSfg86NJN74rUHQi7e8
21704,4xsUcP1S7jftedDb9vYTqG
21705,0e5NqhlQOqxdoaxoTKYH87
21706,5nRXZRtjY8ZqpudWaqaMch
21707,5ygwa6rhlvl8zECUzCvxPA
21708,47GPmUbk1DsTNYJdL74LHz
21709,7edQuvEAjxUknLrYHmcNRl
21710,3xW8tODLhF9AOfWdi7i7Rg
21711,0HXGQ1mbADtsBVEGqNhEkB
21712,6vbRA9yAAgIXtDlmhyNqPq
21713,6pD882TOAHVmYtqqsudurw
21714,2nUsgKV1A5qyrFJpi3GSqU
21715,5NzkLODPV0XTb27rQdx9oK
21716,5kpR5FGxURGPnNzBPHpcOg
21717,2wN4YJgY7X2cLU01YDOPsd
21718,6km5P9WuQRAcJaqYGde8Ex
21719,4NVdGprqNV2yzhZBhDw9wC
21720,6tiHWWHwrj8J1Mgcie7zET
21721,3HTaKftetB9nQ4Vv3KnmvU
21722,2Rkmhm6MySeEaA2vR9aN0K
21723,68LuUBoOiN3FjRdHWvTxem
21724,1AmjPmlSpm2UvK5ws4HT6l
21725,30uP8GMLKfc3LOZS5EYgkn
21726,3GTG49KmOrGGYCznsNZMLD
21727,5MyNHLDiY5ycAxSCXKToBN
21728,1agVrzicFWExgEiAtk8lmr
21729,3NFu8XWbUje3AJxfBeFSR0
21730,7z8ghIdPKCgBWTiOqXAGQ7
21731,4j3vWJ3eJJ2iqdjg2fLbPh
21732,2UcbTMAFpOC3fmUFmr8XtR
21733,3fa0c0PS9Cq42ThuT1R3lJ
21734,0pZwwGEQ3jUXErVy0yGjN0
21735,4jBTahfFDHxIfwEScdE3CW
21736,0ZmMQRufWAag3QeV998sUc
21737,5VdaNqBdJ1PCLIboEnqge2
21738,4kVpdy4mnZ8FLPw0hGV8hk
21739,6TUK6UJ3A0YbGsiyPgYzYV
21740,5HhTr4S4XdKu6GUM2gxgWi
21741,6h76dhzIqofQ7cvtNeOzo0
21742,6Xk7PnitV9jCRorWt2LiVZ
21743,5cU03HO2RAI7yPDzw5c4lr
21744,2QopMgxuTfEaJYNSxMz6tJ
21745,6m8SIT10j41SPpPFOknTmP
21746,6KqhPfkGbliDxjIQBVzltm
21747,2X4VDrapvPq7rT25coqyw4
21748,2FORPQIrhiSwHLZdv4MtZj
21749,5iF3clvwj0JlFZCvStv7HK
21750,6DXMGv6IGeqFXLQW8vkGwT
21751,49yIEhJfKKm6nurvpCCI8B
21752,4OavniuBrY2OWcxTRb91jY
21753,25etfnMJP9l2q2rpi6Z792
21754,0oV9eu6jnXbo2CT5lCPP8b
21755,24Is3ptVxbEtV2wgszXcH2
21756,3s9pOcV5EI3lwwbXHZ5Btq
21757,0PxqK0EMignEIxkpU3UgPC
21758,35t1Py2yeA03iR0VB3GkJ0
21759,5XotsIxGpYPYddckIOPaDb
21760,7c51IbCZVGbE9S2baPV3Mg
21761,64NmjCpedm8aVQDDp3RhWX
21762,1NoDQK8YXI5YiarNTOirfm
21763,3lWNuCBaWmlqrvPQpHODq2
21764,4QoKkFRHjAq2cfcUgOBtvK
21765,5VzQbX1nhRv4j4Que0HCB5
21766,6MRaTq2WlxYlYedfyxJnGp
21767,3rYni5R2Cfl8URaoVukdp3
21768,5A8XpuTwsNyiVVBKu39QQL
21769,2ylxxYaRNe9GxAcT0U5CN4
21770,2MG21WtKc3GFAOEj9as79Z
21771,4Yer5J62AsSebsDBr7xla6
21772,0t2dUs4hdZTuYA8JTvBBZ6
21773,3zT5qn9OQvldJKDJ2xE80V
21774,6KEkXeBJIHTFifMp9HK8tc
21775,0SYQIiHbmLEeZ1FWr40iev
21776,39BJa4Or7wfZGXSI3eRs1K
21777,02C433ZVoi5cPFOSEKKzUX
21778,60UCKy2P4qiyLOzlvofhJ3
21779,3XnTMZcTlzWeVlBgv7H39f
21780,0WR1GmClNHBGNNYCDAgg92
21781,5jhONx3aLPrLNKtGtSEQFW
21782,4HndRqLEdOIcSPEXXB1ksx
21783,4kIFWBdE4nzdlMHqhR4dpv
21784,1pXU0iNtAcsrCOUnDC7dyc
21785,0YCdLht50M3zLYm62JuinD
21786,5rB0REBgBnHNmfJmtJxNbv
21787,0l5rgSMuvbFfMArLt0ssdI
21788,6YRLastvRfZvq3UBBUyMv3
21789,0ZsyUWo0CA4nMzyh0i3jtp
21790,5eBtEKm900dfeF2q4NJWc2
21791,32hfK9Fo5V46JpWtxCwHSW
21792,5SGaKs4lgCZxOdKgl2vE0e
21793,3IZCKnMPEthk8zg0nR2Lnd
21794,3a2KWUVX0B49MCePYRMv8B
21795,6vt0I1cw1YmAIKDJvHVIM5
21796,1ZzcRS94r53JKYHrr5YtAL
21797,5ahh5T7vRWVDUBFu6fL2xQ
21798,6f4vYCxKR0v1qMhUZB6gf0
21799,5UVAPfV3T15X23qdYUWp7f
21800,4ytI4n1wSNn5M8ER6JVXa5
21801,0mJrvUPjcpDPtYbjW3yxiE
21802,3uoQIZiEENqa7yEObOSakx
21803,4kIGqbWvFxMTObrrMkDunJ
21804,5s5tgBGCsWiZhit7pzCx7n
21805,6yuj9S4dHnX7GunKShtNTW
21806,1cQsHFYDGWuNSK18fo6hcM
21807,64LJZpSz4VxvNDcyx1762M
21808,48ivihVarmoM0FEpX9s566
21809,0dJQpI5gTTMvso3m1PPgSi
21810,3rSwQRWZSNsMnyBRNVw1HZ
21811,5lNijPYeNgTuvf1eqWTota
21812,3N8w5fC2VmglVTPyvuu6pr
21813,113Ic34n00ufpCtiijoGQv
21814,5yqe9g75oN5vbaraQAVLbX
21815,5z9KI1MXL0T9c6K2Pe6fUG
21816,7ejuTYxedcWpKjnkATgMLm
21817,21KH3KOkTjqPM0lCoba0UC
21818,5S0xlJNPc9r3zqOn8kWwIx
21819,15SlrPGyouN1Jys4nIj1PV
21820,4ofg4Jc82bXC8PdoMrglgg
21821,0Ths9nDoLPGrjKJoRiN5Me
21822,2PLifAAOEFlwGaxqSYjrmJ
21823,3Hy0C5iiVc4bwixloPiXSL
21824,6XNvPUG4unT9qbq40rEzu7
21825,18HfOXVn5vDdarj2AUFfpV
21826,0D2m3GX6mNfNB6dKJQjCgM
21827,6ftDkEHUqJP87UPMMRWx6x
21828,47V8KQvRnIevFeNj3nnZqb
21829,6UBjSnyP1O5W5ndJoO9vUk
21830,2BrR3AbXPc3GYK1MVEmQQV
21831,1n204QpXNyqVsDZBFmcGeL
21832,7aMCaaHHN9LS3StErta706
21833,3PIKd6jA1IjDlAehuhQNFU
21834,4akRiwPEVjKZJJmXGO0RWD
21835,5o0hXCXwwswm8Ij2w2ZxfK
21836,0f6OtJy0hBl474hSlqjt8X
21837,2FS102qAptvLyZ7hRXClUk
21838,4YVoPWR7yDu6YAdmmO9Mae
21839,0WD5wJybBX8vwyC6BbwSAL
21840,0K0ZhXX3E3TO1feHSCh6P1
21841,6zjGD8IwbcXuXqj6t1hFAL
21842,1fxKYGuNuR3724AXChJDAP
21843,43wOnyLJcwYfKVNxXZWPDz
21844,2AJklcbHCK2wZorygfAuT3
21845,4aYx5SrndrSEXat4Zd9a9U
21846,6bMqQogZNBfntMz9wggan9
21847,54HXAU6MoNKVE7gEInjC72
21848,3DvmMqJpbxJdsHppE151Om
21849,1h85nvkeXtqB7oyxOp64Z0
21850,7xD2gwOFzALvK937FbV9dU
21851,5qFmtU2b7EvbhFG8NZOffH
21852,6hAobPYBzuyDRRUyK3am7t
21853,2w32svvHAH03WbtsNouICw
21854,2sFPuANmnZ9jIjmpqJntRO
21855,42kFNfNIxFdN6U487b58Qd
21856,4ahFzFAZRpfWaGbA2J3dAq
21857,1c5LuOe0ktxmD1Hgq3h7h0
21858,0c4jJExkqwWuCEX3G2D1t5
21859,20EpQjfV7B4ZQJkIdHO1Tw
21860,0D3bX53KP5VsPWLjCOU2fA
21861,7s2yGiQFye1pAbpuKZeYZ5
21862,3NOwDRudL04YjNyUp9p4SU
21863,3U7SEPhJh3vsE8HdworzR2
21864,0dUwrzrMgBpODIDh3QTQ3U
21865,16sDKDNrZE84L0J11Qugi3
21866,4fAwC3VQl3Eabe8SbrFeDl
21867,74bERLnBoZg8Ex5OlVIHmJ
21868,6gHCsiTAlRtlfCLUhTwq7o
21869,0Xr8gISAhZYZUZKq3GgSFW
21870,6SGt8j4UPdPdUsrBoz6YlW
21871,2q4eRiRkawINt81bxR0baG
21872,16kG3zL5lIXRHi1bEGG06i
21873,2NaRJgqX1EXOMDDKQQsMfe
21874,7Hqs9Z5LRbgafVST6Ds9TH
21875,6FKNqGtixJsL4Y1Qcpj7jQ
21876,38YqRiPQlbURPlMDAcqLu5
21877,1q1QFqng8U7qeNjYIqaQd1
21878,0ELYcTVRLwEW4C6z9j8vSu
21879,4QwrBosygF6OOX9GJMd0Xj
21880,2vOon35b1M0AuOXT6qFa2e
21881,2BqABA2hfI6cNOqogEDnwO
21882,4MetuGtrEhs0rzH1a3FYRO
21883,69fra6WaruN2FxUO0RLh6K
21884,7cOY6vXmsZS85mSCAaa5rF
21885,6IG8eHWJwtYXLujOIwIivs
21886,4NCNS1hUY29Iy2o7qKpGBG
21887,3W2BkK8EEHkRttlS17YtvV
21888,4TLmdQseuUNzppwFUsckB4
21889,3jrdVcIRLuYtfJJHD0tpCp
21890,3z1PqYwMtct2Dm4R9lhWnT
21891,2qzofNBUxKOudAUZNmH0bs
21892,55QVNnLD7LeAToBotul8VX
21893,2xjM014kDdBQlMWwQXNKHU
21894,0Z5ylE8yV1j3gLFWdmkTgS
21895,6PnOx0enKkPv6dZYaqq56x
21896,2YBgj0qO7elULQYmFGI8PV
21897,0ZHGYKgO3uim2g9JCIWU4U
21898,0dSgYJVFApepFWEQ45pjLV
21899,4SdlPJtSEk4md0qh3BAkMu
21900,15dcELcPRPW0tTH23AG8YS
21901,24R3yPlBbQZ0OMrehsnbtu
21902,0CVS03vCYLC3iWJXsN5h5M
21903,7w5Kl9VFKDgautHvl6SPa4
21904,7zdTs7ScPLRnDVT2EDMatp
21905,2JNVLW3cX0mciExuS7Qfww
21906,63sW4flx6NwcNesuSF2Wiv
21907,3Va2fMjNgbZgfUhEEIblvr
21908,7yu5fSKE6rtPoQkyyoTbl4
21909,3iyq8jveRt7YBY5YS7obiV
21910,4uYh0zi1aObz8kz9OxJf6X
21911,1Afbnn6zmGz0DCSx3r7ooK
21912,2hicCUW3V3ozHu8XCl971b
21913,240IUb0fdWykINpqINGlSu
21914,1WoYyAdsq3rd8oOskdxecQ
21915,5XglCdjCtfFJpKlIOf1y4I
21916,1S55d7hhptRt8PS6nC1fSY
21917,7EFijGOOQvYehbTNffivwk
21918,7rQ0ZiEsHNXBGDMXsq8PZj
21919,4KkhntAiROYNzy82A1PLFu
21920,1P9VGEZN9L7YbIlsENOtJW
21921,3dbpnWXyjMGWw2qSWbPmvQ
21922,2ToEAsBavdKFjPknaDNYp4
21923,0C8WLTAQYL2GEGAwmVr7mM
21924,7sAwtNXTTq2GWaVtdA6IfX
21925,7KtlJnuaR9C3ZgMoO2J9gV
21926,6tW6wr6F847Ei5cbLrbTsh
21927,4otlaULwl7EcfsfqI3HP2g
21928,6MmEhuhrGUoMgfOzwqMyn5
21929,0SfJzAB77fcnkUw3G3upf2
21930,7xEv1PJaRQzdsuhgY9WXaP
21931,1aQhlkHfJnNjsbBUxff5sU
21932,66K8dqs6hHzagCaSlxPqAu
21933,1z2SfAfgEytfsXvzcK59mU
21934,4NPJJpgmAb29HXKgzU396B
21935,3HKV2TCxpAAlHQphu4cJD0
21936,6KQ25LLuq8GuHKidkv1lMj
21937,3gth5J7yA1ygcxR7Vepbsn
21938,4PLC8MUQrpLxlGUa1vfHMn
21939,7GJcapiST8yrH6ucY2aIZ5
21940,6dJwHrWQVRjlvB0SULRDSK
21941,7zvIFo9OIKPGAHXQZWiZbW
21942,3oYMTCQex8J82uDjI0oHih
21943,65EFs1ECHr8k4mFw7MrFvs
21944,50ECBEWF5HIJ8HqJowrZir
21945,2yddHdSrd7TuNirwNVQQgw
21946,0x3qIXYkqRbQhSUanAqyj5
21947,4hvxrI9P7c480gW0arZn3d
21948,65YN48Hq8ZANkw80rd9n6C
21949,5boHHXUR2McRQAfMWwQzHT
21950,0DcGPOJHbAaHFoRAfnU09W
21951,2kpaBIgEVqOWTbahiK0HA0
21952,1AeSDQ6MsSsYPxtnxXTSkr
21953,0E2sOgwf5fkfCut6jRAhWy
21954,3drDVB9V32LVseLBRbx98w
21955,2vyyNbBGv8x5sH2O8YykuJ
21956,2EuIkhXkq3Eo8MioInRm7e
21957,4duXerNlPUiaVnQUFPLEj7
21958,7dc2AyxfNU1B0MO5vaWRfG
21959,3xKBRPlZw8Qx8gLbImPOmo
21960,6Xc5HQrlHmb2IwG5PIWXtA
21961,2600h9YQKgRW8RRLLgJ1XF
21962,0QCoH6BsezAw3VOYbbp46s
21963,7uWUTFclzEb1MhzJEOZt20
21964,4Uah1pyFsLEsw4eauJvuNF
21965,1tuTSBuLJ3DZirYLNMohnk
21966,1NVcM6L9Qy0cTGQnVAtH2z
21967,7mFvyn8NagS5sogWI0LlGo
21968,08IIDDeGMsbKnkSHTVX9Cj
21969,3JLzne7Jdbkro8XoJFbwXz
21970,3yCrMPG8wX2p4QHEd8eHjh
21971,5jhVzDhCp6hAtit6oOE7Rw
21972,1oMd2mIwmrRPDirsRRAL0e
21973,7sXuBbvVc7ntRShABTEcm5
21974,30PiUjvf1O2NiX6zhB5O9m
21975,3i8S7Cnk4cnLHtbOJUSBX0
21976,69PdgDDV16OgjRqIPUMSGB
21977,0PKZrqr6PM5PNRUPrcUauT
21978,7b0z457p1ONEEAuWRws0vS
21979,33CfD8UkDEcSdAP9j4QpUY
21980,7Mrrdnarn3rHAiO98onYNs
21981,5Y9lGDarLzVmxWGUlgsQjq
21982,3AkCkuC8LuRFEnvyKBQUOg
21983,0EFXD5lwy1AyN5R4CgbY5p
21984,6p6mkYP5O2FSyIKB4zT6xr
21985,2H3jJv8OB8JM7RLyAtilKv
21986,63F2JqYzuiAzHOmMDPVB3Z
21987,2KMeGBLxRHCUZ5syfTFBcx
21988,4BTB5xny1qQYJNl3q4HMX0
21989,0FV517ccN8puhHhJIULgyR
21990,78BQ7JyJyjLhOwNsz8TlFD
21991,0azYYAnmXxL26dsS9F3nTL
21992,0maGJnlOCWQQzoJZdeVWNN
21993,6nOgfdfLQ6ZzlRMTqiqQlt
21994,1Nl8D4SJY9O781CZaEYouL
21995,33CkILOKG0odioiqjvkAEU
21996,3Fg1qRDQEOJPYnHOCVqaqT
21997,3acOX53ZUy4N11zEvNa7N6
21998,2mnvYxSVpZTElTXxbM25I9
21999,7gf0ZF5SEWiQ4ytJE796IO
22000,6cGoEp4BLT8tOkAViQtnAl
22001,2LXtaBWlREPQ1LDGCQKpKP
22002,2Xnbnmo8pIBbfkcgEBVydz
22003,7AkEYPTtZun3eDofUph48G
22004,7shn5ybQaxhfdtysQcAdGj
22005,0UoNf959GhSzpsrJodEC4i
22006,28WSuFcspGtw24pnP7aqii
22007,4rXSVEYOuJNicjAm3NiYK6
22008,0TfALzp5fAdJMHptbdJGZi
22009,1UQJhzXX8rnWbI7BgMpzhu
22010,0OhaQ9ifHD1euMHcKhsX80
22011,0OtP3wQ4wrsUVcfpROOa0M
22012,2smIbcgu7TcaDa276NnCz0
22013,0iv8n7p5ywkhoWbiCt4QbI
22014,4cwW9clavlRQYKDjU59BEK
22015,3IOt4FbznzKNYsuHwjelpe
22016,384QzCWUyXbF4U2afrLYcT
22017,2FrEfPalWt3ZhI7yR3AIjB
22018,4dO8w31U0trkmdr7wL1z4A
22019,4nhKtqoFbcUUjTgzSCLLI2
22020,7Hs39LOJyhAGWLhmjYjGrK
22021,6CQ27xsXTkG0hd2BAKaDil
22022,40dweDLovf20EbZCq1Kwj1
22023,02PiwfcW4LuKxhDi3JfH01
22024,7BDQ7lfI6JBLDr7ucZcScv
22025,5oZ8X84P8znZFTOJ6lFkdF
22026,7thJpczjPNMdeYSZjpxJI2
22027,34fhbwQTTHLqSMMYlt9AUj
22028,5dOJPwarDEz97ThiMLEDPi
22029,2IDBh3Nuej2wFUk2JmWEmQ
22030,7D9E6TkKFb0gKxfNwjATX1
22031,0Fs7jajFWWfBcC4Mox3m7p
22032,49E8D3Juyz6ijW153r9gS7
22033,1iyMFoo47nZUetQRyPeSBh
22034,1dHRpEHdiHx6PTog45JzSY
22035,34iIDAA9JMVcvd392v0mzw
22036,2g3qjMVBZVAf5N7pnxuCmg
22037,4J3uZ8sSW3qAByp5P4fMtL
22038,3dZsdg20B0qHd8HdInjltd
22039,6cThL8V1q4gIQH35xqmbZ4
22040,4fxwbUSI6jF4XdnvCUVG97
22041,1CH4iKlzvNAKMT8l88Qdmr
22042,3WvZwBuqxIEO3u05bINhtt
22043,7Bu0E2t0SIGlFZPq54LNuA
22044,0jtT7MjXEOMMGXkBCYPlBE
22045,68l4RTNtJ3BYW5ZK1rpHQz
22046,1Z8g5DaV8TOH0eCfueuwXX
22047,31EdJlJr0myVrjSzv8hKG0
22048,0z51tLlaIErDzgCxVsCImJ
22049,2aEKuHfUYHLPbDSQdyrUpi
22050,6OlCrgigpvnK25xQFoDhU4
22051,0X7KcOQdOeAuHQjURq0PVL
22052,7fdyO2uOxnVTF9tvJMxRfC
22053,77PkWJZKR9fyycYC8KNDbE
22054,4grUGQeAfNs6yQOdgEkncM
22055,5OlB1bAkRhheDudIhWImFy
22056,00IuYbkpL3bQilWyhhR7aE
22057,7MfgAqd0O0WdSeLVMX8y1K
22058,3qutme9LGrnmsORTo8wk86
22059,1L4yeUoBI6Vjp9QRb9hVNp
22060,5GeUuIe0VcTrkTJgqTopQZ
22061,5GvUDvi86VwlednrSTxTpZ
22062,0FXDiS0O3UzwK82fqdO7rM
22063,5UzPgmMKEwsxZsQbwXQFkY
22064,0Wqk73ahXfPPeC3GpUq0S1
22065,4N8WsYWo5vVWUg8hasmul0
22066,3GlGCdQ8ixV5MAuf3ANCxE
22067,6ySBW6G707V9v4nzKd7Loi
22068,60FrmRu2pDIsT70N2AJLZl
22069,08HCALU6WZhiFXyTsl7PE8
22070,5r6xbk8KyR07LqjqbVI21P
22071,5pfqqD3aXvQ8CPo9laqED7
22072,4IPrM95OTTXMJYKXpdJEME
22073,2vvT7Aq6paqkOPPtlzyruR
22074,4n0melhvBC03tHKdvoXJRM
22075,4u6RcZ2mnHvEVOVrgjgnRj
22076,0Ti1sgDGGBg1VUkU9nFuLX
22077,5iBKjuwu9ejyHOtK9Vgauy
22078,47380qoz6SAn2cuEhXFG1e
22079,0G46A4PQeem2ejAHUjYYOI
22080,539wfGOsGcRmT1IBVUfiJV
22081,5XltwtaenRRvD9dNj76t5l
22082,3KuZI3rGCWkmU3DmgYUekI
22083,3kYwPvsxioYl5IXCbq7gtM
22084,5XX9oGZfgKMXdHnEp4t2JB
22085,6jdOi5U5LBzQrc4c1VT983
22086,4pocJl5ReXOTaMDIK7VPXj
22087,5fs0LHUu38cIGAGIYouP7L
22088,4eQJQYByxgfCGwGgJDS4Pt
22089,1h5NH0tJWyBwqU3hGv0jk1
22090,17zcvGKe8RWEC5rVd7SKIc
22091,3fpSlxWdiKbqkWbyWAoMGM
22092,4lIW0ry0OciSOTHvxxJpIT
22093,5D29PI3g8UmTHLnjX7e3CQ
22094,3UsvZGhlJrBTX2OWXh2BvC
22095,5jeKbDHJwG2V5bkf1FJLRm
22096,6Z4O4Ugbk9jpDrXyrpFG8g
22097,4u2b3QdJ6FkyaaTK0TrRQR
22098,60fyxylL0dlUjP6VKpLFyT
22099,1Yi16lJMqDghrHBsI2v0iu
22100,0rlibmoWb58hRcQ4wA4Fsh
22101,2xTft6GEZeTyWNpdX94rkf
22102,61ncm9BwPUwVjjHX1LeJeS
22103,4eS9umlLK4MYscFl5qXxBQ
22104,0lcuhtx0HtZeWFUYFqIi5P
22105,3DWuOLP66ZU4GKIb3ZRGNr
22106,5Il3ccfVsi0CSPsXRXWOqg
22107,28P71ctb4soXsFLTZmHGj0
22108,0bvDfHDC3uuDv9ElJzG12v
22109,3tjG71qkIGvAqBVht0Zkkf
22110,2pKCG9n6lszQw8yABVhUIG
22111,2xbhcJXTVA6nZJM2R1PXbY
22112,2gYLeC5Ikd8DFSJfwGZJp3
22113,25Fs6qvaTXcICvsRRasCFC
22114,27CwyJriNArZhrSfpyBeLG
22115,2qc16g9ZdiezyjunQ3TtVE
22116,3eZRkWtuyGBFzUxR0qnTZ3
22117,6qzrABvo4DnUiDlg3nuJsf
22118,1AqfsLV5UYDyI0B9ulI801
22119,2UkAjD17Sc1bH39sKCTCJN
22120,0WjvB0SzNvgmuM46UjcMr8
22121,5VUNY7dWoo8BxuJrbryY5g
22122,0uOw3oyb75bOBM4RzCvNLY
22123,5HtY6qRNf3NUgNzIc10SuJ
22124,5HXWIpc8zLACuoaR5gMaip
22125,61GjDXY1EKKlEVgMyse1Vr
22126,1fz7S2UDPuFeAgSzTTGLYr
22127,1OiUQqQyutHFy7tQHInoMS
22128,70zzh1zJzREdCIlmy6fsiB
22129,6Yc3tjFCVR2bfAQFRTZBef
22130,22g64LqWLZHAu9yqM2r6JD
22131,5NecCYm2HVFJRn5n24bZA3
22132,4iCNcZUN4dW5iU92grO7xG
22133,6TFYNOZwFn7BKxJpFIOL6T
22134,3Fi7TFbkTlr1vvBP1mFuYg
22135,6o0DKZcSEuIkGR73id6Mdq
22136,0ckb2CQZkSeY5rSTQBPu5x
22137,5SkRLpaGtvYPhw02vZhQQ9
22138,2g33eqAZDmKYop6zuy1uBb
22139,0PNgkFk0lxpFGkoOdVHsqc
22140,3MOKBkpsarb0AfAABcLAsn
22141,5XTdMVT5i5qcfyTXWxhxVZ
22142,1U9aBW5mGvUSptkZz1UzPs
22143,6kvJuHxn3BrRhFxLrBEt8c
22144,7aBcRKpFuACas7eoWh4QlC
22145,2RkGWaHGWwTCFBEVzKAgHu
22146,2snThw2Vm8oCwfdsF9RZzg
22147,5B2f9QYSHURpavmxoVPC0t
22148,2TyM5nzkr4JHrmCmNFRUJM
22149,36MXYNEKwnDT6CpUzyU4LN
22150,3HjeWcniuFpFet9scXxD5d
22151,6YPui2Uq0mMBNGj8B7oe4L
22152,3Gyg8dapfUCj43kl5dt5qu
22153,0O4xDpNEpOKCM9FtYuNjsw
22154,2xtEWkXksrdy4dT53pGwQs
22155,6iYXqgmm3K6EBU15zWoFDZ
22156,2gAmHfX6qtpn1JnLJTjLQt
22157,4XIyKIqxM2wo4mZJYPwoqa
22158,1yh1VrgbKyL493x9saxxqQ
22159,721inGz4lNpG22DObhI8l3
22160,6Nw3P2n7SN4avrPgw9b92l
22161,6hOjHZPdmcXqDjsbuFXsdB
22162,0SHqEOAX5JeSl26nboNSkz
22163,5t5JNZBkRgVaVom9N3gqyr
22164,6Zm2M8EqC9aug2g7lTbnsF
22165,0dmpwMBncOCLnwrV3TgliU
22166,1ckFT0Nz8gOZPBygtf8uHP
22167,6j98DS4sZpwYK3ADm9WmP1
22168,67raAnFppOzcdva7vwlGeu
22169,0hTFEWK4Rso35cjOlvZTHg
22170,1ZUz12dCepaxLj5uZKq0cp
22171,7bv6jlFlY7QspMOIDxBe6z
22172,7rv646256ZRECLwqkoIPnO
22173,4LmdqWHb3HtCzSVbw4SpFb
22174,52xUetsVyXqeVoTB4SleBt
22175,1Cy14XP89wLqFHfT0uG9z3
22176,6kcS27BkRzqvuo2o5l29OZ
22177,5AKAyMEL5LqCkafztPdBSI
22178,5myYVRatK75bobKDmhK1jl
22179,6oUsBKHC4iQFZ73brbEhhz
22180,3uXHSf9sSIpOJWuC1H8DiU
22181,6PHvw5aBX2gGOeGXNaKnFV
22182,0RJuUzRwNTxZazoovI01VD
22183,2S2PPGtX5KWk02Vav6r8F8
22184,7tI8JQx95DRSD7kzszxFdO
22185,53lfTfzp7JKZhsc23HWxn8
22186,3mRsqDndAcdKBInLbAsXiH
22187,4KyMGBG4OiseCzNdWgexm5
22188,3dL040gPUGKyn823AlUbPS
22189,5SWfocxhAkjf3eg4lrv8vZ
22190,5VChaeq6hagzFFwDsWETyz
22191,43EpAmedR3gVJNg3WgOHmo
22192,1gZ1mDu4N5yxt0Da0zZ5RI
22193,7uRWsRaKHiBPQlA9htJegH
22194,1rkZE7gLQX9xukjiNQ9WR6
22195,6G5u9JjlR02wbPOFHLFsyW
22196,0zVxhpSAzYpS8enpN1W29u
22197,5cxHKq2KRxwq8v6xQUQJq3
22198,6QxuZMdsElzjC1NnXUfl8c
22199,1DrJC3J11DolsHxVd8cAmq
22200,1FXfS1QHrZxbg7i410Fpdm
22201,52jWti9n0YGI6QVuZnM3Jt
22202,3hYctzBStAGPRvahcZmJJF
22203,4e0SLDU1gDDyJSscUmA8hm
22204,3AiXzUyFAFZVBGVAADPN5a
22205,3sUGSc0A6pvWZBv17WZvti
22206,5zHgT1ibsBrSOEnQwZapto
22207,7sZmBEfEGrNkN57jENsJXx
22208,6WZ7m2DchylL6iTFhrBW4W
22209,5DRBq6zgMQ9RzvtQNmy1p1
22210,7HhxQyDHGrtwqaR3QmH30N
22211,4CoYcK7Izx5JHz2obKDDir
22212,6lMijBGuA7OZNgk0fN4vWS
22213,3bHhViIaKeurKFeax57Fio
22214,7o6QW7xRto7KRwb6ZyzNwf
22215,4xKT04WZjJDSjeMI5jp3Z1
22216,0JEKjcASLLR1kzRWuP3Hp0
22217,72JBjOhPAoTnfP6E7mDbsZ
22218,7Av8l4HGbwrKHeC1FrUySD
22219,7CnzNp6HOnp4d8OIXXPDb7
22220,5SKtkMml5mxJMGzBycbpf2
22221,23gv5ESrUsOWQWOHEYvFTp
22222,6M8QnhPEk1uVFSCP6CscZ7
22223,4NZKGuH5tiFDQu3N58aBXN
22224,69dyLwqN8nORl9wAGSb0Wp
22225,2fGylzsm3iU8PsEgCat5SX
22226,1k9956vh5USl4OvuILi1fn
22227,2jv5jGgC1iFQ9Ury2ci9Y4
22228,6P4XyViJkq9QGEHtzfMIrH
22229,6M3xCdMzl6Xk6lQzvrDOqd
22230,44rI42cfSY2ZtHnXnFTQ8I
22231,7Db4ViXHhXYznDDRdfX2VB
22232,5v5T07auBhaLLrtDaTTsrX
22233,2NoIxZey53oiQAgAWW8NBj
22234,3QtNPpwrajozNB5AORHYzP
22235,2AppE6JeQQsLycDiycaCYK
22236,6arIkRYjnK8iO7wsSl0VW2
22237,1NkaiOsnkhOhFlaW8wiL2g
22238,5vs7D87T7JqY1NVeVmuNMK
22239,16PoutTY8nB9GuDngJ0VS2
22240,4nNQHLhhjwAAmcm9Zcrebd
22241,3djP1zvc4B4rAvEHcH5bid
22242,5FMhejeHdxTibd9T0pfurT
22243,6kr4ICaDvFi9CjmKtgbTK8
22244,0KQwDXsVoQuT2qXC0lx7Z0
22245,5eZCOFEofhEA9sKvr6OxYB
22246,4D4lv6Qps2bdndqLPYBlqu
22247,1ytWVUYZiVJq8FriPFtafJ
22248,7DMRa5zxPwO2FAJEowmBzX
22249,5NDaGRaW0Ykf6NKmDnRUqU
22250,6Nv6Rn2CHOTdOq3axpmr2e
22251,2Id5lnwBry6fHl2uSjw1FZ
22252,6hpIsOIKmQwb34D4y2zr8B
22253,6WKyTUoaAzKvpeESdzaeh6
22254,22MrUsCoZsypVksOdgGBtJ
22255,3qajaT7SlHASyRAPbjWuxV
22256,2oRPcAufde86byH0FDmUrH
22257,5P9EZpsQy7pBrxosDozOgZ
22258,3oScR09PETzUhMmzc9aDqx
22259,0hSMYFjDOvzULFrOtmC3s6
22260,775Q8diCxEWZAoPiutwiC8
22261,2oQQa2t9mRmoqBuf1LVzb3
22262,4XAmK4WemjDOsl9BbsdnIZ
22263,7vPipSX3rWunfc78S8q8Vy
22264,1GBOG2XUNOlebG1RY0QSWu
22265,4o2oGWMEURiNFDj2zRH0Zu
22266,5yuT8c6QKSUD8nZgLLxu6z
22267,3pxZDIRFzVpQINTg68scGv
22268,0t9tAi5yBefF146XwR3ca4
22269,41TapGlcPjKM3qsj28czDB
22270,786f2LlX5QbosttJLoJVQS
22271,3stWWPN41byqp8loPdy92u
22272,2qhbarUPrqgpMyRNEaGZzT
22273,1mbriZa51qjl7BP89rE9a8
22274,3ar7ZP40hjo1R0ngvYkzop
22275,0cj2joJcY6b4XSRfj2eZOl
22276,4UFpoCeziZOx8CgZvkifnX
22277,0zMrzYBoEHsIQ4AXNhI1eW
22278,4QSZAkVOdyQsfiLbu0Kjva
22279,3hJoAM3O7q1i70lJRf8Cky
22280,6erZ2rj8q3vpbQ0q6LMxCa
22281,69Hizko5zcgShWeS2ydZpG
22282,4A4DPAyhXSTzehnBstdAnt
22283,2wWtRwKy30b7EDrOrPUsgG
22284,5pyyRY6uigjPATp18ck7yc
22285,0sPiza8yrco9sCmwI2aTGh
22286,0JGZBcfnqLvz2wGOP47i4i
22287,2UsnjLHBKPaaRjZiWYUCpj
22288,04ZDx6F0HVM2EEL9TWBfPG
22289,5Zm2BnGdRDUFx0hzAOOOU5
22290,0EJsHDRwb9M5Cl35BKDXwh
22291,5Rw3X65fMm5LRpkvezXGIj
22292,15WD3U0Hwm0XXGcEdiWmwa
22293,326wRoNjPUW3YKOG9Uh0Ib
22294,66pqkedmXZkbgEIxCwvZAY
22295,5gav7Y8O7XAKouW9JYsZza
22296,27rvo9ghk6xB5Lvsf3WXKF
22297,4gx7t1Wpe1MlytpAKUSt2B
22298,76pxJ4l1svv3L69qJMPrhN
22299,30QLL3vjXGYTEUdwz03p4E
22300,1G7KP4vOGAjUDklhT06MOq
22301,1BoDtQ6pgFZoLmCOl3nVtc
22302,1q7316rv2bkGdhrQlHRimR
22303,30f1CJ2yzc1VLF7IdTle4v
22304,1hoWZs6L4kAI9CZmibua21
22305,5hlMo2OmxQbGLpNTt3cHfj
22306,2U4OySe7RYBlBl2EIDh69r
22307,3KU1NT0lEUFaiYhA5CQfzC
22308,6kEpjptnAwt11Atr4cEMe1
22309,3IWpN4ryXbv3jj6rNr4Vcp
22310,1OK5pp7bzJ2xCz3cIYkYy6
22311,2OnaCl52e39x6jxsQUMfq9
22312,62wOTFDTRkjyi45HCwvUC5
22313,0AlBTVStfImHrsXT631TvY
22314,7EpPLLV9WYeCTasKBHaZX9
22315,2ZNASTengrEMP3P9T9bFP5
22316,0Ot1vHXgQBXb7jgUjsvru5
22317,0tiHQhYilIH8w5R3zxmTlZ
22318,5QM8QVODzEaVmAVIYnjNMT
22319,5dWj3FrDhESDQvO3UwZm60
22320,4XEVsSGTRSO6iZHu6BA83N
22321,5qX4r5vT9bY8xMsiKuZhQn
22322,5MKZ05Xh87jxNkQDbMhY7Z
22323,4m8nwyzRuSJyE7gO6qD40T
22324,3NVAemUSBZ4aBuNViXOMWs
22325,2K0jy0V8zjmBonPsWAwNs8
22326,1Z3MpJCqjPZbbpxmY5xnuQ
22327,1taErW96l9471FIiuSmyfO
22328,11riJrU1R8Mx2okH11JRxd
22329,0ippZH1Dp2eFT8J9ZnM5zi
22330,2cLnrpy5Lj8tbDY9jiPrhV
22331,7MxkBqqxn7YF1PhXsuxLGD
22332,1BMiiLHQUmQ23hzsdBmOHn
22333,27D809YEzcMcPp2dItxfkL
22334,3nqJnW8dtEvuWeXlDUO7MF
22335,1MKahJ5kdup1eQ5BjWlpKc
22336,0I7RaaUQtnLvJbCz9TGenq
22337,7a2Y8ocNl3hFk0LTnfhN7M
22338,6GpOqwcMgzxUsmQjD0nusW
22339,3oELE92ELdTuR4ZR1UZa6Z
22340,1035DoHvpl9k0ExuDSRsSA
22341,3n1J90Z7VZhA5pv6wUaJO1
22342,0ARXr5vrBlb25GozNLdpNT
22343,56tNMHvbcFPvYiDxA7xROH
22344,3u1IVEDaALw9TnOBjXQzTw
22345,6xs7O9VQT31GNHNTHlw2qN
22346,4l13kE6NRnegEBd1B4NMZ9
22347,7B2KNt6FcgaWhucdK8uGZC
22348,10Twfd1cT30a8RlAODoVQW
22349,7tmYmSbcTvoUYJp66puCuG
22350,48ZrJ3bcIKoP7tEWOz18km
22351,5lcESfMrm4MUSg6luzqoP3
22352,7jTB2jRJWtNVnfkAnBJnTW
22353,1HwupvT3AQUqJTqQSF0TMs
22354,2z0qjyvKpB1yj61aLn5ATd
22355,358m2SkMqdbJSSKjAjV4sW
22356,1ZEFnwtREGlbcL0CwPlz1V
22357,7jLAr3fO00U1iEgH9llOWB
22358,5bk7qPltxV8mUpkttUbC2D
22359,42lB3ZkzOMu6gYrO3tHS28
22360,2lnOgzZeXGyApW5BtZ0qyK
22361,4nsaDx1Ahmqa1s9faGnAvH
22362,2ozFNiP2FJHdL8Mh45yfAN
22363,38lB686kyGOU9qMIFvc1DP
22364,41ZKVlNM8CPXxfSNQdbZDd
22365,7A4vWy2XssQumHyumywVJd
22366,1EqlEJXJLhUtwwXrm0Mx6c
22367,45nMMzzE1hEETq37mPO3PE
22368,4cMLthbMtEEghWm4C6jkfO
22369,5sY77QMQ0tA6LBLsjhGPGm
22370,7zV2PzPgowVlQohSs3MF1F
22371,7lSYRZnM7fULyp1eNezYC8
22372,3eqipul7cfRCuUck4Tfd4E
22373,1KFkq7I7d0bVC3SEmK9Zbw
22374,0pEOXdPud27Wcbo9nP3Tea
22375,2NF0ErQUpD6I4tQqDx0kx4
22376,3JyEzN4iGB6o95QwPBU7AZ
22377,6SQscj5MlJaNfQOr201VGF
22378,7251P5s6RJX4qYR5D4q94O
22379,6G0uA9jBD01xfBibTG48It
22380,2vFLeypVscXEVBv3ITzQnY
22381,78kHHBanEhDPeKuWj4eP0s
22382,58nSCvFePeYbU7xvXhGeAo
22383,4V6ZLk1IHdG00qu3B4m8Y9
22384,6zWoNZ86zHYDuFKDuqLw7B
22385,1q3QI1hiT7KvKcjmrRCBwf
22386,35TYSkWlRVun1DTeogNGb8
22387,333drnXZc0yT3dFBSZfNSm
22388,5gzMIScppY3irACo16AO35
22389,69bYzHDGUuvHUnKt0R6hTH
22390,1q3ZKYrVRB2L9imBL1FeRb
22391,6My6Ga47BJ9rjiwTetbDRA
22392,2E6vBwXFzoGkKwzhU5QXfc
22393,5baYPaQxq6dAuQ91gHnnQJ
22394,4KWPRe3R9HnL3VLVBZeg0K
22395,4C3qUD2bCIZg3grc1lUtsf
22396,4DbuEIGBsGIj9dzlRtdKM5
22397,0Mfwz6JTTMrwXo2XIj7WGU
22398,0H799tJ2Y3ZFBabhmKTXWf
22399,6uRllBdAgRvxsMEFGVQwd2
22400,4UPf2eHnblndIwxepTF0AP
22401,35w6fQ0Wnuv7aIryRx7gTq
22402,5whP1p6A6Cbjqtbkp4ytFP
22403,0ZRrJTPXDToRJ2iLo9oLrW
22404,44CBcOX3sG29rUSeVMzLLB
22405,3Iks7rs63Ra9195TX3Lcxk
22406,5vBRsHE6i7o4ahy4weDfge
22407,6QtVdnvRFAiH7qlBgqHbD5
22408,60RTpZCczTUSNlshIhoPHw
22409,2Sy3yTndJ9ZTHkdaOJFH4B
22410,2V5cxyFtUKuIYRthYtg3nL
22411,18NdgXuGQKFErOySeepHrN
22412,46Xqj2wpBD5ldsLw40DvLe
22413,1DKzWnbwEwtoAZEFMQ97Ds
22414,6XJdmdiLRvvQXRLMenQmjx
22415,3s5HFnBMAlJL4nO3Lkgjqg
22416,5c7K0ZuVcmra2hAcGARmMQ
22417,7ciNDwsKl8r0J0bjer5OOm
22418,2zQlfgqYJvPkISWFQwWWHs
22419,0eVyIHSviVk4SkWpO3ACVg
22420,59f2j0ZeeondlIr0meteQq
22421,3ArA9kNEAy7s27mvqlCeu2
22422,4W7cro6nvbkKKcjiBog8j1
22423,15cGdiAHmezm0P04jVAjMo
22424,7xeJKKmWX8PT0N5jZccbVD
22425,37z5awcsf6MNdobyY2GiLt
22426,4TnqgOaR6xt41XBWqXqmhF
22427,4TCU1Fonrr6GfJQhiH5JF7
22428,5LEQvn7MUuBaISgiItq2ai
22429,3P7f4TYXYqz1MwcFiQhgu3
22430,13QlmzEg89fD2DmW3f503g
22431,3R76ZTUP1b1QmrNHXvjZGK
22432,7zRmGvtSy36Jr19U5OInJT
22433,6QnbMXuQ25eK0jnB6AI0Cn
22434,2Mzc8kfrNmSoBRBKql8sUi
22435,5QN2EOIp6XFXCV85dOp35H
22436,2WRZk4eCx7KdCo4VdVKZMl
22437,5m3sgOGJpydqoSw6XrfvEN
22438,4YxMwRP9pM46rkLB1FgPvK
22439,1g4FbhLb43vGQfF1PDacgp
22440,3F9MO6Dw3F7yFXGacehnvP
22441,6hmLnDgpXWZcvBB0vp2D1u
22442,1dPreTqaOGbXMSeUcdITci
22443,7LT7ZAfUUDA7kj3ABmpvJb
22444,18WxWjAQtrhwpdbdLOCd7N
22445,3T2CGUAb3plUAE1O4C8St9
22446,5q1ook7K9TryX59gghZ63D
22447,1pDCdtjsffXAiYN6ZwSd4e
22448,5aqKj3YjALbyYDoAzkHPZV
22449,3NvbuXIPxZfFO3Yfnai23S
22450,0JYYoL3yDRw6mIqNacOp6G
22451,5aAnRNOamHs5yzkPLnZtw5
22452,4VmqrMPBppKFkOw2zuEIt8
22453,7p2qq8w3kMYyacQRsLOYAA
22454,0uwYWf7ijppjndHzXS6bKQ
22455,2mDmiRQu3Bo85mzsudOhSz
22456,4ygQUye7obtqhSltSxp18H
22457,6Dc4jXy29Drcvh5KPvNAqU
22458,3Xkf0dPNJbLMzi2BuGmbDo
22459,0UiXb63styFtMSJUnRcXIY
22460,1gDgTPpdSo9bVouUGzjMsq
22461,1NNjH5hLdiwESwKiM0LISt
22462,1Hcu2NeyCTqcvk2UByNzIR
22463,1kRGTor0WEKB90LWOTIxfR
22464,0shVQUKS0dOq9lfocUhssI
22465,2V3C74thIiX44eKbFBGNxw
22466,2q3a07UVwouO77wgRt7r3F
22467,33PK3d7B9hqvAaiPcGNMKO
22468,2NqpaHct1cbjo5OMKVgxq1
22469,6O5MZWp4ALYW9IOO3AdaWl
22470,70tDcd7mbayAE8rhdL7A2M
22471,75kV0yzZJvqMQALO32dTW6
22472,5dzHlLBWdxdQySpvZLHcu9
22473,4GdajSwRpDJ7EMtMyEkMG6
22474,1ao6Pson5TZ7PaLM2bfmTf
22475,43EV84OHWIkNZiAQplKlWA
22476,1Lw6aGwCfNDKtaSLlD3PpT
22477,0DHdS4Ku01ELEyAfVL0W5g
22478,1qja4itnsquIxIofomg2PE
22479,3p3zX0yAAb0TUR2s1o5eJw
22480,3XPuWy76oNSok2TaPIGqhQ
22481,55f4JiHsK46ftCjzr5CiKl
22482,05xio0eCY3YSSr1OE0usft
22483,6pgdUH7dRJlH5ITa1YeAem
22484,6Do8mrCwUusdtWTSh5EHli
22485,4vljXsAvramaAmxlnk7thA
22486,62gV6mFT6Zzim0Wp8IpYg9
22487,5geqfXs3yqPRjpQZJ5tYOE
22488,3DkLB1Re6kCuO8oqeHX5Ez
22489,28WV0bQTeZ7N2oZK2NbaFW
22490,5TmbbFlVoke2X5RrmyVpQy
22491,1RfPA6mxhOvc5dVK9MHReF
22492,0BNYP5m7EM9d0NwzT86LdE
22493,5Bq54XimtSlc2xBaGGVVhO
22494,7w1OeJ2dmLGVpvI75uIXBf
22495,5lJwPIciPBOHuJ1OHRIIdJ
22496,2mLbsyAYres8gmabRB6oSF
22497,68G4x1BaMvXZRhi4LqRSZ7
22498,1Qy1yHnSjHx37StKkq98Ht
22499,7ELuWpsuVCRBnOR9ZAZKDp
22500,5zU7T5fKTDNPHsWB0Dzkjy
22501,3qvweH5GKyu5io0W21tFKq
22502,7Ifnxt3NpU9Ky2VhC1RDUi
22503,4X6a1ttn9XURWkQJnmbHrv
22504,2AbgjLSmW8l5XaaR4nQE3w
22505,6wiOuUd8ac7muAesxylwOY
22506,4S0BV6i07xtWNWBlYZqj3I
22507,2LG5bPnFBR3BvcQh7xwSlI
22508,5TkoYd5woVShHl4ytPiweE
22509,76v3BntynHQflWb5ptBgV4
22510,0Lquf9p91A6HQnnQridWWd
22511,6InkEzU4GO16RbmpDNlwMX
22512,7LcBP7lQSp9BojdqulANFE
22513,3BZZM04lLXXPFaNSAvTixk
22514,0sZbzkTYNcnmeLHJoYTe0o
22515,77YGoq3EVAKAsEJBKMoo7I
22516,0mXkCgqq5Vv86c4lW8Ec1H
22517,7xLsm3edQ6k5hSYnTG8OoG
22518,0HMVTE8b6OZJsDGVawPOOC
22519,1N2DGFsghCCDTgWQnX1QGd
22520,3FA1dHYzGgO17FLUqm0DAU
22521,6AczxDV0grtXZZ7h8xI5cS
22522,7q8ehFJRz3eSHhsnXlYFjg
22523,6MEIPGSeZgKEcfEvbAnFad
22524,1VMvwHZeAXtSQBZFixh3wV
22525,6iAJPZqtBNlgRW2pmpSRAg
22526,5JBCvyRioZf2qxRLkz0XV8
22527,2ttU9n7nBz6aqiwxiElF0G
22528,6sCdDPjPJu6nM2ZCihO2C9
22529,0v5cOEqUOOhA6NoLbWRRqt
22530,5RooV1JApOOviPiQcho9xx
22531,5bmXrYhVGoOCRf1KmNanPu
22532,0kZJcDv4yOrtKe1Mdlb0tz
22533,7M5SeGTgjpgUVa1adDMVD3
22534,0Molxw6WdYhOifas6NiQL2
22535,4kdZO3IGVUAzEbj7j55bx3
22536,7f2VOG8vN4FWyDaaDaPAwo
22537,6NGOIKiVLBnltxKpj0yrra
22538,3k5ycyXX5qsCjLd7R2vphp
22539,38543mloZsbBiV1gmK85zW
22540,6KiMVF8lQfGdRxt92M8Ovw
22541,56WgmaozeLYx7cY1rlHEVg
22542,1ow7awC92LSndHVOYxJEZF
22543,73Lv8lRcprZ0fK20vWm1Xc
22544,019wRAnx9JLaAo6jgyitvX
22545,3GP0QCrcRPrqpCr1x9b5GM
22546,5gQYEeNrAOhPfIIPUxWU1O
22547,2vBiZ7nBe0OqTZKWGP0s4K
22548,26XRi7zEeqIYAE4xrKTfEs
22549,60DpJlnLF47fmyupailRJV
22550,0NyNsZ6KaqkzO5bcZ7lAfl
22551,1sUT2b1zzj4992kEyO5Wqy
22552,1CMdNReLsqudO0YHUKV3nQ
22553,2vLBqb0KbgA5au3CqwnLAb
22554,3KqWgwSFyGFrn1G6GA7afO
22555,4JU2VGlLx5UWSl6Cs9t1tK
22556,1FQfNUeoTVSuFvQY58yyq2
22557,55GC3K5NeDpAyJgkWPCkOk
22558,3f3GFkckLBH0tpLLuWudhB
22559,7fso8GNJsOrvvw6BOaNqYI
22560,7k6nFfNnYVDGBd8YeAnGQa
22561,6rYeY4ACgf3YffzKfuGDhR
22562,38Q1p3KvIBPMfMsOwvIWXH
22563,3MHRexiI97T1PNtbKjOGJJ
22564,0NF5PvxaYT3hvnbjg9s3RU
22565,359IJq43c4SVrf5ZeUDiFl
22566,48371q4SBPr4kCdhCGUQka
22567,6vuYXvA0RTP8MOcJV2yYAN
22568,3tzGzrGYdXI5N2bEVj063R
22569,3G4GKSZG2ASkPvNV21p1yT
22570,2HMbYZzYRbsMsDVkFpkxpy
22571,0nCg55PB9EjzlXrc7Pms0Q
22572,3uZFWSne1jedOKMoXUYGuj
22573,7C03MsWKkr8BrdtnzyLfb9
22574,4nTRdjEztiHDBYjmKIEQ4c
22575,36QLinEPgXDqmLcnnPXP90
22576,4Za90ctirLDVepcPLFIVG3
22577,3Hj4GZnjHaFk6oeEXxg0z0
22578,5JwD6OwXy1G5FCdYHbLILX
22579,7v4PE8XSKSMWESuPXhP6Lu
22580,0RDP9ZJkL7hcGve7i2yjuw
22581,6MqqJ0OVjaYeiWUSMOAK8x
22582,7oKja8WXCmITQmwIKx4Ip0
22583,1H1Urubfo9IwlUgloeqkOT
22584,3vLLSIpYbcnxZEb4fX5ziB
22585,5RvNxfW3dfbz5Y6BFrAfmt
22586,09Mgncin7gqfuYpYB2bpR6
22587,6pKb3ApTjP1Yn40WmZ5GZs
22588,6jyYtQSXrXbNUorsjc0HX4
22589,40yDK5dtwoxe7HM60Mwreh
22590,0wbnC9AUenxp613TYaJsGK
22591,3cxVLSeytQVihLTztQutRo
22592,5XgNihkC4yYpFZJKYudITA
22593,52WaKEZpbiD6aBkmENlj6x
22594,4h3oPnXe7QpFutSnp0CPpj
22595,2vlUb05cIixdDlyP988eCr
22596,2PkwDfdZv2HPsfO7bKsVL8
22597,2LYtN9zTbfGPAV5dWgathv
22598,6OERwGOBOwgfGXy7zB40cV
22599,7q4VZui4uWSHjwdP00SYdg
22600,1ZflT3WanJ1SPJYe2SnGLK
22601,76HeMostRK0BqOFlzZJgYC
22602,0sqLBbGPYIJBqY2Ki1U4lX
22603,6AbVJjzv7thIvmMCuhZrmK
22604,2v2BtmTKKR11seQzLqXCGg
22605,1oDpnYvcjkgxNc9ytYmxQJ
22606,54eNpHu4EvO1LET2cKExYm
22607,6nBbFPYJXnUPgq5GgujSQm
22608,3Ift7Po3Dx4Jd7x0E80QsO
22609,4JuTeWyCEIsI3MoapnIfpv
22610,1UIP30ByujDCYVYdUiLHaV
22611,7fgrA4ZHANu5syc5Ep3p8L
22612,6rFcfAdAM0XgVh9Wy8GTki
22613,66EdQIWE6jF94BcqXfu1Ry
22614,3Ojljzpr7myCryMOScBRMC
22615,27x6OJW8pZOF5keLEXoyyE
22616,1P3UEhrCOO6Q9pktHPbyVc
22617,47rQvKTp8yBGozDFTZ8yFL
22618,2rQSAtxX1yuoWq8ZrvUhpL
22619,5jd4jhBSIU14CKHN7gGl7x
22620,5FRsalFMNTPxCPEzpoVCF4
22621,41MtfXJLB2rGP0x7TKvDAp
22622,1AST5s05epHHoGoVt0TjPh
22623,6e9LMkTJb2hCS3jzoeMojl
22624,6BR6N70LYxQU4XezEWQ3yq
22625,0ALmovFJqazMghpr8XEpiO
22626,0ic5nxX1leVHk6L7EeZPsq
22627,0GlCWnEPBNDpZpGcDEWhgs
22628,5exHP9IYyaFSeQ5Y4OtbKb
22629,1ufs3bvOQWomhmeSojU0j6
22630,1xsGrsVJwG9zel8pefzVeo
22631,5jE7dpGqFxP84IEY5cfbon
22632,3xIDPvwMOl7dTMmq6cSWet
22633,5ZRQFKrnJ9Tm9i425xULbF
22634,2HWj6DH96OfCYvfyqN5yEs
22635,3nu6OoX6h4zBDODCG7SR21
22636,4WwMkk61rqAMYrKundIBSC
22637,4NSE5WfW7gekiEsbliPB3i
22638,0lu9QXBjOHonxk8bXdn2CN
22639,5rHCEQ85Y29GlXJEnj3rNB
22640,2RA5oABQVavKlzZFTcZi98
22641,64EGHCP6UjGLiCrgB57XeV
22642,75CzdBpTSXl72FhoNKbTU8
22643,03XCbxTcOKkjVZJE6Q4bN1
22644,0Ox37YuxVMuX5F95OgoqQo
22645,5iKfYAFYzXOSM40OEovss2
22646,6oDihOuvOytAzuQt3SMDHk
22647,2wg8Zd8FXAWd0fgHxHInX2
22648,33wcyGz3fpcYlus97SH1pk
22649,4lPLx9gs2UU9pkV2jB1gcX
22650,6nBGC1YvXljm4s2zWw6WAD
22651,1yXaaDoyeCRgoolZMdHu2E
22652,0lxGdUpSb2UOwPvgn2OFJU
22653,5YwjKRngwQkPhBKj35WHcu
22654,5ae3S1RhOWsduuVVdPN5iS
22655,23n1d3LkDnuiiCmKzkTjdf
22656,2OgMJe305KkJsmbEuNqqRE
22657,6wLujYsftQ9tGIvf54lrkz
22658,71XXEmoJRKljJuX8lseJ2J
22659,00fyMzz6xVK3Atx476wiVE
22660,5ix1ilwmKrSqNwkq8hoAk6
22661,2zCvytHUzL3CkeSlfrfLYI
22662,7esXAL1t1ZPC1UkYTgmKf7
22663,7lU6oNl33lp9UGYal9qsVv
22664,3Pgsb1WVVvQRXx9CwMl4N3
22665,6K7tbjweliRGJ2rMT7Aesy
22666,3itNdQlAd8mLmu9Z2YmRkX
22667,211XJfHmiqsXU7Bt1WX63V
22668,2vYcX70M5Vx8YMohXFwshw
22669,4k5qWRMlejUs85UDUih96C
22670,7oY5PTQhfIRxzWGjCCNcta
22671,5NgC59BMaZbs1xDrFT9l37
22672,59PaUojwfB0s7NDqkcrMPQ
22673,40voOJjHMTgL8NvO6KYz9w
22674,4jM6Tl8062cc9gTJgTZTpx
22675,2UuIm1EtmeHCznQWji31BU
22676,6KF1ovVVWF63dr5XTX1nGm
22677,1t719v47FIM5TZHEgSClr0
22678,5nXtqwsmKE49WCImDs6O2e
22679,22r3SZfQQtJ8BJBv3Pc4NG
22680,1IGfUy7YEtmhMcy3U11ccq
22681,7pUlTnbqNTSptDJcY862pG
22682,0DtHN3ozdf6LZyChjXVqbz
22683,4wIPvgLuzMlb3YuVg8fToF
22684,145MHyc6dO2iQHFGlPzUbm
22685,4KdJtk28kuejL9Yn32G3ux
22686,7nZhG4PqwAsrSWkOdi7pn4
22687,7Ew538VbAL6TZlcBcxlQoR
22688,3vqGSm12cnsQ737WNzSAxZ
22689,4qEVNmrVushzBQizf5BE97
22690,7wbfNmXZ6FbKkDQFZuZ4d7
22691,7xI2FpinokZUl0Nlj0Mgmk
22692,3cW7ETAXGDAM2aNN45DuNq
22693,3hqsBLMAqJqrhr434Z7WlA
22694,3Wm3PjsO4rvZgtiGAwQnt8
22695,3sTJnsFAV6IOSPHs9uSCt6
22696,1Y2KtqRrsI97gVYxoM1eFc
22697,3L0dSlVesRxIYoWFi3Qvoe
22698,5TUhiyq6gBJnt0cNmSIywW
22699,4PBgXwJeb5qOkK9SwOrug7
22700,76ddBfW2NeAu33mfRuMsdP
22701,4xivJ5lO3vzFiGR4LTZX4O
22702,381Mn6EHb51TuQL08BdIGu
22703,1sfEfUG8Wko42kFcM9SlVI
22704,7baJpnxFot26Wjv9jy1vvK
22705,5JvxjsM2p7ev3rBYUvGJHz
22706,1WnbaZhfZxfxvmdKEtj2L8
22707,3l2u8ik5tVDDD4hUEKIMGd
22708,7C5eEjK2bjAlf8hM5ShtTB
22709,1n7WmfoozVGuudTIecGZbW
22710,6kwXlXsWKMhZFR0aZiDhae
22711,6EAlFsajDK1PVgfhdJbS5Y
22712,7GotMnTHjrUKZex70ApdMv
22713,6sAYDdfiY3wT2J5lBfp4lX
22714,0JOsy2rtHRlos63XIwA97t
22715,3G70HEDD4dwvm7yKGNquRB
22716,5m95gCTAiHshTaajznt5fA
22717,4tVIK4CunaI0mQ59V8VR81
22718,3JI7TMpXYNq9RROlaxCeuK
22719,4MuwkS2YwbMV3zfeg5GAyt
22720,18oNFxJNjalwjCAdQskJok
22721,60FJeNTK5edr72G2xtCWuP
22722,4q1wTTM9VOc2iv3t0Kbd99
22723,3APq3iiagjTHWGLYjSZIaD
22724,0RqlTFqckrln3hyPXigKWG
22725,6OCYTygzbVwil2UFkREQiD
22726,77AgVnUGMi8LFXJjlpUI7v
22727,29kg2RW4eFnqQgRfQTKrw8
22728,3kJrDMb1nvv72wchgsBR5m
22729,3BPlnXyBEIRgeLsvkZXsOY
22730,1JopC4d5uwa7zU98fi4oaT
22731,0E0RNF1SGwL44s3PU52gIb
22732,7AlRgds0n7XJi66ELDcGnJ
22733,1ins3fp24h4BLD06Xa9CLl
22734,1ihLSM6uG029ISBZ44CbCB
22735,2etDohB3j9utR7UpGDrVrP
22736,7ypJkrNPNrKSAlbjsEikqH
22737,27j1TgjSCAeqTM1dRDvj0C
22738,3VoG0TI0GPFrPkcXVvpr0l
22739,3RGTo92TDaI3t6HKLTD4pQ
22740,1qUitMflyivj7Mlz2ZaWcm
22741,123a4MPnqex3qX1FZgkg12
22742,1Bq4V5cXwgv5WdXYUV4Bbv
22743,2Ux25CAcLRkAxOYtll0oql
22744,48qby6VFvlI0aBXliBXcVr
22745,7dzjIPBSJTI26DRf5KrIHr
22746,4IsRSppHlhoLQcsYNjFHlH
22747,4aPTrOPzmdOF2Qmhhcr07p
22748,05QUXIhLKZmNOUfCnO1tvy
22749,2Zkwqib1NKCkDpnSa3LmDD
22750,3dpuDgfz7CDoSmM9pllsqW
22751,5ahQr1nolVS0BpdshGFcl3
22752,5e5CbyPItN2gyhcFToi1y9
22753,1z3ZeJcueOM0aKr3ucQb0k
22754,7yB9YBenOGsu1SPfdmvhcK
22755,646Hm42gl5IWVVa34nVix9
22756,1i9ItiMY9JrFTnqkTlm0n0
22757,4WCREBCgYrtIwAGysVoPWB
22758,1WQ40xJSvgDmD9K7ckJwux
22759,2P1qDEybMfCl9b51DxXTfm
22760,5TIg0rmhUQrEbCPwVesuyn
22761,1GRGCIaRlqSCR6ljUmZpv0
22762,0v7S5WMjCT3ehQ7Zg8hdEl
22763,1mYcQvtPBNqhFKMK36Ok0l
22764,2VNR4FAD2u60AeJDXL8a9x
22765,0rbbxIeycN5WGoYWryIlWx
22766,5vYHf0DY2jhfl8MFiNuVXv
22767,2hWfHndiGIUSnhj13R2wyK
22768,79IjeSGwqOoKrbD1O6KKcu
22769,6hlFLviqYXmvDf3BydLFj0
22770,20WljInl78GZmZEcgtTZL6
22771,2GbFA81Evx8HNleizeaYfw
22772,1tjw8Yn2hpVL5rXUonIaRZ
22773,7x09kz3Szq0C6Vv5E1MPB4
22774,0ergYUxazsLy0qWK3h0YJd
22775,4Ds6K8Uu7PEZdFYO3MMRva
22776,0zQjZ1m59VcLaeVJsvcFYK
22777,2Q8kCpA08VCLRiJY1Tonxa
22778,5OEtdILhohC7GCVio8Uboq
22779,1Ff1Uzm2aDQrVg8QZDJSPO
22780,5ytAQOVlj0CLyLL3OwGllK
22781,3x7Xb5cJ3XhHBQBMstwYu3
22782,1gmEcKGuFOd3vPOaXgLpqh
22783,4U9joi9xBVZPqi0fVRxWec
22784,3fT6x7QeDppw1W2JSNr24R
22785,6jNqojIYvpGlGEgB8v5MxW
22786,5qu8F3jK4LIZ3tjR9iTQUx
22787,5zrq6dTfKAm7bhZNiQZ4J3
22788,06xBhINGmJoGm46txyrtL4
22789,2zwqw6TJ7kRSv4ySv6inwt
22790,5blvnUlw6NcmYjp2H2WXfx
22791,5bh6QfHWuR1YdnKOdj8kYA
22792,6srVzDvt1xeXN4ecxd9pGK
22793,43mnNatwMMydJ4CxMdQVnJ
22794,31MqyhZjs8wwJAmif3uRo5
22795,4fRKPlLwl6Ek2eY8tfnECQ
22796,5AjjiajghftDZd5qO5YRCQ
22797,3qKtT03eAZl1rfk8tXnRjk
22798,1z3C3lB9ntfgdeRGQ1I4lp
22799,3KbHmZ1abHM3uy7QfrzVmW
22800,1v2e2rAmPZMXsUl3zdQLN0
22801,5thYdqTZJZFtzSR9cXJzwk
22802,713zX3J5MuHXj3trcqxWFA
22803,1DianEQArsevNKID8e64Nf
22804,1igV1y3YnhZujc6QovRDp5
22805,2m9wXPF9Fltz34DyISBRHE
22806,1zbcLL1VNrs2QikguNVUvR
22807,4wiZ8bH6sHhoOLobspbQ5t
22808,0D4lZI5jBVVB1PUqkkZuNa
22809,0Ycwdri44mZ4mq5gj6CTpf
22810,1c5CYBooqjLuTwbeldk8mR
22811,2970lnzMLG51aqXJL5ayVm
22812,618K2eozL0nM4nf0d8Q5r6
22813,6MrR7DzPrPRAadspFXUg0G
22814,7nBDWe2WugOOW4LEHDy9LG
22815,5xwpXWWkfJRqg1S27oVxh4
22816,3p7AtE07T2ntFgu2E6juA3
22817,1huCcHYniKIljkZRmCHwhn
22818,2nidR3guLDPBfeDjKjbweS
22819,11IuQpLesxhjYylkU29VOY
22820,65mMNGkVvQjfXnZYY0Mxf7
22821,44DBhuvMfuUnZ1v8Px8it6
22822,4tJIEMZRjx8umPdl0uPue1
22823,3ULTheqdA0fy9t2bWNKbwZ
22824,7617cANanDVms6Xat516cs
22825,0rEtuUPpV8709Fp1iTF3K4
22826,7qfZTBNZQqvg0hMamrAQB1
22827,1cZyjXi4MvSVlm0DRevIhc
22828,0MBf4GtdX3FVNMh9XByXmv
22829,7rj6XVTEymcqy9mDGMps1F
22830,73mTIDCNKGfUF4MiFfR3b5
22831,2hv0YqXLPMawubnyAvZweu
22832,4SefVcIKJLQOo3vNj5raqg
22833,7cxJYR854kSbX8g4QFUU12
22834,39QLrOG0qA6ASfkqPZ3yIw
22835,1CNSGUQuiQYXc1j9HouH11
22836,14NaO9up1fvbgK5MxvRbht
22837,6Q4wExXkobIQesIHTh2J7N
22838,5bOvNxe5yjdUSCjogY7D52
22839,71G10tQI2ucelBcokOCgFI
22840,6KV5a0FAB0OUmvO2FNNQgC
22841,0GvFz5xC9ksgz44l7RrCK3
22842,6JZ8VpAJ6ErPrMtkXjOdcK
22843,3AXpu69VQJQ5N8T35sFHtw
22844,3ymrocM8jJ2czu3JlznNyJ
22845,5OUsvda2AadWveofIRpnb7
22846,5SvKp2VNvaw0lNiMwlOQAq
22847,24f3lQnwL9vL2GUu8sdoBP
22848,0oGPVK8SMOXinOPHTN5swT
22849,6zNj7QKlCiAABIW2icwoVR
22850,33pT3O8XO4t00GZ9r8m4dv
22851,3XBPCbTU9rSGuyuK7Xbj4B
22852,6YIkbtYRobMlpUGKyVwIap
22853,3h9uq5NJ49K1MQutv5S9M6
22854,7lnGOq8skpMH00PPYn2f3n
22855,5PnBpKOVvQxeFvXVNYSoxs
22856,14D6cUOz7luAM1j0Fv9XdO
22857,35rK4U2WVsth6BM5lRYlsz
22858,47HzIZTqyoSiL8J8n2frZk
22859,2FS0pA0K4oiBwex9OjbgBM
22860,36SizDJstF6lwUnaH7mTQO
22861,7KmW2773N9tfGNIGba1tBL
22862,7FtEb0OVMlMrFbHH1dpdul
22863,0w8L63Ok7TCNT6GxfCn9qY
22864,79tvx0aszVr5QPEWZt4agN
22865,7rJsJpAZAOrOUpkw5oWQmH
22866,1dtktUxRAY7hYXsMXHlQMr
22867,32iRmlVxEuNm93XqIdHtOM
22868,1gAbEXZi4ZrmA5KPQARXrD
22869,4heisfhXaGXkOB8o37OIkr
22870,3MZ7TxuXNnwYXm2KZGap5g
22871,5ZoFuf3EWDPThVYN0XDMnp
22872,7yaLk1Nhi1vtDcu61vdEiU
22873,3XoYQvTJK5KT0ynrq7mcCN
22874,3cXiUuiGpFmZ8OdAWKk8Ck
22875,0ZCjxbpYSQ1e2VTcy7r0y1
22876,0aWsltB5OAx6MUzGuCZznt
22877,0yZVC0gnmGEkROf5W16iW6
22878,3b8ux6gfMfl6qDGWEJhI7Q
22879,6egJ4DoLVhsCDDlMCqnYnR
22880,3Az06djsm9mMhsNw1vB5fE
22881,47XPUkAsZjZ96UzaYO7sEC
22882,3SFYpKfk1WXnyZ4Z3MxWzv
22883,3R91DkJprSG8xYNN6KjMBH
22884,3iaLwE2Ep35vGUqVBtBQKP
22885,0e6MdVjdgCaykQzhyB6Zx4
22886,2tt8MGXJQKjW6FLuLoBOmG
22887,0UYz2MYHwUSSquqdDIJc0j
22888,5nVqjYA4IWAvrwmVmptvXw
22889,2R0pQIDdLDrU1CZFiHdHqX
22890,1sdbUhOi2k1LCzHqBmjEit
22891,3w8qOAwbHF6zYeYT7pj7DI
22892,2GJ6hNVoQzq7um5aamD2nU
22893,2kXrVLhOF3PEikqVarRR8G
22894,1aKLjsm2fCTNaBvYoeLhPt
22895,17eioxFU44eBkjNOhF4Qdb
22896,4tqd4KhVGxkqrp2ibiqG4U
22897,0BhL7ubkmPxjmlis7zE29l
22898,2VNRgo7AbCYGh0vzivJFRd
22899,306qru2D3WL5FRjRWH2tDw
22900,6uCgVQPqM4QhS0DKpeGE6P
22901,1G2hixc1NpPMHvR3yyl3pc
22902,1otw1I6vguSWf6Pxn9m1oC
22903,5Pm7KrSKkDj37SZoMYyXDX
22904,7eg0FGPI4gDSstuZlr8jko
22905,3KpurxC8Ka08NL7vvkbGN5
22906,3szFx3SyWFpRbehaPxpyqq
22907,2dQXlT4rWWkcrBGHxwY6sZ
22908,5A2ilmWNMTIpJgaJ25O5Ka
22909,3zgBcoMLqPwMMm1FGRKEHO
22910,6Xi4SYy31Ho03034WqWOWg
22911,5RV9fX4iOFU0TDrkWrYTwK
22912,1aChz5EiVPmFTm6YETgrvM
22913,4g0dEnlbOlkoqnMGuQPZdF
22914,2KrbGmJsKa6xVtwYtQVGkg
22915,2Vb4JlrgVI2yask3vIvFcL
22916,4Pbm2GQ9hRdW6CXOY7fdRs
22917,6taTCFzQbGhH2WEGIpgZuL
22918,6zlzf3RD6KEqLjaOY8kcE1
22919,2txfXjEwqK0d4waOd2td1Y
22920,6UP9ERieNBhNDey0HSwpQM
22921,6gYjV2hGSYQnk64bp0N7dW
22922,3VVgE6ogSG6WDJgfEph01X
22923,1LvuGSosmyVeWicXLiGQhD
22924,2d7Wkw0qgUFcOxOmShrjKG
22925,3s69wjWPFPTK1fistQOkDg
22926,0VhgEqMTNZwYL1ARDLLNCX
22927,3wwEZthjmSqMvJOtun1mFx
22928,4FZMrApFTWsMOPX2HNvEKr
22929,2CLaAHJNeJX8Giix1EuNIG
22930,0pOJW8rCRyjFYsOJzaY7AL
22931,5hT6XA6I8FStodwRVf9xuP
22932,1UQsCS8dyqZA9VDSho74qq
22933,44XOi657umNvDxNw8JvljD
22934,57kNLIwxmMiz0Yy4ZUBJnl
22935,653XCM4JWzMyP72RS4wLAV
22936,2Z7uYx3pCjwptYxBIMT6Ie
22937,5uXPF0hCCT0QL9I8iTcQXH
22938,7ko1mMwdjc4Mzd591qg6SW
22939,514VMuo1PnYHld9BTCGGAd
22940,5rmFTddY4UMU6v5ievs0Zw
22941,0dVkzntNIs4opWPkocTV8G
22942,5FrrZI02gV2Jk25809PKPp
22943,6aazrfgId2PrmMdD0WAThb
22944,6B1mgPNaQaEYEzPfSkCvEZ
22945,1ZsUx0zG78g51kxphSGz9d
22946,6IghCx6jRj5VHEmXKQH2pR
22947,6Jwm14S4MrY7UrQTee0crG
22948,35oJDDDWifBkZp6WVQfqs0
22949,6zkE5ZL2Uz6oXHO4yFhKbK
22950,2PcJoVkfjcbvoqBxV1Nj7y
22951,0VgslJw8Ofq79nXadgNBSX
22952,6kwExIbnYUVss0EkLZ29w9
22953,5PnTXkJ5T5yknzaUHxtaOs
22954,4sRVY84sduxcqn0JsTMqrC
22955,7nfGQhhoXcKU2Zc6dJBoX1
22956,49rY3Zb8r9goOWEFnY03Tb
22957,26WYCe37GTyswHFvwntNZ6
22958,54K0EszuUpWl1kFk6TZzxc
22959,4c2qtLwu5uGhFgnBTC8kwu
22960,4oqJfELaUGTTAhpYP2HQGM
22961,54qvYb2vfHOBlDKfsusK5A
22962,7MbLNdGWf2W7inM4ZNNwTM
22963,6sToW2vF0y8ZEXuHoMQob9
22964,0agOWpXpHYANWgBHFr41vc
22965,6suCI1pLqqvVVLLvLzjoKc
22966,6De1gQPK5cQXfEc0BOsIdN
22967,0W19YMCTdpKqzYsbSYtSH0
22968,6VSO8xPXq1J7ORJRQ62cBD
22969,21nTyFY1YcEqYo2jGwkX0l
22970,7BwzYnCLB7x7e72beAZJEV
22971,3xheJEhsFpsAKAaVjrvsGX
22972,5sKm0BEpUpGJ0QbrrFQXoE
22973,4jmydw3c3HE2uMEfTNrMhp
22974,4236yFIkzAwrNhwb9hZzqY
22975,1U1CD3rfdx9KY1go1BjxRI
22976,3Eo5aikNAm30VhnOBlDSpj
22977,2Nu3kY3OBct3eSevD4ivA5
22978,040X6jP7Xx9PpBrhHtD3YT
22979,6L5aGU4g0pre8bFeazHRxK
22980,5SiCTf5r1cVjQXAXB2StpS
22981,35xhUVmNUaBvkUuRvGKeSO
22982,4eHpxUKU6llQcPkrQEodmv
22983,1CcrKCt248gDG53qsW6dqW
22984,1DCxoJksKGSKoEaUe2txDU
22985,57yZAdi4Ct6Yd9uMruDwNJ
22986,4YhN72dRYL2Z3MsaKyT7rS
22987,4dJfOiHDU3ZZClrOV8YFdf
22988,1fmPvEu7fVUL8Png48XMGj
22989,1nMI7HkE0NOnuGMLP6MH6r
22990,7c8nj0tK6TVvbFeJVx9gPy
22991,6h5pFZKZMvobTx6UVceeyX
22992,17lu4tymfnhmcIDlzBbtAb
22993,3ORp0qa9NIQlub4LZ4iPvZ
22994,3MUMrTaLucqnt3NH6KFHvE
22995,3KBYHSo6IPP3WNMadvouX7
22996,6S1i7LskFrvPl1SOfHFduZ
22997,2l7SUycMgoTUwJq0JqMe1s
22998,6itFFybicSj5KZZaDkq57p
22999,2AXOoNRoXLld5DhaSgwA80
23000,3FHlUzrqoeFxSpB2eNgxR7
23001,0TJOVITpYgjWXa9ITzyNtk
23002,45wRJMOeQlQf8kxg2JwRqU
23003,2DUxYwutjWZAVCyVrFUJVS
23004,1OjoBaxYvPKtzuirCbts3x
23005,6iJ9B1vB6rBgafKiTCko3P
23006,54EvqHberbpzMu7nu8hs9S
23007,4L056SN3ZVI28xHCWuuxCj
23008,1Fz1nzy4WgrVhzyOdsVG2J
23009,124SKRPqmogaZQ1XR7eomR
23010,7DMbsPBiceXKLmNsVdjlsB
23011,15vKxXiO4mlTAZk94For4f
23012,264ipMGmd5bjbUj49HLQbU
23013,5Yuh9aLRq5ZAgHTxphvV39
23014,0FeK25ipiihdzPYSS6aNqq
23015,1xV99CP6Mm8h4UhLCAArfr
23016,38ubSLeDhZU8ThNWeDrrGe
23017,36qhbr2ZxlVsRSXCVpoytv
23018,7cCuAvYnDddsAbe1xoY9h2
23019,3aMTfsio8guYvIgoSfdS4Y
23020,2hHtCB7oWeZ47l8k2mP8LK
23021,28vLIXIsqYsR9KvxByYu0g
23022,2rqq8R7Sp7Zr1WEQZ9bNQd
23023,5KsO773ooh1vnepNx3J9P6
23024,4TSdgufs5bHUjfS9mJpMSh
23025,5UHjvOnm2Eq2rvjY7SCIP3
23026,0wPy6qVKJo5HePXPT3FJaO
23027,41rz1rtqrzfzkJqj0PQoga
23028,29tlRv6CSzkBj0DOyJjSsp
23029,4oj89to9DS61i9C5SGZ1LQ
23030,3pWo0heVT3xnzYrFfBzhdS
23031,3qyu2Urs7mr60nRpxYObnZ
23032,5lWmldCVQuaRnQZbjH2B5G
23033,67hkiR1HVWK3DWWaCrnO6F
23034,76IwAjnyuuiDr5z4XCNTrb
23035,4GfEdssoycFv1wXem6877T
23036,57DQMDzdAYUuF1qCn3QTx6
23037,4MYMykrz2e39HaVYutp24u
23038,4URubX3zSbc5R6Xezhl6te
23039,0kemaAFQ2sEPBGBaWgFitz
23040,7gGyCiJ8ddyfUbrdGUIgjN
23041,56ws1HqYLiuhSI6Zw6Ad29
23042,6z3eaTmPb3PFX6iJXoYgvH
23043,0v3kp4zsGa5ROkB1ClQi3i
23044,4II6MQP9Cv9PwwCoXBJevq
23045,4xnflmp2lZllAyQjnZ5ef4
23046,7MqmxzdudJYyxwF8gXWwHH
23047,2LLvoXKwRufgtbCKiauGSC
23048,0yVTjQUDF1gmXSeEniot5k
23049,6CUMk0Ln7YeHyZnI3TBuY4
23050,5nrakbFldfDSi2U8W61rsU
23051,1i1KQqVPzdeuGTzrWSraAL
23052,3OP1IhvECLcWQ3dBB8hBah
23053,71iy6vJll2gAd6SUEP9OcL
23054,59PlvAkiHEXuNgLqxePFBB
23055,3P8TLjEPZ0VP2o6QVqwD5k
23056,4N43aa0dioS0geGO4GrFD4
23057,2eZO5xcdmef08GshED9fUs
23058,7lF7OxOUUqrwJBtrKcFmLU
23059,4t4amM7zhbmiUrBfuIl0sK
23060,6Gi4stwQb4XXf0CDJ5o2Ri
23061,4MZGC0B8r7Rm3dTWiKPoA7
23062,79rIsbqmsjvz8umdE91J2s
23063,4jIqPJzFCI2dUszQG3bWhp
23064,5Spu1MQ9AEiAc5FGH3gWiF
23065,65eVPh2IaTDnzTFiwy4rMM
23066,5bDrITTvtMiAml4O1HGi8r
23067,4L2AOFmWLWd8QLyDPO7Bej
23068,0cKl5zPezLYU8c0F3MYvvT
23069,2hQ07nnXHscMvcJxND5UdR
23070,7osjFCn1lS3xdVbhnF2jJW
23071,5DDT4Ihd21zWe5m8ATrGuB
23072,7tCyuRUJukhLIYIVsrmdNN
23073,2VwRmAIjgmwNPDh4eMK1EH
23074,1iDz6Nd1fG7PZQ2eu8SCPd
23075,6M1TIfO4Fww4SGAWAX8uST
23076,7nMEN5jJaOafAUEQwDF7Tr
23077,0uQzOOq3aC9mszrmLLYoU3
23078,1TL955z1UgJDNyDqI6OTRw
23079,3xNpzFSmAZwrh6qfjyNXRc
23080,6dF9Wo5OZCt3XSftms3kly
23081,5q9jWcKCyCZuf2m85bF9Ml
23082,7xZfavtpefcExFwZK99bjz
23083,3EhZiXAVPkfWSbgWZ7oDa4
23084,1iyv4TEoFDzqEe9PU0pxPx
23085,1SnoCdevoAKvCoN86AaTAA
23086,0oFzsGRIzjGaHfTZTSCBlW
23087,33BhtX74eTJWCcfpH3nHRC
23088,7pAMpriQTW3cl0owskATX8
23089,1zMXCwfwiIGPZA4kq7ideV
23090,1SALyw82aNjcB9r0B7Imin
23091,2zODz5LJN9gkRRp83eQzLo
23092,5BmmCEPNTFmmJ8hsIByMGb
23093,4i8Ty1l0Z2hxUGO7CP4gTU
23094,1JZxC8cIRGj5HQv2DFp7LR
23095,1nAqLID4ZQTgDx4mkL4Ikt
23096,4L2S9GbwEgwfSbHjTCvNQX
23097,6MMSTbSRTHn8Tr0Sfwwnmi
23098,0OHNZcZbQwNIcQAjYfvQch
23099,7FQgwxkgClQLTwEilUlscr
23100,7yVqEOpPxlDvNQIMHHa8XR
23101,2Cr9TOmo36WLtDfKwKofdA
23102,2oX8I1qcmGfIyo4mQSczfe
23103,3ZPW7WugMWR2du7ZvRxUGW
23104,5dSo59BQDMBOkOUxqAxXso
23105,6bJJZt7goGbiTChohY5D6z
23106,2x9b8b7xtgR8Gl0gedGEmU
23107,7ap5NaoYRB6TJdrhX5Fej8
23108,4nZfhYLiyCE4zK5rGCvnUY
23109,1GARM6lmT6Syji8qWEp0Zc
23110,1IUtgwxLYzDVd41EgbKUjX
23111,4KJphN8MSRMB20XVHABLUI
23112,2LoQReLLkOaH2ISFGRnD2b
23113,7wuq0uEviUOPMoyefafpkN
23114,5aAv12qTDJFJJMe1JmmYYK
23115,3ygfNjMMhEllLxfhUmNhIk
23116,6GTVtjlDMEtnM2paZZ6VNe
23117,1wTkaX7e9OswnlGJvoUvYJ
23118,5tACCT5okWJW1IaWTZh3Zz
23119,0Egb43pvoIekj9PYV3MAZB
23120,4hXWmQN2MlRcxm5d6UBPmE
23121,32GU4FkntbEd54yb41Pbur
23122,4CDoTI3zHhkIe0jcHt3Yry
23123,31YajbWhSNIvtEyU6lwoSK
23124,2Mp8l8gam0wRVnbZQDHLg5
23125,5h4LCkR4gmgmp9uVLknSZE
23126,0mojVlDi9KW6WA66ZTKo6g
23127,1N3Rp9AqPXugqUzKdxyP4Y
23128,0ieuFkdeItvQiqTCv7EyKI
23129,1gXe5sqVchOmBQbfcMCXVr
23130,6MkmwAwmJuo2UC4xZmqI5u
23131,6roaUdrIQUlTcujSFLtYKI
23132,6u1rIjVPO5bV2AYZsJ68Ir
23133,0WVzeTU8P5xVUWm04NmE4E
23134,3FC0c4aKctMATCf0APUZde
23135,1PI5Nlv1bJESN0H1wBa7Pe
23136,0TVPq3QIYUYaD2LytckdPD
23137,7mMeksJ7uY8WkevmMPvULj
23138,24N8qN9WjlqJACEJqJ7RNq
23139,4A1i43mr5BGkGmyCMb1VHB
23140,0uVQOHACZJ5gzuvFo9km9W
23141,3pcjC82NF5sbWcNJ3uQTX6
23142,4jbaMK5nzlFX8QwLMUMlkh
23143,2SNtqKs3RLEkWf3LWUJ3Ie
23144,2gEky48KDjmR5va4R9VeHW
23145,1knUACOt5yfNAYn7gnYQVt
23146,5hchPe05atCRhAYTNJfxER
23147,1P3FswRDqq86FKb0cY5Fog
23148,2s4OG0RUrj8tACLIIl1KnR
23149,5WSNwsqxZnOlzfTHl0FOsm
23150,11rcUMxlFdlObZ2UMu0EFE
23151,1KuBKUD3psTkXvruidaNo8
23152,0D1nrjrQE7MzQMhihhZbmF
23153,3BGY8ecsFRSnKZz8K7lmtT
23154,4CShgfaniZ6k7THwIoAk1K
23155,0nwnaHLObT2ZEkrNAfryEB
23156,4CDgouuJqxwvRKLdvsEvQm
23157,2ldLEUvsyaKmKMg5NBqX9c
23158,3CaGgDsUuBw69wSWtTA8gk
23159,6WyrweCrse1Sj8aTojQg4X
23160,1lzV04Cv0crsWlr1rhH2nE
23161,7IBLt4Qarf4JDLxIQDv2O5
23162,1iKND4DJfaXEpEkCvMIzjl
23163,4xWK5TiXJigejuFBqgesb5
23164,7BGWkwpjJPJuIYRA2RH7JK
23165,7bo2X63U1NpKYMXV1mZFkq
23166,3H7ZgtAEu2CS9xraCqVzTn
23167,7mfw2IZKo7pxLoRxr8S3ct
23168,0GIfaHgivfBCV67eYF996A
23169,4Ay0WkmngWDG7BpOfPQfCr
23170,2GFcIW9RM5nlKBPDWmW5en
23171,2gC2LKi5sG5WHryBJX7Sb3
23172,0bYg9bo50gSsH3LtXe2SQn
23173,2dbOYFfS7r7NAzquRvji9A
23174,0xPaZrF25ltzvz1a2Pm5DQ
23175,2VX5UXX0VvAr4JtusKcbXP
23176,70Z4AyaK3aijjvlx4cVwAc
23177,1bCQIvugIRkL0yLG5cvQcZ
23178,4kWkthAKzqYgI2tk0iHOqv
23179,5FSDSMQ5o6e4bZVuIgHn2I
23180,6rBhX3g5OFHYcqkqY0tUjP
23181,01xkUosmW5bgn5FpruGYBa
23182,6lFQwXzCWt5PiAXNKwJzwL
23183,4HLQW2PGeN0moGQQ0kzvGf
23184,3nsrZjYWCTlNDLvi639ehX
23185,1k3batDg2rqg6NjXWDDgsM
23186,1bxmk02EmO6e6ER33ldxcn
23187,4VygnZ349bKCkCrLpu21gz
23188,01FeKtdGk2aACp8csqlmHX
23189,5xNVS6l9rU8aWVfsEcktVD
23190,0ZZtqSUhIeCXUQlPHMWUhL
23191,0843RXib2ynRn95nEE9d5P
23192,2PIvLuw3LgTUB94tJdpljH
23193,6BFqJdjynoNSJiWyznyFJ6
23194,1hWNla87M2KjWn3A0buaWT
23195,0SDpwMNegtR6WExbjosLF9
23196,1TSIRbG9u9vEYXu2DbCgfe
23197,1vXL6jF8RmQsm9KLLeYPh3
23198,3P0QvtLqCYJ7Gpr9dUDdea
23199,6Thhmf7eaJ5AVZg9ptZ5Vb
23200,6UpgOaqLs6kkkOuODAqzWg
23201,6TI7Xeiicf8yVXiOlMn3fg
23202,4aUV0mAcgE1PG3FwrfBArA
23203,58oZjQwET9oX37wSXlntGX
23204,7DvslffbBv9UsiXcSMqMXY
23205,0XKIRPCXe6pODFIFF7iLMO
23206,33JZwOt4b0YpQuCYiEDP6k
23207,3S1WZbFy4lTmAPaqej7Uz6
23208,1iYrn9g4Up5ACSrFJJs4oP
23209,1ApUBPNY7TXWux330F6fIO
23210,2EZc13S7YRi6bTS3SKteRN
23211,0YYBOG4pt9Xq9YLAE0H9hz
23212,7HAy9C9yw1XWrq2JzXC1Jm
23213,1DJQRbiA5s7jUNbZGnNAIO
23214,3TjLsDgL0bTbSQIF6M5Ki8
23215,7bRntD4TNrgF7qJPZn778r
23216,0SyzRLxY2CGzRJjvRWbM5j
23217,10DXwHRhjvOcclxJlWM7RG
23218,707tXC41oDYucOX5raTuh5
23219,6YwvUpS8PqxH19wCJUHj9u
23220,43KwTWxKSOxLokl6ILLWxd
23221,3Wd3mAficthmcUcCICvwSG
23222,1yKDFWPxCzB2Kg3ic2bQ1k
23223,4xRdLIkAW9V71x305eTkYk
23224,7JxP6GuXEI6TX0cqFPAzmd
23225,52KH9yxLrPMMyGkZwcOOUK
23226,70PFdZknoJfOiaHpj1vADZ
23227,2S8ZEige6RUFNuhLGMg7hx
23228,23YelkgEvCPzR4bMM0gADd
23229,1oVhPyz7niujkurOWHgMu3
23230,3PpuDg0ZVPviHuljT3R087
23231,5U1g4OWjCCkZtWNreyuHtw
23232,7nEBjvqIF3aT5UX56YYJn8
23233,6uDRZi9MOTtkuNUHMfREib
23234,6ZGqVXaJmhbYAK2DF8mWRR
23235,4NvKfBDWy1rwWiW0Yz6AxM
23236,1W7UlocmBtGwykCA7K20S0
23237,2MTfIDHwcL7Pqwbbbow9Z3
23238,3EcKJmCGZJBCZhgt6bGA56
23239,2Vn6xi9nKZTCT5zRlT6oO3
23240,0XMUhHa4TmzGfrpeMoPcoE
23241,2uBELhgylBRkmLI5B5yCbe
23242,4WVIJeIljVILV5ceFrHfs3
23243,0YTMhnyOxwlqJbP0zeMSpn
23244,4fei6jl6NVm3ZuQXSh8PJg
23245,4MRzO0UuUGTYbXvtfxlfzY
23246,0Kx7MXbvBjNzCHFInuKUSo
23247,4EnMe3McQsO3IRigEYzIdW
23248,6A4wD2zgjDupxBn5qvWaIy
23249,0Dq2hvshgpvWL4MIUpjyj5
23250,7qNdZ0MHRmxPoM7gUu5tDV
23251,62D26yekfSRcs6EKfxWgYx
23252,1fxUgLiQteHZz3ptHcB9Li
23253,2mxWuYtjtbrF5ocYjVpVul
23254,4gYzQ2vYJoXCBUGXAA4SLP
23255,3cSEZ09kXgZghcq8j6oRvW
23256,70BARYAQpOwXskxNp30kY8
23257,1krRckkvTxqwR1laUfMzMm
23258,3bZHJ7gaTVZamZ50njIMY3
23259,3NVQnAPtYXC0zpaVNAfj58
23260,0zfXg5BV0Gw3SUycAqbGxe
23261,4HeXASevFnrcKmiwNpHz86
23262,3ERYFxoPrlGZ1nEM7t4EwA
23263,5ZRcMUNtkPJINR4lMPK10e
23264,50ixRugLiSeiWk0LFUVD66
23265,7eYh4vHO8lyMHMYNxQZdgQ
23266,1yRke3PmsyFrYlFZOAkABk
23267,1ZRjLZcNTm1vUgrexBp3px
23268,6xpEVwTvW5KNqPQ7yFpq12
23269,6Rvy686uW4eJPHVCpQoV1G
23270,3SteBNG61Qv1QIbeYM2dSe
23271,69DIFRHPZBOy7huoxX4t42
23272,244Sqt9PC1Ya3W1UySztI3
23273,3ydaUIF6SSjGC8AxQ0dLOe
23274,5EnYdTx0BWhWM5YDcPkGAa
23275,1hoE8b6uifBRZcWJPnlCSU
23276,4AQDB17oOiUWa5eGk57BtB
23277,1wI7HfZ7297VkDwQo6RkPa
23278,04BXsortkjpUxf1sOtLRXE
23279,3GTGBaQICf9OjWMMaMsR5L
23280,6pPLNtkMujDErUmb74QEMG
23281,6oKeGPCh7ohxNg9YU7waRg
23282,1pF79d2yX9Qc4g2gYuTU9B
23283,71UsuepAxDwu0aP6IoWYRP
23284,5EDtmgwR1lDmDGLZraNpJg
23285,5X4UwqjZF67mKBAtD1UG1c
23286,49PPNV4pblgsW70HW0zfE3
23287,5MEZWY7Yb1Xg71NmNSIfOP
23288,0k01gQ4yEo2WFOAYeUoZvx
23289,6CwTHNCzgkq41m11iPpzsf
23290,0WYPNxQVfzWoqEY4ucSIG7
23291,5bAHh9ft4Dodgrew640rAX
23292,4gWyyOjrQnkJoZBWdFWsNJ
23293,7uMZy0bALAdneerERyr7Ks
23294,2BCYyhwMhWjuvl1Z1dfRYs
23295,3sIECaqZOSDpZF57PpHK6X
23296,26GLFX8NCNqemfaqGwu1Fz
23297,1V84nWUcaKN1j3vYvxfd5t
23298,2MvjNZWNBKX7VWkYUxRBTJ
23299,53DHdZ7MNMAi0l4Wc2hNX6
23300,4YlispwhbNmE2elp5wggHd
23301,5SiDK6RnV5uNtiHxhXkxKu
23302,54kJQb15wTK67vkFuOo663
23303,3fLIi51L9lhrRSsoX3QmE8
23304,0x9B7tUC6VlBcvRfYvUyyY
23305,5GItN8MhY0bUeGU1RaldZ9
23306,6Jtx49vmM7dBLOZUm3qY4F
23307,67ei77k2f5tpHKp46YCHy7
23308,63PDJ3dnSpm3uwVg3jpIrS
23309,19jTCAxeVnkwKnWHSsdg0i
23310,7Eh7KEZQeY9phZQKXeUg1W
23311,7vOGpQCIf3Mi38EeS7NqQO
23312,1TGJxtVHgPHKVt6K7sPn1T
23313,5jRwNUdq4Ha7aT8aN4ozuX
23314,5R2FrtmWcTgAU8loRiwqnE
23315,47UxJTVOdHzkglqZ1cajAp
23316,5ReD2Ods1z1IQYmm0DoVTk
23317,48uRhtyTa40l5It2H8Aa8Z
23318,7p0Pk7IJw1c494Qz5lXopE
23319,0MTgTPpJ5zXPWEfAHgJfXd
23320,7yqvluFPUcF1IXRxv9PUZV
23321,0LT0Z0iasgXp5WHuQlH4UI
23322,4QxG6WiU4bHKfyajquwvC0
23323,0232CTU9hXKdfonX0wUWTF
23324,7vA8SpCsYgPJPhwA6c66wL
23325,1oxkezxgTBKwgFdI1oiPiZ
23326,6iIgaicjGuLqynkT6rf7p0
23327,2VFlocmKzrePi16um5MJhg
23328,5fjuTShcemv8CBKHk9CGRi
23329,3fLXPbXiezgmbJEEOkT8ve
23330,30f9UpPwuuiSsiohNpABXw
23331,632wpQN4nWLEvxUyGZxyLM
23332,3ZhYb2e3KHYgR6TyUacIgD
23333,0SMzXgUFqcAt0WNCsGm3tM
23334,7nD9nN3jord9wWcfW3Gkcm
23335,7Iy6DAWsOUG5Gsb2FDiWFF
23336,7coHdJC2633CfoM06uR9FT
23337,0YR0cSpJlvQ6mrt7VAWnOm
23338,2Lx6mC1u5fAPZiTyGqRhpx
23339,2QyA716nFCYi09dhJbwbRO
23340,7aJfXxnRs69hiucBpuIcJf
23341,1DiC1OE9F4LDVvQ9OOnznI
23342,3GJNlXlDjUAbsDuz6GdmmB
23343,6Rbhi5D2zBqqaDN9g8ogxb
23344,5Gv1lrNFnL3DhiMj3JOGaX
23345,5t4geUJoijpPypk27ForFc
23346,4CBQzE0SdxBjcuAfMtp1Rq
23347,0MhKkPSMYNwo24XCLAJXYp
23348,30jaDyzvCT3d6Mf54b8R0n
23349,39rcV2H8yMk2zfRfNkiS0r
23350,6JqJ2DMu7B2PddAdNAVmYy
23351,3pS6HIZimRIBMrQU6vRfpp
23352,5OIqt40LHpJ1AFOdsxUCud
23353,5ZxExQMPZi4MBA708DAPbv
23354,0xWbDHYqNh8pIcZGRBDoic
23355,6nTg6DL5DT8lRC4wUl3ryu
23356,5EixKQVHp0uGmx17AbR8J0
23357,3i0WJsI0Ml64g6Gewr90Zq
23358,5olgk8u1q7zeoSYgai1a4B
23359,5SXG6gIw6FRFPWwBQksSJT
23360,0IRqp5w7iWgVSYLd1Vl5mi
23361,4bvRSbxs6xjbqqNeXDquDN
23362,5hC6wNPdUYkqJkXNqXWiLL
23363,7oZnLyNsWt5l0xDwXx8ypv
23364,6dHGiTMbExzTaqKyAIu6tq
23365,5ItAdspjz2H4JCy6RDVtIy
23366,2hWLWMEIyDdHwdnn6f4VtU
23367,5amEXGOvvAsoqEFXnZzskE
23368,4WhSJWNkgtFPF9HEUBAI8t
23369,67yM3CWSe8qFBCoUVfja7a
23370,0zaxkDILjyVecyd3Oz7cU7
23371,2uQrdSqWdppHOhcOyQHBTr
23372,3mI3tv8fNPYKkwpJdPOSGJ
23373,2VoJDaa4Iq5piywA1VZ2na
23374,6Nxy71e8l8ONgc7uSnUeEm
23375,4Rg7CCdFdQE3kb275nhaPE
23376,3X2Hq43wlcA3fCjwW28oOD
23377,2aF3S6ELquaB8jRaFy1Y6B
23378,0sXrAxJlOtWhTCAEYzxbZy
23379,208063uHBEWpN9KtHifrOu
23380,76tWml55YabjLsNPRwUfEF
23381,1R4vu6LqGbJgk48M6ukTds
23382,4kpDB9E9RvdZs5lRgXayAx
23383,6LxuNFEU3oIZ5ybBdWbZNT
23384,3FPeAEc2OM2gbpvd5qxBTw
23385,33HhO89m3wx1EGa8fwjuR3
23386,5aUKKVd4hWNlz5ILEgZxD5
23387,1f2nJKg780VxYIveVq6Xej
23388,76yiHoeMJclh2bMljDoOKZ
23389,5WqrfcXA5IaBytRAR4VBFE
23390,1iMOB5AxGarDNLuYwvIc3U
23391,1WhvHXxOoQwjUHWLua0b0x
23392,07kEfO4GvQ1Mw3sb1cwRv1
23393,0Zo2Sc9OLyAql82M85GI4J
23394,6vIi1fDLoB0cXdUqcZ6QRi
23395,2IAqJHZPznXZNM5jXO7r2R
23396,6Jb7UPWUXDOrgdI0XnBSp5
23397,6dOtnixK6vXJEV4ufLvcpK
23398,6uFn47ACjqYkc0jADwEdj1
23399,2gkZim1YmV567q1kXOuKlC
23400,5cLcSZ4ZKWrIx4GJgVA4Uv
23401,1GeaAk5g8wRLRjfmbxE2za
23402,6n9Z1cHFpuPUNJnJNCeSdP
23403,4trx1lgbQ9FtrI5V9Y8C5Y
23404,7JuTeoyxiS3IGofWJARzy0
23405,24uAWpK66ZLn3drpJgyMbN
23406,2UKmoh9cqyKEGfAT7JIsDu
23407,6XW2rKHwNnX5qzk79Qis9w
23408,4YPhqFgqRdbgxTbMz0P5KQ
23409,07QZEz7d4OS6vmS1iiwJCc
23410,5wfRVghR7Phr8mMdpp7PAd
23411,4nYQCgjwaKHeKHXWjUVzbo
23412,6WuK68WPdUGsDByO3A99Ry
23413,375PG35fYzLTG6jkrJbegL
23414,1JIok1fu3Du7Sv8QLwklyd
23415,5C4Nc833ElICfe3BSxbjM2
23416,4YcoVkg7iEPFClectMFem5
23417,7LtSEY5R0vTmFmJxWpH0Kc
23418,3hYGYowXYujeMYUOAjVKQY
23419,3u9GOgOoGM7znqEkHBhoHG
23420,5Wnyk8rJTWCDkwteW7rZC9
23421,2LGqeP3AL5u8HnobJnJL5F
23422,4zrDC4culuu5Xt6UTRZ3iA
23423,6togygQAnvq7rGC4Q0p28v
23424,5yfPwuuxru2LRfbOITk96D
23425,1HLuOVDTWAFNVmmDvyrwmi
23426,71hY002AVvyrs4GgggPPiB
23427,74Q7M6iLY8PGGeC2L2RtW8
23428,2YrrNuVMvyg6VUZbUccJJe
23429,3848ZeDoHegvDycpqojThA
23430,7kFSIq3LA3L10XVvfOl1hR
23431,5IgnorDLt5EqOYpwRrq1XE
23432,7t3MMuqOyL1t9NzIlMyKFJ
23433,6dGWq08LXuIw6T2oUeHECh
23434,6a2GFiWodKXdHDFPcaCRdL
23435,3Nptm4N4EQynJ0iVO2jdPE
23436,2NZnaJbW8OGa0kYw76GPNq
23437,4TANGj06APJrnoIh2qQonh
23438,66dEshsPJwNDZO9RLjuJOk
23439,1uHfCC9qFChGhiSarUWq1B
23440,1rddN3DZehbcQnFJt1OJgj
23441,4kpgGeIKo6L5aNIQt8PiWG
23442,7z5Jy7ZC71Qe15askKiW0I
23443,27MdefmKyCpfro5pwnj0Ne
23444,2hQ3aQ4RrRCdTJaZQn0m40
23445,4eZkRAChMPNZ2UnIUGIGd8
23446,2UA9iibITypfdDZekeGcIx
23447,7DtwEwGYdcZDlXDoDmW0zo
23448,2E4AcPITryJkV7RRwpxKgx
23449,1tvwBvLun5paMzlwaW8q1q
23450,6O30uFqAaR5bAAbnUMTUoZ
23451,1Jp0vQZhLa7YCOBdb5frOM
23452,5HJzIQ6RNQpuyy50wvQ8Ux
23453,7k52Mhew7PyFnqvlwa9rw3
23454,5Z4D2dNjMFBlL6c4hha7Rq
23455,5VLGMJGdViVx8jj7PIsGVF
23456,4YxSd8Yhq2RQrsOCaYQE2N
23457,7bAkVzqn69hYNuMwrr1oPE
23458,4BtT6jHXbk9aiyqQHbd3sP
23459,3yya5qQNJZUhwt1Yn46p1L
23460,4eOd4wRPVQa8vnv9g037te
23461,3UTTpc8y0so9aUsxS66y7a
23462,0Zr7fNL1QE4uaNguayaSHu
23463,3Jv1XgMPVjdN5xGfnRJ20s
23464,4Np1p5uLRVLHgk0Ey0KrRo
23465,5d8Rrd3yKUwLH1SlvoxaO9
23466,14URHDnJXPovk4fooeD4BG
23467,2QdCT6cJjKYPnZU3gILQLO
23468,5P5FCOdSPfdfsUSTIarysd
23469,0ogV5AaiC70mPIOd6EvHfc
23470,6yat1yL8pZ98dNZCIfdcpl
23471,6QeqADy5DrQT7BSo1B3sOR
23472,5BE95F312Rffu5X4017KFt
23473,584Wi2L19a2oOjn9SdJUQr
23474,3g1X8m1jqYNWslwe5gsVKQ
23475,5hlwCtGdtDBzXeMBJpD5IK
23476,13qTXSE2gdEoXcQDMdEIXC
23477,1pN0aOCQ1av1ZGcM1tX8u7
23478,3ju8AAxNBZY33dTh7NELnl
23479,1Fb97GaL2JxW6da8FC1Wed
23480,0Se3MuBIM5Mu12Tv9M6Ajc
23481,1HViWOGV2BgE6OlYogQFs3
23482,4glgdhY817mKveJtzy0xq5
23483,5UjM0Y6EZxS63o1Ntqo7jR
23484,3MCDQ08FFxXKDbFODmPG6T
23485,12jnXqKnbwNTctbihJiOHu
23486,5aNFnluxyOEhhx1mDlI2ud
23487,60e4x4V1ElCjukbAteZdZn
23488,4OBxPJeWg2grohiXJ5eb0B
23489,3Au6174rC3JSzZN5BhCl3D
23490,1sRqm1JxQL88mrHhMLpQ5y
23491,6Jgu0oHULNZo138k2HCTzg
23492,2KOdXsUqUC6Son2eDslGPW
23493,0a9uRFDiuB16xOaD8Feety
23494,6SWcMCO8k07ptNCxf3Vmij
23495,0pDB9JmbZxupqmZuuevxjS
23496,04Lw9ot3N6m7o4Z02JdwCx
23497,3XfbqM3Yq5KAjlXuSpKdej
23498,65Zg0Ud7w2E5gBG9zFrdXd
23499,7i9baaWTq7HXkp3cSJ6chL
23500,32d8sQk2Q6zttnj80nBFMM
23501,6BZESqmC1HWq1DAgXFiQUX
23502,7KZQynDg5TUK5TXOR0VBJ3
23503,7a7v27v9qrwjKBbsqrCZt9
23504,7y911sqgHGHcyU4ivapjwi
23505,3fQFAdRBivGtGpF4uyX46A
23506,2u7jn2ouRtA4A0xTQyAywl
23507,1pF5SqpGCz8tHh0MR88Tg4
23508,65jkEyW5x2XNbKOGI7g7RI
23509,6ZoacxYFn6tVhQJRmLjSEr
23510,51mhLPrylZP1q8NlIQz9mH
23511,0nR17tnzpnWBFKW7EGLxfg
23512,5E56khIX53GipVDrKazqLJ
23513,21SHzZ1qsXzJ5Socuuyo8w
23514,7lJN5XXJSugMDi6Ti7QRcW
23515,2Z2SgikzWmah5oiuQgcQ5Y
23516,3rIii6N9TMUWA4ObdkfJvw
23517,4nRX6nwBuraHRyszRQkrx9
23518,0pnUgsOzr3V6XA6IZ7CQQr
23519,6oK5X3MwR63x7n5K8gDHIB
23520,354LPNu5WF0TWxkk7FWNf6
23521,1GUBQnfuarI1MaZpwVcSw9
23522,06BXwN5RYyQFO7oBUW2Wsn
23523,5PXgmvm3cvRzcxTDJ0Hlsp
23524,1jf4mV179CmiNpr0ey8hOZ
23525,0TqZAEhZMjTUyJY164ijsr
23526,4RwgKL8oSPAR8E7rtZ8gkq
23527,6N6bpwA4iiq7HtKToeVH0c
23528,1fOl3qn0ZVj10szAXfSVcy
23529,5wX2xbaXAb5GtJW9fVSF7m
23530,1TVVAnjWeJx2QGLusFY1BX
23531,3SLDerpBAzjP2yRy9mtNlY
23532,4bst6cEJAYgaKvOWWlbU86
23533,0IcAn77qeq4VjoyZhsHVXM
23534,4LImAtyODHGD3KPHuWMl8B
23535,7brIc021u7YivGA2MDxbpd
23536,4FCwx5XYXU5WQhfstq7Hdq
23537,4yI6x73MfEvemCxxRTfrJI
23538,4yG4IKle50ejkrsodH2bcn
23539,7HMdQ1a6s80SWqjT8jwwKZ
23540,29a4AbKIYcTgjfwOVGPGrS
23541,2Y0PJlBIzrcUGAH6r9pfzh
23542,0j80OpDloqzilSrSWOTcfE
23543,5dX873X1HoXvFLDtR1JtNE
23544,2aTgrEUkUqkQq2XOTiCoez
23545,5ToBvPG8kVJ70jXGvealFs
23546,67KFWMHJkPAv1IsBSYhTZJ
23547,09p5g2gI4mz8NZaPrY1xbH
23548,6r47mFUvGeT3M5zQ3s6WPM
23549,5IwEQs26eQhOHu7awi5GxT
23550,3A9LRAlzcKEttSo3MjSPUQ
23551,1gM0KkV75QKk4OHyRhmqN0
23552,0wad7mR238px30uUsnkWik
23553,0rlCABLb0HqGs4HcPqEkhO
23554,1ydc0ElkJj1YFVhLhJPXmB
23555,0pTbaPd3TyhkdydWIry8p5
23556,5uuvIMTIugN8emk13m7Xep
23557,3IoYkV36TzZHkQ2e01sQ8Z
23558,0WlryM8Bu9h2utg1FJt2L5
23559,6siP2Q5fIXx2WU8gkQ3KPB
23560,1kFyVRbMT4JJynQgTFWKZj
23561,76vpQtP2gjGOcDECa14E3k
23562,33yAEqzKXexYM3WlOYtTfQ
23563,7b6gj5Ndmnnjz18keIZRTp
23564,1J6tpybJhD0STEcncgdSRy
23565,2YglzZmqZoRdNbKH6yUHi0
23566,0YZtQZHdAF3gfqeWHVMHqY
23567,5VVZjELNSUwosN7oDP77S1
23568,77FcWx373P8kjrQLcwhax7
23569,6MVmn8tzyyOdltilvX9s2S
23570,3eMwOh7qeMJfBZohwQeSJQ
23571,47kvUFYqX4rlkA727oN1Dp
23572,7Cao2G1t2BbYbSo6YjS4cx
23573,4auIfa91eq7oNQQkFa2kPV
23574,5ZUyBMERcJ5UT2KVRm3zvQ
23575,3np8HIrBm4FepsWrzgzgB9
23576,5OPqvDyQpaTzD8HyU6pcGG
23577,0AVu4pgsaLgHLrfARrtitT
23578,5motRDG8AisRcQl30UEOQ9
23579,0n4VMosDis1qIFjSZl9gdi
23580,7FFApiPQSE0h9hcr9nxEs9
23581,4WN9yS8EUyI7gF79Ty9Hde
23582,21iigiXq1VG3XbuyJ2IuXx
23583,0y0FhcAHj7tHOTvzbqnbXW
23584,5RtIFveFctGcvO1J9wVStV
23585,0kFtGjzyQLiLvCJMrckBdR
23586,6fMxqK91Fc0YfFXB6Qv5UJ
23587,1Ob3PgYNbJpiDdNZGbQkaD
23588,4BZ1bouWk9hC4L444ao51m
23589,2gZwBmkSmsVfEPFWGuWTDk
23590,3rdzeumXHKdu3nuOT4W9Ht
23591,4c4m5I60pjO2YSS8ByDBg0
23592,6novxCc6WTLSe7p4zK4N4Y
23593,0anATnFYhjbFMA20SnSSyd
23594,0xy7fZRoULsel1jCEs41CF
23595,3mo6oZe6dIdCdjS2U6oHta
23596,7jjeVkCrL7K9ej9Pxt76bb
23597,0l0pHBglf8cL6JI62RpWnT
23598,4P73pyYDXgIWw6aHKOD99N
23599,5iZHmVEJEf5GB7OcqoSlV2
23600,04G1WF4m9B6ciXDGfXdK8q
23601,668YgsnvdNBHfRscNIBS31
23602,5jnekVPgf12EsKtBX3JPTW
23603,1oeMdYI2hjIHwn1dJNhTLA
23604,6k3FE2tlTymnsPMTkL8slE
23605,7BHLK83XTCfqDnQk7qP2Nn
23606,7DbfpL4nYjapDZ0HElvsKK
23607,4qR3fYNGb8S90lnqAA4x94
23608,3usdTkRcpEDV27vpSUkvg6
23609,0kYvNTrexBT1PV7MhfHh56
23610,4PxwRGCOSkTlWrw5uc7UyX
23611,1W8TLcuUYJQ4byhQFcwrPG
23612,41pOvhLRBmpHBMP0GMKcxQ
23613,16vw4e0hbPJ1zbzdIZncBp
23614,06XuWEluHbNLxIhJfsFdM2
23615,5dQ4q6W5bpFYESgvyYt1EL
23616,1u2q16ChiIlXNuRrl7WDqt
23617,4KXvFJZggxGPyfQfAqa9lE
23618,75c3UZAPmIrie6fJamlLJk
23619,7y6EHdn8KFJUD2F6zWNWhZ
23620,6K8hK9VfSqlOWby6v4O0a8
23621,68eFwwxDQKU3yETZTczedJ
23622,4Ix5oU7ADDR4YbGdvaIxF5
23623,4IZYOU90vUxP1uM5npibuY
23624,5AknxZZTvfAON0wE8nWYFl
23625,1OpltCTtJTFwO3N3Qd7yKB
23626,2ptFsenBXCn8HBOMbRR2Rt
23627,2ncgX0e6TiXAFPXtK2npvf
23628,1Qsj8bl2jbsXeobTgmomvi
23629,6TU0o7yIUiC7DK3z9dhq01
23630,4Ae0HxvrKEKLNdLjF5r94p
23631,7AppWYIm98qFOGVMbNHJSB
23632,4exSl2N0qehAFiDLKUKYBW
23633,3NCXY9th7y6nufmH1tuafv
23634,6x1XuTKYN4jldGMFyTjsBV
23635,2sEzH4rGDdXhY2ksqW4uEn
23636,1GZXikoTxtTJuTtcwJRpfX
23637,0cCJ8mOuvpqb3Ic2FAooW6
23638,6QuAryArxhFRiP1efKEnES
23639,09aI3Rt2zyjFXcG7Jx5ba2
23640,6MhNnX9E3HTfTEbcUbRQk6
23641,2eOpoET5v5QaARKybF54SL
23642,75LBuIaEPERZzbmvlAwvGu
23643,1116cRlf1zVJXVI2fUUwFD
23644,26VwNcumDk70GiCzAHTTMo
23645,2IwndbgOO81aHmA6Sx7MTE
23646,5nVnEuzs7dkGhKTSM7lZZJ
23647,0fYs2wAIB21qXOH9ABJHwu
23648,1QUMpZT7HG6sO3RiBu1LAJ
23649,7BL33HmuFQien4olebugdj
23650,5BHQWgOF4cWMChSTwcbY3J
23651,2XSHJOk1o6FohIfjjhSVJM
23652,31U21fwH5izi4fVA2f1HKa
23653,4bxf5GhTKwm0wWo1XivOV8
23654,0ydsWxSZJTarvvuUl4nl3G
23655,0WnUB48NWIl4R96uGuF2XQ
23656,6cJG24pma09HJdgOuh4iS4
23657,3m62bJJXGyQKdR9XyRocnl
23658,0qAlZSWn6gygNP09yQsxep
23659,322kB3O3eqhQULvQu9X6eF
23660,3w0YLMihQG30t27xVE55Jb
23661,1qGeII6t1MGxDmtHgZBojz
23662,29O2iEz1rb0YSPTLQBGWwc
23663,0kJSz8ENF9QUcBmhBvIROi
23664,3UNpuMVr2aSWu3Fzj2846p
23665,0SxXVImAHImn7425SUh0W3
23666,3MY0SU1SB7nhqXWVh8GqUd
23667,1KvFwIDhxZlVGXahX8QIGV
23668,68axG1hoBwBlsaqbZCaPaL
23669,0jcTF9s9BzgYDPeYY2Djoy
23670,5XGtZZ3RzBfElY6ifwO2QF
23671,34CToF6v1DiUNBhoNDvWhR
23672,1FhIkB95rXzlKgyGFB4Fjd
23673,6k63ZhIRTUvRhPX4SlTaRW
23674,3VMMmMR4IYL28n7oKHyUoD
23675,5a5vXy3SwsuzvtpHnJDXHE
23676,4WGZnsdupDPYzi4Ig8OVaG
23677,7lIbBZiDp1FlfwIqoWbsEc
23678,3oj8nHyc31Kxo33gYI01Tz
23679,0Vb4hvtjIe95UU2JIEgHlc
23680,33bWaJ1pGB7vjDQXIurCHi
23681,1iuXBmloAshYG3bsXF0uGy
23682,76a0XuXMUJIgbLOTItK4eo
23683,5VZj2gdc5tbZ0yG9aWK68r
23684,7FNmPixdhBkPMcfWxMAZAw
23685,4DTCRnhP02fWJGSlqSVn5M
23686,2cWL47jUnDnL5dIzaJWebQ
23687,1EaH4rRg2RYCYaf0z3kjkF
23688,6tCp9CzQ92XJxmN6WAsJsF
23689,4kV8NxAsFLZ9SGM7ZDazRn
23690,40skFLsR8naY4CBXjgfXkV
23691,4dknQCPNRT8YoHetQyG2UA
23692,3jCAP7W81zPJeL8vDbMiX0
23693,2B4oDTNdmVGVplWTFoSwbx
23694,1LpNRwWxyl2NAl7R5vZ2rq
23695,38kZhcFGQGaxf5hrGi4HgI
23696,4yEm2XJnOo81v1ogSjCsMl
23697,3XnA4atpmz3Fbcic3wWs75
23698,1vkMtRDV3rtqwjM9KH9WIy
23699,1C8VcJ5y82ak2ZaxiL0GfS
23700,17Iwf3ZL799YTQU1SPSpVA
23701,7hjkQeSg7KmBSHgnbtlaXE
23702,3eXrzOpNm5b3EvpkZ9r0fs
23703,1qvtFTljEZRiuWFcZ3UBtb
23704,542di2pc4TrCoIpfBaucc4
23705,5sRLBlFHRFk3LerdiGs4Z6
23706,7B6HtomM9riYVkCSIaCMNY
23707,79v72ZoKQiErmqIgARfrOr
23708,4zzIGH1SjZiZeLXxUzFALM
23709,5ydWKpjH2LxE9Cs8aRk4zb
23710,2NiVWfDtIX46xqlhkAV1Fg
23711,4Dntr62XkCsDKJXhfHlnQi
23712,7baEUeWH11kelwobfJrL8I
23713,7z3rc7SCgjbAztt1cbXkVj
23714,766EctF0ek9Mq7kDvO6I33
23715,1Lh1os3zbRizXEIahxnrcE
23716,5QbKP80YvPRcch14N6cOUL
23717,16x4zrgor3ewwEbPgSrTAB
23718,0r4wOGAdRfCJyaognMP44R
23719,6TRCZ2S9QGHAu1gpZpftS3
23720,5eOWpFP7pTLQmISfx2RJpW
23721,4vKhPAK8fXrbaWfq08PT2W
23722,6RbXkapvY9HlEWFhAn0X7p
23723,1LeJvkuawbp424pRLlOVUz
23724,4EFkKhxKAJi2wC4pePWLof
23725,7jGZH3kdNywLIYu5RHK1BK
23726,3l3JI7K7CXrNR8RAZY0y91
23727,3N6KjHRTSuPEzSiSxnoWuR
23728,7Ijsd2peuxqa43goRQEJvo
23729,7zCADjIGAkMnFFhQEqqyqm
23730,05XSpcg3nm0zpDHd36AZOs
23731,3R8eS25eQogkvLP9mG3TKx
23732,0EeJoDwo9MlWneQRgzFnuu
23733,1BCswqKwqo7w2zR6DR8wiV
23734,6SXHmjGb2UL4hAZXvd8RHQ
23735,7zAZCPU1RIJRepsWA3oUsb
23736,1Y2ysSdoIbT5vhBlZTwNfy
23737,5vjSV04SepcmSJIsBpO6Hi
23738,0e7AC0RIT1JJmlmWopsjYf
23739,3E5R61s1v3K6Us4QXKXE5r
23740,7bzJAoF66GwEBwJqJ4TpmF
23741,5QzPyxjC3X9Uy8GR45rQWU
23742,2yDltDae65sVOkn1a0zp1D
23743,40orxajiy38cg59BbFBNok
23744,1nqgksgho1tig4JjlTo9Dc
23745,5uAtX8tVwC7h1FMUT7cCrv
23746,6s9oj6aPupVSA1CSaaVZZL
23747,5PIFxJpL63fh7qAyksfdzc
23748,09AlCNxM5ngfYBFCcCKWf8
23749,1DcmiW4O4oRyvOss9QS9VB
23750,7I1fHMDNlHobS8SBUJAUDt
23751,6nvixw7XmqBSuYVpgCqvPY
23752,21pusgGQghtpXEphhzmXrI
23753,7reGxEWg0JGotK561kvmqa
23754,0YUgXm3g2TozRf8aAJSs7w
23755,1NYLrUlZ7Ratusb0xd5G9g
23756,6IF7M9Ksw65aHE24RMecpl
23757,6NrkfziPEnuDx1ZeRA2VaF
23758,1y1RkPR5MDXRNvhUdjEpRT
23759,1xWfZZHCQ6a72Bs4eRwD8U
23760,3avA6jM0BKDs75uWbsZNbk
23761,2uAvkYqBrZI0Yef5JjskPj
23762,0gWVilx5PbHEf0zrpp1TmQ
23763,0cGPyglLMBrf7fvrD3uPBd
23764,1whfVLMKWqAX3uk97VXsNN
23765,54cfHX2nyrQD7IVzudDtNe
23766,2SY9V5BTkgA9dRcIaB2EM1
23767,3uewgGxACwca8iwi2ZVwVT
23768,3o5E91BzBc8tz3o5kF7yvE
23769,5kP3h8f39kk0erf0CK9rZJ
23770,3m7bcgEVVAFHYU6Srkd0oT
23771,6c6yTwWKCVQmCiK0kFVluq
23772,3Gy0L7h1AW3a2uftqessB8
23773,19kJdaUHSb0CGSdtasRuoK
23774,1mX2TKB6RMF5I3OtvknErL
23775,0kF252NltqLPZTER83xGzU
23776,4oPTbMhg8PSeUYzgG4DxT5
23777,4PHld19cwLHcLCKMmBsSB1
23778,5IaCABCJsT7PtekYLAHOw7
23779,18LwhRYqFsJjUH3Q4dMIr7
23780,3h2DymNoqdfhMWHsK2Td2S
23781,7nvnzctkhoXXfN6vn1TRwn
23782,00vXdYgi7qL8qk0DOWRmfQ
23783,6P0d6HGaGTbW26ngcMpdko
23784,4mTBTy1SAnJKoHxnbAcMeT
23785,2JQ5nkcxB6fipBIX0eAzGU
23786,3TtVCy4mU5EhWQuXKjsWFL
23787,2wxUXlPQSloOq0SGetICXD
23788,09TPhi2xHT2kMChpFKP6Yg
23789,6WWbQQ3UOrnIbpLHnX1ZiO
23790,4cOydBarH8UtIWUioQjqFv
23791,3sJ5Lua8bNfL0YSRJ6idhg
23792,7spSF5EKaCeO6wOsvy5271
23793,529rkRbZCaeZBp1DTekXDu
23794,4nvA00bLCMLSFAfWMQp79d
23795,7oKGLoOietkJDWM3cvbCab
23796,0l5XraRIiZF2DdwvJOdkVc
23797,1xEMSdyRN3nEX9crVnmlXl
23798,69X6rtgG25rQtGoyvGYBEd
23799,1m5IsKDYqZJqHBkqcxDEXB
23800,1vIgWwwCPb0cNBEYruS8Nw
23801,05Z7jet4VDNVgNQWcYHnrk
23802,1im3Off2qbXcOL1bfTQVaa
23803,1QxU7oPZaxA3CIpzkPYRuF
23804,3tNStsFoWlvNFGeRdUfncn
23805,3qrk3biPD5o97owA0eewX1
23806,3CatvCRIXvC2tkuZq3DZau
23807,4IYMOuGYUvxNxnTwG4ZbFy
23808,4anM3cF0YrqFeWZuFHJw5n
23809,3MAsvuKpI0k45dWmaYKSnl
23810,4wlbLwTx7VeVZguPARy9GQ
23811,7LdaPYlRo4pq6CBt44To2H
23812,6DXhDts8qslOikfEXa1fkl
23813,2D2u93x695mLEvAoCJZ8Yl
23814,6m8YG4AZwHqLWwasi5Fcxj
23815,0fYbhMj96zG9fpUK10e8kB
23816,387JZrP5UuBjSOHuhQmRUc
23817,0WHpjlTxtgPnbQT9YCKBGI
23818,2pi2WcCZVW2BK3UvRpYFEJ
23819,28mg55RAsIfj8lOC0sPKKL
23820,6Nksa4tSyyrE31C76k0g5w
23821,4NjTrZ2IQeWnIbzyY2SOfz
23822,3UB7VJpumOOpJ0gKfq7Hgk
23823,4cKJyX5hI1OB9zMFQvGC3H
23824,2VsnNhkgbI6qivXoEh3Xwh
23825,01v4odgpHNjdL16CCSvsam
23826,3b9j80XcN10pJt4vDcniwk
23827,3rtoAKpzSf1ACOm1Zxhmaf
23828,6FFkdcbOojABjexNBuIlk8
23829,4qTefUwED8NTpKrOqYGopL
23830,4eqBd8RBPIxtiL9joLZowj
23831,5NF6bO7CT4c4Qibuf8HDOG
23832,2qLcFZmTMgZ8OnWMDM9xGb
23833,3lByX0jY960zJLufXZiFLF
23834,3WTHOxqhry7SWYwCMGgDWc
23835,6yMxfx9wpiuhhdb8vHDVMu
23836,4oMRIKeyRRWaOgLHeUuveh
23837,7DgQ1vzahOgimHdnm2pQov
23838,00Luoss7SGaxzTEy94cfia
23839,2fHMWs7qvxzqlpy1PPNkb6
23840,1yMzGE0isLECnczmgXITIC
23841,6zegtH6XXd2PDPLvy1Y0n2
23842,1KRolx3XcPpo8jUteyBSCr
23843,00W1p1EeD140DHSrVjhhlR
23844,0d7pm8gOUo8vrnimIGTgfl
23845,7hWhjGNZzOBGSOi0Kq8XSk
23846,3RsaFKz2MCMUB9KQ2Ul6bM
23847,468OjJdSYyN77e1tYj4O6Y
23848,0HZkm3PRmpVd3XIyI7y6uY
23849,4I3iWhx7Zy0KWNoUe7c7Vq
23850,7Dp3fQbWnRLzWRPm79Kd1O
23851,75EKfUAH3B8s4RzQB4V3dh
23852,5N09jAVnkmhBgsx9T2PQku
23853,4e3ooS0qfPNgxZ5476gMOA
23854,5cRx0fXlwaWCkiSz9uIEpf
23855,0osWqTKFSAiSOo5Jw5R821
23856,6RUpJeXT6U4SPEafnr9Wr7
23857,5PEn0oqazKIlGa2F3n0Fxc
23858,0RcHcQX2JohiSDIMi8IEKu
23859,2UZ8C6abrCuhjelaK1MFz1
23860,2344mSPPaLbvT8FLjlu1Za
23861,4ojIjQ03wmdkaRWLKgAI8X
23862,6qkMHPOUkmF55k9bGPiihS
23863,7jPZdC9GaabyiyROriMeko
23864,43pcsUnwCiTYfsfCdW43KD
23865,1F1P2aN7lxy8XWsmdTiDjC
23866,5qxPabNDnJQ551Tf4v6k3j
23867,7xAUgcq8LqL0ZF3Q9kgZqG
23868,0aei3EH5p7mzipPPAXxpzq
23869,0GF2ezX3bnh2o8HJNtGFdC
23870,0rSWdv1HwcM8J2vrR9deoE
23871,18kiJ22U79M9BVu1kqZcKa
23872,4dT14t0kG0bPlHzAp2Sx9k
23873,5tW4a2oEUQ4qBUc675ijNo
23874,04YSVJjUnZED8YNXlQR1fk
23875,4sIFi8LpJWPvI5xviWFyA6
23876,7K19pIASost23d5XBAHmAT
23877,70Ln5mXX94J3C55jDclKJF
23878,4vO3U8AKIjwBEBCTbEFbD9
23879,1k0hVnDK05NbxDAzw7U0Jl
23880,1rQV2UHzSyFW58KGscmWw5
23881,0Aj2dog1zwZPX3lKDh8nOf
23882,7sKgVdh1uSI7t3jeyFERwf
23883,5aC1nYV5S5FzX2kJ9CmXLB
23884,0oaYNAP7Eq7y6PqFhZfxhc
23885,3odh9wAmeCBuuY5LLSniLs
23886,1V7Bef0m2ZRCnjUhTv6rDw
23887,7LcfeYiNJxdBAUchRPMgSZ
23888,7rUPp3VSAs7MZuCIIwMWTQ
23889,5koDYaKfIYewIibHds47is
23890,2I57BsTY6wrHMBDJXpeham
23891,7G6bRsWMCGkYWT09rGrmX8
23892,2WGCIrPLfuCLh9Fv2bIOxV
23893,6N3OboP1jJY01UEa2Bblyl
23894,4p6Zf5RgxGA6bFIHpO2faG
23895,3aKUbT3RasP3IkuKn5y3xs
23896,4Og763IvM24u9t6IxsZNPZ
23897,74fta0PfcNY06Na6vpCWJC
23898,3mZgXifDzwdkialSoWJmbE
23899,3sbBOn0ifcgoX3MfaTeFKr
23900,67WYyxMKmuFd7E4pELpwcm
23901,231g8oadCYb2JCKMHiWn0H
23902,1N2q3Q36JpI3nb94VzqwIi
23903,7p9t5lnIj89qgK2KMIXR8M
23904,6KKi6qJ8d53j3m6KH07ur3
23905,1hpXAtEeEpiQXHMwbDtGdp
23906,7v7h4cmhEEpUFqNwQZd2a0
23907,1aLLWm9umvbvBfBxJ1XFrp
23908,4JyGMnSa9ikTNZEheQZBou
23909,38CNjlPOZr3K5xGeH0olD2
23910,1HwuSP4S2lun5IExwkCEOi
23911,3M6yeNolC069eoag3pB0Qc
23912,3iwYZ5QzryPGmcQ3CzFWsB
23913,2Ur81w4umgEMiFDWggKBOG
23914,6Pr9qzg06z7zvh8x5cIx5b
23915,5ATjyBPbpGjni6LRoPWRrW
23916,1W7f3yVEYXiI7Z4T8zQ2hF
23917,734nCtjDWjX2xcW0fUDEcD
23918,4iYTAHN9guLbPvziZMpK8z
23919,6jCPiszkHr0FV0pIynkIpc
23920,368YNC4pdzisihQ9eTNjlR
23921,3IFcgzuNTeAGyReULkmYFj
23922,5Tej8t3MAGjAyWmX1FIE5t
23923,4VbzuzGKge9MjGBZBxaERd
23924,7zcHLbCFWOOGPd6Mho6CBQ
23925,0MDNAlh3uu0FidvvpvX0mc
23926,37IktTyxDK45aVhWArIfiD
23927,5Aap5YVJvxkUSv0vf70GPh
23928,0nxPCxAh1zYHDJ3sYf6BVT
23929,0LMvWtmB8ete3k8JF4PY4g
23930,32g9VgVYmvGSQugAYe1ZDU
23931,3Yf836JkEbOMhotDG8MJ4b
23932,5RLPxwTE59i7e3COopYA4Z
23933,4WtbWpYfNHGCBd2T62dxeO
23934,58aMb6wBweyBXjnRc3RCbf
23935,37b2kAl5PTzNmUGkzvgc9F
23936,0S0N9PE68k3nXhM6J4cudq
23937,35vrVGWVfdnUqCFQ8yncFH
23938,2XeFYMhXRQOVfR8jfKvSgF
23939,4zVjnJH7sMX1B2Ls32SzgV
23940,61RKGsCIUMBlB2LJK1H84x
23941,0QK4cKWv02vVr4RystlKqh
23942,0U7Q336Pth6J3mPy736fQq
23943,1CkvWZme3pRgbzaxZnTl5X
23944,6h5F9pWXWwQEbGvOipNEsi
23945,5UAlTloMCMQuciHl003wvM
23946,4Uq8ubCt9J07FQXNIY5K7S
23947,7oAuqs6akGnPU3Tb00ZmyM
23948,5BGsdPgTH05laVKJj5TG4X
23949,24lGl87KZyGrO9gcYl0Hf0
23950,7GucpqkJRENIN9F1LMlWhx
23951,7D0e3LOMtsHW6Xalv2Tvln
23952,6muJxW8lguXun64N322xph
23953,5Px0r8pvMF2wLBnMpjB6AV
23954,03u7OuIh6OUw51hQEWvXG8
23955,3pR2o9Qug5qhaFUF8zqsFY
23956,5TB4EirdGX6LZgdosnJPyv
23957,7lrZSOFHg3fkGTS1S65f9i
23958,2x3l6LCYbBulh9c6o0qjvz
23959,2JZN51lRYGn3ApRcGvQzN7
23960,5rG1DBzmguHh93u0HdaWsB
23961,1EPAO4xNgf6F6ONF3eTX5g
23962,5hQ4C4GIHUp83m96FA4RF1
23963,4fVFioqDvk4iPvSVbo1wDb
23964,60xaS8mYBKUW4VQQ666N0T
23965,7nzM2hznlSqgxmRyy8QF9O
23966,00PgSz71wq7kkcWvyhZ0vB
23967,0vIOMsJrGyd1ABm1ALzvdV
23968,1p65BcULs7jhxUJXPmMPyr
23969,3RcfgmWI83QQI7ASb7LsuD
23970,7BqDtpiysrYhh7VaY3FxJR
23971,31ef2g1hGKBR4C63RS4m9T
23972,1DElYwVuhawdcf1uWX6pJt
23973,7rDwN3RTyolzqwrpQICDfY
23974,4PwSSR4xZ78QGjjmBwQ67B
23975,0MF71sBpkz70UKeTjZ33Pm
23976,4fo6QymiAvIc2T7SNDWNZq
23977,2QxgykEHEZguTJe0yNQHh9
23978,0FShpGeFf5g5U7IdtASghK
23979,0HP12cPBVh2Jc208HO8B8w
23980,4FZoFK86X6Wd1csU9afTIA
23981,6ybfQpnHcfD6pAEgorTse1
23982,4o6QMBC6iDGnqvQGOaVwYJ
23983,29eSqQBrdva2tPLYMneFzP
23984,7xVgtzZyidBegrjf6npTjW
23985,4DLmYJ37gBKBZ6ItHHrMfC
23986,1vzOzPT9rHzduaEfxJnd0l
23987,4GKbKFCuOouwcp7Oxsi2vR
23988,6RTkUM8B8pbbb0JbivtNAu
23989,16rBfjuPvDo3iPyDpkTOnO
23990,6ojJLASDUzNmHbCdgtG9Ts
23991,5GGtSBZclOpHPSjb9AZ0om
23992,3hU637WcAGM5ubSqeaTme5
23993,0Dlf9jIp6ybxxev5XeDKzk
23994,6CbDkmeFkd994Jx33xpg2Y
23995,5NfJGBAL9mgFPRQxKJmiX2
23996,1Q7fWSiUDEodRZzNL5mrb0
23997,3yw7329G4tE6WwsDv7mMGF
23998,5AK9OqbhJx7kOFJieZV1KK
23999,1hlhvuxeZRQrSIbrE9LFBe
24000,5tR83jWMGrqcidqqDgoapQ
24001,3GPWJP1Ai1RUCfsOOFw3dl
24002,6iW6plE9iEzEaAL8wqW41t
24003,3CxE9AqTe0t7fDFTZJXs9n
24004,7cwuk7OJRQQEbuPMB1u67e
24005,1uD8hdqF1JVQPLuUzFCL7D
24006,6JpBh4DC5rIE7iKKEWWf4i
24007,12LBEIQz3xnPeUfMzOhcnQ
24008,2QxPD85ZiLr2EME71x8ArC
24009,1Xvy3CAs2B4cuV6UvKq8Ke
24010,1vXNH3G7S9cczaYYm8Bpu3
24011,7yvG1H7wfgQCxSuz0KjO6Q
24012,7gDEqnBNK3hCA7oV3FCJ3s
24013,2MGpDu11Ute4wFJxaM7m0u
24014,3OPXbT6IbSF54ZHYdYC4Nn
24015,3YH6fgL3TnnW01KZnvOt9p
24016,1g29CbTqIIWiEwQQGZwPGo
24017,6SdL2mDTwxllM2A5oUCsE0
24018,1b8H5jiiycLkpyCNDT8IXg
24019,19FFY6AuTd4kq2aH3iOesb
24020,3FdZy5NrNWLuaOJrXhYIjh
24021,31hEtbHhoM2dWN3lXQUzt0
24022,1FKG2wgJ75wS9MFNVZFiWd
24023,7ozlZ2tIF2UBSrv5DTq8lx
24024,5IOa8xvBDq78HPSIsexEOd
24025,2bEbTqj36jmuwMhvvCRC2y
24026,259G3Jsb3cerNiYS05rPEK
24027,4oHVOJwwg7OtGGREQ7d95M
24028,6McEoZGYYWHHBfYPtvHcy9
24029,7rfiXyFb5M9BqdkvKvVEiB
24030,1I7arMzqZe0nxd9TfkG0Dt
24031,1vI4g9y59LDlG1yh29rjt1
24032,2f04u7KlwpiHxbUlDmxXpW
24033,1lVbo1uxjvMo1lLc0Cp3ot
24034,2JKE5YyvyBG0ezEm0FlMaz
24035,2Wb9ejnmy27DUTUe9YF5Ew
24036,4czNORk5MjW5WOn98bki32
24037,369i6kR6jFmUWGCTgfVVPc
24038,7pIX1cKTLvHXkbQ4EySj0I
24039,5TG6YdWamv34bKEei2eaZp
24040,269JUksuCnNvhsN7f6bcMe
24041,7DKlgfoElK6YglaI8c7WoC
24042,2dztkPIZGVV6EKLxvxyhi6
24043,4vsCpdiylPidq4LOdc7NM7
24044,4Vys3xAnEIp9NfGjVhIgMy
24045,4FOHwZf1odeL51JR4fSaTH
24046,5qQc8Am5p0WdxZhu7lVunj
24047,0YeeOpEIff6wD1xLJDUjcu
24048,1Ren1tb5Au4HtDxHqxtEGR
24049,3TLtCHUaiMHcQcJVGVW2p2
24050,5SRWiDjolWV4cXjQWwNaxf
24051,3Shi5fUIeuoNQWV0hjYXNs
24052,7rcwjsWWaMLksh5TiwFbUa
24053,3eUJ52TV4a8JWCmTL8YMPU
24054,1wEn59siJY4vNOYJUwHqL3
24055,4ZfNUmFYH7QpwGImj2W4Xi
24056,5PRkuMGU1Sckq8a7JMh1Eh
24057,0BtqwFxTqPoMIRNq6Og77I
24058,3zV2l6pLSYBqLBovVi544P
24059,277JGlZm8LMtOn8rCLQ1ho
24060,070bLICfDuczNoYuGLisLd
24061,5TcaTiOkYFfb0bxP3Qqjvl
24062,2uIPwRLqp7JNGhDrELnXGk
24063,4pXr7xkG78Nz4xhJ4Jus2P
24064,1xYDtgzEzWbPuWEmV4RSK5
24065,5Ef6kBeXrAbs9uhRVb4uwS
24066,6BWAyBatMVJPG9ApOEKcYs
24067,4ck6MZEm1mOdjDKrBor5h3
24068,7xpKdUuevIpRWvmaGr8baV
24069,6Qqp3cPe9CVcFEUXqgFLN0
24070,0DEdotwMuVmPQDVoWspmbU
24071,6Gxz0sSuSWikq4xGAcixy0
24072,6OLhrvLdUVWOmQ47Muuoiw
24073,6BK8BcFxMFr3JVUaAOZsYC
24074,39XDRUdfrD5wSqO3mmCEas
24075,05TQigolfn4CWj5meeoHYk
24076,5up3y0mz32BJq0NphGWGjI
24077,1xhF9XKeFl1VdRO3TnD8CB
24078,6tV8NPjIorB6MPp49flQ3H
24079,1esj1LFgfyFRbU5brtALfE
24080,5WMhIC0vVVbMqgmhULkvrW
24081,0V5m84RjATlLXfVwLDyNzD
24082,3inTjSnFq2fJNkX5CC6m9m
24083,03LmH6jgGbiDTUNsJRPqJM
24084,3Zlqr1jGivNIyC3AyVZvJC
24085,1LyhgFAenhTUCe78XkpJZ9
24086,37RtOpFMu0i0wzjtK7c1bn
24087,3fsQsL36PH1G8mn68lsFRK
24088,2SfrGJKWqmx2ABLP0K5eXQ
24089,0e1mUAXE8jSG9ExAS4AWU7
24090,5PX8StS8M3ZuDjuecoDNZM
24091,4JI716sdDiMgCXeS1TjU6l
24092,4xmbcXZ6O1qpeSNz2kUTP3
24093,6zaCkHGfbf2gfwT5xeo66w
24094,0IPiUWZcOHlaM4NnDOBeBI
24095,69GzMjvLPTXu3yENBasjlJ
24096,1hXbbVF57nIcxIugYYtdms
24097,3FciUKHI50Pre1wqiA35op
24098,5TQ8qbhrAIQgOgaW1ASTVx
24099,2pAP4u8SWwdBn9Pf7Kw7Fd
24100,1SjVF6AcCFamuErMWI7GQz
24101,49QrVZTur7AnPhiKwugjJh
24102,2sBbIyKK7f2Kkdt2RVBAlY
24103,66wkmlfx3H0Oqg1frvJjhu
24104,6IXANTg9CWP73yEXqTHkBx
24105,4NFF1I1CGrQMqcSnQSQtGo
24106,272pvCb86rth7y5uG0yOgN
24107,728ZMHMFOreUsFOQSRcY9t
24108,1ieWJxPOY0C2BTbYxN8JUv
24109,6UB1IP6ALsh3IiIjR7pRLQ
24110,6ImIYo3O98HHhSvehdrxH5
24111,5Vu5wXFob8CBzlQ6jq7BSQ
24112,1kcO2nhuEhuJ8928Wkkl21
24113,4aJzPzFRlkC6q5K9VWuINS
24114,0c4i59Cnb85GVUkrzSWdmB
24115,4QSyPQp2i48P4Oh1WA64xW
24116,6nH6wpy46jRIdbCvxN5BmD
24117,6s272RsumLDdGBL8gDGhTU
24118,1o8oH6AQrX9cgY39XOQ9Gl
24119,5k2qJg7Kinnq0AWKl9A7N1
24120,3NHar7bpx37o47OMDx2Jco
24121,5VJRSXqHca3yAsCEISymlc
24122,478zaMnodKH7eYc0kNScrH
24123,5gH7PMlvkOrfZBVZ5C54dO
24124,3jn4UOJ3r5NRWZXPA8GTCk
24125,3Tjhah4NFFADs3jzKNLdFo
24126,5v15knLpGP0gV5vHUemx1R
24127,3iQrcNF6LGmODuotYt9ZGt
24128,6xHr55dk09Q9uNIZict36m
24129,6mUi95YMgPya7iPxigvrIn
24130,3uV0tvOb4Spvdtvg5ummjx
24131,32HD53nI35QkOPGfQNg5zZ
24132,3sV25L24OgudtxeCMUMEQX
24133,46O7PiMolg8KKdiXltyV2Q
24134,73MuXfofC6XrAfUTcH4WNC
24135,7hmk1gn8g7bGHN0RI7RaGx
24136,70WsODyKK2G9ZsMYHyl23M
24137,1gRVXWiWJPkP8CpiMnHK7K
24138,7qPxFNlgsqFz5fEW3LaQfr
24139,1sppwjAFIevckFYFscZBEb
24140,7MffSoX7BCh0HJ5flg8OGr
24141,4i1WdC0A1M8dYoA7i8PxBk
24142,1ZgRbP1vplPx9aWi2Xh5PL
24143,7kiYhGmh3BI9kAiuPJV4Ai
24144,5qjmbGWL1WLTSU58Q8hOuq
24145,23FdTX86442bemQURqvVsh
24146,5Hd0J6dWz0jqgRDJoRpOdc
24147,52H9sFOSpSaSOgqjrWJ1wq
24148,2aTw3cB7KMAKDZ6OSF8PrO
24149,46I1B1wc6YddZzK50swoSD
24150,03y6QALd3wGBMs9m6PdZz1
24151,4P9Q0GojKVXpRTJCaL3kyy
24152,4lSHhioUtisztLrA0YfKhW
24153,1nmUzc8snWC89mVK5KfmPI
24154,1faYpAXi4goAhrleYIjNw2
24155,5oTpOdQBzxt9dC28YlP4mk
24156,7kD7ZsWroiSw1eXFS2j7gL
24157,4Gtc0s3EQvEDWVxpEg5SDJ
24158,3PkDWFR8tN5H0S03QwPSdJ
24159,2OciUNd4jTj0paZ8n4gQuG
24160,4aZGuZxSEwolA5OVRuRN4Y
24161,5ynB8is3hGQd5i9JS0rB41
24162,0Rr1IrRiPyCurxicOXwBhz
24163,3ynn7apjl3MHHuHybSih0W
24164,7AAyJX6JybQ0PhxTiVVcUe
24165,5epku85LP8Xzjab1VTe8Qm
24166,16qm96zHuWQ7eGAHi4MJ9N
24167,5d4JbwXFbpaYaHp9vHvGf1
24168,7lQXKjwx4F3zJpDGSKzdmV
24169,6UNO5DDCVl4MqXnxLdLEOW
24170,3TXmG2Mh8Ax9Crs9vJll5k
24171,7d5YihYn8oYaP9uQCWC2uG
24172,5fCBPjWjqaa0vuRO0ZRWPC
24173,5qgjpU2Aux6GTRpA4YajZt
24174,2MZIr9CXmCFJS1ZWZKOJUm
24175,4M1D2DLbv4xaekW3O4574f
24176,3nFvk4ImJMCgdpSlRSblHn
24177,2bCCDgMFRHhrowb7vZA7hh
24178,3nZahP20mwGWzIsuOL34lW
24179,0U6ZdBUq63AauyyHvUq1TI
24180,69uG8ZwlX20vA5fKIEu8J8
24181,1CFRJ8223pGmAL82T1oZvi
24182,6Xny7wYl1X7B8eDT21eEZC
24183,3IoRExUQibTJw1CyCRj5U8
24184,5JWuus88HMyLjqaFhmv15Q
24185,0vw3AnIKzsfzIcaVxSwncY
24186,0QkhacZxbxbUYvHMUzHQ7D
24187,7DIDP02OBNkj3x08ZIAW1A
24188,3uQOSlljszsIHg3XiItsrM
24189,5xc3y6j835ozQ96TY8enGc
24190,2wygMORbCJEix8Ep1o5Un6
24191,7vCZG7hYtt4JOUOYmKVg1S
24192,3IeL1kSFTHTDbQOqlesBzK
24193,1ilFJ8hAbdhlRp207eRpoz
24194,6SNUuxeg0NWXSEkFirAkAM
24195,6czFfI5F3AJtsDHRYsU0lG
24196,5eSllZgRWCIJsDTAqFRwQw
24197,2czZDkmodyDkgVdAY4ZQ1W
24198,4KIv4r54Y0RneYx8GWTdgC
24199,1XQOj2js9ridhhuRVnpKB0
24200,18bDe8wvVBytXtt8IaDRBc
24201,1o9QyCF1zVtWfPwwklGsD0
24202,5AYqtxKZ5MIbb6BIKGiVLA
24203,56RVUS1Yo2YxkhU9bIi2i1
24204,2T6eG4rOW8GN0bu6ohkWnE
24205,0pPrAGexn7uCHJWfDcfdJC
24206,2WX6hfQa4BqbPTS0o4aSDV
24207,1ibmoZSkhSCVMiIVUyIZti
24208,3dgQqOiQ9fCKVhNOedd2lf
24209,7pi35pGvNMpFzhmtl7Vn7U
24210,4WMfopisWXhLXrCo2n2i9B
24211,5zv0JGUTQRWRbCcWxv6XCY
24212,4kTpMmVrOym96vMWZVYoEr
24213,48S5BQ6blSAS1GNSR7TRMU
24214,1jPwAQOY6pqNH7SFNcr6hG
24215,1fkoV0HHZE0kUE1AL8pBGh
24216,5DHQKZCOZhGNTbYBCekWx0
24217,6yUiheTWgpDtsVZYIYn9LF
24218,2wV75DoIoK0Wtfw2ywOoTc
24219,597GRV7fJ030diN3BTWpKS
24220,3fG2SsdDFb0EDa1gVptZVF
24221,7Dr6eVrjviRtZaUxJni88K
24222,2XUqXGx8hcxpfRc6VJOpS3
24223,7qYvSobHH6z8XzGYtYPmLu
24224,2Ocfrk1syda141tYv7v9lr
24225,6W9V9PU7R9LRueBQWPUu84
24226,2Z9zrBZKB1pacXtqdnYtEP
24227,4HWSVyCEnH3Aav7Wdd5p1m
24228,5yWCq9N7kIy6DpqXnGilSG
24229,145QrWJ6oyfctM8QlKAA0S
24230,43DYsSpTXVQq4UyYdkIx6k
24231,5UrZ1UfrJhyB7RMmWaRjXO
24232,39AiF1e0zZQAWrSp02uZLv
24233,2aDN7vpbEaR9ylOEQQduxN
24234,6ftph4VaiX6aG2NwZUWd3q
24235,5LbHiMeFdpYAcAmUsyoUxv
24236,07ZkpHysDtnBHQKbEOBZ2L
24237,0z8eLu7tgcw1SOOgUWM5Pw
24238,7AfzkKORxSHSugr0MhOFZg
24239,5yEwEUGYpCWsSOC0rm8gFJ
24240,3ZCDz9QVHABW1N39XfgJBf
24241,3xKLnqf5nBIm5WFvFmhWDX
24242,064snKjKM1E7ajSpJ8HOvs
24243,6SZT8R0HMmOgLzfvfDbh01
24244,1N00WI5HHDUKDPCjr7hIxZ
24245,75x1fQF0OAfWcWhMtn6cyP
24246,1cll9UPFXdFg8DHjdpaxWJ
24247,7ep0IhFBTyoEcvLSJLtVGF
24248,6Ncr1PNJFDgiBDPWU1u1lm
24249,4AUOuxHRBnjPukJRQbU7v4
24250,1k0GJSTI0xaP8TIvCbyUkh
24251,0uwoS5YvQdy2U7eQFghpW3
24252,1lcZPCRAuVXCHSqPsFaWlw
24253,2AMLnkS2mrnHjqW5Nekn6n
24254,7rxtVdRFJdbuqghQpEzuPW
24255,40Hhq2OKJ1yf22E8MLqHFj
24256,33iv3wnGMrrDugd7GBso1z
24257,5RQ3l2voU4ongAomE5auEO
24258,5ql5pS6ERwE5U5PYPMHbdu
24259,3obdTobjLQbK7Ztw0EzWOC
24260,0FYD43pZmTB6HQWZrvAE8b
24261,1TKYPzH66GwsqyJFKFkBHQ
24262,5UzlEeNlNfYlZtm00UnWf1
24263,1lqUpNN6Nem9p67hi9oP0h
24264,4QqmKKjddhng09YQ9QnYfk
24265,1ZC7xkuPuD28MFjxfscqPv
24266,2FUPVuev8af7yv864FmRTt
24267,0xx5AJcoCC1ZlXjjiJYe0b
24268,5n9od7Y9hQuExDiN1bTg9B
24269,2XOG8eo2KyQJN5mzxN19Vf
24270,1dEtXRznHGSyWNwmpmKXWn
24271,2FHOCcgQa5gMar0iwnFqoW
24272,6tRsOytYgGRyrStacHiTdX
24273,3TblXbuCzB0jSf5bkhmTBY
24274,2LCCxYQ5dw1dz3Pu6APEUH
24275,42miMqTyfyQwhirVJcoLjy
24276,54X6d6pyrFJRxrWyZN2nbr
24277,1WWNnRyvSytqtmoyFfjvK4
24278,0m92VSkZgSR5VcPw7P7ssF
24279,35l3jeJQsFSGAz68CS9vW8
24280,6hrevxNtP5khJJjJ94DRz1
24281,7roKDmJDOzkpfGpUQJ5EnL
24282,60Kznj2PUMWOjJL5mIBVwr
24283,2bovxyXZK79sS6oShm8ixI
24284,1HsT27JDA62DqIJ6oqX1Na
24285,5GljXYUiVUzyinXkR0gwtq
24286,4tlKcVyNLf8JoshzORIGN5
24287,5INCnWloUf354udWzwGgYs
24288,6MHTCbF6gHK2lDtFryxeqo
24289,50cb3xcKd8Q857oy91oJeZ
24290,4nZ91XDbW4HhqrVZ64iGPy
24291,6Wk3OaTqddRA381a6z9OIh
24292,3diqzmavbWJdQiIuIbvoWt
24293,691n7jfrp9qU7HjOELnyAT
24294,1TSndGfvb15pxOCSAjClPj
24295,2oMRlIlrDL3RJmCKX4Tw9y
24296,0dsDhsaIwzywF3xZajgL6W
24297,0U6h2g8OwnWMrL7BEuzSEP
24298,7vCSpR1O4fnSuIByysisan
24299,3pKKxkeB1pOUMHwWBmKc3Y
24300,2Von2OT3RZjcWa4pqzNOXZ
24301,0SJ3sjwIf77W780CVC27Ec
24302,7i6mSKE1DhabHVoz6RFVYc
24303,5UmJn1ai4EEcrtInTlfqAR
24304,2BKXtjNFf8mPrQPmu4DFWP
24305,27zJlQKQGiEJdqmuxBnZY0
24306,4a5vYXqWUJ1RGz9Rf4nPRS
24307,7G22MoDLnHR8A4z9Dcwt3J
24308,3R85E4FGTw3MFqb3lkQHap
24309,4h4c2nt7wTFLn0OYVDWOHC
24310,4WJX7VoM02pVK1fl3E4Z1u
24311,1vDS3MCCR6HkPIL11Lnwuv
24312,4vU42L98vqdd5qHgMENZQT
24313,24q2SqQKXGokEzzjr9jWne
24314,3okfZrh3FDS53a7v8H3Kq2
24315,2egGsu9X7zdNJxU9Kftq6l
24316,0SyDUJjbUxIlvr1MB1FbA9
24317,2VlUYKs5ThfHrFwQK81n3o
24318,6Cv1yU5lCryrYVamre6xGc
24319,6fpbV5WGD523BwTGZCwLvb
24320,4x8iJUW5a3qTsBLqboiwur
24321,7IqDNMXKXc0GvjCOc6aa89
24322,3mQjNcErT001bgXHx5qoFq
24323,4MHSlbQO0Kxg3xd3EAri7M
24324,0TsvN5xJtJdRLBv6OnO3d2
24325,44JgcqqbAAJzU3RiPY5rzA
24326,7og8AbGlEOEA3bQY6cjLCh
24327,5whtzb3UnPWuZKKvra7cNC
24328,16esQtLybGshCRLL4WEzr0
24329,6wXsy8pxvDYprUqjJCTQLu
24330,3EyHy3lXkyDdhixRVclQ5V
24331,7eeDJQys32tD55iFJOh6rT
24332,6jGzInaZ1QyKLNw61an9y5
24333,2xTqXfLuhLx6tpRgEYrtuU
24334,72zsr1jSMnaMPtl713jXeJ
24335,3rfUbzREkMyCFAGbHuiWW3
24336,6Xy4xrbAi52V5MqkNehbwu
24337,5NWza9smv7M3vxBzwAXNre
24338,0BWEZqvMgf8zFEJEr3KP3u
24339,7mG1Nvuc8LJFLgN5yqL4Ud
24340,1eyp1bZsMBwYO7iqID13VN
24341,3eJcakCClaU9j6sVrhubKj
24342,1RES1p3VXofj02iOJ65ZaA
24343,3CVcwfrKugrL5NPsuTPZiW
24344,4xR4KZ91cWvHzWq0QTBHlD
24345,3CN6oJlgLrH4ySrbEidyMT
24346,4wGBhMe3RFJt1wIxtQYIBo
24347,3CAr9ypnwhJtRmVe5QKhN0
24348,0T3uL8inslJIxiQyLlMenl
24349,0VvSpgQjhxibm3Ubyzitqo
24350,6I18R3h6RGLh2V80PsndUH
24351,1s8DkdE3uOWrGU7vonKrbK
24352,0uod317e20PQKeox70hsqi
24353,319QNS9ILIXDlEfnYwSFtn
24354,7IZZtgxSo07F7LYqbsCEoV
24355,6e46bmp6XCOs7bI1CCWLNS
24356,7bHsxtsSdJ3zJIH3cIw8Eg
24357,0X6QQdWZaVP7LzAxhhcwWM
24358,2wqapKKpgcoHAp9EKnatfz
24359,1wQ8XVJwM8q3baCDrAN1He
24360,1HfFkGvKTZ7kPp2HQu4Qzn
24361,6IWIm6gARvRz2XbfXImL51
24362,34LY0Lw9M2LWqivRnjgMtL
24363,7LYidDH2PtgeWrjq1Ex8Wp
24364,3HT8xLCPXbRcVD4m0Yo8jI
24365,6D2rUhcxDRdQoulbUjIwVi
24366,7v3VO9OZXZGOgkKqe2vL9z
24367,5fvTsJmhtY6cWjXzWKNFFj
24368,6WeYr1mhZecNgRhJ0lpxsF
24369,0A8jbGusuq2ucoFIpg4DCZ
24370,6bl5L732IfH35Lxc1cfM4C
24371,4g6aYvzWmB8HzoS4pIKRW7
24372,0SzPBDUS8FJAlSu4pbaBRI
24373,3ug6zXurB5yacK4WdNrIVT
24374,1iZGQ45aPKyfDa7rh2JU0C
24375,3FjjoOFHM9kB2apdSiPa9o
24376,6cRsRBzSaGwfnMMqNSjtFY
24377,2ozOk6G5DrcAlam6BbT3OF
24378,18KipaIoz7B2MsOTZL5oc3
24379,0sXVb4oOIQebKL5CTnQkHd
24380,5tKuhmtxN5jRV0Uc43UWhg
24381,0bMOgytgeTQ6kJaNfaewU4
24382,3iC8O5BZdMUNSIXEJLqsnA
24383,72sHB1oKxtDxoRwmwyI3A8
24384,6ywlwoOgStofd0Nk298T4V
24385,0iJimXEvd6GD8QpkBcCRJL
24386,60OYLqg97AaTov6Kd4VZFr
24387,2cXfP6oAexdtKEybdGHYOj
24388,04YTK2xqqbGyR7zlAFwqMv
24389,6c8msRfUE1EnSul5P3ZO3O
24390,5ksPTMeNnrwvb7evu5VZBD
24391,4sxuFyDiZxWJo1uirYy6Uv
24392,6MVzeHFSP00nHlQ272rSm6
24393,31sigFkE7xsALDKTSglp56
24394,4LFFWXjaRCCF1HjHL81YXU
24395,7CtbpjinSwlPwRolx7wmTi
24396,5klCX0UDgCA7Z2A92YZPkJ
24397,7yxd7FNdMMZ8hYsxNMToVZ
24398,720aq885xtCMLqy6smgRPt
24399,7de1qGSxUfnKLNqncRksuk
24400,5LrdtUX5h8d69loCIpZnUD
24401,2LCbsUbxqWlhTwzfRP0QmV
24402,5encZNPadRG3iJNx5IdEgj
24403,4zW7DxwH1ab5dIaG4iR77Y
24404,5Tsj1zCGd39xLOlZcv4GrQ
24405,0NU56xX9FFekcZt41sT2iV
24406,0ddKVZ4x6fEPGnibQhEtO9
24407,3DiJNb76g7PESmsj7it2iP
24408,4FVBary19OsWgEcB3UbFa1
24409,5MFfDXxiZ3B95ZDaG8a28v
24410,7Hpxnp8eXFSS1pXHMeGK52
24411,7jrW8bQxtwD8B95EbPiayb
24412,2h46kmf6QQms2HP9ezz8Rf
24413,7fxNDyvDIf5JvYeod1hMtl
24414,3hnA9nQpOWgU5szBQvWhYT
24415,2pvqcwCLwFlnIxjoBAYlJ0
24416,0ERO4hdyGZLBlTEYCHr5B1
24417,4HYuyWF0hhLF9YEAK1LRbb
24418,0iYVC6vQrSZAz141umAsLi
24419,6NCkJFHLl3K9epKNenmlSc
24420,44XVDLo8J5lWC195fmNPMo
24421,4mOV1cPz0URebkldRwqFXj
24422,1aVh8Ns14aRLaabfy9pwbv
24423,5ff8RweWcwQrLdZMMlvHzJ
24424,7jjJnhnR62rX211u46Qbud
24425,4jAhpW8hTxWsCmca3q2mVJ
24426,6J6QyLMIoToFr1VvDpt8jo
24427,5QkUQdHzV8ynbsq6MLiNjh
24428,6qfqzcMdC1ZgdOo34976To
24429,19glo6zeI6mUdELLmCIYq8
24430,1YpRBLuUWsdahTFhZr9pwK
24431,3MG6midl2BFgPE7agPVeqC
24432,7dsGcajKFhmsqg0ZRD6sr6
24433,5h4nw5t44hpZXQtYj15aXF
24434,53ZAy6eIXiC5EkHzPbyYkl
24435,6vWcQ0JsJ83bTGkSatMQfJ
24436,0ywxUxn2zq8rJlcAqNOKtD
24437,5XXyjSkDF7LO0urBMcKhhk
24438,2mfcYPktNDgXZMBfzjyRP6
24439,4uBVcsW9vWVH4zDQpOHf1f
24440,3q7IE9fW8k49nOUcsa9s2S
24441,1bFDVtUMLOBcuMhrss6mIk
24442,3DIlvJmohom4hpIxp7JC1I
24443,0fXqk26NgUfqyZHUBYxjce
24444,2vWE6Btt6Kwc8yRkr6g4Qg
24445,68rOzLi5lAslup9nUm2KDT
24446,6TBERFZTX5QVvohq0ap2CH
24447,7DtKDtI9HfKJK14Ib9X8rX
24448,7lxM4RV3N8rZpFwvjgkNup
24449,5bnANqDWoq1OeHGTEu6V8o
24450,7ovNQP18WxDHQhukmmPEB0
24451,7lreHrUGvRYxIrYsl4X5MZ
24452,4FJ678ORMehOang0djwg9Y
24453,37SnMHwWU7F9isLYZB3taJ
24454,35w541m4SS6eqKFHmFNu47
24455,6sgtMp3LRqmNi4TxGsBnnB
24456,5WxE8JDHdF8VMk9gyfZxKL
24457,5Yuvfj0aCUvWE01bnMWtjV
24458,6APPAIB0z2fnzhw1pGCp5S
24459,7IhkWF9zpiYKlU7CxHxYT9
24460,34jQlhS7FGfPitCHJRd2fR
24461,0mZ8pTUUhhmuvb8cpgUda8
24462,4eQWRdMuRCcgfzgJ6BUqG8
24463,0qjZ4LH8H4EK58HTne9TSa
24464,58VU6RGGfG7a6Loben1UIe
24465,36E8oyFy7ZeZrEMwQ9SiYJ
24466,0TwWW3bp7I9GHTxcqpvdNJ
24467,0J5ioYiF4KayCxqCKq1hA4
24468,3ajG91JkP3bAaLrDjywKNj
24469,2yz7J29CMix4c9p5DebGR3
24470,7Bbo4NsN6bOq7U8Z3XUomD
24471,33mnDZ58tzaielfwKM0nEu
24472,6WoN3Qbw1FfayeJy09rFzR
24473,6Paok1eC3gOmxdiymxwndP
24474,2grfK3u0OnqKT9fWDpyiC4
24475,64nNBUZi6zMNJRQz21MKem
24476,4NxPDTO2ivJ1GwXCyOnPcl
24477,6rOTeZ6ryKHqqKWsN6wn3j
24478,1SLePBgMH3p8ivzX0TeCC5
24479,0fOI9nZ4THDkpM8uTNWCJh
24480,5OEzvwtvFozMRJ0ugyLTtb
24481,1du5TzkIzmlFcZy96729hz
24482,5Q5TNh4wr6CPoXKrI2H6gx
24483,3fullNu9sBvp9WxaV8XE3q
24484,3jkyvdvADanc1VcdtomweK
24485,1VbkwgOj0CKX6wB8Lx9A1q
24486,7vFpssS3kATxZOuWGCrJAt
24487,4IBL3uksmg3kUOf7iUzkpg
24488,2tDtIzXegB5GVT64akdZ9j
24489,3jTrhxIfjTkkQvo1BhB6FE
24490,10LsIFdrT9iJrFelDP1EYW
24491,4EcYBmVwVVw3IOoNTYl5Yx
24492,2IctJa3vXCkgwzYN14jMFQ
24493,6yJoSqg3eVyFgggpNXJPVV
24494,6KwJvvGEAAGZqI3QyOdAJc
24495,3pmlDFimko2PZeWyG1PLSM
24496,1gDdfdWK0LGlwxOqZifOU5
24497,2NklmyCe0jVkXrpFSQ1AZc
24498,7fl3XrhSCwAWwCRG4uisVU
24499,6iObNbj1xChkZD940pph9M
24500,709Tk4F5fsVzYZU7Bv3O8d
24501,74GDZi8U2wW8ZVxF3M1g3a
24502,1lDsE2bhg4iR7TAFYkBO74
24503,0IBrflx0lCsYSNR5LjOa0T
24504,60lRwAFJJpaNnC3IwsUGOT
24505,797icnaU5zk2hQjgVQQUWd
24506,3kfRuIyZPllSAhZxsKKlKh
24507,5PkhRSF4yh6MyKJhYe8vZO
24508,02GCSZWHKNQ82cIjkPkjfE
24509,7bnRX1ObyGzzSuOWrNFLWw
24510,4QQZqX2buPafHOgiHspOZh
24511,1jgr7hrjegI0n8fEcY06vy
24512,7IzBQ5a1LIFNW3U9jqWCaF
24513,7pIITzVoGFolN6qCzWvcAj
24514,4e6zajz4t8TjDi8bifyvbb
24515,2awe5UqMSMmO9bCY3NSue1
24516,3ytww1ezoYfvTYaiNWnxG2
24517,1riMbTj6HbiQ0tpD1aRema
24518,6gJbvBnEoY69UvFYTQuzBD
24519,2fGEcdHCSfA1WbBfIKJkPC
24520,2soZAFgZ0piLlP7gY1jAJb
24521,1XLr03yj3Q8pfAAOEbKV2Q
24522,7rL6kqC3NLfjNndejduTbp
24523,6JNaNTqQngcIsBNouRZWgZ
24524,4f2Lc9C1dhkTMQgA6qIEJd
24525,3OI78dvWiKFAIDaSnwu4Pv
24526,4LKuYlN23CYR8hZggTFmMF
24527,6pYtnBGth3ilIaSRj1zT3X
24528,3jBDFBU5vJyo6u6Ar2JOIM
24529,19k48bmXJ4dTFl77JeOr1s
24530,5TAAAGDA3mqpGmlNqxNPGb
24531,1VACEun7IGIUWpkac0d8Zs
24532,2FyewsxscgaNxHcFYfYevX
24533,6egHDEI4pmVcxSovddPTFG
24534,00mxReU7CVQK1NEfRjRmVR
24535,5KCCaVQOSe4gLzyGJ3oZnL
24536,5LlSuaHIinQNJpn92VSZK6
24537,5H7G7PhAFrO0zCbEEmjFsF
24538,1Xg9DGukmDYRiZjkfJpi3Y
24539,5tDsm59uefHRong4qOD1jM
24540,3wLik4MynU51Y1lLJmi1YD
24541,2oI3TgpoI9fquT4uvb9GUt
24542,45M51GNDEaAEBsKmOoYneR
24543,7s2dCV4FGPOS1mXouPT0wF
24544,4sBOU30e7J2KF2VzBwDG2M
24545,1MwJMB0GyO9gY7GwfqcXYq
24546,2RHWJwW6HdsM7k2oaDkkcG
24547,4E9ec1MoiK47obUFz2166x
24548,4QBdQQwpS60LhsU1cX8lxY
24549,33LleOXlYSGmHinXyHWU7g
24550,1fNpjNdW19MncFeE1dMRwA
24551,18e5e0VrwAhTZ7kZHNFQCf
24552,1FoZOOaXD1WPVFTH0xeXL5
24553,3HKs1n7tRzeL5USZLMvTqh
24554,5u2NYyPYyC7tVVDkNmcKGg
24555,54Dt888vzNrG90F51f1kSW
24556,5TiykW0cqzWb0eSHX7hh2K
24557,5qy1QAKFVfAqYbgp46RSSv
24558,3YQCClOSBrbKkeAhmGvkoP
24559,3zGzge4TV3iEK8lTm2o382
24560,0wNYSaWlOMV2o9UOf9s9SC
24561,2Nrhy89l7QecW7c01D9Vn1
24562,6j4Tn42MKXz2x6FYZCMDaL
24563,35rbWJFPSnfTEDXvopaqxZ
24564,2nVV59BMl5p6AB66puao2w
24565,65qFeoZQC6L93JAJzq0Spu
24566,035rYivlijYDC723CoKtNK
24567,1E6bDxKrqfAQgVS0ukiSpt
24568,3Hpj5BCDb8ZRV2TEhRXx4m
24569,4mPAYKJlhTrwKWLS8pVG5U
24570,2vusmH8U3NrenqhETxFGkf
24571,6gSKswfcoWvaadqvuMF3Y7
24572,1jKMgXAEikBKYM35jNLtLp
24573,6IM45SqAURH6PrvziDs1RQ
24574,0xOJbyWUJ8kSHWLsZ5dM0a
24575,1KsckNRJjJTAUnEKtPw51a
24576,1tcgnbHSzZN2wp4WQnyL2c
24577,2LI1rQaJdFjLK2QZR2z4Wb
24578,0qDGuZIUou10fXHklwlff0
24579,1kMOJBmpfWD9fir6st9uqS
24580,5zW19jYVufMf6m9FNQ9kli
24581,6noglJWPdyV3vOUqkDrI6Y
24582,0jHSdjxn9LfzNL0WkDu93W
24583,42aTpkS79ySRQbA0ZTNTh0
24584,1t9Pn2qzL8WeYF4rLjqSUO
24585,101mZEbrIPeflaZfsj2PTi
24586,2M1Qc1mGSI1IYtmJzQtfPq
24587,4BJzKdCz0zMnqITMESu3b5
24588,6x9TxGvbq0qczHifRI7cJg
24589,4IZMw4NXcJ2SxkXNQYVpIc
24590,5LgT5OXDbzA7NWxS7lTBKd
24591,3WM1yelIg2AkfFAhLXTu3D
24592,0RQEpWykgNyAMCeuZJDKJt
24593,54KwZlYKq1sj7rVnTVfkk8
24594,7fmVIBMLYiXRtTFOlxv90i
24595,3aaC6jYSriAnOuU1daGCu5
24596,2MDbYUlqTHAmIfnFgpkbCE
24597,7nM9ZnOD6nL04E5dOjjZiw
24598,64LxDEEDDtQfb4bTadJsyX
24599,4yO9gnhPeTGc5bdf4usjlP
24600,1LIDBPdxpKI8RVzuaum7UP
24601,3a6niBlB1QhSgfbj0REFlh
24602,56qHsX3m12URSxBoxXB72r
24603,6KPjIw5FeMXlb3fpIpqwoh
24604,1Q8BnIkM2mpbUXp2so2HYG
24605,2WSLlh974ktWzfXgedSb7f
24606,4s24lV4iSzFneboF38Y5w9
24607,4RG0sBO0bb7Ddkdg8rF2vE
24608,76JL8FVOnjGwVYtK8ZKWQl
24609,5AsYhORrPhUtXBNsGwdbqo
24610,3J4HR5yM9KKK3QxUlakgnc
24611,2cjgdu1MVfnVShIbLp3XvI
24612,4oPO23wZFxtp1tbauOE3ys
24613,1puuI5CdKE6SjQElsWw5S6
24614,3apBIw6lP1VoekucpGnLOE
24615,2RHZdRV29EsmqNQCJeMdS1
24616,0hpOoqJXIzuMnVz2vhSwNt
24617,3Hi5fiehijRW2FcNA0Av4h
24618,4v5VnidREtwYVOTF7wXY87
24619,0bJPjlcegkXGSnijanvwVD
24620,3aPlQWU07jGgyHaBHVS5TS
24621,61qGJNGXxfFl9ilpWbu9KU
24622,3OB8tXG4qxdvs5Y9cZDsMa
24623,0igzqSjzXAYGgke656GR2n
24624,03O1pJFQOpQdg4B4inRUzS
24625,66w5OYw2ja8lnmaA3Ns0PU
24626,0ZJw3XElRNa29UmEqHTboR
24627,5I5k9GirUPINemEYznrRFG
24628,5uvEhGi3270Zsjjt3qvFiL
24629,10f3q2Od3xz3P4BmsP2AHY
24630,4I6Oju4HroXhn54k8Kkxh8
24631,7rXgJUG1dp42FJMjYsD7EW
24632,2bfNq2UL4JQKe1tq0N6f9Z
24633,6WvaM9yVAKXKxuD6EdHPIu
24634,6tCssnvTUREcperDOUTqvA
24635,6zX8bI8XoOXcLB8puqHRiH
24636,5u2wlrx4vu2iSHexMrKz4H
24637,77TstzfiFL0usdFfoXd2be
24638,7mEtTwyAYAvvdAeEfeNkfU
24639,6hv6d8YnlBPuSnueUjxXny
24640,6DJgQkIMVL86HHxQk5yKPx
24641,4GdB5M7GbwLZLouktYocFC
24642,3LUWLunisVxszVkgNMxqSs
24643,0wokCRaKD0zPNhMRXAgVsr
24644,6wM6CS63Kg4cwyBJgOtW44
24645,6DQ3zYYidPbilQPJwsf6SA
24646,5krKfzHR6HTdUNZvp6fPzS
24647,7foypmc7KZyU716Yv63BPe
24648,1eN3VT6F8JNkjF9b4AMhzd
24649,0QwSJpHNHf3jbAF5h7Fsz1
24650,0Kejpq2yOf531FilyMu6GA
24651,6BbZzQ9zOxNukettipPeap
24652,6NRy8l3SnsGhJOOoVkmjnS
24653,5SQaQWvBDEAeug4EPyYEGE
24654,5v2l03nRufdig3kFcOCrlF
24655,5bM6kxUaqFlL5X3AXmGjNM
24656,6zEvTNuviGeI7sNyuusuXC
24657,4cBaJZfD82OgJ94DNOCaWs
24658,2pbaUmgmxWMi0snpKrIORq
24659,62V2q2LBn97qqUdnXWcBzB
24660,6lxuUjGgeGlPT22PJcVSBB
24661,6sXI3aUSJ7caCSlbZ5u9hN
24662,61GkHxFumaKj7a66cnmkZE
24663,4lLD32nrE7QgtVMtW1CDeN
24664,7pHm16xDll7NTdH0tGs8iG
24665,0RNDlF6BeMxB8elYBWRqIw
24666,5GPrVZItFl0cxKNeRPDcPp
24667,1I9waMtrgBfnjlIsRif7x9
24668,3mDfbujpM2WQPVW5AW13uz
24669,0QB3BeqsV3yv4h3niUunCn
24670,6J1CX2FjxU4nAkd14Pwd2B
24671,3A9f90xaXSTkxsISoJ7L9V
24672,4LGD80v44Bl71z7Srvyki7
24673,1Z7WEqNTdAsmYqqSFnNdkZ
24674,6t0Lhjc13kjXbAjanJq9kc
24675,6OWrK3b0yNhLYRon5SBafL
24676,4CccI3zbxFaOzznv61yF4l
24677,11NHApIN2R0DZJDypPYeFJ
24678,3wF9KyThayuuNjaNHyUv18
24679,5iAj5KZX76YhvbO2X8W8By
24680,1JQXYtYM4YSjOjDyudju8J
24681,3PV8ohFpjMkS4QuIHNxRxB
24682,2ltCAZrnqyXVV8YYxweEJp
24683,7LUUHsfrYJH6VjyFrLsDXY
24684,7IaHSHUo19LUOF9HbdmdFP
24685,5T4ggheRygui4DAWDioqlA
24686,0d8QplpClmXvZfJ1OMrhQ8
24687,1jHBumKOcMLJDdUFrYuCw4
24688,54cBqIDAX3dH5Ys1DKgDWR
24689,0OLAJ1DEwtdXnjtbIB7AJl
24690,41U86awdgg7CKQUA4twR68
24691,59Yv4QvmzJZhdLmdxevV3I
24692,0EkUrEcg4DiQjVTuS2pDrh
24693,1K88Vn8dqGClq4KUqZIhhS
24694,1fnjMnEIoBMnD1pjV8Dsr4
24695,5pm1D5vcIW3ibb6YG3ipOa
24696,3D4Y2NlNdyAp3cgwfpbCy2
24697,2weQsLVSGTyPhB23aom6w0
24698,5emTyRnoMTLc9G44RR6XIE
24699,0ib9yJ6vBVEfPOu8kIyIDZ
24700,5fcc9BoRZMfCklJ92h0AJJ
24701,5Rz7QN0lVA2H1zQ2fiU7O4
24702,1vlzSY7AttAiAvSEe1JbVs
24703,05Z4eQ7llqucxW1BMeGOVR
24704,16JDOqZO9GxkdDKtc86zGa
24705,35soCEqyuSDs5lDiSeXOAt
24706,4Yz9BTYLKNe6B0LzB0PisT
24707,5GOlBEp6O1S3xBQo8Ilxfv
24708,2VnCUmJedaIs2a30qIdbM6
24709,6uFwpYLFyr0mIl8s1f8kEh
24710,55sHHriH0x8Shwpq89e8t8
24711,63Cjc4Z3ytAcAkf6OLRfVK
24712,1RGyaAu7tDpoNeB2QGKR0v
24713,4e5LUyHrPuKxD0F4oP9P4w
24714,6YOad1RaMfy3k9M199xPjZ
24715,3l2DzzJX1LabN1BTe0Aji0
24716,5bWYIjwgg9y4tK2KtQKqc0
24717,3doeL7LWVOJkyvheo8k1YP
24718,4JFynFrqEvcR3eZb5JsJ8q
24719,17y0PylXIPG9yN9VTgQET1
24720,0QBV3VI7ZWm4JESlCaXHxS
24721,6M9zZNSdrT5UmuDIDU555y
24722,0WfP2uxycqUz6XO2IRm42k
24723,7GLJJYe0iBUsJYntdvkpLS
24724,4aIRmiRIH3gOGA7BxW0Djk
24725,4QO7lhKpGQXaN3vUCKKbL4
24726,4ohwkxNoRzJkxt05pBeJR3
24727,7MXlRIl901aXfJ2oSGn0E2
24728,0ZrQxL2er4D02bZdIvuzHp
24729,0Rho2LpmqxV4RsV6HZ1KHO
24730,0gK1uOAHLjNosHBlEdB1FC
24731,2MzvZxAoPDmkh9Cu3WyXVV
24732,3jWX6ol8AzhZhQ6TEF0qNg
24733,39yjgiX6O5lEl5HdO8nY0l
24734,1qfDfZAvrkSAFrAR2FTQDv
24735,66SSY1rlScfQbNNCo3qTn3
24736,3sOUQKPb9t1F9HlDJEnUXc
24737,1CdgCklS4x4KOJxDcPqS0e
24738,569B9eQZ2RqNFUbhXv6DdM
24739,5cJz5fOvm9HKmIgqfo0xXN
24740,5vD4gjymzHZAmughgfEpu0
24741,5owmouThkuycgEElbgEwPK
24742,1XlxCoI91dzdpZSCHLRPLY
24743,3HRfH5dCEmrc4kquT51XgE
24744,45Lz00TnCmg3UAGQySX8T3
24745,1p1E8aR3qUxZZ1uC65qRz4
24746,7ujuDPhdq4EGorqC4xcbBC
24747,4mkhgHwJOKa2leITXTyDxA
24748,1gEc6O2U6LCG0ArztIofAw
24749,1ZpieOR0AABNTakKDPTY1j
24750,57tOHMzHsLEJzXXEJNXas6
24751,60RtlY94bdQpqENFP9rBRB
24752,725psKOmvjhV8lZ5X1YJ4o
24753,58DFx3448BbGjOlbz1vKPL
24754,2WUHCeJKPl1h2ubFh5MSq5
24755,2PuLxydocRGl7Bj2GqbtyW
24756,4HtgdHHEQ8qsuzHrNaM8gN
24757,6Iy5KEB1kO2BVOGnAgVV65
24758,0s9mLsm3BG41b8cH8npDVO
24759,1wE9SZ9tLHyVIkGwDGpvv5
24760,54gE8y98sLJsJm9oJmHTK3
24761,4LmReEXqJ1sn5XngO4uz1Q
24762,7yzdEWqnDtHIXWQQDM8VRu
24763,06Bby5F2R1sVBggPrSH0xr
24764,7D6RG4ZxxrELfhAn0Uecx2
24765,2GANFRfKcIzsAlMkgyMQlz
24766,2OWhRU9coyPnfXM5A1rxgl
24767,0j8qwl8PFawpeQpSyRlUhc
24768,5U3LpytUmHVYxTNFVdEUi4
24769,7prlhjyv1e1eBeKCpUHQJA
24770,155Xd1apPAbslc4WA49wPa
24771,0lxbfibuo5eog6uC2cos43
24772,6YIFB2TuISsfPnM1ghUVAP
24773,0Hl8sHdnJxIkqaeubK7CEs
24774,1B1MswOH83toUpPaEgrtnl
24775,6pp6xf9zS55GD4nr318XUH
24776,2UtIlYrpepn1H8AFn7oK8G
24777,1MoEouexe0yp5yEztWE4VZ
24778,1Ax2ffMFYxzzIvQkRj3nOC
24779,17wpxS38354giSXSgsto4R
24780,2vLwFz3yf4FlKH3C91uMmS
24781,6OcFZUHTGtiABpqFsBEUjo
24782,1qksYOLGZOKTwGfsg7LvmB
24783,7tW0dpIutW2sXi2wU19k8C
24784,53QDmDStsgwqJJFgRupgPh
24785,3NKi9XEN3EDJjodoD7rVy1
24786,05b94NgTfntKGZra5TMEcx
24787,4NVGkFUWI5K7JuSD0cl2AX
24788,2lMZnAGQIGkvuRrx7GdVxE
24789,3gamHsaqCAcRF8SjkQppJK
24790,3nDqNWVuh1ahIhTSU6U2fp
24791,0uCuFApXmsYbFsVPyzP2oX
24792,2N9HjNXCY4kH1js7LdrFFk
24793,6n3ptcerld22vgynhaEzbC
24794,6puGJXa52LGSEMWGa9aVrp
24795,1XubG2aAdsE7TJ2T8C0YN6
24796,3HNIIQ6yyYZ3b8zHGeGogf
24797,55gL8ViNVX3YX8nxv1L4Uw
24798,6XZdlIz31fX7CoHoghD81L
24799,0c6p9QomOhNU9uzujLjtsD
24800,1AykcW57wf6CCDqr0e4eEr
24801,2yX2u7VsiaYJPncqwcmyur
24802,5gc01M2q8KVgdKzX8acik0
24803,6JpQTS6HCZ7uFprwfEFdeb
24804,0ZGPTaXz4CcNWiyV7arPGo
24805,0SQMEzOde0rGszzZK6RU49
24806,6l4ySf9xFnYxxjt9nuvTXa
24807,50b1SWqzBcwIpBropLMh0o
24808,5kLzw9e0hdCKtA9zENJrSq
24809,58ltsKb2y9eh5axQGGrmko
24810,7Lk83uozmGWre1q8eyOOUP
24811,7Ehvstjf6nvtaaJQVFjsBc
24812,3w28cD5n6hM9tw3vhvITPu
24813,50V6SXawIbP4MMxPOaDa04
24814,2hcohLIysMxofYziluXCoX
24815,0szU1fWxpXgr47uB6ezphl
24816,1ixKiSc7Qohyn10y2tnRfl
24817,2bODSpA5V6atKBN5WKinQG
24818,7e9p7zLR9k7v5QQmXlsDaS
24819,4imwzUUGEzzHyyfjeBSwd3
24820,17JnTQFZTfezpgw32sTDgX
24821,2ur7pEs4XTaEx8ZrWoghui
24822,4lhMMNRkYuMSJewqqF5sCq
24823,7AwhBPAirOqA1YhlSDlkeb
24824,7rq1nhNZRCpMX9dsQuq1dM
24825,52agx8Rczpaai8WtuIscSG
24826,2sHVSkjR9YAMgnG75V7N06
24827,3xTfj6XVCTRpdPTpCX346N
24828,0mYhzvMxRnNtqNNAWTpayQ
24829,7tvsYRenLQcok4uTBJWdlC
24830,30SUfW81JssrZdf7uMmSRv
24831,7b2ZGz864rQg7O9w5JX73c
24832,694Y2eJfZqmh2IC9h5fBdB
24833,1HeawzP2AusfAyJdKGMicu
24834,1NMrpAp4982pekIUBrTssQ
24835,3BJcTgZiU1l2msoyi803I8
24836,5Nlf6lsmhdME3ezO1kpllq
24837,4fgQV30KaqIcTIm28ORsCk
24838,24Lf8ZXBWspeGGaNvO19yo
24839,0KFCxILp5Sso2cOZp7Oiu0
24840,3mY7dBi0uXzOrdS0qAUa5G
24841,6X5aUsLttJ2ZFtZZawrbvc
24842,5jw3xJseuWNx51SkAxXyVL
24843,3nNWzKzHeJ21LwEgmSg9QX
24844,0av5uywwf2SSwbJLQ99OtZ
24845,4ey6URDtyRCWkv2kiJkKHU
24846,6EfXf9OhZ64J6D3ssVCTon
24847,5bshf8r8WT2Vx8KD98bR5e
24848,7d7qCMtKoiKsVl7sUPUCxH
24849,6glfy9KRlg4orwgeS8FAQy
24850,2tNmhDlMbwQZLxQtWMt2EU
24851,19p78fwNyJ3OW24amshjws
24852,2m6diwrffOpXH74BVPWRL4
24853,5E5FWudjIXtUtowNHuEdFd
24854,1DoBYh7tktvDV7U9alEcmf
24855,1z667LebVh3DtYNrVJEao0
24856,5ru4gSTUUrctULaWvZlcad
24857,5z6RfuqnzpMyQH7GUAU52n
24858,0EkwlBGDj4h1UkVuWpSLK2
24859,4CRSYaFOVPazSYdeol9UBT
24860,0quotTvoMA1C9uVmU6rmkL
24861,7t7UCRCeijGjSvF4wFHoMN
24862,4YrD62l3zAsJfJejCdHSd7
24863,5QcaNNqfMNpWgHgdh4L05P
24864,6vztWp5jzOaYM9HaCaZWvO
24865,3vEpqvsLatUnMlQ1fv6S5c
24866,1QvHvhwRTHG9ATOq2arShg
24867,4sFB5UbO5J09RslzqSBpJS
24868,3MsFFJ7l1MKw1KrUUfQGxT
24869,3DBIh26H2n7zzbsSf37AK3
24870,3oL8C45vB6l9JScEkIg7s9
24871,0rlPOzWbNVui2ABuI5OFhL
24872,5tWcUGXPb2HGrOrwuUZkPv
24873,7BkpBDIDKUyAhdCmTp3fEQ
24874,08VWC3sNdKtL73WD9CO81u
24875,6mgLtcRHfj2RtUOvOHHGDz
24876,0hKAJELJerCVW946umcMk4
24877,3l2czvd85tjegLjQdKcTHp
24878,6Ock1wOORfCFPrMttFmaMU
24879,193zjbq6vSIAXIyYwZMwxW
24880,5GHw741xr6fr6f1DrZjtTn
24881,1IXLHZgrkyajxE0pkurNzr
24882,1FOJO1cyl4AafEO3Hmi4S4
24883,6QRZiWbqMXsSNBUgVcZDFC
24884,2YI0ctgGupauFkeolGZB6T
24885,4ObrMy0cDsaoXaNXHA7bsS
24886,6NE0p40ZuZVkbmycsRtHiH
24887,71glMAGUN43V4DBmm7sP8q
24888,1iJ3kGAwn79YkT03jCJrge
24889,5MHsVLUwDpGCjXN5RfgxDJ
24890,0BM511VZvcXc84msydt5rq
24891,4glcDLtGbgkCiONnWnCieU
24892,7ytLGF9Ua5g5MylbwtxzZC
24893,2NQVtlQna8xjxlxnteY6sJ
24894,3CBW9DKwd4LbqsiEONhne7
24895,4Ma9gBNyCW8tbr8NMMPyEs
24896,0AmObcKxo4qIu8q11ohL6X
24897,1ZbWBerv02XSDLnOciPR8b
24898,6BgAott7OcJO6VlN8hmH9z
24899,3uoJXOeSHTrDSFibk7YawF
24900,60aYO1uRqTkGltYtaMFPxy
24901,0il4qJKs9mnRLGOuPjQ6Ve
24902,7wncLHEeywDN6crSEnIPfh
24903,34uucnU7PCRc4ZTLGz4jiR
24904,2sw2T380yC39AAHIK0FDEi
24905,4BiKfHUlKH700SKhGLZjAb
24906,6lhafIy72OhLCVMT92tiSz
24907,2nX9948PslVYrrHUf6w0eL
24908,2NpKgRCZfFb8fVmvk16iMx
24909,313oVRqD56f4cWDEDCbksu
24910,0Xhfl2PNZKSWN4Koz7NtCA
24911,67ZO3tvIAADM6QYF5eHS7N
24912,2bV1M1ghVLd2JLNfYZKJNf
24913,7Dzp1IgMifiVMiSJjtcDPR
24914,7AshW6iZSMet5m5V0DANBR
24915,5JF24LTcYhGxynXMSFkgm1
24916,6dN0kzeG0znRVqcgSfl4wA
24917,63xvTDxy0PGdEZXA9sSDiJ
24918,07aUvAZG3yWDQzr1R7XfCS
24919,1kdumEk4vjB6LTjtp59YdL
24920,1mS0wLoYYHo18IZIcQ9lUV
24921,6SI0GacLVtXOgvCSKpaXqo
24922,6L7Ic9mPIQ6pRgmCg4zAbl
24923,2vLJwilmgyR59SXcaVIeyc
24924,2RwJY0X2USXub08YuXQpf3
24925,6ttnYIAkE2qLFnrfudnBZQ
24926,2stcfHYgRs5jIiNUO3ABVJ
24927,0D8t2SSabwoh8Yy8ceti03
24928,6oZyKucxJ0M4RWaqJ2KH4n
24929,7F6oEZnrcgjxvxEbO9yIbh
24930,6tTux2Ov1Hzg997VnZtq5F
24931,0AcloSrsvX9VZUjWVCMNMH
24932,3HJnccV29D9AWUwfjLVKQm
24933,2vDWNjHqsqEKyfMGAtv61J
24934,3BoKUNsbMvsOVCHKXuzfUO
24935,0nrKYNsFnzS5URc1vVdra5
24936,4jF0wqGwuy8NMVrGTs60au
24937,2BUb9KdCYOtPUGSz2wsKYd
24938,1ew7DcF3cS4BxfMefXW58e
24939,6YPc0EbHJ7gckNVxlKezNS
24940,3Lz5lpJjbiY13aWWczyB8A
24941,6byH6lnXKYq7Nsp6uykF4d
24942,4JAGozfVZvibVvBLsLkMfc
24943,3H0yfMKbTiU4d71KNHyW3G
24944,5YjkV9kHbRntpsVrrtZTuD
24945,3VCBHLc97oo2TU5cVG4900
24946,0RTACXDmdASzBQR1UiSyAZ
24947,4NIj0DhPt2HssTNCUPpCVY
24948,1CfRSgI0rE0pvZKYpsSC4m
24949,2pIjotdXZtFVxnYXZVikM3
24950,3E6JKPAJNn6ZQlHyUbBQ7w
24951,2VteiHWQphgjcNGmhEInqM
24952,5dIBnm1zjSBnNpJOhlayFo
24953,6rHLKFGX3mE4ct7dfGvqoM
24954,7A3CHdwTiz8mEaAFysVBdV
24955,2leovgVrJjIhnm85tKTemI
24956,3gD21OgyQ249V8shO15FEo
24957,6Jl2q2iQ3mhXfFqY3kWomm
24958,5bzkIH6pRSmShSLAoGtzm6
24959,4VxdjN5We1MIikBAJPtjHz
24960,1FaciX3yUadh5ttQSXQB0S
24961,0EKx4UNX8wyKAIsyxMf9yk
24962,5yUN7mMTrqSuxiq3F6kKZH
24963,5sAcMjsXELrOMJbgcw5F6z
24964,5jAWBDiITR7lHzB5N8LgDq
24965,53rG6VGyp9F9tY4bfPgyM7
24966,5hw9RzFpyZqkW7ADN2NKeO
24967,4BLmY4xSvNFd9Tg2kQV2ze
24968,0CrNNcc7foWuCvI8g9eyFu
24969,1BfpkwzniQ9ZdOVUdbPkIx
24970,5kEmNbjTCzmJqIUmhViMwc
24971,1GBWN3F6J0070ZChee3E6O
24972,2x0jXt6prTP5bXOqvJxNEt
24973,6BHtTBtKb4BppT3ykEl8GZ
24974,3xbfli5MdImWymShGOOMlC
24975,17pue4Dr4s9PneZtEoGjLE
24976,1wAs69Y4pxGDAWFPN3ZI42
24977,14cdy1ol3anTfINLiI8zqq
24978,7DKmsHM3bjJHvnkjMp0S6H
24979,0ew8F67L8eFHPsPMM5rDMn
24980,0yszbfH1KiBFe31vy9H8J8
24981,6IpYgAtkoBjRh0aLd6Uyko
24982,5YJ3RMc9iTIJMa66TP3BWK
24983,54QMUyvvBHrMrbxrjlNx1L
24984,2bHNiAlF4UK1TF7nWOgyKa
24985,2v1VFgaq5dxcKDPCY5fgtp
24986,2UJGoRgmZottzy6klQL0nS
24987,4rczlSZI2ZXDJigpVu3cqT
24988,4n7dXtXwEXD5fq8sfVKuuS
24989,2CtIIlJH136IwYiEeXzcsE
24990,49gtJtS8u0GUetaogTL9bm
24991,2oAjMmQ0UeBCSBRTd7S0Vw
24992,7cuzEQZQai37IcbvfCDoSR
24993,2REWXF0gRyUtWEp1kS4DiJ
24994,73XF2iZwVg96NQlTazPy1E
24995,38ZeIiqcyqEtzm3vyRp5b3
24996,2DUFhbsJv17c1Y3ZFVTJgS
24997,1k9n279lgul3XQKm5gcuSH
24998,5IDK0bJN0suqKZK5SWndYn
24999,6tnQMOpcX5gfOtLGZf7uYa
25000,5YlN4AKmuR7eKxSrk3cMJo
25001,76bUvHShiaBaCOpeMMP8F0
25002,2VsyBIQdUrMqghofolbucW
25003,0XfhUWec5c2FLkduv5nbNy
25004,4WUcJ2hvTMD5FQ5IPdHk3d
25005,25tukAKZqMuxAJjpaNkkVe
25006,5oVTYjZ1h5xNMz2zYwsbjm
25007,5OyO5PaGo7r9YeWo5YtZrj
25008,7DrFDiTz42oRJXfs6b5oU5
25009,4us1A5NMbWTq8ybLb1Jl86
25010,7K09lHx812oLYFMHSVEbp0
25011,1pZ4zaU0G5G2uP63ezbPp0
25012,291VJINoxxW4AlhwxnqyrQ
25013,71JpqpfTC3PhnrKInmXYje
25014,0mbuozgnjFSru9EaeH6kwI
25015,6YSJ7rgjRiO3glbDJrBZR3
25016,29TdcRxY59Pl7ZQRzGmVkt
25017,5nGoA43WjD4Z06DUHBEoYV
25018,3HAgxyWGeJtIVabS2mTREt
25019,5WLICRncUqisuqlIGIgHQc
25020,59Ob1ygjVnhM08nyjBDRW4
25021,2J7VaExqO9684PGmI4WBI3
25022,2TKtQAy9VKwq3Kh234uE85
25023,3h6t1iRpZY8YJuMBwRWAar
25024,33W2ksRZjYG6AMFHTcifdh
25025,7DufxStaLzlKtFvG6VkdBU
25026,3XG801WWhqC753dekEBkMt
25027,7uU84bkoSqL8zbI0dkZl9Y
25028,6YSBlJS9yAjph0UMvWtXOV
25029,5w95ogMPIe72VekD4UKh1y
25030,1stXPzCHIRn2V15KR6M28H
25031,30vrWTWGHRF6mbyCiDMamO
25032,4oFjWv0hf8gPkG6ASFJTHz
25033,2TgPHDU8zPgAvkSLXkHKXR
25034,0lhwqtb4BaFnC9ydl0VSKV
25035,41se1SYiskCKLTCs69lCpM
25036,5Eabvgzq2IAFz1ZpK1ZruD
25037,7uFXMTRazF955qkJWgPBQJ
25038,706OHlKoNmwAXTLyu1avqv
25039,1XcMV0Dht18nL4z8YPP4Yx
25040,6IVXCSCTZOqUDDuGA5vUwH
25041,0Memc4WL8oO0xUnkXCsNnV
25042,75OtwcDuYFLoUDlj6YsEdQ
25043,7l4um9WaXEJOpYmkrXsPsE
25044,5jouOO0oCTG0wlmAQl2gKT
25045,4s5LXO7wBtGnRSWGqcadxX
25046,1fmuBWkWsal1rz9qNDzsaa
25047,1tTOZjvzrkQSSf6XZFS2AY
25048,6tg098geANpO0lNXtX8mgq
25049,7azE6KwhOuA4n4aBoFPL3w
25050,1BrgjqSg9du0lj3TUMLluL
25051,6s9Qqk3ptB4hSHQ4qSwq6p
25052,4LdrV8V16QLinJjSktavef
25053,4lyg98c5BXsk6xWN3dabak
25054,0PgrljI57Q1ALvKdl4UwIv
25055,1jBzuZiPKzJy0eQHB4oHs9
25056,68pocQc3dTaIj28oIPqSo5
25057,7dW9KIZvcQJnjQb3vy5Q6i
25058,313p6aAF2GnXj0pMwpIhAL
25059,5a5DPFOmP4mhLNI6Qdi8Gq
25060,65zuiPr1pnwvqhh2n38dGH
25061,2OCB6b2sARmYh9aFaHyWeK
25062,7ca774uFiznC5bP668PBip
25063,4EXkOk9UPWKX25EQfWlPR0
25064,0qVFA1eYcL4L7mvYA27rIw
25065,22E7wKwWCLKlWsEMf5WJyO
25066,5a3mCzttnNCgftmW3Gyo54
25067,4PEGMOcnClKNqIQv8kfJ1Q
25068,4UTpU8AaCIJGOXVlLG0hc7
25069,1BXcr8DTbYLbtIvlzKzHLR
25070,5bTSUyXTacE8ms8lMixTk9
25071,60k0xRw1oYUwZYp4e2iue8
25072,0wrAmZhxjsFz0cE0OULmvm
25073,4FzxCEHNkuXhfvgrOR49WY
25074,1Zvf7ZND0BczNMBd2SXDkM
25075,2mzS3yJGQPTTQzada7uJLG
25076,4xZueNVzZyCb52ddEGYPUo
25077,7JWmo14H5J8aUZ5b18kbev
25078,1EC6ScEanfocAZhtUcbAru
25079,6wmbHFDKkJsTjRgcKhhyPa
25080,0kz4hZcRkRARfBFqauLfIz
25081,2uOGHb3QHtK4Iq8Vfl960q
25082,6phrXdZrygj4LXV4nLuUjg
25083,4wMyzgssQ2joh5HCwyxgwr
25084,65t27n5sN4Nmq7NNzg43u0
25085,5LFsD0eli93oMmkkxBPkuM
25086,668kPbg2buoCEm80a2KR73
25087,0EXAOtvjnc4ayrzQoDB0yR
25088,5a7Sz96KeHYFvNg2pC77Mo
25089,64yAr9DJi6ytto9lwMHJWj
25090,19PZZVtIgXIXt4pJ56UBvI
25091,0g7QspWOUilT7DSGkHVFAl
25092,1F5dTscIllid3Cw7twHB0L
25093,292h0AOEEmddv9wIWnrDl4
25094,5aNJ8Ryjhz0VUj5dpMlaVj
25095,1qkAVlXyGe798NWgVuYea7
25096,1tZrkUSmeWXlygNpDSBtsh
25097,5zJoKPj2KqgO7pyJPqhoYa
25098,5wG2flEv9TuGn0fAxBKEyQ
25099,4OGR8bneiqjYPHHm2aolUV
25100,0naouOTSTJcjyuKSSBnuIn
25101,08vcZriI4b5x0mN1MQ2Sce
25102,1PzvzBhSxoF8MQOd8Eeku6
25103,34gz4EkB8fx3JMe4Qb3op1
25104,7FyImG1T5kIuktHiSMmTP6
25105,48CE17Zs6TryXwxoNBRI3T
25106,3hg56vOkpyAOcr7sN7UQpg
25107,5dTsd9fO1aIRvXr1JCLvSz
25108,699XVCkdy8eABS1kX4TeHG
25109,1SLgVBsuKudwC2qAfYxcot
25110,3IX3iLvcq0AHvsllsLCYiA
25111,1meG5oI3qgNZ63ffeQt3Az
25112,0yzQ5oOf35koVdrFFvAnhs
25113,1YZz55qh9SHZV8SxDgof4a
25114,5f4KeJAqyOA6GEgXsS4341
25115,6nwpSsga04xU4HdE7GCIMz
25116,26p6aVbq3ywJjqPUTjuQ47
25117,1GuSmBK5aREVZeNTgL83Ot
25118,6tMIiFeZMw1OB3aPEFl4Z2
25119,6PNA5czXh9NYP2e4uEhzEM
25120,7y1Y2el9i7JwUopljeN8dP
25121,1oBjEOqMo4Y33RPZHuZb8M
25122,5p740f4nyQc1JChnJqH8xD
25123,6WEMrIDKtyJgYHuboRq9SD
25124,1ktkBoXdDHD2N856EVKKTp
25125,4HYewjBuZVGDWJV77T1fMy
25126,4YdYrFAKJlSLJw9Ni4rbFd
25127,2VWzHTk8mY2jbmSov1hXTx
25128,2u4NOGZ9DfNxERLwnLOrvW
25129,6HAtKelUFUbJtk3XDbwAUY
25130,4jguUzB5xGtq3nyYs67Qoe
25131,4AtoZLhvoPbXeEaThGsc8Z
25132,5XNdXVeHJyEy0WtrRppUZF
25133,6hVRivyjXt95iM5YQrMTb6
25134,08Rxc3uzQIlnCMumYNraeK
25135,1Pn67nkoyHvPvoIqOEYG8O
25136,5xpJUSA6hP9W8KoKh0HBcb
25137,4Jkgr097liGVFHL5DXWvgA
25138,2sUkRSkI5BlEvZpQGZSA8I
25139,502GINmo2v1f1aFbB5uEKi
25140,4absiGHMelB8eH976ytjBj
25141,5gYRYgSWIomc84ApzSl7XJ
25142,6G9XicdoQ0FfJbRyqZKkNl
25143,7LR5rzOQGDsXZr7cofsdnL
25144,7Ezwtgfw7khBrpvaNPtMoT
25145,6gfxE8DH93iLsNDoloANDG
25146,1jRfDNoKTucvr6HFgA74vZ
25147,3jTKA7CKqIxlxa8vMO0wlj
25148,1n64IDMDffT271IJLMbQbZ
25149,1xgirChCSnn3xngXi9lNIL
25150,3gbRjMIK0HjJyG19NIs664
25151,1GbX4uQx7QMNFOdaTzxOQl
25152,4k08JSc2xNX9UB9XOZoAms
25153,1Lx5vOtUBAjfH0286gn4oi
25154,2wHvQsmwuLezJT9fYpd7Ka
25155,7bUW3rbZYYmyy56BJXWK5B
25156,7CFj32hzVC6QVPpACQGm7H
25157,3EEjE6KwVWnjrHhrsftggF
25158,7dT2vsPKeVIl9F8fqnMSJX
25159,18XER8Es73KnVQ0gBlzovF
25160,0ya81zNpBzLnlwEI0NhPQ5
25161,2GHdbxbfTw0fXJG1tyaBCt
25162,5yYdkjeGaLVkZ6nR7Pr0zl
25163,2ZmciXvdCApEXjuxrlDB4o
25164,0hAoRx9cc7pcsqfE2BpF9Y
25165,5OejDZoN7KYcDUZhj9gxNL
25166,5aHNXJOzXAEp2TT7KLTKly
25167,31aUD2EzfMQaClqi0pRC3U
25168,0RGZtnYMUt47YRIAtoCHOE
25169,5faUtFmNdcpHEwfip4vtPN
25170,1g87jFbDHTUZyPTzVTM16z
25171,3hVsjwJWXLZDVi3SaOD7rU
25172,4PmiOWDIVS4OftKEoTiaiV
25173,0E9RRdMm5zjJ5rItRvtJrz
25174,0BKHDUlQOVHKtByCrrXwCd
25175,05Ke9LELmOiA5i3L0ybFUy
25176,2QqsVubLuQIcQYZUw809F5
25177,6gFUlhH0KZIdULdajDGcub
25178,5ELeYitO5MSdzNQBTpAnRw
25179,5uMuhoTn8OvnqX3Tf9sbE8
25180,1OC9Icu9Tura6gSr7P9a2t
25181,1ze9Wp5sbzs8yscAERFzcu
25182,7rf9l9xweMlfq2S3uEL5E5
25183,72dLLCrN8x8HJIOI4vEf8e
25184,3cMkshAoNLWOiRGF3l8aXm
25185,4WqlRDuYqdPwgPbAsHt4zt
25186,6hN8XWJEnsCSBZJ4v8Ckdq
25187,39L8LOL4kFsmvbHNvFd8EB
25188,2oljrEYOMPIxKcAA8zSoEn
25189,2RPyZ7cmItSgH5EOJpri9A
25190,7EWQhknaHJLgIFuXNrcBu6
25191,5lVuPCtegBtsRltgKZadXx
25192,1gTopsYZLpxGRZVPJwYZgG
25193,25tzJjzIw1u2kntCVTJEzC
25194,5IYgONLx0oAm4EebWrYTuQ
25195,0oT6qnNwTcuDAumxDEHz4p
25196,04FcsSwxelGW9MOzyHtNXN
25197,0YnFg6z63sj1oF6lRPcE30
25198,6CtZhuG3YxOi7dzSvjzhtb
25199,4a125pvXw0CxxpN7yHDgUY
25200,5z79Fpw4FEEkSzt8Lbwr46
25201,1b9QwpktAsS98UHrCIqk85
25202,4iIXuIoeyZtT9fW9B7mwa7
25203,1PqbiGoMMChlnI9MsBtIcS
25204,1Sbh0KLOPH7aM1fvGKbObL
25205,4RMn85Qn3F5Ji2nS0ClqkC
25206,4x7pGc0dOEW882qp0oSEYx
25207,0OhuzhMAosywMxuroem4u6
25208,33FnSrvE2o9gB9Iwupk0e2
25209,3T9oL8fxyJjTRAce7cDMow
25210,26vGXL80873wfoGhBGpFSn
25211,62hyiA4Gu4a7bT3bMM0Eg3
25212,371vayPEXqCvAcbpaP62pL
25213,2D20aLJPQze6wemhOYqXiG
25214,6bclpIlo01vVXQMp1nTayt
25215,03h77cTbhs5fu5eP1aC9n0
25216,4Z6vxJ173RADJEdgEF6ns7
25217,6L2fedEVhJFyfgCWgbMTkI
25218,6XSG6ZlkCnhhhJL5zlIONu
25219,6VOWUjl7sumb6IpBPkjQat
25220,5BZ4ixUVe6Q8P0zuiPNEKN
25221,4fFL5ePSIO0ZDXDA8CRSc8
25222,50cNrEQY4of3GrtkYSNSYe
25223,5YkwCEFoGHyFLSs7Ch4yxp
25224,6uXp7ORnsHlKie87MmVKKY
25225,48IWmxvjgnWJ7V6eyE7qDw
25226,4BUwTkFkDJxpaeumDomGm6
25227,2qj6LmCKT2wVfeyrmSO19p
25228,05CrXeNWBptDD2zLAOaf2A
25229,2ihqa1dMTQu9TRXb6SzSXG
25230,7ukMDwQtr6gyk6zE4JEebG
25231,3o5fU9C7YwIG1EsgTr1yN2
25232,6widl2sDoZ04z2fGYHTr3i
25233,6gxxwziFw2qrzPeHNcRJj1
25234,3jQtehxT7sxKFo7pi9muz4
25235,0qqv8hyHM6O6OvTsRxoHI8
25236,1Hxt2vSXcbQHE1Ld5afDJ0
25237,0gbXkdCJiCVrbQ9aPAlzMG
25238,0WaNJ4xHMRFVA6rw0A4gUB
25239,7saNC50xhMMXgFLqo5nRfO
25240,58TScKfSfCI6X5fGBiWT4b
25241,7kFs87cJlyvSJFt5UeRG6w
25242,2ePtzfLcVAv1O09x7jaYjb
25243,1iUoWD9qE93GyoT80O5IKt
25244,2O65aa8lSMTLSLJdBzInY1
25245,2AFLgFv0GdxXATqk5qc5VX
25246,6OXSbIXoa3rsCGOt9CwlqD
25247,6EiT2cnba7qTnt2flHFaQR
25248,3dSbKhfFVnhSJK8RKs4Nke
25249,6ZdUGXn6KUWYCMZNA8NhYJ
25250,0HpzKo5vRx40a6iEWw2oCf
25251,5L5wIOlnRtCgo58Y4jVrgu
25252,49NZQUnU58CBejQH97sGdf
25253,0wDgnPr6qmNH3I9EGsIRu2
25254,2kIf370BdnXUkFmZa9OLWA
25255,4pR9iDWzg5CtNeCwANASrq
25256,7j0tKRM1XpFbO40LBkDynn
25257,2Cb1ZAkSUNrsrJcBhEEhFH
25258,2eCiSM0jfaHzu90dlTYrPD
25259,2gYEA7kqDdVyvkLcxdvl0l
25260,41A2Hv0SEKnse3TWVuxADF
25261,2Eh1bq78aHNt4Hww1813zI
25262,57ZXcBtCZXSg9TVV5xRdnR
25263,0QkzNCBGirZD9gTeP7bgCP
25264,0cSJGFChou7M6u2ju9SWN1
25265,2aAyDqzwEeVIigSMFM1tNS
25266,21KRLdKgIdGSUpIMk5iPN7
25267,5Db9VIdDsN5yu3Eu7CT0i4
25268,75nZ4W6quZhI55LKiqCXWh
25269,4683HprpBzsE7QHfN7QB5M
25270,2O9OfVDT1u04rK7WhR5IhG
25271,3REPyGCGRNftKWf9Hnxlkk
25272,4tRhRLBxIZ34Iw0eCuiC03
25273,4Ehfb4E8OvPY3EdN7DEI5F
25274,3xjmGWHYvnoRWLqr1hBPXm
25275,1lEk3U3MzbDeL5MNHkE9JU
25276,2D1F0ukjJniQCgO1ex5KJi
25277,0B4ulvPes7sIrddS0UPChM
25278,0ehfxCXRlwDq9btGfNLryv
25279,4DDRtoPOet0hA0xDAMhAfU
25280,1lJpJnrv0m25urQix0oYx3
25281,4nd0ORYdt7vBsHP7T7UuBW
25282,5pnjRRncGKxg4kYc6rk6xy
25283,66zVzafJU6HTogOQeeNv5y
25284,2bCvsqAUxumPgKqzxN1oPG
25285,7gOv92Zfq3zzNhK4nwCjMa
25286,5APYN4HtwJPZbjlm7JfBMX
25287,3HCDGtLZabH3umLgwCBpDB
25288,5rrXkymfQdhNBgBZ3BUVbB
25289,3DfmDN7WJ7XeoVL8s1H4Iw
25290,0NZspfNJq8C1YndmSwabMA
25291,4YDjXXVSAKYEICaQPKKL5G
25292,4hAhyE1iL07EIUJnqw2bsV
25293,74EsBpSsjhH7VrnCqtc7c8
25294,4CxmFD6yV7WBmbPdVd9NRg
25295,55BRo8RYC2Kge75UXI1oYe
25296,5JifXyPWmkk1vso6FNuZl9
25297,2fBy0Hfsh0HWetQJ1LLcqq
25298,6zAwSWQywmeEFP11tK7t5W
25299,5efdXWveGgecZBMIPW6tuZ
25300,7pFUNVa38dau5ymRS79Pj7
25301,4IAVIBh9jbYN30DwpHFMD4
25302,7zEaokAeb213TKagvyylqx
25303,5oVbcLC1WUkNR7rny0W3dS
25304,6EnQfkbcLCtuiRZwqFY6yb
25305,2dK4Rxfsj7u9ax6rbYGf8s
25306,1iPcXE7EIBdWjxwaqMtlXK
25307,4G9ZixORTb4aATW2rn2tsk
25308,5ZQer2xZdKZuNFJDqEM20G
25309,6lWwV7yfTJH0sPMqd1lpfq
25310,6B6MXv6uYotMSXTQYgtq7F
25311,38S8QaVo3RlmLU7cgfNT7B
25312,7iUSlVUUJOO8NiLOvgFgcz
25313,2RVAqALeI5XUWbqIRhIQmx
25314,4FIas3biBpCzz8bAUVow0P
25315,0AAsZvbbE1dGnveap3LJnz
25316,1EHNNWLiWe1PJADKEnMvIr
25317,7CdEZ1HQrMjrmniQL2H35v
25318,4iZVAw7MKOyXtBuNfeXwil
25319,0z8TIsd9ZhMOSHOvuWSrA9
25320,0L9oRCTObdZLvYOAljy7BD
25321,4U4wrkAexlJJ0WAQz11M4o
25322,19pSjvzumi0wp9aTgI2cL7
25323,5kcINRPrvnCXz70ugncJIm
25324,28lWAOcNZRnYvSLRMUws0p
25325,1crUYtXltMjysPgyRrsE5M
25326,0udV0ZSoLyATKi5AkRXltY
25327,3UImtshHbr0x11XLqEho1p
25328,4frHa3VxVzCbbU3PUNflWi
25329,06UWPIpxWf30QwLCOHCcm9
25330,05q8tALQ3nwS6fUvWXJWKN
25331,4D01oA1mGouaAT7fubvKRT
25332,1DxX3tNyvjO94By2FOal0N
25333,4Vz0dLAtdES8zp6oRESugF
25334,7aqIhR63MJSb1xK1mACUqg
25335,3PxRaeyzMLirOFuWB8uyKX
25336,5f6vy9vHMsEy235bKd8mMN
25337,5S8EZuiSNFR2N5eG58oISQ
25338,4BsS9Zs1EBMiyVUeTjGVou
25339,6ieYJFlqcmYbgsmt7KsBiy
25340,5XhrW5dD9TgFcL7JJrfmEy
25341,3u3U7nsPrTFzQXXxmmqHyD
25342,2AD0AClM5SLRuw6N5J0tFi
25343,67hhbbj2VzdVYDLFwqtDIU
25344,5TrRSMDPKTZJQdDqQtXdNE
25345,5yGRv9NrR6I4pXOk7L0fNa
25346,3dPEC3bxZShEAHT24Rljhz
25347,564FkqnGiWSonvEYXf1TYq
25348,4V5F2syp6oIDnR6qsxi2ab
25349,1seQFkzcXCRa77NTjmof6x
25350,6Egh6eDb3sPgsQkyb5mHZV
25351,4MUEQanfGcJNWiUN4tnsp9
25352,4odWmR05uVl3Adkas6Ap9e
25353,6sY94RBnuFvbq3xbWJMzrb
25354,1ug70qutYkXTfhc6YFxVbY
25355,4qwSHqhsOZEVafSQatsi2H
25356,2k8kRavqphmxbpsTkKTM8J
25357,66Scf5UvUodqCg5SuXBqZH
25358,1Tbu2Y0dFRs4w1fSihnUQA
25359,3HcAy5xCZDLuU545lDtmvl
25360,1sqP1Z7wVVZ6LXUT9ANdet
25361,7h0qDMor36G6LRxBOb4Cxz
25362,5kTKamKDsB6Y8eD4RJDVM8
25363,378Imy0wzwBfoMeAX03mDr
25364,7nNPh2syeFXORvpSOEcQbg
25365,53Sdel7Ht1odgaa2oIsAKV
25366,1aUo9OJNhP0JGI4Qlj8njv
25367,4GBq8IPJieQyxwpHfLCxAx
25368,16iiZXLtrWHjxkWFDcTZsi
25369,5wYemhntzabbpf5hr1mPn4
25370,5jk0RECB0yC5h4cG7NJ3Ge
25371,5DdcFp2xopqKXayXstE0Il
25372,072mMEODilf9wtlPfA6xKL
25373,69Gd7FRSCuB4X7D7gDOdhz
25374,7j28MOpTJKGFms9xGhxOVf
25375,1YNLsjvMr14cSBYEhenRl4
25376,29DelPxiTrsLIwMZx9Zahf
25377,6TLvu44HPRichiexSEY7IQ
25378,1pXTk8Yz35AsdubAcueRhI
25379,3bIl9L8DGNhPLPVntR8war
25380,2c1s06Va8wQl8lsZ6VQT04
25381,2kj7BxMb1pUQOFK2tDE8gi
25382,31ehhtqfjlYYHoNHfsZvhd
25383,2UnQ7vpDOH1ZpsWNNO9d7n
25384,00ABHScW2XcawqAo04Hy6q
25385,2K0IWlUSsz6dhez5K4ZvHC
25386,56DeYl4hyvAQzi1CzD17zB
25387,08vO50YL74cREPIaEFZzOC
25388,1HQeCwavJDxYDVBK4d6vAT
25389,1Zn39r1jGZHin2dW21RRua
25390,3BXuqFGGL3eL58JlRshXh7
25391,7b9YUVtlqy8I1TUkQ9J0FA
25392,2zmqGAE39ZwT8Wz91EjfGY
25393,6MMB9EotY47IvE71cdiKS5
25394,1EcYsgQyrTgQelt4jtzyr3
25395,0KgwSvoZxywzShqmnJW6V7
25396,2swqg6NskDs3nBRp1GXaNu
25397,3wZR5XuTbOGCgWncmhr9G4
25398,550uiBzwI7c0mrtHpZMrY7
25399,2MqlJQo7jUdUpRKwCpd1B4
25400,6IMjGsTNRZ8knS4Ecqj4TN
25401,6Jayrp26taWcuDeUgkdA4y
25402,4mf4p6CEp2EOjDoH6Nnxwt
25403,3lE5m4bEkfhUv2AzmGC77S
25404,6TrdBIQD1s5axdVR1qk0OF
25405,6DY3dheQWOU8JrWrsBMh3f
25406,0XvLUSkgyeNiZ1uLQYbW41
25407,39VyUdKe4reIDXUxPeTegk
25408,2FtHAjQNhMbUjVdj5IAQvo
25409,4Z8vYMy6qBiwedcMNZmKbD
25410,2UxJUkrVIoO0qGvGCG7C8I
25411,5H4OmZpHmjqYrL5bhijrwj
25412,3yyOq9td9vbtsjtpm7Hl75
25413,7kByLcesqLiSWFB4BwSvTN
25414,6IQj0hd056Al7vJxvatbkK
25415,0duntzofQgzVfFtCH0yeaa
25416,7GfpF2D2r4FMW8YDQ2ydlP
25417,5jSxwpzi0E3Xf5h55dQsn8
25418,34vjGF0erhNDJs0ybjGCyv
25419,4wjwh1GlWB24mHXvnncfhW
25420,3Oyyvt3rrEKGg3j1NzkIAK
25421,6vzRQHItVGIT94q33HvRZx
25422,1sS36mpLGqGUO3r4UkKBJ2
25423,6XXa0PzxGdgFUjGhNlBgLo
25424,5L2zNPboosUOMZL1S19TiB
25425,5ZEkimgBbukORtqvKVnHh9
25426,1DvWSzymNrnFHJaJjtK48D
25427,2qb0rlui2ZAmglOZ1oXdFd
25428,45MEbnAlsky6gWgeRMWLBs
25429,19qreUBa09I8nSgFZjI6oZ
25430,7FBUjEgSEPyuRWgS3hPUaF
25431,1GJeJWK1zBpP8AMydzLcTe
25432,0VGVBFNbeYD3Gq6ryoswJi
25433,121NIbBLR0IgqOpvb6Kji2
25434,6dw3oQI0NhwYxMiNfVRIHA
25435,6nAnVmnxyJKHE2umGBfykl
25436,6GHN2naulatxJhZOUulxEu
25437,1uneiO81sTTdPvsjr54yPK
25438,5v26uKaXYsWRwWF21WVB3S
25439,2fOlBMkWR7lXJfqp5VTbDG
25440,3Rfs9Kgv3bwDgW9HXdr7MT
25441,6LMrDs29gZzX0p65k4dGKy
25442,3yzyiQ38IKI5R5T5GePmvv
25443,7EXtUDmYHYi3BQImSkN4Cx
25444,0SuLAslEMFZAXf0SwY7syi
25445,2BtY1PUmHXgK65Jfh1qavU
25446,0EScPNUSasv4VbXyLZKgSG
25447,5pqiYiCrXEXjupRtOZBV22
25448,5sWmdFOOR3EiO4Kf8n0rm8
25449,2tfcibFP7oHbW4eow7jaDn
25450,6PLLzSQEx444MY7Gp53PSa
25451,6EOKwO6WaLal58MSsi6U4W
25452,0g74rnn0K2rlvdAz6J4F0T
25453,5DFmBkkaW3edeanHo8w5vN
25454,5Pg0gjVnbiiasFDhaZG9KT
25455,39akOP9MASeNdcPP7wvBRr
25456,6DBeNqFjS86Id0lbMtI98F
25457,3l3YQqkXQFafm0Za1JJmh7
25458,78kPiJJAjVqdG96pS7iKXj
25459,4kAJawkLZj4Q7N5521ofP6
25460,5JycxhApZmzbA4xSwvqh6k
25461,6rzpJVCiSIFyMSKKMctZkI
25462,7ajoHKAsy2nfAqVrTb4amk
25463,7mzltIJAnhU4N6alpbaRGe
25464,69gubiWawGe46tKg6DpIyG
25465,47JVgLUOFUp4iZ60wR5nv2
25466,41o1XoSFotU9SqRIUu4uAl
25467,3g1iLBbCmKN67OZByYI7zK
25468,1e1krgHCTUGDhhIgsRVHJ0
25469,1he0nibCzlDvB96EoJbbIZ
25470,54eqbm94rzeA9JPLjTXiae
25471,5nOrP3BYoQU46HABkM20Gn
25472,2PjVfXNQJiyFXyKBpeckQ3
25473,1Z9lELobpnYmV7GWgAxzcb
25474,1EcUtBbMtDm4p0HuZ2BCz8
25475,6TlR5zj9f0aLlMwRj7bwkq
25476,69MqW2wx0pVUp0vRhCusbl
25477,6ya3TJYVQfmfpgXdrQlicL
25478,0XvhuQgJ0QxzQsEprCtuNT
25479,5uDwKSQyg25qcPFx29pruK
25480,3T0e8OIoIuEGIwtMRIwsFX
25481,5uJapzy8xEXFkjOWP5licC
25482,777qWujvebg6rGNyPNWQLB
25483,2MwKSxa6uxuj9yqaYltyZS
25484,2QrfU81khdENzp0NcE47q1
25485,4XauiDsagKULHHO8gp06hj
25486,0eunV5G3PBcDfXqwF6XmEO
25487,2aYHMUVAwRSjzg0RYSUbqZ
25488,4HBW0FALkETbJyVewRyVz1
25489,4bXPav3VoABNjI8aHHR6mp
25490,2o4kpCx4JnNk65gZepC7S1
25491,3uVmR6oQq0NluVZXkipKHV
25492,59d26hobNxfBw3n6QeqWfI
25493,0NbTizAeXZt9TZ7dxJs2xP
25494,6vr5eTQUKNYDBQbNwJvQsZ
25495,6UaUjHFc3YnKnk9R8wN4ww
25496,45n0BoRNxCtfyFGzSKGWTQ
25497,76r3NogmnAjVrIO0jYPk1t
25498,2F82n5SrArgqF61VLPPWqZ
25499,356nM2Jnbid9KoUlk6NvM3
25500,0OFT0Z7oJLwkiz42DeA1gL
25501,1dHl1pRht0bJHPFtX21gKv
25502,7GeahzaefNr0YnTP039VxH
25503,4EADnBeeLZoFyOJoGeoOw5
25504,4yUc3nosnOTJWlSfpIcDZk
25505,59878woqyarFEkXJNJ7rBn
25506,4rmAK32VQyGw6h0oVxASJw
25507,2ZRe8xU1r9LDjg5UtjKJbx
25508,3ksXc2jfwSS2NvVM9TVBX0
25509,5idAItw0g34SyP40qNhyDg
25510,0VqIfv4OQcthhJp1THfNhr
25511,4P6DjhcbPfJZrU5S7MIwwN
25512,3MYRZTksvcgx7TX0VOMpbu
25513,5JZPGBqwCcw0UstAYZL4U9
25514,1d4srFfqCqXT5EpesRXAkT
25515,1qz8RLkJJLeSBZoE1haOwH
25516,55KZcYMaKizNGvNABvdW2L
25517,7xaEfxxPbV1GlxNpCoDA11
25518,3cmwA0DeWEXoAA0QqH9Xmv
25519,2iwGE4y7yF8qzKc5WZ2Z8R
25520,140yCgMQJj2Y2RsJPlqhGO
25521,1HUpLcYVDA4xCMBWCRf2Bj
25522,2p1aMSmqU96T6iVhqmQF2F
25523,2Ike61tcQmICaagD7cpiVR
25524,5ShfRYi56wjFsJsOLIT1Pd
25525,759UrKMtkwkKXhpyfuu2cc
25526,3mohHx7VTiOurTv8XbTYrY
25527,73pWsezGG3JBmoAPs55LzP
25528,6ecUJEiugqWHcOursGGfSU
25529,5PK7mAONODnHPL1vH4sAIC
25530,3Z1cGiZrBmsAtcEmKqoXYr
25531,6oVgQFnJ9VfQmJVJY4xKTz
25532,5jBidxIf1fJ0DHsm23bmc9
25533,5UmpICcJxbGWcllQwL7jAC
25534,6lQ8JV7iguPyUtSEmz6DHe
25535,2NKtBYPIubiRFpKxsql9yq
25536,63mNJp4X4isSHs8EFiVXhK
25537,6iZUfPqLYKhiyQZYSPclIb
25538,4jUOaRipLUUNXcTjb60r8O
25539,17wqLFIWhhWScoL2FzSwdD
25540,1wPuzroWKHgRcilvHUZNen
25541,5fY0sxLDOrM38whFo5SMYO
25542,5IVEuweCxk05vsgNeClJN1
25543,0aKdg97qDPJLY6fyhMEfHB
25544,5USTKCL6YA8vutJHK1aQjL
25545,3Njt8yBfLMJqcsX9KtfOL3
25546,3J8dsSohvCX0jgG2TVDN2A
25547,2xHroJ6cn0BqRCejyvDJD8
25548,1sDkc1CAvAM5uphbhPzxXQ
25549,2FlJAJvMqU36pBmkcnvbo8
25550,0bYcQj631Dc181p9w94aT6
25551,5OwRuzY7uu2JUpvcTWiRyQ
25552,1GvILeiayYL6dWnbcKlOwg
25553,24JWgD5APBie6VlQ3hLqoY
25554,3mrqFZIn59twQ0HLL5aplz
25555,78YJJJH55MSyk7547100sW
25556,7yG34C7Cq8KX4A8twNhYwA
25557,2rtvX1L1mvErGjfeQhhmYh
25558,0ykRm2cMP8ku2qRj5UpEsg
25559,2BOqDYLOJBiMOXShCV1neZ
25560,78YxzNOYX8D4kcct5G8fcf
25561,1ZuHYtEqENQBU33YfJeWx1
25562,3TSkl2AyszFRoB0rzRhilp
25563,7BLgqnMcQfZfAODK1PtzGY
25564,50mvz2sHxx13JZ2qwy8W71
25565,4C6dCKw1yZN071yz78Vi8z
25566,0jUFhupXmidsvtElaIxvAI
25567,34swts1V1ywQ7Ku2KO0Udk
25568,4BycRneKmOs6MhYG9THsuX
25569,1iAyJBksvAI6DQEnzv8l1E
25570,6s0VPICyn9mb7cen2P9eTX
25571,3J6GmDEQWDPb1VkdNQvOom
25572,3pml7o4LXqwYewYw6QXBnq
25573,74dPMLItw126VojbpxOHln
25574,1ynZEpoQPz0ylGFCUx7l9u
25575,74I8ev3qLp1dmT6Y0Eh24r
25576,64dMloXVGla1tCxnzeDFYI
25577,2SW9TRJnosf3oD27rVtX5J
25578,347lz6CagwKgunlY6S4whk
25579,3YBTxokhuaszeWCOXC7FQn
25580,7BYRb9EJ90vcBmTHMvmQvm
25581,1CfLLQKpkJix1RgrtoDLBD
25582,42mkE3wbofBNickLHgdVlo
25583,3LwceDr0eyaxwCs1bcJU4t
25584,7lRPKqHh0LL9PbhCcEb2yp
25585,5hgU0M9h8CXl7UEJk8rANV
25586,3zyNutmoLXmQjocbPP0aRP
25587,2dAm3t3HT91qhKEgZFhzmv
25588,1msuiw6pnXYfxZ7Edyit9U
25589,6tj6lQpqtDc20dqcAxMibb
25590,1rsarV6yuF0D4f1vB1F30T
25591,624yemrshMKSxtIyc5CXkU
25592,4pex4XjTH1yDzMQHwgy6Cr
25593,31a8W1uih2MM9VDogfbbft
25594,6MpeK6jWmpOKL3yKKVGeSM
25595,74ACB7u0kquUXLDehp4RTl
25596,5pjDpfO9REGEBvQnDB8iye
25597,6WtZ1lvU8pz5PeAP6keV9Q
25598,3YenWYMljLjjZNEiWphX7K
25599,39gGDgD7O2HlyxLByHNuOH
25600,6INAzXWST8QQFrYdYGUIOW
25601,1VxlPYeR35DjigoCs6SraA
25602,2VeJhdnRRUqTLJMFM4j5vp
25603,2CKTDY48sesmLMXVu5k7c5
25604,3dhLBmnUyeXGqI0TcugvAL
25605,45pSTaUVXt1CWfQOjQzJhO
25606,7aosFEbrtpfshjuEK0XqS0
25607,7A3or2SNU6EI0ktV0DUpfW
25608,7CRQVvAtfwTzQnpypOqgnA
25609,0OJzrB3j8dT89khB4bcHeW
25610,4HEMr72rYFrP9bgXhxqTAL
25611,3RTSxdwgfKc6ia3k8P5QH0
25612,2mW2jTui4J1kCujDrhKioG
25613,4tWNu5AALsWaIIrhEgInhW
25614,23XzxZXtEdA1OnFchuJdSJ
25615,2q9icUNZZeTF9O9kw619hs
25616,4Run8aclYEj4WsfxStc4Rc
25617,4kdyXyyPGr94S4fvKmrcBq
25618,6rXhwck7D0zsFzJQgAYM9u
25619,2eCVNohl3EMrJ4iUiwUaTv
25620,0IVIVBL6rCTgx7RxnJr7cm
25621,46wzXFSS6sn8wfuHK8ll1j
25622,1K3DsdkjNDzivNLF4SRHi4
25623,1tsC2u07hf5YbvT9tFDufj
25624,4XTextzSp39AopV7PXXNIJ
25625,3hpda46XG8bRA43KSfRAls
25626,20J7r6KNKVFxoMQd54TBmC
25627,4idx2mx2boXp3nUOZv3SW5
25628,2kUzt5LsTUR0ggquP7O3eN
25629,2TlccTf0xm8db74mT0fxKL
25630,0Xwsncb1ALxmXAhjeQOxlC
25631,5UKM1IuN7joE0SOzbf6a9E
25632,5T0V6WcSvVgceR6PKGGVTO
25633,3rfEkOyccbDSBNBi4xQLnm
25634,6eJofUVk9ivGwORLGB2IzL
25635,4NWgX0HvFgy070AyQOSzch
25636,0QSPFCvGJlu0xR51gXG70M
25637,6WJWTeZExNu0X42hiegRVs
25638,7MVHb0Tj21dx6yptWX6JNy
25639,6vd0x6H6QFINIqPbiqguOU
25640,5PITBB6zMUfwWKKa0XWtEz
25641,4C60kok7hce68VwW09K230
25642,495K5x5oDQk6qJlawsrqm5
25643,4WDo1nBW3vIex2aXnYyIIy
25644,4KiHIhCXAPjwGYJuPjFtvI
25645,0ebFWpihBvx3OWI192y6pM
25646,0ONrTsYOnruqQt2y17tRKR
25647,0Yi27CsKnKc1KEXnk49C24
25648,0F9KsW3A4LOK040oDAJ44r
25649,7MQqMdpb3FVUZRrRgIsgy0
25650,4BrhQxpQz9rkP8E0BDlluP
25651,4dXaWsWZ5Wf4rKYKlojydw
25652,511XWfaUgmaVcms4OhQ9oz
25653,03CGJI1UoRf9ltSyjbAAyv
25654,4YAcRalM7dHtbbSRHwF92p
25655,69W2TOJk17i0fpSWXAETsj
25656,2DXWU9p1DuSgs4xNhfk8Wd
25657,6DZJikzD0zemtysPUMu2yS
25658,0hJcAkrQXIDP6Z0LCN9YDv
25659,79BfPi0TAzZBoUBMEmvnHr
25660,1ljP0y8Kw6C0A00Vh62JFM
25661,3uuR20w7HgLlb5Hha2mCxb
25662,7pvzmeKAxdN23Kn9v3bzxI
25663,0sjFB8lo31iX7oIbHJQ77g
25664,4FCn9LuUy6unyPSnXVwLq1
25665,6lqDNxQTWTVSefQID6iqSz
25666,2aQFOiBluW27W0QgX8OyT0
25667,46gjYTEK7W8ZTABcglGP2f
25668,115ndcAyWMabNy7WgUzP7t
25669,5lMx7cJFnmW8fV0EZqYGjQ
25670,3QxI64WyIlwWUjxedyLmXl
25671,3BmjRmFTESgWZLPSVGp8aG
25672,4yEC8knS7fJrR31wdBI7Ck
25673,3tLudjS67WMeT6igyOms2G
25674,3loruaQlMDUsL5wYj8AxpR
25675,3peTLrgu9Ymkm2xn390XAM
25676,65CI93OWChq86DqU7Bb8fP
25677,3BuUE97Z9XW1qoJ0Qxa7ER
25678,6lZMSnCPm2jStSutrq3k7t
25679,3wPa4zgP4GXLVsJ278QF0p
25680,6OeqDHCNtXBOsYYDJ1ENvB
25681,64D3dzWyj0GpQT1AHx4kbK
25682,2xJcYht10MGfMASrXw2WQu
25683,3tdGTSKS7t59q4aX4TrPTh
25684,5lXdr7P6UmxgoObgYCanHD
25685,4LnrEDWJE6s7s68AeYO2FK
25686,4XwMlylpuAa0lhZqpoQEdJ
25687,4QCOlnyJShMte9mEakQwd5
25688,4qLn0z8jbUeYFND2CLe3pr
25689,538YXlTtMJcb5DaUyt0YlP
25690,4Xfqs1JIlBSKImCBtWKLjO
25691,5QcVZLV9fS16BxoVEV4jMT
25692,3rtSOOnfEpLE41eTLDjzOu
25693,36srcmfVWbUhl168zFItEK
25694,7w3psHqF8nzQyKVrocd6wm
25695,6k9NMX2iiOOco6zGHBjEcV
25696,2M2WJ7gBlcKNxdhyfPp9zY
25697,7cjFlWZPnBmjTQEnr8WLM6
25698,5JaDVFL5081Mywftt4NlC9
25699,55kfIUfndXNJIeVeL6KPOW
25700,4KPO77RzgP9bXl3j0PLVKy
25701,4ECCjXDcZ6wnfxkFRCvTlQ
25702,1gLCSaXm0XmKGorthkPBb5
25703,5zWNmt4PeDFc1P3YgbZtBl
25704,7A0kMAC4yLZ59QD9s9xARQ
25705,0jElcVB3zyu75HmlrbA8XE
25706,22xgxlXWggzjajvPG1QX3E
25707,1i4t4LLNHDoCp14RkSKgWQ
25708,5eAHs3BtHc6RgJnEoVwVeL
25709,0m0IQlCKJbLkC4FKmVQo5Z
25710,56D381wS5qJE9LN8wONApk
25711,24YmWQgunJGAU8El3ndkyn
25712,08hPrxBgkSFFNnheFd9u0r
25713,3UtBwKhVOihazsBMKu7gsz
25714,4P66zeRULETWpgQWeqOhzw
25715,0N8kYvMzlgLUlh91P4vYJe
25716,3hkkB2nu3cKLv6SPRKLqRt
25717,6N3kf0V3KH8xlmoW7ytsTz
25718,4gKfuzqb1o1uAXr2xCMSQ7
25719,3ntdAVgmwlrX3lCPRz3EDk
25720,3jcYChQayxSRzeeSvRnGoo
25721,0HyWRQp68NIFnOxxA9rC94
25722,7sO0dVFCfixpLshm4daMH3
25723,1aSrkCqgVnpRxa5Uy9QV1w
25724,6rHdl6dbx0P19ieqmhwN2Q
25725,4bbe3Mv65s1iK5kBbdvbpp
25726,3FsPxHAATCITLHZZVIa7Us
25727,6EQQJR6Z06KgyAw8EI2MLz
25728,2uXUVscfoIEcg6Zllej27w
25729,3Z1UC4VQYymleh4Ko4Toch
25730,6EaNwWYJVU6WhYfON3LAfG
25731,03MW3H9B2P7tgpvzG3klNI
25732,6PdXZ6pkIT2BTqjF9ZyMx6
25733,59d0TRQ1IlsRQfBEtGmj5N
25734,4P8R77nB50xhmP0lyQXcoJ
25735,4Lxn1JlGJwmmXpODrNvPA6
25736,1HYiVTgxERP2llm0yFzVNj
25737,7dfl9X38RhIvB3oSmmneq3
25738,1gXPTqMc3ODkaS9LMzha2v
25739,063oqKcOD1wjWyzOTxeCCj
25740,3X7uktkpAbR43jzB9c1HOL
25741,2zKEMh4zm1RNKbfUndaDOI
25742,6RmiZsHKHW1Ei0j7Mexj9w
25743,4UUMA9msejPgKPn2vHFI0G
25744,6ZwdTuMCFR18kpguj4Bi90
25745,1ou9WdFSGt0i1SgtlMfpIr
25746,5S1QYBoGNoh0bSFUauVVpi
25747,5RdK9LkIeNxwy9YxnwBtYG
25748,5odGvPyhBixtWoUyD1njmE
25749,6v9BFTbHSURlF6zRt9T218
25750,2OTIUSnGCYVIpNeEpG82aW
25751,01WowfhWl1eYrvtgp7PN1n
25752,5oh8t49mseOObcDluxR8KS
25753,1dHYpFcwP21Y1YCWmhhHrs
25754,0LSYEyBDP17yaC6lpYjSW0
25755,20mwBntYZh41Tc0II4FNYR
25756,1BHhQV6t7vS7I5rS5jyRKO
25757,6gyXaAz8E0zprhOyE3CDLO
25758,3FqxznQfFqnm3aBzd3LyKi
25759,0yOcVe3GzHnKT2bdlVb8jR
25760,6toYQL2mFnwHXCZTCuDZRY
25761,2nAXdlfl5k2Y390mIdwNtU
25762,27NBkxcnBUW2T1RHEL0hhq
25763,79z09WeFvN9mrGQ6pDMW4B
25764,0hSebzTYjsGAl6aH8M5pMT
25765,1NMYfyq8eE4qUCj2SXvrJd
25766,1Esdref3JRFtpdLtF6VWwg
25767,68BTFws92cRztMS1oQ7Ewj
25768,2sNAjuCXxyj8jHt93t9IJ9
25769,16h2f1h9JL15mi0wDOytge
25770,5F9Pe2Tg20NRi8N4cHHXUD
25771,1CxIhhcEoWa9HpXj9vC8ti
25772,45KB8KM47sqA4yTFEGSp8o
25773,1fIeAK1tORemBD8VDJwRfK
25774,55GGSjoNuSiAvRPSNsddR0
25775,2ted8noyi1iLOZr2eMzjQ6
25776,7q3nouEd4RxHqOajnOGhzZ
25777,4Suia9xdbeUAMUfDK0J8R4
25778,0EauA4olw331g4Gopvif39
25779,254GHWybHAnmmzB70OC690
25780,5LTKyiIykpLTtH417xvIsb
25781,0bBx9pjCfJZ60G9jXCFuKM
25782,5UQBTbxRaVg4MzeEXDjKX7
25783,3tQvjVcFuCXExkeNuDlc78
25784,2UUoJgSBLDNBLJhWaWuQeV
25785,1UWAhFXMAebtKo904MuEhp
25786,1m7I2KDNCOvmvDQPJtBBHA
25787,5Aro6lU2dJOOPRyZjptL2J
25788,3OZFWBEmc901RScX4qD3JD
25789,7l4wyvIVnzTvePBYdFj0Op
25790,30PKvizTGEc7V9JDOZ2o22
25791,6SQQxQcWmwtY1MGSc06Ob1
25792,4ICGeK4YbRHSIgpbHxixSZ
25793,1dit4ZlLbs32504Fs9Yqtp
25794,6pN9Ja0MaR36l0uHRDNmZf
25795,61LQc40GV6nUwIsKm1Sysz
25796,11DdPGqDsM3ux1gVAqUIln
25797,41mRGOyBDdZsKuZgAOvfac
25798,35ZQzEeMNs44PFBIlfQQdK
25799,4QEqwEoJ3QwWURU1xIZOy9
25800,3hzoWcjiz0yeYcrJQQBRIQ
25801,3U03XCOp9QMunVju5hg4jt
25802,2ODXiQpL6HoHbDX8WWENom
25803,3qT4bUD1MaWpGrTwcvguhb
25804,1fWTllOHNaI0Wz1JlldPlR
25805,2TWvBx4uvaJz1KB6JtPmZ7
25806,7nQPTi9WgWn4rXEwsgpv7J
25807,6VHkl1H37vzqnPLzG6au3T
25808,7CJEePYVHVzMmeZdmrEsJ7
25809,0z0MtGeVdGxUA7H7BO6LtW
25810,14GwBt6hgSFlSvaXr0dt9E
25811,00JaqrU8A6Q6V7vpiTTiEG
25812,1KkOWNou0kzFideY9ZpRh7
25813,4MGAMhG3iGcMtlId6QQr6C
25814,2b0gpvlB3adPXbHQEQpYsz
25815,1BJpfuDnSWgNKbZsFfPM3q
25816,55VodZfEgSm8GMLIuv1HY2
25817,4QBvzlbkYUtcPezpJT4oUP
25818,6OAgLVw8qsjr9VjiIGSsp9
25819,3qPr7clCvRgOOZb87nUGe7
25820,6w1hfdSMHcEminlm3p2pkV
25821,17mbHWWuGYgE9EsdZ2gvTj
25822,48kEsmDHgw3r44pLVrToyq
25823,3ru8IZrBxuFFHOFKEvvpFP
25824,1oDJ1CxzlW3OJFvYfiWG6d
25825,6fIjnWrv46njJHLDAY2JdC
25826,4yEGuMeq1XdPzjon9AocdU
25827,4OWEFA5lkL0pfL1g6kNjGO
25828,7gnFID3WpxJi7SYxvR41wJ
25829,0F95rLQQMzkSbRh0mfXKnQ
25830,0M7lohHPkMyns0hb3QuPcm
25831,39Z062wzLX3bISxuI6Lhac
25832,0RAiiyPPFoZUXu63LcP4ah
25833,6yiQkYYEvwNLN7LUsIiDC0
25834,5ykmAiAR7LwdrP3VSjJ0lq
25835,6DsILuMLGYN6QqPXlhGHWo
25836,7C2I4FsE2s5Yzabm6qtoVA
25837,3fwccoaGmZa1Kt40WLqyc3
25838,6Qg7XcIgzhMzsY2jMXLzJZ
25839,4xnNIePk1aUtV9xCQDW5RR
25840,73GEVn1tqk9bn0KbtWsiqj
25841,1rkCDpUKvtVToCIwwPetBZ
25842,6uaaVLXryfZLwNBIJOdfQE
25843,321aLlQ7JS20CFYcBtLj3o
25844,5EARX85qyrkA2Hlss6oOwM
25845,4bkdPbCMMgoteK4AZq9z01
25846,6mDVETAHbpx1qYIJVfq4rc
25847,47AFScZZG87uL7rW4buXFL
25848,1aE29eShFo1ARRmaIarby0
25849,3ubMIzyq9JX8V931EW6Rms
25850,3RwVv3nL0VfuUrDZQacnN0
25851,1u3Wcgz6wU0sBqT3LsxbTX
25852,3Izicuj5KwHP4QuhNk48eZ
25853,3VehRa7N2HTqkptMhk2FkB
25854,4c840ZcqSo23gsv6tBdbar
25855,2sW9qK5qyPrW2PByOtPh5a
25856,3LmiKN6q3OwFD3sV8rhkk2
25857,6H2TBm4IAc9LSzad2QbP53
25858,0fjbLkQCgUUGH41kjKaF3V
25859,7l4u4dXMdXo88bq7pgbmgo
25860,0QV16pno66L6K3fn4W13b7
25861,7j5eg5Mb7n5iapdqY1T74A
25862,7IV2yFmIc3cQVYn4xjszHT
25863,7KoX0myQwA6dc6yCX8R1wS
25864,0KGCmA7KAqxtL8xObFheG6
25865,3wjwYYfKR3gOh7jomRCwJa
25866,4VIw7QKWA4G9HYZ9Ovuujh
25867,05vU0jW7ZkWiPShxlM0OU7
25868,7AHQgHqCtUwJuBtUavHq7m
25869,2uO57D5iy4YJ9eMcbnlY8y
25870,2xSwQiedcTLtI1N2tZHwrF
25871,6CQom4YI7YjHECUyvsGuJF
25872,3mdq3j3TGXnmyr1L2WIo4T
25873,7s9xtALBX5o96TjRB7R078
25874,75kMrDKPJJpgEQaXVh7QMB
25875,4O2qaJ0O1djHb2Bbjj5GCH
25876,6Zjxm52qooPHh6r4TETQiF
25877,6wZizuH1RoLTfVchzBuAWC
25878,1cR7vePozEh49fjwRzk13B
25879,2TLvj6n7ySpZp2g0aC15sC
25880,5r9TROv3oWD2QqV1aV6QMn
25881,46Mqbxpo8QAVvac6HzdHB9
25882,51wkApQ7le2JWcFGLz84mr
25883,7HXwTXj60nuhfIZY1o8VUd
25884,7eJjA1VfRG3xPlDsRsjjSk
25885,47VGqaDolcmzlAADoMdvNN
25886,3cp8xX1N5jewfKU2oY2Y08
25887,3bBNyJyFq8URxkT4HEH0CV
25888,78oZ26xvmtCfarveRXs3dq
25889,0jNIrr3xMNpFexrNxvpVnc
25890,7csymKvpRJvjfwJupt1d5Y
25891,2CYIxZbfa4jzS7VuRtGpCv
25892,7KBmHYJnj3CCsEG4wpj14P
25893,5X82VFLvjpeWQlTSShqqj0
25894,7udF3nrM6HmEdML0gwPELF
25895,7m0GliSUecvGMgKSHu26Er
25896,0C5GD7gZrPbopPeEknGh6o
25897,7u0Xo7X5uOSwN3z0ClQKdp
25898,1ktpXcEGYumRppEixwDX6y
25899,48ACJ3Yqabk1txCOsLn4N8
25900,179Qe1T2BTjYr8fsMgJjTH
25901,1FF2GK3zvgfsM9Ed4zHEvW
25902,7BDlkFUZNto9DCqOCGeDbY
25903,2M0hnwUA5pRwMj0ORpeXIM
25904,2SD0ryAeTdxy83jfy4CM2o
25905,2Yc7NxoEPRLdeFTeCdCMMl
25906,4RgsEhmHd72wSSZXz3omAT
25907,0ld2SJLoZK07X5DtBSBnSF
25908,64zC4zDgzw3LZicArorO79
25909,5b44V5iGP4ddiQuxySpvmE
25910,4sOEqj902n9vEGiyUJxoFW
25911,66IHTfRLQGiDuMXyCsLCJ3
25912,2f7IhxfM0yLSqGOPyzlYvi
25913,78GRQrC1NRUfTmtLCYVtMv
25914,7oZjTzzAyaLnnFaGDkDtYk
25915,02KTSos6KmLPG8pGozx2np
25916,5QbjHNt4uPWFqgFrkxNbe6
25917,1hIQPCM3oWXrpnXmgTDaKG
25918,6xJY8gj6yVV3Nsnu84Iky7
25919,23dKrHYgFGYJ3jB1766SlV
25920,1dQTItrEzPEoWj5k3s2Bsy
25921,2U0nKiD5JIHI2eRVxaz38d
25922,1nnbJOYVDu7ZQIYiHts0En
25923,1gVrUsbqHWJ6yBVzviR7QP
25924,2P5cs4dxVw6mRrdD4JR0Ti
25925,62MLFrVwYJNbEHtToHNBVF
25926,2u0Fr2hjS8mTEUtdKiUFai
25927,4nrMpZVdy0wb13m2jNMJ3c
25928,3nbuEqaWg2qQ9oBJkkhuJa
25929,694J4C7mBU2dWxQBphFslt
25930,0CIJfnIVYj7CVQwgfSswx8
25931,0doEeyNpSTtMmrGh4DTzxc
25932,1S7wNnFZWMlBR9gW54z2no
25933,4cURHmiuYii52BVbhrGbv0
25934,4IFOq3YGJPuQmUMgxjeA9Q
25935,2Ec88bogf5eEfappNAktH5
25936,02vmmXsJcxwPKUKUBvUFxG
25937,39Mlq3uTCzXe02gbJyoVaD
25938,2AeCrsfyiBcUKI3SFZT1Ip
25939,4rgXryxXMVQuiUpcpujQak
25940,5HCIck4xQZXZn3sbQtsFzB
25941,24FUiqL4zbWB1VfvcqLIGv
25942,6a1e2CD4FjOhk6bDnzlg15
25943,0Coz1qPuvT860fwTCAFga2
25944,2vxOPHfKKPOC8MEBLSZJje
25945,1S4fpfX2u0hzFD9vb6FEB6
25946,1g7ENzWf4fw2VecVHlqw9V
25947,2Q8EQOsP9yEYlA9Bbk4MAC
25948,46uLYXCBGVCkAFLV6YH2PQ
25949,02uoTrQDI1IxytfKmhhvuB
25950,651riF4gG6qqLOQvEZOrNx
25951,0PIqPVfz3fswMtSEeRWiWq
25952,70oGEbrRuzkq7Fa1NWfhV3
25953,4LDbAs29JUG01SOI25iWzX
25954,4GspmdJjNjZKCHtjJ0fWxb
25955,7nPg3oQXo2jGqczK7VUH1D
25956,35bEmBJLZeCeNERYl6t4FU
25957,2LC2zKk4M6Yxx2zuc7dxnN
25958,1RRMUyPK2VIZl1wzQP2GIx
25959,2QzPMbdAR5Fb8DkiViiZrM
25960,6TJNs2XGgzGVrtFE4R6QuO
25961,3lv4SlmV5FnIbvQ1q7YLeA
25962,0j3AgwHeoqudbV5ru5wNwT
25963,1lcn1xaTvIqPPAG0xxvVO9
25964,21BWPGyG8zBaDcpqSY95j5
25965,3t5htCiGucfhAQjm88U3K9
25966,1worEGp1LhUCSEJ7tGo13Y
25967,6s1qFzUoMyhU2CDmFtsz65
25968,18EbQ3lKKZwmxtskOUM52N
25969,35i69WMjZKONGWDSMMjOHk
25970,1RUp8mrvwSYzdIyr0JbNMn
25971,781UPsxt3CbdxYmIcufFDM
25972,55oovDrYcI8EzQxg7mHVrD
25973,25xY7EwvBzhSeVpysKZwBs
25974,17x1uKGhXj6qVarqhyPIfN
25975,2PsqV8qwBUIahZ9aPbg7pN
25976,3sVYHZTpiJKSvcBJErjSZA
25977,2FfZg072w8RoxlMOR7M4CT
25978,54BDzeENKrBiquT6VM04Oy
25979,6u6wliDnRQqIQ5W3qAokVc
25980,6ej8EFrgYq86kPfFti4VfX
25981,5ASRwP2FXKRx90mlabM8cT
25982,2ZHH9aoZjrqtFk1SX1dXy7
25983,6Q8dZihvTfyUjA7M06CZ0h
25984,5hkOlDHMj578fYxQgAJMNP
25985,2WObDBPZ4UZ8yBBf1R41QL
25986,6JSUNXHhkK4lJw80b27tSr
25987,0G2xUa52zy2Rqf3paeAzCi
25988,7F5fy8py8jbzCLxPfIt7dF
25989,20aVBPxjn2KhxUOa8ux8dv
25990,2iXm6lM5KNUHOGP5OQSeyA
25991,0lG7tohgiOp1wA32OOusTZ
25992,5Udy2gteJttwItES35T5Uk
25993,5L0DkiFmBV0pV7jDmqfj6I
25994,40psVA49NauSncI9NllDXo
25995,28ketT6JhjUhxL1maLlnWt
25996,5blPaxcTrwlL8qR78qkbu4
25997,1g121y7WD57zLKHU7flEnS
25998,3EWR64BxukMMFvQ8ASkhLS
25999,5Wt7ngK753xBhSjb9lRfSR
26000,6bE2AHupgeuMhB0wnqMps5
26001,5OHfWNRJSzqYUZ1ywLXBeD
26002,3MihysDPUE1E1aAmtcQvat
26003,5irGn2AVrHkyUNNRARs384
26004,1OPLF48hCfqeEjlFP3e8xX
26005,2tdpkp9zFJiICyTY9gQefh
26006,3Wab2zZAj7FCKRuEEBdYXj
26007,442RpO4UEecd7QIl5AETsQ
26008,06efNpKkf1VU5XWdVXgNeh
26009,6UoHvjfWYlzM43houhnD3k
26010,0f0pZwwqHgoakoufU5Nv2V
26011,4gIf9ilJxer3JR4VmSh0tk
26012,0BX3ysoHJvxmLEhPMAfb2z
26013,6UWXuFTuUyJZhM5Y2gzEd7
26014,3IWPKsmgWmIMERE7gHRkzD
26015,5vA0BlTP16GqJsieTaPRzp
26016,5gt7WMv0xHNpsH12VHws3X
26017,1KZwE9kZfljoGA7Hg9rqkR
26018,6uG2eO1HTgDqFg0wYJcPa2
26019,2bLchWk4sG3Kn0rREL4K0w
26020,6a7FTuQwFo6Ub1oQ8ng2YJ
26021,0mqN0PZWrFzoCcTGeTLwUL
26022,51MKd0GzWjAPmiB539tQAJ
26023,3Qp6tY8PqK1BLlZ1mCzXYq
26024,01HNHDC5cBJLZnjohL4Vsv
26025,6P416hu81eP6aed3ZafFfs
26026,6utuFCvF34xhmwwwFAYntF
26027,55yts7rwNfA3hHxrQ4dOWO
26028,7fJkXMUlLBLjf6HTUtNtQJ
26029,74HgOVhTKdjQ1viBzUmg9s
26030,4Bh8HnSrAzDBowMjIH79lD
26031,0XLSRQYMWIFpHOUrDa7EBe
26032,7AjKhoP65dbqneQOX7Y3QM
26033,5E0fzpmVS5kiovPu8LyZ5Q
26034,6tFHgQi5kjOKSYKVPpb9yY
26035,5sj0wVRJhKhlkPqdxVh6hs
26036,6p8wOMaY7kIG8T1gM0dHOh
26037,0n0R2cTlWuemTQCtkrppeM
26038,39XqmCHbfbKTXGx2pqc1s2
26039,3sJPW93sZFNNwUeMQrcMNe
26040,46xxvnVgSpyajyYJo3SMgf
26041,2xFkuMELF2EKyI2Ov1TwKH
26042,33bNHOezD0IZ42Webhzin7
26043,1CaXCVkxVz7GfrE2Ifbha4
26044,6nQnrc6ceXmZ3KoUrho4Lf
26045,05ZUxHiGT7VR6ShJjhwJxn
26046,72gvw1oTvv6zTK7a8o0ylO
26047,2M71Inc9camxaIGtmQ6I87
26048,3gkVzq8JrEUpershkKHMlv
26049,6KbN3kYX0moSsgjOy04oM4
26050,7GECKblCQKdquxSVL966EN
26051,2ISm6JJf3BUaYYH54Z2UR7
26052,4Z9TvaPOXShUCAE5uB6kc6
26053,1LH9QyMF3YIqYRoVsoXihB
26054,5MqVSSinDohOuMjNhO6PU6
26055,46sC8LjHAY8EIogQGK20vB
26056,4lSzEMxZ2EYlJoED4g3y6r
26057,4612cvT6LX3mymRvlf6ko4
26058,7KkuLG58Qn5UHSfpwP8snm
26059,4KJFUsUnQlK4vULykBTi5q
26060,6Q12JjOHsE9kTGVshxrm3F
26061,76BMqYxwdIkykjUEL6uhDh
26062,4ZzT5Rl8V8M0BZo0dl7N24
26063,101TaHCVkpOMmlQNjPKRQ5
26064,18OgnjI2LT5FL15xCz9bCl
26065,13IEpjaOCjl0rOQVNFKl6f
26066,63veFOQjp5FuNeM2mnCKeQ
26067,7HqMu6Oa7jLQVDUuWiy6v2
26068,4XjaqL0qHyL8xqRKdDA9uh
26069,7m2iK1UP3anMfXwP3Oc5gF
26070,72dyfteACbxtINWwVlNy7K
26071,52hTb2UmmPYUShMAIenLQo
26072,55gR5vcSgFQFJTMY3V5dfn
26073,3ivsBS2Sko6udZ7GWarDTu
26074,1C17vpF75wRjzbv0vJ8ICX
26075,1nNRDJhjhmD86nQI16kExU
26076,54GgNs5Ri7kZuJvVgEitFL
26077,2OYHdNYUnkHXF6RTmdCBDX
26078,2sINnztP84DhN6urN5iTp9
26079,5fQBa4wkmq28xpSLOQ202K
26080,14JnBeBbIkcCjfMQB2m2PL
26081,5Qpe1Tw0y2sUdIdvicdtJS
26082,2o8EFkOeu1cjP9mdJxdjNC
26083,5UZwHiDbaBXnZ1VAeQp31Z
26084,2Kf2mWshxgnyz5NG6q7YwE
26085,6ubCpqkdRYkoIu6TvlRXf2
26086,430xylyYmBYORvV1Vopn9h
26087,2OUucve3WOxdJ4MlYN2NoV
26088,4LLF4Dnt2kfRoSteHQyHzQ
26089,6tLFwoq1UEDEbkMlfD9SFJ
26090,3BOPD2TILwtgQtTTq574oA
26091,2KZbgybFV4V8WdM90dOGfk
26092,7pWKCRsXpS9BjPNODt72EM
26093,0TZiZV8pQ6RBlo3Fmd5LX1
26094,4sTjmEC9DIxvOGmp4Lebhf
26095,6z8CozLAAknr9YDJlaR12X
26096,412KSZ9zuplLAWZ4857WUq
26097,6VsotRlOvN3DOCVZXIxheV
26098,0VhU4xrNLycHNmnYAL33Fq
26099,0xmp5zXwzAwQEojF2LKQzv
26100,0tZO5DP5kuWhSFFFcyGNXf
26101,6b5Pd87pdLgi1Q8jmWmdpk
26102,3oLJlBI7OveRtPOuMe4oaM
26103,3ZX93k2QdeRCdIDhh2zs9B
26104,4ny2dFEaKI33QMiXqekTSR
26105,1jKqMK0ZSiZLVqcXxBwOb1
26106,0rPyMOwvIHFrb3b0NVbuFp
26107,6veUSczOqFL9eWD8wT5pPb
26108,2SeKIIVjWSaBcmFOY2l53x
26109,0kwfb9Y9xLTOlt78zye8Mh
26110,3Ir4TOn7G07BXsPc69uMNZ
26111,0tYaObwyDzlAoCuO87yQH3
26112,3brGBP1RfA9sxZmmvLiHGR
26113,6n0doSevPugJurkRydggYY
26114,7F48iwtNik16pAg9YTDbUf
26115,3NoRnFTXnN6YW2DkWuVNqc
26116,0EsGziBeoI9W54jmJ1iTb4
26117,5XHAiBv4TFaAGo9ll0s463
26118,55Ce3zPgRWQnnbZLhYqW4c
26119,1aIyRBppb8dWi1EeUxTPFt
26120,4kPLmTsTwA6wvtcbb0LtbM
26121,5ETM3aBrDf45TWg9AgnWQD
26122,32wChaXs8GKi9OvuIRTi5w
26123,3Tv8GGBAaLXANAfpK438mM
26124,6xZSp7fGm6wE3u4zI6L380
26125,16nlKE9taZ6IeHMlwsgTAf
26126,12noo8gxeNNZHtZbijANUG
26127,3TiVl5igD6Z5Pw6R5sp8YV
26128,2shiEL0cJ6yquSu30EZCSX
26129,3dt0qnuV3FZjTQN947C7FK
26130,39DvnPTTrXLuR1EofYpweQ
26131,63JMdCqEjV2cxB2DRNLn0y
26132,1jOLTO379yIu9aMnCkpMQl
26133,1JYs5OOgeW1jAOaiiLlJdx
26134,4lzA00Mx8gUwWR6Cf8VNWq
26135,2it34hqGSqiVG2SREsjSMT
26136,71zvhPCvpV27aj5DHDh0QI
26137,5RrPiF6ezBzpltJhRQkSws
26138,20PISOo4VbLz4yFH78Zv5R
26139,5nLuJroduXGOTMNm8UCdNY
26140,4EllQ0HDbGYGoJbMePqUz4
26141,6H3tNuBIsTdd7SUjkLYoYv
26142,4CiMMTf3gqW75c1eQSZTK0
26143,5pQsGzKlrktAyILsz4bWIF
26144,444cxF1udEVZRyFoJXg5QV
26145,38wSbAmV7zNBhYqfzv1m9x
26146,4eImYP5QIy7TYFucRo0Nsn
26147,4GRqbzR2mWpxsitnPXtHdQ
26148,1cJI82e796WvHbE9iLHR8q
26149,2HBWuyvvJQy7wH15Gg8rzE
26150,0DcXouRxNS37oZHLyR6j9a
26151,5s4unxgfLjCM2Wzx5FRCDo
26152,6EIDCcB7NlRox5jIrErS8b
26153,5QZJAcP4nu3xL2NQV4AVHO
26154,37FfCz1YODL6NAuWfxUzJh
26155,2TS0Kda3jpIux6j4YJ2spN
26156,7k3jB9U5OwFtQvLTSP9Tak
26157,6qONjN95Wk5zsOs7pY2Kq3
26158,090yW5nfZqCi8jVtf9WxvP
26159,6AN6ciH6HnEc9DviPYabny
26160,5rIfRpKnwdAepnOu95kmCE
26161,5VKFHw21klgBAD7lvbCcm3
26162,6gtHQhPohwaDyeIMgLB62N
26163,0YuFYmdojZmBYD9V5giqTR
26164,05LnCMLulq3kFzx3R2AgOe
26165,0mhnPkTSRgxvXUcNkHNo1b
26166,5Eu98hM89GmLdEjZ242B3k
26167,7ezL2SOHqb2k104k4JZ6d8
26168,6YCNhhCyfz7Max3mtLhxEu
26169,3vxtyBOQGYJFff0pSoNc2s
26170,2OVILKfM1awPYnf90qdbVc
26171,74uQovzIqnVMQgAywMmXVt
26172,7MJ9am3C54ZfKqsFa07TtK
26173,4gjTpaz6WRV9nX7q4fHwRp
26174,4TFkVCCyOUxXwUflCSsJKk
26175,3mTUMIT3M0e9PySC1mteSV
26176,5JecF5idHOyoN0vHV8dLwb
26177,4qAxrei7gxjbQs2NNuSH6N
26178,0d5ss1i23fueQU8b3qicFB
26179,2mpgQFpYpCrwLViQHi7Nb2
26180,0WKUgUBAbCbJvdLzug0QnE
26181,5QivH7m4oMbPoVUL4idAUv
26182,6CdwjPTK6gFu25fUM918Wn
26183,2LrOjkIlb6yzYYpfp5zBZC
26184,60bPniy82Kh7fpR37gsxec
26185,74Z2CikIwseTkD6ydI3pxx
26186,0Lvx6fgHdXIj5jJjjSBf2n
26187,012IIKRdkIhI7LzgEGyO8n
26188,408wKFP7qp6ALbjcex2t9k
26189,34sYXfshPahwVQ8fllkIwE
26190,4F7CzDZIalSdJrDk9X8fUO
26191,62nj5TVDlJZsvgr61JvC37
26192,47Zqozwstdu711KQZCVtKB
26193,5CBiUwCW1j6v5ITZYK9khy
26194,2rK5VJjaNvV0tO1jeVqkE3
26195,54w7RxTpz8HBxQAzSgmGug
26196,275YNZEcI6UKFU7hO1kzKX
26197,5thYjYlBSFYIp2oWDdJUXJ
26198,7pb6Y41y4NfCkWyy29llJl
26199,5cLbsKoNhkKXd6aZo4BOeq
26200,1hmHizbSMi6iHBCW9dJ9Gm
26201,2PDzZAGSb4vPDgiJhNyoWc
26202,5nqpf8T1m7IbmJvvx64RSR
26203,3sXrNxZgWqUaOTc9mukDsF
26204,1fU9jcKCej9LobWUT6K7Fo
26205,5nKQO6YLh71a9Fecwv8xXH
26206,1Dywi20qU5ni9MlqdkgpmU
26207,5k4iySSgWBqCCBeG7VPMoX
26208,5iaHS9YKLS7zDKJzmYIGmE
26209,4OMORgFgv6EDYWr3yNIIec
26210,4PbDGjdcmHGvkATnVp38ir
26211,0xoavoSO8dgVPkmgCkJf5O
26212,2NiLS0ngKzmwxHiyUZkQM9
26213,1plisGeYI03JVxtwEKI7Ha
26214,4Z1t1aMRif8ES212kTN8H2
26215,1x1ML7lSPhsAwoTqZpmjKQ
26216,6wr79qcfcE12DOBdfKPO4H
26217,2AZnaJ9MLerdNPS1BmmzZD
26218,2WESsgA8byglThllAh7YKk
26219,6EaGa19IlwQoB28FXba3GU
26220,6HyVffzF6uXt9NHMgEkQpJ
26221,6E2Bq838m5S4FguiKfF1TE
26222,0fOfTYgWrwAGWRnApMh0It
26223,5id38dZomKgo2h4ccxTyzT
26224,0ugJ012NKkZWS2G2Smdwax
26225,5ueY55va2hFLalaMKqlOgh
26226,48FNLOPGDxC0KM51hG5yU9
26227,1itEz8xzMGCJw6iFISVvEy
26228,4mXu9c2eT5wqUCqMBUcutM
26229,12sTvaKzclAx1romYZYytY
26230,6bc0lqRLeOevc0rv1vtjep
26231,3srDyE8q7WEDdSbyihLzWZ
26232,6ZtldkjOv6iUph5XWq93bz
26233,12pthRTC7aANsl9v6p4WUq
26234,74SVya4wnY0EQfqorHR7CY
26235,1vUFCQcf0YSzYukqAhk9zS
26236,3CmUas41TD2t8EGNZ85J9f
26237,2uBFTrgPZpSLOEoUBd0N5f
26238,1KHcpeWnVlYmYTAVJFlzvk
26239,7hrRXydHLJvPS0WQgaaUUj
26240,1tb90H314G6blYa6Xz0pJB
26241,0wf2k1LAVilYfRZ1FT0l1e
26242,4RuuafWTVxluP7QgNvlIXE
26243,111i6qGYJJzthPP054dtEy
26244,3gbg2P0iRuX4ECzk4G1D5h
26245,6L6cHKXzwbSZtFxW8xZpui
26246,5X53bv3NCwJh0jCC0kocPL
26247,2vZyZrgBS7tu9ClaUOr5g5
26248,1SU6u87bSSS1k8tb9Yqs3Z
26249,6zngW49Y5kvrcHgsJy0xtu
26250,2wFatIMoCYPtkmuUa0WSZX
26251,7f70SPA3myPcuPepsXc7OB
26252,3U9mdmdG9JaL55Iym6zngi
26253,1kIRdWliFlhpBtawahnzfl
26254,7nAyRHZZNISFKbP8oHdeFC
26255,6qVwczXSOo407DGFJoQVsy
26256,0TNAK7LNCi7AKDZAbhWQXr
26257,0bEmuFjZnMI2xExCEdWBks
26258,4QMg7l9TlD9UODj1hVYuK0
26259,41smxAbFzFl0NhCUW3OuMd
26260,3LfczMsys32hW0t6c4PPxt
26261,03ZVEpSeeJfROJW65OHgsf
26262,1MzLdvlZtvI22p6f2t027w
26263,2DZuw7l7616rrJmI7GMRjA
26264,4l3ZSo0k9ahBTShFnYZslo
26265,3eifNgbsuBWw4U5VCIHBgq
26266,3aVkJBox1eup3943ij4cyV
26267,5AjxmPt9dxQolwP4iasDGD
26268,3ob5PHBjM6hH4wFf5pggon
26269,4Lg5hRgVLEF5ffhPDOo8IB
26270,0o4F5KIjjGJUAlf8MTGUxt
26271,4Mdxotr08wmJUsrSGKaLAt
26272,2dUljITBGfpu6t4Kk16WNv
26273,7F1LWA9sIlTorHUo4amGqk
26274,5dpKd3NzXqab3BBV0BYWg1
26275,08G12eWc5AprZZzVxZGMzh
26276,5acPIwz7gTk4L5AZhULhKe
26277,4GMbts7jGweL1b8sS67fRx
26278,3hDpkvXDbmcrKya8CUS6lN
26279,3H34KzKwDqONh5RMK4U8TS
26280,7o2OT5Wv7vGqKwH1zGPnxy
26281,22DUdyKUf8R71UcYfGreWG
26282,2jXi3dBybf4ncByOk2EVNZ
26283,1kMy3W8gW9bldxFc4bOkfO
26284,0cRWNwOvVCQHUvmb0ad3BY
26285,0K6uvdYaQNJiClDLbXEwDV
26286,3Cr8Os0nVRQbH0B4y7HFC4
26287,3HOBZRpqsL7zakBcWEt508
26288,7K8fmTPRda4YWsBTnin2nr
26289,6vT6GhO6th2JE3NBQRlhKL
26290,4TGvGexS8eh0GQcsuCiM7O
26291,7CuOX9QkvUzzx8CFDOJKP8
26292,74stbs1PO2lhj20iz7ooej
26293,7EjqUsWyZpqwb1w6xnbD68
26294,7t3kawsKNfJKem4AQiHBCE
26295,5RIuQt5fDaSFGTAJfmxJEJ
26296,1O5xBKXfl4blfIMykKUnu7
26297,4AvxBW9FtCJv3Q0ydaghGc
26298,6GWp4abt4fBMvI6NaDTXFf
26299,3qh9RKmnxVP9ptexjYihUR
26300,0iMDt1oTY55idnOJcQcbic
26301,2T90zKsZXYvpobzgf0BJ2e
26302,5fCJDpmxmqmvxeXLNky9XK
26303,6LkjZyNJMyoNYJqHfypnfs
26304,3g3Mvt9Pl1COrcO4cXqE6V
26305,1dyc7zLzPeDgmTdDD1heYA
26306,7pFll2YRnO9roTRhEMRadx
26307,2IM1YrJwUWJKjbwyMgSNp2
26308,3uht5bVvbiE54iQwtrab1e
26309,2ZxTjs4EdJl4Y9YByIiNoo
26310,1XM1e4XrTSJ0SXA5TA1SDV
26311,3O9nQmCkiA2VUAqQpkJZhD
26312,7HMuRwyVcNPrD3nR91QjR9
26313,2wmtfTjCTnPbJdkvQ9VSyT
26314,6lg1zvg8nSKRvDKMRYXOhQ
26315,4QA3I6cCwPRyjaipn8HYjo
26316,774ihjGjW0CuLn5q8EsyXG
26317,0HQAoBNtl1NUyCbbmHxUIC
26318,39G8uPhH100LJ67kokM8ha
26319,3gKL1nIQEEvuSyfJWhLNe6
26320,02QGW1hPDxBizOPRrczqkw
26321,1ujfmWWpEyO0qf2J9nS7C0
26322,2kPL7TBvPPh8DUuRjUjw7y
26323,2xb5yQwB79nfhKyzAufPYZ
26324,1tZsRsKHdLYq3fZO6Q3EeL
26325,4lVE3Hl3ah62RiU2v7TW3c
26326,02kBNm4NcSKSPN0CUtz8Mf
26327,2j3iuup8OrBpXyf2F967Rb
26328,33uEEXoLwzVte0Ao8A1Hfq
26329,2ThLNf5FPg6JMK7kAwopaD
26330,2fqIzMHOA5VqpLES2BpBun
26331,5FyR0TL98UajTLRWwkKGBg
26332,0EKBV6GybPtALXUgWqWrym
26333,4vjRkMEA5OzEEVUICBRGn8
26334,33bD5jxbWerSiP9dUNSPTL
26335,5KksbW0eEd4Sp7mzyg0WKu
26336,4KRrcFoCNFeCs9IG3RIJCh
26337,1HDLf9bNE1xnKndqkwVJYg
26338,14Dj266XGJbD2jS8tvXlkp
26339,1HNkqx9Ahdgi1Ixy2xkKkL
26340,1pUFYb9peWkK8m1WCKNRjp
26341,54Ryoo7lyUNUfOrrnoCgV4
26342,7GRq9NUgqhxPGUUksX02fk
26343,4EplVHbLDdfCOrDgPYvAKV
26344,4Uic4cdx1sAoGhCxf7nU4N
26345,5QOL9eegQEjcGx0dgWMbIP
26346,2NjVkeWg5WOT31WdRkSYGv
26347,0KIx4AwURqz5ekILjHS0mZ
26348,5ZZqPBNUHwGYVKS6ucjjNH
26349,6tVUpFhufqH2TxnxRQrxZ0
26350,74v28tCHJ9tRSvwKbQdqJc
26351,3W839gKQlPpVvH9AjWMakR
26352,1BJhCk0ZnFYUbobYINT6UE
26353,0FAjcq2ETswuFemw1uFsLu
26354,1U7pSWWxTL3pwF9GSsA8PJ
26355,5rPB8Yrb0FF8dkcPjZZVlX
26356,3ADziIbDEugRi7fIOWVSiS
26357,4bDNCnQ5j0HSagGJPgkkP9
26358,0tuXvrzbYwmEyRhcqYttDN
26359,2JA6A6Y5f4m7PawM58U2Op
26360,0fLJ474nm6kTFzo96rqVOl
26361,4hXN6w3LxOn8naxRERkI8H
26362,6pT81DjbFnBrmeZTmk5xuB
26363,6pPD1k342KK4fMU6xPHufi
26364,5Db7N8VRDmHtO5eKf5k3JF
26365,1LFhSsnIx9nqO96apJm137
26366,62fWRnAh9VxHUlkg5ZRt8G
26367,5mQzrb8aqfZSHr348RNI4H
26368,3TXWmhdxYO8EM2HF29KDUs
26369,45SuojHSMfl54DweMVw4Gj
26370,0dVQeXMrjnNUqQOTQscgKe
26371,2qJH39hThPyUGNbZ5wPHrc
26372,2XqwTisbRxxcQUe5kZxjLY
26373,0Gt4nGWoATcQFL38a1NRao
26374,0QVMTIALVo3VNglTKfeo0e
26375,62638FziaHICYGjBBcLU8I
26376,7tw70G4TURZAhZ4U1cMrGa
26377,55zYsJcNZRA04xCRYmawUX
26378,31HveB33DoO9x7P3UvkRct
26379,4PGwVdXrLXkIAOBmgDdzwy
26380,3MlfiHCKcccQskeDMpgioT
26381,6cGIjEPWypmoGoSvbpFrDU
26382,0pik84o7400PdotrJxzFbT
26383,3d4hvPJuvvdrkIVcK1VcmY
26384,47WXfGXGIMRhMM6H5WmYZd
26385,1OLwMxcUKvFpojvGEmBcdF
26386,68nDtdkxDUqgTHnjUfWslu
26387,3zqMLW2rXZFD0CohmMwFir
26388,02kYCQFBEHKpArFdOyJVxt
26389,3RKalmnfey8VCsC5KMxAB2
26390,7BrxKuEI3891WXsaUS4DjU
26391,1LKsr2VgtyUghNoTWoPEXS
26392,5KVbaJP4IOZmZZlj5v4jp2
26393,1X8ogY5IBc1deuzzhvFMer
26394,2jZuyqEiL1zcTEQOjjvQmx
26395,5FqTmdHZ6WlrXu93162vvg
26396,7EUy49ZPDadUJv1lZp2th4
26397,6qxVCDjhzWp8kxvf6nhOpM
26398,5K9tfeoiztw94dyWzF39jq
26399,2E8mUhxhdpOMf0t9uXPaC1
26400,1oDhq2VrC2db3CWR3aDGeP
26401,2PElN0waCS8QQxSK5asqC1
26402,5IrauJx70zx72c1xiZgzVq
26403,4zjcMs0xEU5TaoH03jwe70
26404,6VgC2iRqL8vIbSvqqEMxNb
26405,4nWyekGyIurZRSo0lKhZWH
26406,23GvTfcGK454ppLsts3W44
26407,643PW82aBMUa1FiWi5VQY7
26408,0Q8jmEvStpcroOjpuaJdjE
26409,0EvsLFtgq2ToSaH8UXmPK0
26410,5I7AqGni2AL18vsjNuAUg2
26411,6JgWads6a4ILaJhUvSxa7B
26412,3ad9XpxCuR13Akb1FI698a
26413,3IpnoA8oN63UNX3Xy8VrQB
26414,56H3iXab1Kv3vxc2RLoU0F
26415,1JdrPWB8PfHYc6ynObkLEb
26416,1B0y2BGm6uEoDN0YoIx8yR
26417,0r1z4x797gTR4lf6z6UkXR
26418,4O0sGJdqpHMaWz7KoVd7tb
26419,6NY4ybOTzXNt8dDoPcCFfw
26420,5izPa4zq8c137RiBOfPIWa
26421,4nB4WbQfIZZ49MYaQNiFG9
26422,5aDK0TurEtiedVdT0a6k9a
26423,3IEt3EULj9lcQ6OSLNQggL
26424,7gPt5UYnJRa6O79fT8rXQw
26425,2wIgAebN4XCsHeYhGeOkDl
26426,1jIkc5aREAeBmcbPIjhrrT
26427,15s3nS1m13Cdwl9IcIjSMy
26428,2LDW5y5yegRYQp7Es7wLVz
26429,3sSw3mI9Y7Dyv2z7GlxG3e
26430,2TgcpVcxlAK3QP8IgmOHfh
26431,5jyDTyXzDz7Fwy4V6WrIiC
26432,1WxF4gMsFXnKCyh48CW2RI
26433,3093mNSYbl6Q612r78DGMO
26434,4Y5KHe0vxQdMxD3KUUCNRu
26435,0vjpfpch27QUf1cUs4seDl
26436,2Zlj0nBhUqH2Dn0sn3cjhx
26437,06hX2daPPS7JP5f9rJI3t2
26438,6EHgjLTqWilOpYcNicRf2o
26439,1EYjTI9c8lyOMNywlQVa5i
26440,6LJgUmpVET48b5bCAzTbhB
26441,6GyzdlK8jUXFwgXsYn3oGn
26442,3M5JJHOiahotY9PrYytVsB
26443,19NuZ57VFhrbxOwWVguyUq
26444,26wU3SpfJxBQxj5WSolub5
26445,0erKIoD9Aek5HBbzOWYNvj
26446,3mYHah7DK3DeWn8guf8CQp
26447,17LknElmfpEDbkBJeguQUv
26448,4UwAIyQZ8vM1zYxzjtUfJT
26449,6LpxEWeuvaMrrsGgX5CSQv
26450,3bbjPd6lL6HSXF2zw8BloC
26451,1jTkRvUHQhh2v77G5KOyYW
26452,2I0V3AhuKsaeM2knKtN52E
26453,17ssUlNujrxR8EJ1NzFJyV
26454,12mBC0x0qrhfnovXlHZVUl
26455,5r2uftQ7dU1fFOQcSNjWPl
26456,2I4RovM6rWAZyOs2NnicLI
26457,6SE4JAo7T8C7XkFka5bbga
26458,0E8N2RQSK3lzRsjuHaPm4L
26459,0K9XmVqd4R443ND6h8TPNd
26460,33OjMQub4EtjwxY4Pi0g3U
26461,4wGnVq6qymMTj2ngDYPNso
26462,5Z7e6uEMWhp3vHbXRRyvEp
26463,7HMpmcp9wp8YD5TTzd7CSb
26464,1vCjQozC9vUgJOIpXVNdcJ
26465,0qLBNW2vWF59bniHTj1UK8
26466,2sPv6pUyjuGsTHPGLdv8PF
26467,1YJ6AWU6RPVuHfi0wwOEsC
26468,4pYeUDdI0WoiNNOrptcK85
26469,6jTQ5lrGoDAAW2tYrtznEJ
26470,6In2cVXkYdQjt2zLcrZHeQ
26471,53gPrOWfnUvZSzx4erfaG1
26472,0NSwXfEWMG7HIRvXioGu03
26473,6pkkII4jDNXoBfuzSkbW5W
26474,3nefyK1AhXGFIh0O5CeqcO
26475,6C8JIfvlS4UTOWm2XFO4iX
26476,01YYvokYa6Cmmk8lBf65iT
26477,5tlhFM1uefmOSryTVuPbq4
26478,0wSDqr9K4hdFaY5P7apPlo
26479,1AcGSXaFSQWpIvBA86CMR6
26480,6s4mthFPs8rXPOY8HAVNQx
26481,5yGRjFD1xpsBprofP76AIU
26482,1D9Gt2mU4sKNHYK5lQxYLD
26483,2iclfHORMqpR3TxuhwVRhD
26484,2kOkcog3bAnKvKSm8hecre
26485,6oHKhCv4YEGDyDMP4UmUtf
26486,3szYRTxYIFvrriGRLAzDBz
26487,4N8SDNQ5vjnChgxY1lX2hf
26488,1npZLnadIut8UfjsqYSOBh
26489,4A8FIm2iKkCi0dlZD26zSH
26490,4wcALgj97eaWBhzgGz5cwd
26491,2kxsAw4mRAk446KHJzKViD
26492,3rJOFcVtvU6ggQwm1sO9Q4
26493,4Yq0zfAGa8Rjkm0ETFNPGX
26494,2yVxijJpJ7lxkPwNygkokq
26495,3Hbm5luuxJheCKJheYAVbZ
26496,4VJ7Ee61DWHe8blkFLTZq8
26497,4BhXpI07R49972MCdwWdPA
26498,0hdaoISVuu482VOfLxAX21
26499,7fKHbKesNwDKQ8OrFHkPmp
26500,0rE74HFeqE5YVsRAW4Rf6y
26501,1O2SlAUcjIoFFt9vpI3P1i
26502,0EquXa2tolMLepSAKoYA8X
26503,0dDkJHmy20zXe3fiCEcZkV
26504,7ArM7xm1YLiXzPxDlFRARB
26505,5mTr51BaKdaJ6tP1zqd5Tt
26506,1yGNk6ppDHQIoQA3oml68v
26507,317VwEjp3PPuYkX6qcAOyK
26508,1ULGEGoykChbqnaR2YoxBo
26509,6ed54BUo9cMBFw1wmIu9Gr
26510,7ykOpG5bHWI3sN88MHyEsy
26511,1clVCYKATgsb0GwjzuTCoM
26512,3SVk1pRtLGxn7xtiqJwmZZ
26513,3q7a1epALBKqf4y1p3djRT
26514,0tmmorvvlsc2JMJwmc89rH
26515,7w1MG0KTklcEZ7poLLmSXK
26516,340XfszTJ2ZJuy8kUFR988
26517,158AY2BAvJPLz4KAHllXr5
26518,1DIeOhOpNlopq8RQeuE8YR
26519,1i9AFhnb96CdOaKhrIUbDT
26520,6N0GgsGUSzWmcAUOojvUbR
26521,60N1XMvhk0SRKbh42xdwxY
26522,7CppIUsidmrL2zs5GovjNN
26523,7rMGr4wxl21Zbi83J6kVpS
26524,5PyT4VlyiiX6BlftXKKCrU
26525,6uJcg8Bbf0FMxgCdbd2Jzx
26526,4wDMulBnkuioq9D6KPfSJa
26527,3R8XBHHIhlzJo65YFgp0Z2
26528,7wEUhXGYbeUuhXdbDOExZU
26529,1I0Lo0TdIK6QWJqxZUsgnH
26530,5b4w8P3f7blrOFDgrNpMMU
26531,5tZPVJ8PKemQFN8pPEJCi2
26532,6y35xDJFzpy1FIa6qCMA59
26533,3E3Y7E5PcECy61Esgyk9jh
26534,3h5HwWwsWqPwFJ4X2cI1Uc
26535,0fbWDnkrcwJKEw0v7oA3mZ
26536,5p1PQOz5uCa2oMRKkX0oKI
26537,0JSqXGEmKksFKTZrGAq8nF
26538,389MC596K4IN35zaHAyuYz
26539,5MqPHMhLXyZDDPHMGEF6MQ
26540,5FtUtk5J7fxjMaCwTlPeWB
26541,5o0WOGxd44mWbocCkyc0uH
26542,5Ejg7HYej7c7lYQfZaDPW9
26543,7c26hw73UiVuLtb8ZsquCu
26544,4RH2EwYVFRzjao3JnsBTYh
26545,5UbDLmb0q0A9jMlrh6k5HF
26546,06e9ZpAdSM0ILivRALzaTP
26547,6D6M8TV2DKHaFSzuM6Rh9i
26548,1aG2kekBtPmzCJgd7afFNw
26549,52zfZjVEiMM1EK51ERuaEi
26550,1PY4jT0PvN4AbLwoUSE54n
26551,4ZGcdv2x8XapxYnnXxE3z0
26552,23lVuiSzGKqkYh1XSaeC3X
26553,3m5DUc7VkQzzs0ndUy9sUZ
26554,0gXnF7A7MMeQRcu7IeyJ0q
26555,747GlgtWBXPKiqSGQsucIM
26556,3k6cX4YmhbC72ikq3t8WMw
26557,34sZZO1R6dRRPHnBZg2neh
26558,59YmL4SARH3UGswIDj4ZRR
26559,6thXxlq9kjkPojCCPxNn8M
26560,58LwagSpbHNBrIr6kyb0cD
26561,6LLeQzvrPXcv4EOUW41aui
26562,0TMoyqtUUlQW7u29Ihwk3J
26563,2Tct1wc5fbnBwLYaokOdH9
26564,4kmBzIMMaDjc90sSpsjmmo
26565,1J8w2cPF7NAcD2QKtoWh0U
26566,0ma9ESbeVNI8NIiagt2WeB
26567,785YakNCrw6pE9KgZyPwWy
26568,0ACRMpgmAX2tQwZ9AjyUOg
26569,17kIZ1wcA4YZoZqS2gW7XD
26570,18GhhUTS26kuxEQf9KDw27
26571,2wafd3dfspKezTrQVHShLS
26572,29U0cqQPML39gH3N83JpFF
26573,7dIPEjXoxkhmNR9S7EQVJ0
26574,4zxPeZNLsrkJjamWpI15Gl
26575,4bHIQkkfBrWG0dKYjMTTzS
26576,4bngHKX6trgRe9KqgVfnq0
26577,1qJBUg6wq9JYe3T9rHMuUw
26578,2rh7eauqU3EiGWkkElBl8x
26579,6F8fU5SFNEuc92HuzxUtPe
26580,2XWNzDHZbgNJIpGmxq6QHJ
26581,1WFZtMEDxAQjz8ZeHZa0Tq
26582,1SeITILZF3FukGYntEdhQ4
26583,0opH94rAlkWvLUAZjGVl99
26584,6pJ5ZjjV3sdF7KYAUPNTpA
26585,6kMlyU1RO0luKqdf6IAMU5
26586,7Es1MrsrBD3tfXkmG8UMkD
26587,7kwJKTf0ZJqKHkqvRMnU7K
26588,1KPJa1cPXZT1odI2nkkkaZ
26589,6wPnvkbOoAGYeHbRZjN0pm
26590,1WwdkgejceOH67OaHQZBAY
26591,4y4go0CnV0OYp5EJ52ju7y
26592,11L57VDPe3Kyr2s7MPekSr
26593,1iDbUIQcRyUpl1K1WPZOVW
26594,6REtetdQjnG5XZZYITN2FX
26595,5Zh89Y0ldv7BikFZ2nyFXQ
26596,6WiHeW2pKn6vDbq6y3FIDt
26597,0bWW617I0LB12t6gXFsCoo
26598,7iyERrbWY3u531Arvdo7Wv
26599,3DVltaeN4tS8wxUFnawZ8v
26600,1tnpSY3lWRLnRU0lr0e5BU
26601,6VCnQfitwjZnCACwCRjPOn
26602,6yJhooqSuhBKkmBvL0Qeeq
26603,6oijxJm6ERumMuuxqsi9Bf
26604,1xWefybL6Yv59eEyYU7DTi
26605,5QxsyWK3UfLgEPTaAb5Xgq
26606,05f6oYoL4TiEflUVzfsiZa
26607,2Ma9esEz9iEKGqLKkyH6L2
26608,6R0zt7H9r8MCqDaqn2TkFA
26609,2Z0IVWdTsECU1YBjRohz3b
26610,3dXYNIUSkX4hR7zhPCQ9NT
26611,6COF27ik8M8HGnRXGr86tn
26612,5vdj1K0eUU7YombageCvUN
26613,3uj3xTBLivuyYwF9rA4s7g
26614,31ahPiNJ1PpoZA1gibRI6X
26615,23S3VBhXxJBGYs8MCzygpb
26616,0REDXJ9KHyXjdvvXTNubt0
26617,2y4k5N8kMp2czs5Bo1Lbui
26618,619T1Zkv4aSiSoHlTEYbTK
26619,587Zo5zFC25MyfmsALymO0
26620,6Xarutyx0fJJMTvE2aajzk
26621,6BlNLhp7rpgNoKDdX4yaiM
26622,7pGklqfnLHTxaGxJiK9UMm
26623,0NaPP07nRXwL5p5cWKbgJz
26624,30g1MFBp6FuVJ7z0TfwA7Z
26625,3CdtPbq5I57QLSoLKWD84G
26626,7cTrN7Jpg3RduYiH1HwQb8
26627,50fDAyGHasdrOehOykTGFI
26628,1rkrscUt2fmtM9oa4R7iZ3
26629,6OUtMUuJvmwMQ230NXwPU7
26630,3vZR5moYtrBx2fBoH1rHYa
26631,003T0xMD76OIHf6prmx8NP
26632,48NYRH6KDUPHCQbqjqvjbZ
26633,3nljQygQZvUTEpiVwAkIa0
26634,7tXXgAVKgWL2XBdLk2KeMO
26635,3yMjnKm9ODQgyGplsuEhYj
26636,7ct1Mfzq08HsOZOvV2202D
26637,5cJSk8itdHcHBXIQNE4nMf
26638,6bkp7mkavjiXwmaJN5XVKS
26639,6y0meNlt1zzg9LGwwZD4W4
26640,4IlHNGyLShupQ4ffnrtADn
26641,6R8NgMmijtvHsQzjC3J7ji
26642,5VIjJ8K74E3VrXFZxbzZYm
26643,2BZ8x06Vwi1a2W7XlmesH8
26644,1vTQuh1ffr4fEV6f4xlsui
26645,7qGIXlEcXoKnX58gPdPR4u
26646,1EXtf0GO9a0fahDsufFG01
26647,4pLqWRbgIPlSwb1uqVx9JR
26648,6OANswAgi3wFWAOM3lpfsV
26649,0gb636CX4wHmcgqV0ydKdm
26650,59hYy9FFqH7hu7TgHjQXBp
26651,1LTOxAgJOkHzXAyfdqbpwB
26652,1huddKILZveZERusLa1J2B
26653,3GhJ0Bgu0aNiWZ8mMqafAd
26654,3efInTGHxTidy7TkKXBBJU
26655,1x5eQ9BYYTq8XoJfWlcLZi
26656,3mPm0vegp5Dnwqle6BicKy
26657,501koG0RivIZMt5oX2wAKn
26658,0A92ctIqTjnYvpVlFeZdxL
26659,6oEpHl3cdz5s3gr2JVjok5
26660,1XxAcdGJ0GQNnheX8fCm6d
26661,5WmIPENouA9nIxwKZYhIMB
26662,2PlnVvxBsPKtPqciE1Qgvk
26663,7Kbdl97OnZ3M6bybGU0xvA
26664,3oCIIIOk5Zlocar3Wl7KSt
26665,3ntA3FI3FR18yPO9snKvZ3
26666,4YLuaFFnWTJHu3tLiTPLRf
26667,2gh0wjUoSGbTqs44xnpUSj
26668,2abViLORovRBiZldAyVUoX
26669,4AkU0GgysCbG75vNq09abL
26670,6sQJOAFwCloWfUNbvFZzSI
26671,1P6jtqzj1b7Pan9XhI6g0H
26672,4McT6LfoHcdF0DaWmBYuau
26673,6b6HJGuwA3VKvn7L223oYd
26674,6vMaCzTnismT6N45MDCMfa
26675,574yk9lV1koqA6nhNcY65p
26676,2TRCVZz76X7DXjFxMy6o9A
26677,74etYBmqLWsh9DNHYW3vrA
26678,1YscJ7yVTlFxW3eF6pv5ba
26679,3R9qiUjvIuLYm1KWzh6E0L
26680,3Ufh8m92nHoroKpY1Y7lak
26681,4WVZMpSPpgRRzqnfOyHELp
26682,3ADCV2Y1T1dxgjLp4bQMFg
26683,1PPS0aM9xUIgoX4hrT3pbb
26684,7q4wUyMWgYXFWYRuxIWKyM
26685,0Up5sjs776OsTBpsPhs9aa
26686,654k74BhxlD4C7VS45tppI
26687,3h8yFS6Goom81SCeWucU3P
26688,0ANQ7XYV3GpXeVHRiZSZUL
26689,6gWzuZHMKNtjLUsTPHCX10
26690,6to111eRsvoClVL7d9BRfa
26691,4hFXrRDTskym2c1JkPcmwF
26692,6TQhkKtAYF0ThRLNJMQaVZ
26693,0izSBTQ82dXy6GKb7vYr9b
26694,6NMUo5T4jN2CQmgsYnNWAy
26695,1zyQWymDQATRbkpWbYvU20
26696,5weq9JRQJZoRlt1TrvKX5z
26697,4VpGbKII0lWKiouNlpiwAe
26698,2RovrfrN5XhL5wgac4Vrch
26699,1a3XnG3oClrjJhgPNDTk3p
26700,2COsGg0su9PPiPeymqfDSn
26701,4Q9mfsMl0uVcPRa1A5y255
26702,08v5s5q8BCRE11nun7swn1
26703,71yXwcl1PNMmEBWYK6JMDV
26704,2fwa0rXvaykU8JtW1Dvxpf
26705,2cAQbyW6SydB3KJsq8wc3y
26706,3coLwRM8S41uL5GJMayG1H
26707,5fHpCW49ARN1KwaRA7pl11
26708,1sU5fsnmxiA9hAFtVO82Bw
26709,7bSFzDU0Rby6IK82cjeRde
26710,6OkD3jkz74wfscYi1ZQFfN
26711,7FOlhyvmBeixtX6RFg2T3v
26712,0Ezvh3ry3vUNgmA9lFmKkp
26713,6D5Rtbk33c876AkZJWxmbm
26714,3mSeQoY1qeWzLEgLkP4WWz
26715,4t8OmZERfkdkRr4aoYa2h1
26716,3sU7vICLP6Ev1W0k9Jtyfn
26717,5965THaFuYlYyROXuoJ4Zg
26718,1NwfVwoebNVo3XJNWMzAb3
26719,7sTBZGL12eCtbTPecS40GO
26720,7b11BFUVukiMNeNJjSmPPY
26721,39yCwEpbxTcEb2JkFiPXDh
26722,7rFTPmAbbbF5gCsYwH5cYX
26723,5fKWI0WhpY0oclN9xzd86W
26724,2D6zWsSrkR6K9sEX3IaP8c
26725,6Xc2c02iEHbPMcPS9djS91
26726,2QEKIQapN7V76aupdHtMiO
26727,5diXCtL4a22Vq66VoT7K6x
26728,1jQLZdYvUP2G9XzRzfLDGf
26729,3R3LVt4LZ2fofT3xVQ5lBa
26730,4UwtMoKBvYi0mMbH2ZI3uB
26731,06QFT66rUBtClA7zUi6Eok
26732,16SrVrKTeeoPss5njZTCn1
26733,5r6w05jwBQKK3jVhibUcZZ
26734,0OtOnzqK3UPMibMAzkAuft
26735,6s65FXIP2qgBllZD65zKF9
26736,0Rksk5gGWtQbWH9352kaep
26737,1mBZ8vwLiD8EpT0xr5XsvQ
26738,5u2zF3jgEc9vRtSML0hyE7
26739,7yQcfL2lLJJfUpWdLF02nU
26740,5kTaUNeD2HDyH8mFEjDsNB
26741,3OuH9qqUJwduw5HooLbnnt
26742,4tXzPOr4UaBoA7k7pnpJI1
26743,4oatZSBNZojPIfKpNWmUKc
26744,1LJyNG5qYBRK8c8e00pGqq
26745,1WKzTOtFCdBnsUPF95pi75
26746,5HYM5FWHNKFli3pMM2lKfj
26747,5Vx8MnwpaQ0f1iglfAIe8b
26748,0Y3lmI2xyEOjJXld4zEo5y
26749,64QDYINibeQwBvlUv7YdkW
26750,78jNaRrRG3YEK3odHqCNgF
26751,2n4XzICImW6yud6J4zaNp6
26752,799MC7OKx4bBt4j7inLX2z
26753,6KIsaSDJRcuPGQjDSI8LKG
26754,4ft4zzuVzayQK5b0TG9oWF
26755,0HUOAHxzaYQNnTolMEXCrF
26756,5gR0EpeaJm0jZ99wFle4Bg
26757,5UY84X1XutCbjhi1KEO68D
26758,6ucyiANJ8Q9s4Vg7XqvymH
26759,2DBYsKJjP23cMzLkMKJtz2
26760,1EA2KiBWHiH0tz8TBcVaYg
26761,0zO8ctW0UiuOefR87OeJOZ
26762,4c6cD1QB86VXMd45ViaiYx
26763,2dMc5X5H33mGYpseybxRWa
26764,1dKAlHGzsyV5PzFbqNhzd9
26765,36vu3IZq39Zw9ChiPXTNLm
26766,3oOWbDgCfzrA6F1pSsQOYg
26767,1Ppff3gyyUBG91dPwjaWTW
26768,1IUk4VFky5TW2OwMGhjMnt
26769,7eJRSvlT75J4k8Cv00yOp6
26770,4QRfopk7nPYRWb8xrxHFGc
26771,2zarJLfuNV4IZVaw7ja11G
26772,0AEefQbnKpfQ9d5mM29Ng1
26773,7lNlOD6fwjOd8qS4mkiRKh
26774,6nNz9b5nmYOYDBoaR7zPp7
26775,3MUgfp1gnoExZJcUXfhG2P
26776,4pwQHoLXMqwsktGDYJ9Qx9
26777,3R61BZEF1vo5JBsSoz8Vpc
26778,6mFBAzF5cnM71AvAAZLBvA
26779,1qtdOYQJCvQByFnxWvpz4C
26780,4NMzIX3B2npxedQqvksdhP
26781,13D3WWX3nsF3kCveq616uG
26782,7DXsG7pNZNpYTJ2LKsT9c1
26783,4ZVsJ28tfKDp69EU4G2a5B
26784,15c9E351PJhdXhGBHdRou5
26785,6x4UUSYuGclpLKKEtOWjBX
26786,4BmwcvL0cMXW4yAKjre37d
26787,78k7bpR26XFIIQlHStYXny
26788,4U2moGqxtFk8fAFgwl76It
26789,6JpNTE256Efw4hEhPjpftT
26790,1hnPHGW4o4XqN6lGLIbTpI
26791,1u3P30EKLQ2gVduwtvByTk
26792,5EabbLQZbdhCqG6aK9PFLU
26793,6j04mHw8xGI8K4GsmSuDGp
26794,1EpugFOJBEIyLOIGSua9Ka
26795,72Bvwrx2b4DekFRaY32tOG
26796,3X9OVlc4YaL9nowxAVcJex
26797,44qKSCnfLOYTP0op4uQ530
26798,7j5dmyz4n584Vp7dS4bB6y
26799,39ph3ZNvqkWOMd1Idtv3Vj
26800,6owO3GzQqTv2cpTfJNxEgq
26801,1gofFAslBqWqeZ1F73GaJe
26802,31Elu32lS7CXdm9WU8haoF
26803,4REOUfi362h2wzQx7iHNhN
26804,0I7O7S20w94zngDmDQolW1
26805,1hSd9wVOZKN9bkctsRMSJM
26806,12p1RcLquf0MGs2cN2myD3
26807,1WeIE004KxqkSqL9llndbV
26808,7mAHLBeiVamGYpXR6aYlXT
26809,74QUzRLY3Txrzy0W4TZypn
26810,0Pk6WJaII1gTYkn7GqM7fa
26811,6wLfLxJSWTU409GwdwWT91
26812,5Cgmx8kW7lkYgHjq04QJ33
26813,72HKgOTKNpp3glpdLZc1yo
26814,0MKgkusbaZQPYgf9k44aa9
26815,4M3rqXh97osPLANYU5X2WB
26816,1JJOL5EhixrtlbXDWKS0yj
26817,2VL4GUSxJCsySJMve3sYk8
26818,6Kzi4F77twuPRkNhxonUET
26819,6TclVCUxDQm9s3Bey6Ao8H
26820,0zK4cjHxWYGISIA1FDqEF7
26821,4DoCtqBG8UvPNpoy6HUy6A
26822,1In1QZhWhMiYjHTWHhhGDR
26823,3lbv9MghbXOck61wATcH4g
26824,4WnQ5mLFwGWb8zk6hvloEN
26825,1gxizW1bfsKtPUbBx21xVQ
26826,1jQ19CIEPxKkixOhBh7KNf
26827,12Ig5RzadGaeiLz66leqQ8
26828,3xGXVcZuCyGOuDj0JNDMGq
26829,0fc5yJKOnkLyFWbBr2DlBi
26830,1kjs6z6gLjcBWvZ71EJNXz
26831,36ojJplD0EWqjpHkNMu9pq
26832,6yqvCP55ydR5i2c1NFbVog
26833,67hDDRGkeHfQOykyPPSCra
26834,1Gbyx50y4RjUcW5Vy76mUK
26835,43rtAm2cVXdct0goP7XnFl
26836,4BwYr2W4V31NkOHQm8YQ1d
26837,1TE2xOyDD7RPxWNcXz6nPx
26838,7gKanRx1eFhuMr3YB9VqgT
26839,2nTwL4cv8fTuso1mdL47sL
26840,6HmzJ8Q90lkAyvaer0cyeY
26841,7DP0VLqyE7p9K2h0w130JR
26842,21HyhK7eMzQRudXeUz3ach
26843,5WfOnqmT9nUSWesKHcIG7x
26844,7zQlQezu4asuSDX3CNKJa9
26845,1eDWDKI38QJZhw24EjJP7E
26846,4P2KGgTIsbB8MFSVvSJixi
26847,5kuvfkjRRjbysHJo6YR69n
26848,3lbJnSXGKgs8UzjsBjOu2O
26849,2fTd2uqLRl0SFhMeLHWOWi
26850,2AuySScYr3SLculuJ8LAht
26851,4A1FmpP19TeXjvWvQbw5Tg
26852,32yyBhHLjyCJKABViztYt2
26853,4QKN0JhCa8bKm4YIcj7swO
26854,1hJtNms8jQNDm1Cx9k2UR4
26855,623dwVfSwbbzuN7rrkLUMj
26856,2e3tTDZRdy7KKkBR12hl4d
26857,5GdD3pFHRcz2qlvsWHYEIf
26858,2KrMfhpKdwgYe8Eol4tEb3
26859,167MJ0NsMfsLpQrZydrDoj
26860,4NhmfqgObMlOjVLQ383v79
26861,6PX5CRJFn24G3cypjNO6yw
26862,2uSfFZG8Bfrfo7Q2bm98JC
26863,5Hp4ukdfczohfEmSxnjk2F
26864,1ixtOqjyKibai1R2Uqy8e6
26865,7BANnFdD9hKSPVdcY4HqDu
26866,0QV9ks9Nr7dWjjc5CR75fk
26867,5SGYanjZguKYg5PgVzFsvR
26868,0unEMjQpcVnCnZKU0W7TYM
26869,6AOqCPw8fM1jVIWJk6HzOL
26870,4ixhOZtG2MHMB5eKDM0gCg
26871,7rrkLM2Y7ddeYscGCUjee1
26872,35ssSKzsfzimeCSgRUAmf4
26873,7IaZRN8QcTTz6ubj7mwCrk
26874,1K61z11CzBUxkwOhtSzq2a
26875,3sMljhQvm20uuHS11hRrtx
26876,6kbJzJjKPQr7DQkJN5CdfT
26877,2MCKuUXcIGjyfDvkwu6bcK
26878,0ykobp5FAoFyUgswP5X50Q
26879,3fOsKEaGwhp9TRgJnrMA2z
26880,1DQm5b0x7SOn22xWxIW2r8
26881,6RGzYkvUeDxTHPgvud1He8
26882,0eG50gK4BJqPRyHAWSZbq9
26883,7yqXznbBBp20zQP9RyZ5o8
26884,2oJmogP5Oji56UmSh8gPeO
26885,4LEToesB6zLCvNpq9NhFR9
26886,0NGoPS6d4G1l0aEluZ19TI
26887,0VQx5N5Yz9BckNA6ZM1VjP
26888,4FsfiSe4lWDnmxPTZm7ECP
26889,1zYNxblaA2j7QrxOqaqyEc
26890,7srhHSp2T99MZGF108BM8z
26891,1WwIyLX9Wfe6Mbap6qz3aB
26892,6TgsZ6MwzQmIOZ88nVrnAu
26893,0xF47t844giFxVmIpo48EQ
26894,3ODhABhvxAD2OBA8gmcvjI
26895,4d0ZbPuq4jMjbHO4Rgl1wq
26896,4pp9Yhne1AavWHck7OzGFD
26897,5VtqYOQrtrBoaZKMaY0HcK
26898,42xSFiAvDBmDrm4O8Z6sWe
26899,56vVvmUp4caBwLLv713B2C
26900,7hXIYmnroOk6YikdncYlI4
26901,5GwE12rhrVcUFUvJeedy2E
26902,3xrQjt12U3dN5YPqqEPHnI
26903,4hlOk1TUPU7RFOe7aFpk6Q
26904,7DJsL4jyXA39GDiHFQYQ0t
26905,6Mb1wcmbFsbuQUk4l8PEFM
26906,6aPKiZJx7P03nDXglk3wNR
26907,5k7PVM3vgrhejQryYRPEta
26908,3ARxa2FlnPX94rnDQJPHy2
26909,5epyuhfhc8UauhGzwGlb8b
26910,4Tx5IQtg2f1vcEGbufmApw
26911,6ynqa79wm2bBNbZZeQ7Q9O
26912,7AO5oFoH4dsT3Uk6oi2srG
26913,2cJGXrQetEEcEJ18vZ88K7
26914,4YNZzacYj5eE9n3ccXR9x9
26915,4nMjZGHZmIa6uZgpTdqPzA
26916,6cTTz6AgxR2Z7QZl7CdCWs
26917,1cZfcbIJLHaJ0cXdsqAufP
26918,79bywgPXPOiq2m5q5rjWub
26919,4t8j8w8KDKFBOeAo0zvW1h
26920,0rn92yznjf3Sh1agbjCV4f
26921,3Rkpb1WRkkFD7AlFjNZf1i
26922,3K0sVapHNSSeJ8o4DLHOJY
26923,4JDNPabBhHSFJJQEWIg0hy
26924,1jrt0Pq3GAAvYG9ZZMicMm
26925,3j3AQc4yU8vrnHl5uITbho
26926,24dHkoqTNiFj4qY5k5JGae
26927,2E7tQFgRwXvITFMmDFNO6f
26928,1VtPPn9SLlQufNSIf18pJC
26929,5kfGGI2O24XjpSQXVlKxuL
26930,6NtUje1xOB1Uuhu3hauQnD
26931,2zTV59wvl1pZrsyJ31MVf1
26932,0LvDfaAwLu83AJunAWa5Mn
26933,7h0mGSY1vE0xWc6U4rp1of
26934,63nVPOyNp8vZNblAozzNcP
26935,1udnkGsnYxCX7Y4yPURvGO
26936,2XvrMHbSO077Ajg7QTTNdY
26937,3QshKL89OfyTxRBMWPX8fB
26938,4qTKF7fplrdy2leSrZozEH
26939,4BNUxqstQJmvihd2r7MfLm
26940,6zjJo0D4AsE9ZcogcfA687
26941,1ibELvyfScTBfqcPOFP0zC
26942,6RrzNeN7eDWALsTJNpIEPI
26943,14JFKtBSqefxfMiKhq6JT8
26944,6N5M8jFtdYFzJInszY1gXC
26945,6S4vO9xlQKuSnqznWmorGg
26946,76ZzKFC4DT1bUQB3e7KoSe
26947,0Mo8MKElMeopmoqON7ej7R
26948,0GaBEO2qlE1ONCfQI1jI7q
26949,15MVMcYTJ4eYUjud3pjBq9
26950,2thU0AOHF6C9Iwnrch1oHA
26951,2eHwnllIOPBmpgFaoTWzux
26952,3VLA22KKT67RNGHhbNmvkh
26953,57fXifdcomXuoCqRZY8KRN
26954,7r6m02GAR8BjJUFkgmwORd
26955,75U43jm1D5gQLor2zlXnvX
26956,1FpUIKlnsSy6qnNhQqOLhZ
26957,2SEKBrRWj542e9yrWYPrga
26958,3DJjqxVy3tf47CMv8V1iZx
26959,44JCg1QvEQkWqmdtRaZnUa
26960,2ZdeIZiVBcJLhNOzsYgP1P
26961,4QNkCHyLlkO0SmvuFs8qzh
26962,5TKFgY0zLartaiLtDNppeS
26963,4U5qWMjVjSypNB0US9oEMM
26964,6Z7R7xxJepsTZVqz8hLCZM
26965,55H5OIdnR0H5MTsWfTP63E
26966,7rTyQP1gwGW15NTUawp3WI
26967,4ptDCuO8xSbgnOkUup8954
26968,7D0m78AaSLof6onTAXxhRL
26969,6S6ub7F0IlRcOngdFZ6poU
26970,3u2lKqqKEpuwOImz5VEMR3
26971,4tlPipEzkn9hOdgU6G1MP9
26972,2mIt95EAvFcZrDk0g4bA5b
26973,7rea8oiI7zkZI5dbigK06f
26974,0LHGqkQGXv84x6UorsamIM
26975,7GK2nyV5SsejGLBuLhetbD
26976,7h9KD6JljL4DYvD8NNG2aV
26977,028xHl8GkUqd0OlkXSzdV3
26978,0HUMzUZSveNYjxwmOES0oK
26979,1d1W9oxzADIkYokyssIim3
26980,36flWlZzU7ETc40iXFGWzJ
26981,5FMH3g2VYH4manoJWEDhUk
26982,3jMBccRFHDkkU0jgNuRU1U
26983,2ETfAQdC1qP2CGk9PjPXCm
26984,55mZcXPdBlGMylHxH0eTZb
26985,3GXSKVNj7wZTxgEyIkQHMW
26986,2zz0QwDT2Olxp5uqkqGtdQ
26987,5F5hWCoZtd3pCmGyb0LDTJ
26988,3kcvsCRbdbhJQUPbthA1tz
26989,4rstj4vgkFq49R2VV0fbxX
26990,0HlHQQ3eAQG920sZe8OvUn
26991,10AXqwDJo0MoxrK90HbSuq
26992,5rgl8qkp2BlG4TsqLQLYJb
26993,5nZax8mmBCb4UYnW6ibvTb
26994,486xUVvJRMRhmEj0horV7d
26995,0PsyaXDg9rIxGGXPAeLo6V
26996,6mceirzrtWW01LHXvFSwsT
26997,2vQRo69tpg1wC71vXh9dv1
26998,42Eik5J9cI4lgBTm4oUfpS
26999,59FdiKJe5LXnDhKKd6vrI5
27000,4N4guy1faBG6oseDnhjkWy
27001,7fPYXQeo13E0thmRIaehSq
27002,4DjLXaUaqbm70uguXzDJmm
27003,63gjz8TYynOkgR6aa7oe32
27004,1IxuDjlRWgzuAE3meXZkeD
27005,6QtwHlXcssE5uTXwwLcw7k
27006,0Z5pQdpo66Cv5xqehUlYbm
27007,3xfOF1wyjUZocifZ5WLeFx
27008,591gGrAs3mYodHyJGHXyQ6
27009,13FJY29t0nqURmbFC7bIMF
27010,6S7Txz4JDloIQYUBHZY4xe
27011,5egqKwgK5r5rvGD1LrtR7J
27012,79Mj6CUPQ6EtlNvM0XaRFD
27013,3pvfyKJWQYRe8jCCgsD3BI
27014,0HExV6yyCvLighdHkFmP1w
27015,5JRcQGI9tcVNddP6kq1V2m
27016,22bQ4WJUJeRRZIV1y571Vt
27017,4wWbY2QOxRUgMKIxHG68B0
27018,0uSwAqfR6cBDj5BRP6L3Vx
27019,3mbfNwahBz8HhUkFfnLK5c
27020,6ug4PylquBwlBun6zKJNeZ
27021,5boEhMxaegifP5ZUDbjqvR
27022,247NY0y96Z27tQ7dFX2afc
27023,5xZIpBmons661aQkp1Qo5J
27024,6qTwP0prM0fc2sBnJOkQXI
27025,5ifi01PWSK7Nx1FbIZ0jT8
27026,26H1cVKMSSg12mKF1vjrAy
27027,3KS0xvLYYnhpGWLiMyv360
27028,73NdZ7l0jpzA4sRJUdYDM4
27029,5VhyyFcqviM5GP4tyyvTaM
27030,5nJOmmYMFwEx21CuUyKv0o
27031,4wpeEtTKtGhDCId2Yr8lQV
27032,6qAB9SR182gtSLA9vpdhvB
27033,4z8mVrBIdpu3Og33nAIrC3
27034,5DQPqoc2J1SeLFh0xU2iNq
27035,4Q1grs5HY4n8uDIdoqYHCl
27036,75HBk4yWNK20Q1TpSFSEGA
27037,7zFrv0GnuFGEI7lT1Z7mZf
27038,1kdxfFuNIIxYk8m0wNdubr
27039,3o0jzun8bwFCbawXi8uRHs
27040,3lM45UpDFwQDJDwcLA7bpo
27041,07CwP4gMvkOMnWJNbff924
27042,1Mm13d4rHNAHdTvLP39eBX
27043,3yPQrLnNIthn4I5wQ51X26
27044,0wHflfJ461LCX3HfQqb4bG
27045,0YtYAaCp626cLIDyjB5bcS
27046,6DOmNkQc5sXwExw27qI53h
27047,63IDTb6NGCCQuLLsS3He3L
27048,0lnuFBWmq2KSQ9oyNYExNh
27049,5UXlDFlgxnEKSgCnMQX9XM
27050,1eNcTAB46ei7QksKxUbNdh
27051,3cnUE6pBz4HwRYw4dOleit
27052,0h0Se3RUx4hta6TBzjSOk6
27053,4WFv9T4AOHW4WaaA0Y4W4U
27054,1nyjKbEsW96x5MakrhC9HE
27055,2ixkIrn45mNfdLDLHuyfRt
27056,4b6gjWgShvkiE61k75oQee
27057,3AipNpSaEoMah1S6h4wufK
27058,0fu4McYdTV5UU4i97fZUNq
27059,2Gu035B8uO4nYZhbREYyC3
27060,0kGwF4cMHL8n2MZPMxToNS
27061,6e4bVaS4lIRrdh42v3iB26
27062,5RHtvwwRPNjZMYJhCw8rap
27063,2si9eTiTFNfLRiXGzlIFTA
27064,6MUvIEmTMqE8Y4j1AuMghr
27065,0M4MO3Ax1xZJIVgXVjV3p2
27066,5atBvI0UzmmG77yMsSRmMm
27067,6zORcSCSFIgOTNSmdxCm0R
27068,5nk3jiPYoXOR6jc1dnU6vj
27069,0Sk9b2tnbHEIU3X6GHrNAe
27070,5WpwCPZiykvQkCaOYlG3e8
27071,17AfTSHfO9Y2UWq1qzx9ce
27072,16NOHRm0OEjmg55OZAxVmV
27073,5mhhIHsPJGqBMTRiFOtHDF
27074,4NEAoEh4hZF1Tgp1QXrUHC
27075,6pl8UftfdJdpzjRyE5mliz
27076,213L5InYpfq2bvz7SrtKgM
27077,5HAHhqyWgnSzew4nYOEpYr
27078,4JRdyqFAWHqEwjbXaiLYW5
27079,7iBZ739NZPq0DYm8pySNVz
27080,0qOxX1zfDGpv4KoTfWOJ3t
27081,4jWxUGQA1SNFO0WQXk8npk
27082,2EyhojG5nOkyxLvzemMNhf
27083,0JG9qctL7L6rLYBqoYdO1p
27084,0suLngfo7rJoetk7Ub6N8l
27085,2N2Mp4HjnYcmrZ2YqrKedy
27086,0tbJkO2IGb47h3xItwXY6r
27087,29V94tQgMoSJjbzuTliPj6
27088,52RK8UVEDgUAgpecOpTQM3
27089,1eTbmbY0UiZe3GbgrddIUV
27090,4SRJeq1pD0DGT3kBaPSAWu
27091,08TSniga08Ydn4HCSlDstx
27092,2v77wq1nDauoEESb2alep5
27093,6RpqWOzNhPUcIJ8Ur7RGaY
27094,4Puw64CYf5hi5hlrQo9mm4
27095,3Jm7Ur8U26kL8KwK8gmbRy
27096,38NSndxFcZKDbWkrlAAFzq
27097,1oHW1YqjFlMJHfD5P50ZeF
27098,2lkwyf1LLKLyWP0kVmxf5e
27099,6VhSPT0j5oiSBVzLNuT3Zp
27100,746JbU7Gq40Zc9xfg8IlTy
27101,3xGM1V2E9eLs4UMeCkh9CJ
27102,4siXNiLG9VJR6Z2kP6fFjv
27103,0dVY237tqAtNyVdTbd5xXo
27104,06vEWWA6ZKpNn9Xy0yUt5l
27105,0YlFFQzTRjFi4hJsdReBuD
27106,0U3l0tjNUXB3EcmEeh3L0I
27107,0grIbb0ivfi4Qkh3t1IFIf
27108,7vmypkCvYIYxj3OAm0eJ8f
27109,1pxQq6eupY7iEkGYjNvzWz
27110,1S4vILROGmgYIbk9hyPKLy
27111,0fsXxy6EvmG3KT2TRLFqbG
27112,0q2vG0UVuy6ajjcpkQHdZM
27113,5OHqaWsEAgox1gE6ix7FK3
27114,34NxpUqK4BZmVB9Pe6VuUZ
27115,4tQIZ185hUP6YVd6ALi4MW
27116,4a6MvAldiIvnidyz4N0EeI
27117,3UObpfextMmFX50qmzooER
27118,6RRjRLumBD1ZVO7GHYr5SD
27119,0R2aJEH57X78CnctkR0j2G
27120,3JjszINs3OM2MkZ5sqJUVt
27121,7p3G5bJlQyiBDZdK3gxfkS
27122,64TIJiqmJn7ZnIYzYAEpbL
27123,6OJMVcgJYX3rJrjN6txUOI
27124,1t6qJzUM4X3l9vZFX89Xzz
27125,5yBtR9ob1eFMdD8Zqnyjo8
27126,5fN7ESDSTYhoCJB0JnNLfD
27127,37RfgEetGL4LfSDNsdLG2z
27128,2dyCEHQycRPjDRTdpWQPEZ
27129,5mbvGop1wBoU4C3nbZ7Zcz
27130,403vzOZN0tETDpvFipkNIL
27131,35DxolQpas2F8p1nBfrPnB
27132,3uUB6PLfCTeYKb8ruGiiQa
27133,0XBMVu4GHp3GiAPyKTj3QG
27134,6zgDEuwzJRJ15WIWmFySwo
27135,6mwhgBEN9O8f1gDdNFDUIP
27136,2aF7nM7ML806C0eJMfHyby
27137,3zrIrfO59ijUJu523LVuTT
27138,2dPnD9z18GfvT92WJYl0OA
27139,0OJg8K1N7UX3QM2HafN0L4
27140,7uLwVxBYnjx9iU3mbrd9g7
27141,5uyDaPTtIrH61yhGNyRkkG
27142,1qacSaabPG4I8ZguuSUl6u
27143,7o8wSSSflpsrmbPSV2UxRU
27144,7AZPQyRK3KJtH8AKAcJasd
27145,3E0DQOuKMy8rWU1r0sTKuT
27146,5LE14bi33RVvz7rwvNilLE
27147,0CN5EUJIeknN2QIUp0kS5W
27148,7xL2Nussn3Pr348hb9D5oD
27149,2712jTcNF4SkeoTCcCP2uz
27150,5BJpsYx9kkBhsdWxcBAPXR
27151,7sQBMXiadbS8SjCjdody7C
27152,3lG3vcIwbDLhcd6UClataM
27153,5sbydPPvDB7fJ1uDo8X6nB
27154,2IkAsSPz0tiLR8CJM4S3Ea
27155,0jV8MZ6rKpFrQd2ChAOhaM
27156,6m8XbcZ3vHhcwXUnoYLzSO
27157,7ypXUdwJthmzmTxJAWjr5G
27158,2UXVcwNurNcokL0VWlw4oh
27159,7kNRuo0XYhSj5T35RCk7KI
27160,1nS7uhpS4yghG5XTf7vdwT
27161,3fXjDa7j6p59VvN4lLI5lQ
27162,2QUO6xqXs9xJwzBQT98fAw
27163,7zKGDiwLsa0dJyivLs5BS2
27164,5hV8PKr3vlUttQJxGDgFfy
27165,7a35kVTnsXzlplOrxOIN9W
27166,5qn8lrBA1qlgfzPEVDiDRg
27167,3MevyvLkU3a9zpHdZslC5g
27168,01MBaLelX3eeyfQHTuvIGQ
27169,0zr8XKqtZ5E3SkDffxWx9o
27170,3nhzPKCm2yqGmgEhdAg19u
27171,4K9pBvTGu99iXPoyGRZ0sL
27172,3q0evJwZohI2FfXkfC5tSR
27173,7mmJdEHM50d1ktLi91d4tJ
27174,0dOo9NqxZf5QtyzU44lhFS
27175,6Fv9M9nUKvuMD7roafIm8j
27176,5khAYmr8HHFwI3sp0Lw9wp
27177,1MqGKtY9L5qjPi8s7gX645
27178,6skSahG8vJJbzPNEbr5ZVq
27179,0AG34CPPwfgQ3UAOC7x9x6
27180,5yYqtpLSfCdiihnklzhoWE
27181,1EBtVgTnh8umbKsdsQi0zg
27182,4phcyZsWFLr8Rktp28oLwr
27183,1ufUDvFncE9lIzAYt1z8t1
27184,2Dfvb9lZrLX75fnRKeLGDh
27185,2RIyqr2zmI3CZluWnZuAVf
27186,1GvSR3514lB39iBeTeK7Ub
27187,1u8F4cJIvHfgoPkUx4BO0S
27188,1I7zHEdDx8Ny5RxzYPqsU2
27189,10UmnKQPZR5KCTJJC4aWd9
27190,6ovuplfwPbWyX7b33eIKpF
27191,5E28tm91fRRRVS6HwzIazK
27192,54ZHI2yIzdbpeZcb8W8o3i
27193,7HSPg09lgr8VySgmQXNfE9
27194,2sPtYLenU4wAKdswu5XDWK
27195,4brL1G9I0UyeoSX9OpJRv1
27196,27Ui1t7rUApHipmMv75Mcf
27197,6FDK63uipJNyDufWAbI8DD
27198,5910A8Cg6Vow35UvpWb3o7
27199,1HqgThOdy6acPQbFh2qxmQ
27200,1s0lFDGLl4QE4ewMjPV7hO
27201,4C2BLVtMOrbzDF11SjB2jb
27202,5apffP1BdiYYWyZYljkJSS
27203,1atCEBZJgOcoajj0sWzn1x
27204,01wuIn1TP5FCvYyqBTdsGC
27205,69USslAnFBhzkqoY4ypi3b
27206,1xz9uWsud2O07LXUcxN7vk
27207,39kj5poLjZHCQNqG4Ai7kR
27208,2P06QVOAUsoziK83Qbz3vF
27209,3irzlpFj1O2W4vlJvyGFpt
27210,688QImAVXRpaH14MjLI6Dt
27211,4zPy014SKILKJM4HrRwn8H
27212,1pdtEOD8AwMZCEcmF6l2DY
27213,66TaoPJqwSAK1oLxBsgG8n
27214,5sVT60imcUXDPxb12P7sMC
27215,38tg9DeoBXsgbNv9YfKTcP
27216,2xAwsEVl8RuM7odgze6VGP
27217,0kqWxIh2WhvBjwCXoznC1C
27218,50YJbdggMwPoAKolywHC4y
27219,7Gj8f0zhVvSveNuXRkUGhN
27220,6mNbL2Dm2LgIp1QoNZ4NAy
27221,2TuOkb5mdkO2IBTG7Ch4ns
27222,2prpMjfMdou7PSDgQldoif
27223,31hGDcZWehw1mOl2fihG3p
27224,0fGhmLetGj1F3MYOUD9wcN
27225,7ocW8HgChhuch0etzPxaKe
27226,5BQsPjmxYtIJs0vnnN7eBb
27227,3e1oHnUE64LjSoStKP56p9
27228,37TAYPKoHtl4IU3BqlYVwp
27229,5qQg3d5IvR33cCBUpLnEbZ
27230,2s2qN8FukoPsPPEx1Hdbs9
27231,6NnNMgwXfiBHh1q3NhziF8
27232,0a17NdNb5FrWYYEIZJcmjE
27233,0Z5tzKhEv9fuAIpBz1PF25
27234,0JJLZmlHnrIZRPOOqHklHI
27235,3q0JxA3Bxfe8K2S8kcscdQ
27236,4OKY4aebHrejag71vDtqyE
27237,5QFX7SES3HdEwejNp8erMZ
27238,6p2eaTrXflXek5Ej88jW50
27239,4OuCNFMNoWniiwDXhzPnC2
27240,1Uw444NYI7efPb6W2Uvz08
27241,5Eg9b1XMPYbhzmVZHFsQpK
27242,4Lgo0e03woV055yCKSMFuG
27243,04ZczAfozyP6FxJmfsukGT
27244,3mlH6FKSm8VyWLqQeugrfn
27245,71PN5ixhorH1y4eHVbvjO4
27246,5c4iMgNnxN2BFieVjxCMLQ
27247,07omIS7r4gIcbxr2YcCDIu
27248,4wNJ815lfF5Qci2t9cfZqr
27249,5tKdEKSFRyGKgqWMyZVuyk
27250,7o8pQGiyXjYfCT6pcfaEzz
27251,21SP5PYTLcth1BjKfqyKBO
27252,4ZbdcH1D5ihiuoSamqI81M
27253,1dFWBSjwrcyKHtu7hvFvRe
27254,4dEihUMskQVhxeVIvJjR5B
27255,77tDDO6ho3mLV9X6YnuKtp
27256,0WKS8OlbL0iIeV6m77ouVB
27257,0r5TMHTzXdZ3yJiKEyq6rn
27258,7iN61EqBOruWxwVt57aDTi
27259,6xcz5MXwY36hItZg5PZj78
27260,343ctUuXfw3vnE2eN7cURN
27261,2aAV8orZctvbDvVJnMDlBR
27262,07CLhQfjq4v0DHomvPFIU3
27263,0d8jBMKtYAH2dAUvMrYKQR
27264,0gdc12Sfzzr0bxAQA0wZYz
27265,4LSkEJ5P5MV0y3PZqw7guJ
27266,6blnksNldUXFK6DEszGawe
27267,5QkGZwmRiy18MGmLPcbzJm
27268,4Thf5SFQAhzmvEO4lEag64
27269,2mJypMqglQ7NANh7W2TXh6
27270,5VZeRfpdY94ePLTes5Uixq
27271,1BgNIDhdYoTiWbiCKnUcUW
27272,4T3f99F8q2pS46vLTROHuN
27273,6qyjd8uEZRUw1ZqmiJ02lP
27274,4jJ6ye3EuAULd6IQ5qZKxp
27275,35OZQRo4No33K78kuBEzQh
27276,3k63RLvRgkgPGx0keOH3P6
27277,1G1W0UxJdbMTQgsQBvjnKV
27278,6i04C2nQjVxok6OTvdcZqf
27279,2qjqtLmX0FLTwdG8aBHH90
27280,5Vafemq8fRuzUKH1RzHPr2
27281,63freQvGHqBUw8a4U9aXJQ
27282,2JhwJEimZUxketfVEkUPmd
27283,4gxhBhRusuLxTUdemW22Vc
27284,3LEbiKEPVZ6H4eejHfh19H
27285,2TeDj1xsyUy8BuedNwD9Bm
27286,3gdIbcSMw4UQouRbpSkaHG
27287,0gJts3ROQ3TAnkff8JlOww
27288,7FO6QgfJRKtEwZiYO0dIO9
27289,3F8eEUGXsTpGCcKgNRjJwK
27290,5i0mySNOf08Q0HeIwuMmfl
27291,22qLsixuPogLyQDrLn6FFR
27292,6PyLbEJXRyLOcrpoBouvPv
27293,5aZZD9NLAOyxf6HMs9br41
27294,6PwyFFjpqB9wzQAEbP19b6
27295,1jQJ6Xp8XKk3agnvE3G3iF
27296,1h4gpttqYrmxybdqB4cCO8
27297,3C5Apxh6gCz9q7J9uN8DCr
27298,0bCMkjcomttT34cuNkU73s
27299,5XKg7aK8ssbNzwY6cu6WVf
27300,74T57UIZY6gLdIahREmHbp
27301,5JrNmtINPrmGatcIjCS6aw
27302,19kHTtrp1JuYbWf9QqAtgt
27303,3BEqiYIPoWe7Rmveh4ZkkT
27304,7cQbrL8EDap25YGgCB85mO
27305,76sD1Y8yLkyaYkaEQnUE3h
27306,2DbcaQFGj5x5J96HwjSBlK
27307,0T3LR3C4dUD11wdgLm0Xoz
27308,6pV1FyJa511SYwDXdu653d
27309,2GooP1VwhUaOiBl3jZw3Yr
27310,71PpgMGfqb4vmRXuUXfHmm
27311,7a8Sxul9deqkRnBBLAWGoI
27312,4E6IdHEsEBmNf2nNrqvspR
27313,599TAkOSDn1CRTXziWACAX
27314,1enWlRLndH8PWxkACmPYCq
27315,0pE89jFuJUdGDnxsnpiTeo
27316,72K5kfs5Hiq66yTcKHeyD8
27317,4vzHXHieApNZmzOt9RtTuO
27318,4BiLyUFlXA8DWYJoWjeZkV
27319,0YDKjKbf2W8Yh2E2crqz5G
27320,4cHgxxp3yEhJUyLhj7SXml
27321,2Jk3U1m6ULyUjjWn9nCQDg
27322,6DoGaPvXAWFFW6KGJZU4GW
27323,1Tt7zr1yDbKbT8L4jzSZ74
27324,0lLdorYw7lVrJydTINhWdI
27325,6MHKe86I41Ankr6EUIDgMW
27326,3b2NSPxGoGXibHPTSYckkv
27327,4UjeXiBihLSc7WFECGFkmJ
27328,5gk5jandh5OXIEEWPDArOh
27329,2sQwrhVWXpZHPIF6YQbUvT
27330,6kjtjZaIfEBwLDZHs0NP10
27331,665YI5CdIvb1WKz9O6Ylc3
27332,1V6kWuBagTE47ex8umxxBy
27333,2EuZoyNTgGJb1QEUoETlMA
27334,4IupBSikOaJGbWqzpTvNAz
27335,327l8XLIsWUDXQt7bBdXTX
27336,323B6uW0QnrRkhIrxOVlS0
27337,76BsLZciY9psGaY9hMycUL
27338,5Sok3zh3xI6uHtf1G4hZ9e
27339,3Szho175dsJo76urI0OxEO
27340,0OUFnkjHLmuC2HV3IFI7Cm
27341,1ugf7FcFQ0s95CTB0btuzz
27342,61KYTIZBZSZU8xrLElzWeD
27343,1WuvXnM3rlklg0PkH4OM90
27344,2v9D4gQDEptVIvF96NSmD9
27345,2r1QSnWHHKQoe8yF4mY6Xo
27346,0UzMiP2HFGrtvnZ9C6H5o8
27347,2onaGV9MsrWCGM1cRIhiCf
27348,6fbgRTjZCkOZWNVTXPWtrp
27349,5l25peJbrL6JvEHStKGsCm
27350,13b4yqWWorK2EWVhJTBq9h
27351,5dMDYyq1czyZ7FrEzMjARZ
27352,2t6ooTCEqknXk65LQ5kkRK
27353,78dTHlJH4K9NxsaOl1f9JD
27354,5uwUvlB4EKeA9WTuQv0O1r
27355,7Fn84f1WeWabP3aFXW5TA8
27356,2xpsQQ6n0zljA27RamxMRC
27357,3ac3lFWr03MpiqhLq7P1aQ
27358,7GEWP0QtubkmYIaZx52zl5
27359,4Q00LY9DuAIr7ivboqF6OF
27360,1LCXBjsDL16H9mSu9IpCHC
27361,2LFk33Jjftm5508iWvaUiD
27362,4nvYDy427VvA1TcEkdgZII
27363,0s20U0TtR7w1fHCgizmZIa
27364,6O47uiPnH4GQLrzYptvxcv
27365,2cRUFLl5yTkAulbeRZUs1v
27366,4jYuAdVCOMkEQJWV2qvlj6
27367,2NQzmkHk9K6aKwWIdhyo3J
27368,2sFIDchqcVhlNnpSH1mAGN
27369,0z5sHze3tKX1kP9kfkJ9c9
27370,1DpuJ5pseFdPKXDFt5AjFq
27371,2xxiHyzngGOk6JPuNXaoMn
27372,7crv5A1vRqzAx8qoZ06mh6
27373,6jYFGnYbxv7TflllfqGajh
27374,4GlAs0yVBjKbdpCTFlM90p
27375,2SMKUO0uxB0cQ5IyvvR4dr
27376,0cK7vBvgmRQVJpqgNwehch
27377,3lIwN3Z80Eez06jUeuRPAA
27378,2zy9b1f48YuOHFGUKxVPMH
27379,32z3oEyxoiIneRJzS8h3p8
27380,2plJZ7jTERyE7GG4cVE9EG
27381,23auFkhzYfvRDCjaaouIK0
27382,4Oefq2BzD9y5xP8hXOxJLW
27383,4z4n2cBEQ021eDGlAqCLVd
27384,3nbq4G8vQq2N53tlSIWarc
27385,1eMNW1HQjF1dbb4GtnmpaX
27386,1HdCiNsQKptIsDHkKEoFHV
27387,37HxoAT0ljKEQ3MyAYzbnk
27388,5VHnTQWSzShP5rHyEkQM4A
27389,12zarp4y0BBwN8t2yNFddz
27390,2OXyTHYmmTEVP67CfrBt2N
27391,1JI8rfUZv30QmoZzFvuQoj
27392,7CkBMJ6tGJu3aRMPstGiWI
27393,53HWPjpc1AemiJNA2tAIed
27394,5nOUMto5BTlRONjqy4CACq
27395,1DndHckdH9m5rp6gYP086b
27396,0Op7WIStCUC7hjdWi9oKP1
27397,56gPZPkrNGqa3ufIZKwBpa
27398,5R6LSuTpbdXHb5nQIf8snj
27399,0V3Ss7kGnS4gYPU9xhl5HF
27400,601pVR5KgZgSDL90KfQm9z
27401,6UM2KZmsZy35eYe9F7OOR9
27402,5wEPS6o1frkAsqr2XKX1FB
27403,7eUsHcADnDjmkOtMa2It55
27404,2QliFIVHCAbUXq4mRsM5FE
27405,23KE83mQ6w9bk6bdMCZ0CU
27406,7zzwQwN3jNiK46B2M9kL2Q
27407,026vvLMWMkt2NIH7u4qdWi
27408,2y8X7WgVaWriFl5IJhkVSS
27409,4V5asNJpIOVtwlo0oUZmdj
27410,1Q6irBWEgq2vas3z9k5j5H
27411,4kfNJGYT45hFAdIxmNMXa7
27412,3tIbU5qAn8Ppe5XRGI294e
27413,2wrFXWGAn8BIJDH4ScjJj3
27414,0ZApoMsBRGATo588shvnb1
27415,58LVNLjFvt50ERUG3cidjF
27416,2CvmoRtvt02Os4IPLj52PC
27417,4Wi0MMRtXQXrbi0PrsrHd6
27418,4UmJMAY5TqXPAnsDW1Mci7
27419,2thleZO7DD22dNROS5yYJ1
27420,3rqh7rZqvkMGN9GOAnBxoq
27421,7jwPDFG5HxM5G1Q5Mmw855
27422,04hHP1xdT8asIym1MuIIq5
27423,6DI4rmGzTvC19mc11pTXMz
27424,4E95sOopZA9ORN8wgpVNWH
27425,5cn6DcvzE49oapPUOOqR12
27426,2a7C7IcqJeNp2d361QjuN4
27427,6IicYKDzPBN2VDClsjxR9x
27428,5nbNWAfT1S6V1vqj3snHxS
27429,4I6M8w09W2TTNBLm8XCg14
27430,1RO8vosv8HkTtbrH8PpISK
27431,5SfM1f729pv1DdiEcyDiex
27432,3Zje70mXjYyMuzge8j24L9
27433,4Gu4tOFydvKOd3t9DMivtU
27434,0yBbztMlRUNnWwTaCkx0bl
27435,7ETQSjfzao7J7ClbSfqcYw
27436,4wy0HqOrbLLzsg9WMEod2v
27437,22AAitJKemmJmEztB4WOtd
27438,4ZTTUAjJCd4NMZmIU7RB4c
27439,216ngEndLV6CaC158FB2Ig
27440,1jFCVp6EkEsTPZfdPwC7nK
27441,2bNNUKHAA1ZfucQcqAtvwB
27442,6nnRSenW3wPSSAh9wHfjGh
27443,7nAiwbD6zApWnp7S3OXuDQ
27444,0tr492xughUjNeqSDDD5nK
27445,1ZiRxgUNTUlK117LIauCaD
27446,6C3dzW9wasv9K0safs7NzT
27447,40xcrghLmBuKzRFSZ6klGZ
27448,27QrAETf4eB2J533ktttTw
27449,59zV97o52t0IdUseHLaYTw
27450,4MkQdEmZPmJsM2iKmW92cR
27451,7yWxYfYiF3ekQpCyHQW0kS
27452,0UGIbrYl917NPgAazPIOJ2
27453,0eJfWqzjy74A0AN8svEVr1
27454,0h3TBWjYU8ROGTUMNMCsW6
27455,6gWU8vBkkLE63K55eC8TMT
27456,0wNPZu2vnXXi4xtnbiwTQT
27457,3VHQSHihFVZ0SWQbKkPLrb
27458,6ybYJ9PHySsX6gnnLIAacQ
27459,5nhbj6BKDgXoqnqWw8XHp4
27460,66uCOxyN63ZvYibkZlQZ52
27461,34wfkiKMj8CYLQRjdYa0zs
27462,14FSBL6ZhBKgxdnr4MfjLa
27463,3Oc1WPKDk54TAU6Zioxqpn
27464,0ojeWdAk2FwiwrLqH2BiKI
27465,5KDcHol0FbJZCmNivYabkJ
27466,1W5VCQ2rBjMBc1ePhXLReP
27467,6C6yRggasbiztMFuhGPFaU
27468,1c8pWP6jobl3PhNHFhF1mL
27469,3ulTPPCpWnBNgEVfDCNL1l
27470,1eSsXKgo5O6VdF7HS4eZcT
27471,7kftK4n15rl1wbpfjSq2Tk
27472,6wgLUYHifgeDucXWUP24bj
27473,4AftYk6lLW0UqiKxrH34iJ
27474,5q8YloejfVckSzLAABOvNG
27475,2NHBlTmI1yJqIvv5A4Blhn
27476,5dbcQ5D5EnBK4mO3Oygzeu
27477,0UH9PHiyuPQoxSPweocyRc
27478,3WB0vRk7rbcT5ZCySPFtEa
27479,6CRQ5l0JsU35hBNkz3vfcb
27480,0nGbKcuc2uIuJpS9SvhLtt
27481,7B8YmmY1s6eCgWPmphc81Q
27482,6Q4PHzZuSIKKcYL0eNdlE7
27483,0hobA6LVIcO9xXYIQtkR61
27484,1goMTXPhbY80YE4PrcfsB1
27485,1w24bWV8QmAjiIuxSXnZsd
27486,0WrZxwjIBUL0VNN0AAblBQ
27487,6tMgdkvZqf15UjbVkdxUAn
27488,5cQZH51Wzz6sl24H5xGX1a
27489,06giUg0uRpgcFZbBPQiAEa
27490,6qb0O5HW7H4q6R0AbP38Ko
27491,5kup8pKS35amw6Ep5uL84U
27492,6Esluzh91fXRcNj5uSHiCR
27493,2Wov8lichNGIGtByh09J0w
27494,2TDDGbUgW4H59NnMSR5zbY
27495,78mXeWyY9ZEqOCkTl3nGfI
27496,7EP9G7AIKrywWGdYsYZzGv
27497,4UtMUu7Z6cuFUZbORPW1Re
27498,02z6eYQ9KG3DHuKHmgLQsP
27499,4hGhz5VkaD1Zk9exmmyF7B
27500,4bcZZyv6iklwx1cYaEvY4E
27501,47DNhFAksA4ZOnFN4HiHF7
27502,0JdCKTqMuznBtTUW9kjFLp
27503,6tu44Lw0HAOeEZlaoogDNz
27504,0sZZiB9CcmiSaPtcJsGokM
27505,1OPoUUFSLgXXsFcjP1SRIS
27506,67M2BRwug4FHFsW8noHjg6
27507,6iKpQTOEY6RBeGS4CaNRUO
27508,6WvABChZy3C0p4ba9Gc5YV
27509,5Y07fzx05JjNuBmClSjN9n
27510,14A9yQxz4hjMUeBSYCUOLP
27511,15LqpLT8l2hI935QaNiFfm
27512,7sg1QXPCkCQbiKxadoi9Ng
27513,6JjmYRyfTmyWu09uhNtBTI
27514,14ZpFMyZKRFZfaVCiOBLYE
27515,10C1ZwdAwSEmMeYAFvuTtv
27516,1PJTdipatPIWmtV4v2erWP
27517,0UTV01qSgSNIQKBvjjKl6l
27518,4Yo07496qPA3ETYAh3xfCQ
27519,2randpfoi4pRjpDx5difUk
27520,7FySdKDHq8SrkiXe8aCcne
27521,73bva6qBjtCQd9MtwgRlLa
27522,4cEalY6CpE4mQIwpJ7F372
27523,5YsFmtv5JHItGevT3brRBz
27524,6KmImke9wZ3StslP7wGI5j
27525,5vHZHn4FjQ2kuq0d0S1tfZ
27526,4IcMkMw4LQnu04JsRQZ9pb
27527,2J597HFRsdS8nUpHeHuJt7
27528,5yO86DuGjTq1g8PVEFiXsV
27529,2V423gFpb4yyokfl2KdevA
27530,6eg8aObPmgwkXCRBhxYUTW
27531,1NcXkWB3UwXfMt8izByICb
27532,3l2xQwzdNcor10Pz49JqeN
27533,0gE6AxQsDnsbSEY0aFTm5C
27534,2OnvTZkMILuJefMWnTqEfi
27535,29BBdZPvIdI2ZxKHNRIrci
27536,7kWu31DOcgoosVElnFZ1OO
27537,5fWtPvJdLqERd9Puic6Naw
27538,1Y21NuYiedZZgHE2Ol5O7v
27539,4FDQiVdgAydMD3r9L96QjM
27540,4NKfrHi5Bknij1ZqQrEtDg
27541,6xoh2zstRCE0VFJiucCYO0
27542,7wqepWn6B3Khrr7HhiqRYb
27543,6EQt9EGXai9QMIZ0J03Hv1
27544,244vx7eSy5IPzxD8QOjBoR
27545,4vh5RL9BQDMh9dX6q7ZDxd
27546,4oQfOzMvlitxon0MxCL13i
27547,5p2PGUwMUalqwMmjT0nVTC
27548,3YxGYxHyg7yR2AYZizR1vt
27549,34AW5sLxlxDCiBiw85y29l
27550,2pHmNc34xeZpWP1xDwLO0L
27551,2M0wZ9iOCsul9PgKCHnIWT
27552,6HzSQ2jLoi5f6qPeutNtLR
27553,43Ci5POxwD1DeHQa0BmpeN
27554,1YDWHk5o04oTaJnEmJaxgH
27555,14m2NEE6iN0yjofFCSmola
27556,4Xpk0wv6GwatAhnyeQQVFw
27557,0HQktGVrgCMo7gjodXddiD
27558,38s4RfGPicRZRxAxS1D4rt
27559,31ink8UgWSYUXz0hPasoif
27560,1y7ksXRGSZqeqnNSUxzQCr
27561,5uDWqYSiWqWTXK9CbAKIA8
27562,6SV9EpcKpnB4pAgCQEoQFx
27563,44Razg2DEDwDwmOY6Rh58x
27564,53KqKp8hygdN3PhC7YjSHN
27565,7dRj3sTBYkNbEx5kdNHriv
27566,0P5rTNvGT0VndAhVgiegRH
27567,2SLEYlc0olZGKvMSNnbiG6
27568,52PZzCdRJSuV6UZjpKhQvQ
27569,5gsnqCesK0Xj4M2A1yM2yI
27570,52aj920Nd9VlhlehQVsfwS
27571,3VjCRe4un6MDLH5Bt1CqLh
27572,76Fc9ApTagfE0DFLFdnMj1
27573,1IE5u8I3TZOAocFnNK6G1O
27574,57Vs7eY2FpO5g4I2UQKYlB
27575,61SVJX0TWSSHU0wgqL2RT0
27576,4hc5OrG9nQWoP4asYVweG7
27577,77IRyrOkpKBIlNQu59zdvX
27578,6aJb1g4eDIvohleM4PDoVK
27579,17EstPHlkjKJYF00jbOe5h
27580,2NBA87jBVAPKYiusjjg5W5
27581,1Ylzk3ohcTOJZqm0yt0JE9
27582,5jTG5LHbphtNY0wZFRPj2w
27583,325ipyWkzIGakH2DJgDlOT
27584,6KeQfvgHCce8WzR7USII57
27585,2xVikBZt3KxyUR7o8NGYDU
27586,6R6LKuajWMBoBqCxAJhl3v
27587,2UBdiNO7Up6ixXjLUW9Vds
27588,1ZdYT4Xaxil0gD7DYVruMN
27589,0iH77l9jahw6dIyZFmXL0X
27590,3B4q6KbHbGV51HO3GznBFF
27591,6lMPQ6y52HaXkFwRSF9Kwc
27592,376H9fw1l6spwIfiNSDBmJ
27593,2QkNwgXvC5ZkBlj8FuJ5qU
27594,6LQxv30jh0lCISHsPYwqoy
27595,0X3DsgXIkjNU2jPR2zCF6W
27596,7b1RRRTgpcaGvZF67HuMyZ
27597,64Qr40PagVTJhUHQyHYbB4
27598,76iayFdjQBFCODN5FIfNOK
27599,5GrXshz0UGM1qP74PKHKOC
27600,4P8apt1P3y4m7vQDJi2inx
27601,6uc0tDlT6QNgm1WgbtNtOB
27602,63w7XNjfdZLRE8IiIHXtZV
27603,384lqzSSZdThQif8uUMMtD
27604,62zMvqkZdjqzB0umOHe8Fo
27605,1gEL2kLOLQNWeUAKYz5y9U
27606,1wwjfgCUXaupR7q3tv6ZXN
27607,2CnwKU1HujWMDAagjBchYd
27608,6R1D33AxguMxp3v8822irJ
27609,6yEewOuh8BIXVxVCkNmrab
27610,4K5oLAz0Ywd2MIql59qCE6
27611,0cZU9Z0k4bepPAocaLA3Ok
27612,3VvPXE44Vet64PmAy05BE1
27613,1hUe1XOcM5iXaWG6NRtLzG
27614,58orasu4acwvl06LdyRCyH
27615,5oglFGc2vhetsmzGNF1pSr
27616,4QqIpBnTLtpLOYZC4lA5sR
27617,5syTYoxwXTm7UUvqAioeAt
27618,6DOehcpnLgr10m6dvwqbqC
27619,6xWLfha141LtDS3kiBpRjx
27620,5YBqIMYO0TZrh8VLbLaZ92
27621,5Xv0R5uwC8rj45bRxY0ZDJ
27622,3HCxkUovurXMPtNghyEwMy
27623,5eJIUxDDOHcRhRoSFXm5gc
27624,6hEgSpJP09IPGNASvcFX0n
27625,4eay4witc25MLIePgv9Ix2
27626,6DchgY14LzXOzCDdhD7PfN
27627,4Pk6T5lzh2W96gPTqgtcHP
27628,1Md9xRTSiZF6OrGeGIhuWS
27629,2t8e0PZRoK0brERxD4sqEH
27630,1CNqbuk82oIBKWf0API6h3
27631,3q2MMLsB1OpY61k0C89Z3x
27632,1gzbo3lndiboDGguqVeEAi
27633,1HXeCNsTxlHojMC29GSmfQ
27634,4UGYAzxUtzLllltVU4gaS8
27635,5t5Jbw1ThxUg7J88mflWlZ
27636,439xDVYKceMIrSkrzgYAoX
27637,2XiZN924Dye5VCgl2skr5M
27638,05oGFqTg9dzZT2CywZiCAo
27639,4YBbadNCkQrAxfUAk6JTag
27640,2ZO1Y1Bbot1jrdPApAyCV2
27641,4nSCXiPMaXcQ79c6ahAiKv
27642,2A0CxheiQGQdCiKtOR7jMP
27643,38sdiLLDq3n0wajOYdH8qD
27644,7alSFXZcbwZ7s60Ly1acmh
27645,1E1W2LhEHXWcj7qvKkjZcy
27646,472xUo8d0mWEx1FIGtW85S
27647,1pPqVrG2RCHXx81Aw4xp99
27648,4raUI94PYXksk33NUtxERg
27649,38HIxJWbiCWUad4KIzT4Yg
27650,0tkvB6T80XGTOWW29gYJTY
27651,5j0jYQRvxCVbc3lMd5VWz9
27652,2t4rz22KCEiqs9UTOQD1oV
27653,7N118VYdB5NbtnDhsmmndA
27654,4Ij3kG2OgaLRQ1kmoultd4
27655,4vDDNkTo45Ke55i4ptwV1l
27656,06kWX6U82hpOp18KV4MAXn
27657,5moU0hlYotRmoULRqb4e0h
27658,4bjXeGoGD5LDitNFcQ6f8F
27659,1tnNrJSjlmGuzA2uMguXLX
27660,7DC9sYoZ4YKo4LGTIWXhvG
27661,1d0uIYuNGbAfgNX0Bm1wKm
27662,4dhZy7EbsbhwIS7C6Ct8mI
27663,0RpzRP0JjIH2RMEKWCUwQL
27664,5rDFRvwao7MFzuhrBTkWMQ
27665,3CMfDQ6C1X8xcxjKVuLkso
27666,6TVA1gAeCAdMr6DXfELqCZ
27667,6Fbh1lMmind3rj6W67QFeO
27668,3F4iN35EpuopalVRDt41Tb
27669,2x8zUjRP6z5N2GmZ13zU76
27670,5rLVsTnpz7UiSt9m6HZUaL
27671,1T7Htpf1kEvU9Adf8J0ekk
27672,4Kc1BGRuyicJaqIXi3Rysi
27673,4cSCoFM9cXf420UCbBaApX
27674,6Gc8M4eiWGqsZFuHn3Oalb
27675,0Ed8YwGcv2Tek9CgIAa9d2
27676,5u9zNzBfq6fYX0oysVwGk8
27677,6OIRP0moyzMkUWO3ipxsrm
27678,38myI3JggGnsuoEVIoQltU
27679,4eCnWB1ma6z0GRXltwvOMr
27680,7Jt9DpsKlKRcR3RI9qUl9w
27681,7BE5qh8793eRFmk55hrhxk
27682,4SG9oOQIaV5WNKsBVt3J9b
27683,3gmOj2HeVmSqUTcIJnXaLX
27684,5my9fP5XJ2oo0YHT43pJYu
27685,0iuInH8NHuc20aYbqEQZrG
27686,2PjjQv4785YfDhXs2KvrPc
27687,22LZCuzVLUABBMHz659yqb
27688,6z9RJExnzDBFdnnsbelX8y
27689,6OVsvQqoD5aYoY1ADsHANc
27690,2Vxy2zBjzgYJHEmq6bp3nF
27691,5KhyhmM3os5JjbggeHwRPQ
27692,6Dd1T9C3TYlc39QQ2hUW0z
27693,0xOsIqxmLswEsKFGLwE5c5
27694,2Vnvo6emgyH89x54yWHkWO
27695,4Oujebn9fyVmuIyLfY7Pfh
27696,2f0p3tdK7d2zoQACjTFTKA
27697,4o0QFE4VT9xzW28mS7RD4Q
27698,4IjKoEwakaIBKwjT1tYoPv
27699,7E7GcJmN5pQTYBitvxkNVX
27700,5zeVAaMrl9GYH5lmZ7YaC3
27701,2ymt2b4x03JKFOIJj7YtDr
27702,38BWxi0wCI8Q7cOaGZQykt
27703,4Ny0b31CL7719po2v6SV1O
27704,4AoJu9fHcqvBm5d4DtV171
27705,4iln09Vl2yabuSEgQEZIDk
27706,6GQVzxzL8iryKjPyjni9ia
27707,7h7nFtB7QlL1Gc9m203Y0z
27708,41l1RbjpcTHbDh3Q4JtUsb
27709,5HoikYUQS7vvBIqzdACxyH
27710,26Hnn7LHTzd7okkIM1MQSD
27711,36KQ4zxsDkb9h9QqqWiz4H
27712,1YMLmEE9x2TIYg8O6X3AW1
27713,02Yas6SL87iAvA7Fk0ZzRj
27714,6fEzHJBCoV01usIP4VfLAm
27715,6KOyrqQcoMpsYDc8LjzZ3z
27716,7s4k8FarnQ5CUSfpS3YeyE
27717,7hq7IJXsK8RPbK7nysJgmk
27718,77YhZbGE9c3XtZFy6Ic1mj
27719,2JGJlTA9HTD4t7uN12us5u
27720,7wADmXH41O8JQRf4SRgX4w
27721,4c9U66sxygeoF40BwpcvI5
27722,7KtX2NmWUeBIb1SJs9awzD
27723,3eNlrE9MHIPm5TLclOV17U
27724,46frdHNrcWnCElVgqu2QEY
27725,1FZykHlt3ysFr3Kdm6rSeW
27726,6TwT18qPHvu1T3p91MtgyN
27727,0J45XCVXzpvRidM3XhirAj
27728,0B8saEM7u2C9UgiZJMQqTT
27729,5WxXM1ckkYx0fTFnQjQKHo
27730,3GN044WN103eoHAob5aO8h
27731,6zR9nTk4eJ4TdbbNzE4wW0
27732,3z7kvwJVRfA4HCOfm9ngog
27733,7jj20oDirTHKQ58a9tEawk
27734,32bOh337z7p4woOVDOIjoT
27735,5YlkA0TABYdRUBWPZYj0Id
27736,71c3a0UjRcOunOznpMsThT
27737,0ctMHnma5rklnfurOKFXV0
27738,3zqp2hIfHLjyrjZAbAxVOs
27739,7vNHax7Ni8jMhAGMoLOYWJ
27740,1Q5rQbbnNS3g0ziJ4Z04V8
27741,7qqMBiv3mtW3NFlFuljWgo
27742,6tTruZoKILnwqQrBhJ7o3I
27743,0UTuVzQv9wDnzFAZnEJgc4
27744,5uiQsj5aTREYHt8hu8fEla
27745,3MK2rvp7XjarzRKFrPGMOb
27746,40fX0BlY8HRW9vtzFuKutC
27747,1xTyfejmnulYD3fO390sz9
27748,5cQQoAN3wE3mmN9Z6kEPTb
27749,7EewNrfQvHICMv4BRK0ttU
27750,6GbalfYyQC19uareicSK38
27751,7qa1A2ZHm6EdgcdLvNYOXF
27752,3CFEOWhlepxv6jmGRHV1u4
27753,28Rs8tPuljCosDKlwZ2sZN
27754,1rZKGqFxkfiQ49dXcX3IZE
27755,58MELIXApCKPOcOih1j8YX
27756,7JVHLycJC1gzmpaDqj41by
27757,0ve17ctbEMTVYbto4rZqU6
27758,1mI12kERORxUPtlrQe0OMb
27759,54f8mMYBtT7lFyo3jjJGhy
27760,5RGO9YGauEfidJEGkoWCDZ
27761,2giWr1aLhijVmbGntEcmDu
27762,72TkGe4df87RLgMcKyQlJ6
27763,4RCq9uVZHsjMuEDveB5bXj
27764,7lL6vGOAjwq8aGaDOwlxWW
27765,4X4ZHPOgp5DLh3tYZD5YYU
27766,5aFiQ2qEmErdFsPDLufyIH
27767,2W08wJxwvaM5k9bjV2cEEI
27768,2kkhYUd0ToCEhxtpUpaMoY
27769,1SQrycDUFmtojGZUfOFO1v
27770,1OHvvLudhGvCDgK86LL4rA
27771,50zSTlmRsOTLKh9NfQUzE3
27772,6mRig6msTgPe8YlTJkrCmy
27773,14e5CAnrtgBFjPMoG3yFUy
27774,3GVnqVjv1K5eUTHyK9N9ho
27775,0fl0KXfy5jB52uZZXxngs0
27776,6tWcPPPEGYZLuz23JVNdEN
27777,5fyOVXN97yhogBPo4VMutA
27778,6skUD4jt4IjIgWQAH3RD3Y
27779,3lvlDh7sGYf1pifTF2xn7t
27780,7txj9luS4vX8o9I0K0QN8S
27781,1YgDsMTD3TjmqK1jOedX2A
27782,5VhOHxgwtb7lfQgAzQ5xMx
27783,5YedfLM2pYcsxp9snrdG1u
27784,2m1t1wRT0PSbeMiWi3XrdD
27785,0tMkEcyCjuzFGw6P5WVHNq
27786,0fHvKAddOl23DNbklkGhMS
27787,7cciZ5KVeJov6wldO3trZb
27788,1Hl8Y8L4NxPbry7zHNoCcp
27789,1YA4O2Oui6GWQQauTgrfsU
27790,241WgMTvamRw7iX4JyBrRM
27791,6uN3Pz1eFI65PVkOTeC5Jo
27792,63G27PTar9LZQgKU2BKjx9
27793,2GwShNdcJHDLEkGO4L34lF
27794,0eanKKNuZ7maqjNstIUqQX
27795,5utehVIzs8gtkwRCaXHfAY
27796,6fcrPXyvv6ufbf2EVJvmQB
27797,2EjZR0UMH3qpc245HlS7Nk
27798,3yldvwyhm4WKrPyoJHSx99
27799,6NiQpEbDmrjTV5y1uUPdAE
27800,61ed4f1JrCd6ykQ38xcKdw
27801,5JD1nB0KcwWA9p2Yl3OOLP
27802,0ug2NYmuGLxI4dqZt3prwG
27803,6QsNsi2NVSnnTBLVHof77x
27804,5CN7OQBuLVDMpymIFrzK34
27805,0BoypJFFJNUpFuJswxBCea
27806,1WmgwwQA0TwNsuHPbZKF7W
27807,6lVq26NCgPzh9FzpwuRL1t
27808,2DajnWyEbaxm0Z73lVOwit
27809,3d39D3t7nvfKWYKXM2ap6U
27810,1ffMmNQ42w7dIwyCDTKySb
27811,0wFG6e3yYXMavgXioUFELA
27812,57DpPxKCK8ikzrpMrDmjkY
27813,44CUaeAUvLLgCqslAx1GmU
27814,0w9aWiDqZPCOCOtRTLkTPd
27815,5oqxLuRvQFjV4k0orrXs5d
27816,1C4hBihFxAnkPefnDStFud
27817,1gD8qr4YKd16C2tV1bnXOc
27818,1Q4jb2UjtWUDUojHsB8mLY
27819,00toEUNl6yPNBZdnIivdFk
27820,6hD1uNyAnDp02uK4qPr2dD
27821,3WNRK5C3QVDolsxI0TQml2
27822,64kW6GnCwc2cmtDRGfrxcJ
27823,69bHJ9qs5FrUJbKP8xU8uZ
27824,0WD9TOc8Dt1CYByvVr6e6D
27825,3XsvKoYBu5GLtJRsHrcB1r
27826,5x0RscyPdivnw8Nmk2atpk
27827,6BFi0MgYhIZ9a25HDMuCEB
27828,5KlJotuVvJW3igdO871veq
27829,1CnwMGqKeRIQ06AcwUp3CV
27830,0enudcURRuPwoSvK476alL
27831,3nKgqK8lLseqdMyUZm9ed0
27832,0dUAr9A37b7B61eqrbYMf2
27833,5sISQsLPmiU0gfH4r6eJBt
27834,7nE0K5E7liv9qnmaEll59P
27835,1YIaiwstcL7pWmijnLuTJL
27836,4fQ2j7ev0yZre1ex0vwx62
27837,5UMC2gPQcnTEG85OVkiD9N
27838,5QugXaNSYUgO9q91mqWe8d
27839,0vl6IBNXnbrMakBQa4Le4r
27840,3HM01hZaPvbXs4sdIDsK5F
27841,0xRYFRmDhbFqtdb2hQVOsG
27842,2ksHIC88Dma8boUce6Msic
27843,2iqJ0Es9UK7QsNHeXxZgSE
27844,3BjcSvtvBdERuhreIjYpU3
27845,33eOQYPUannNk0rDVIku0F
27846,61QEOThpOdubykqUGfrpL3
27847,3L2Z8J0w03F4VPwes70oA4
27848,3DInmgxd5VR94ZwOnUucSX
27849,58HyWeb4JV3AjmoitUZwkx
27850,1bONbk9W2gO3hCKaDDKykE
27851,6LPB979FzxArOcmoZHJBpe
27852,50mclsKBXwBuOmMGZMtgc7
27853,37iZNZwWCKQEVcmh50SKx5
27854,5ccbCR97G9P2h0Eld0slED
27855,2PTTolI3poQrT6ujBgkDcx
27856,7JUYsasuTQbOdFf0Hq4SY5
27857,76BKEctt3WFnHBLHSpi0Tu
27858,1ZFu14VJYEmfjN94sBp1ot
27859,3tcEiWz4ipO7b4hvG6ThqN
27860,2JL9TRq38dryFpSoMHPNok
27861,2jqkVBMchQP8jiuEJQqQt4
27862,3u9YaTH3gyngiw8qIBopZ1
27863,0sq4bhOMAC0Zae8XtNDkuD
27864,3jvbdyrWcjXxAXGwbubycq
27865,42eAhdWRB8m8sxZoFIYz26
27866,4WcrDusnN0VqHycP3YzSwz
27867,7EV2qA76LiowdjZakPdEuz
27868,7GPkSW5TY0McNV6ypVG80R
27869,4TJzAQN4lSRLMafylE0c4a
27870,0CHbq09jCf77c9jf64MXBH
27871,4HAiYNaXoI8CQix2FSkIFq
27872,4GXn9PBBnVNtPGOkvxapCf
27873,0elizmA21eSQgorzFxU80l
27874,6nRTFDBOFC350ls4AR2sMC
27875,60u7xPxjJHgqzHSd1aKLyI
27876,03FwbvXGOy4LP0Xa9ehS7u
27877,07PSAyXIIUXUr05jhYzKYl
27878,0AyySV2exaNwoyK99nTfeQ
27879,0WNo8Z5L3tcEVOejvM9qt1
27880,737YsjHghzVIwCgwjIANLI
27881,7FMUmQfrHFoIRIullQuCx6
27882,00t8PF3Th8wlH2ttzb821C
27883,4Of7rzpRpV1mWRbhp5rAqG
27884,1nmEMLHer90ymlVHXOEBT7
27885,5Qqv79eDva8ynKlBg7Smq1
27886,77O8kTcF8LvglSVm8wahR8
27887,4HJwh47IiZGRorePBtKQIC
27888,47XcNi19Dcd03HbvZhfH3f
27889,52jvLnCXkwbHKCMKgve9kr
27890,1A8edTRLJyN0tHwoDTaR9H
27891,5vQ8XKOacCKvFuYkDwExzN
27892,0ReEEk6xty0IlNrZg2m6ZZ
27893,4bt6gXyCSJgcNJjSRSIGb1
27894,7tClPf9qDOKtv4Kq1enkPp
27895,5Qgd6JglVBBBaxgCJ52FRt
27896,5XDUR6VWpCtgv2hYH5GdMB
27897,2PMzWCQqhKyX1EVZ3xfZLe
27898,7ty4Sz4OY5F514JxDjIRDo
27899,78RhgKudi4v7ewrbMUldsH
27900,6BiU2LB8Ikxz4ira5UBENS
27901,32XguVXAL8XdpVuEygw0nM
27902,749SJvmRHD43wFUnBtUJ36
27903,1OF2b460CecIf1qU3vDROZ
27904,4BgnQ2XjSUJnQEZGtAfab3
27905,0cMXumiZlQAugiS1WjgVQ1
27906,2k9C4l3E2yDmc4gNAP3WtE
27907,0ob5whjcYmtQApcRkGtAcZ
27908,6aOIWZeuNr1pSbG2izY6si
27909,3M9KAaU6gmEC4NwyQBlYaK
27910,5OFlWFnFm9CcuKW9zirZeq
27911,0hxOT9qgx68wUb3hSdzY9E
27912,5kwYhmiWwssNMSlAsrz6k6
27913,1QWghi6FxZtU8fJu2YC0Kj
27914,5ldIPwQS9zj3UpUdPQ7CB4
27915,1j3de1Ao47XxYxNa6ImoYy
27916,3a3Jsn3NuJDnhcuc7Kvm2C
27917,4Wy4XCWiEyz2OSu1B1abLD
27918,2rS2VgIY47XwtLFf7z828P
27919,4HwTRs03q33N2BJwIqhEBa
27920,7BuCCQxhLz7884opmQBzyP
27921,64obxkBLqWoD2GzwpX6UHm
27922,6IxemHMYZOjjWjdbKGO4AU
27923,768nxqDNOTpKKAgDBmbJsc
27924,0fWYBAqQcUgrTB7YKMOWsj
27925,4GhRWItcoyUAh5RmgQTHiV
27926,1jDit1o3MxkQxFDVNdYX9v
27927,06BRd83MC31o8vzZNwH0WP
27928,1bwpRDvBErx9oDnVgn3Mwz
27929,0Yo9iPwWq7sLuFgoglnTb4
27930,1dllIXqI8oKAHIb6yxH5f3
27931,6oXyOzIZvgO3z7qU89Tlzn
27932,49qiTMHDLVmE740yywTWdx
27933,16OFkCrdYH524sqvTPt6CT
27934,0ELJDwu2zTOFb2h4K1qaOE
27935,647MV7NvGdOtq5qNcDdLBL
27936,0Lkq4RlgKlYrrPtRkuSZLA
27937,0bOd3EZXccdqIOCM7u7A4f
27938,4HHOLKcCb52sm5FCJWGU6u
27939,44dpNo4duTYA9VyPrveXfl
27940,0c0l69JCctCQVdVi6IeZtH
27941,19ehhyzTggrwMzaOzYt85g
27942,5h4pQW7cpKPby2pUoIxl1O
27943,6vLh2kydYBdIvFfepN9S8y
27944,5VnyGpT4RiOkmpHy1lMuV6
27945,4XcS3w8AVQeajIE3RzraqO
27946,6ibNjXHZSgdUjtVObeL5VV
27947,0gZtCsDf2YMBIUi4wRsitD
27948,60NeJ0PF7SnDxD17L2WK40
27949,1YddKfSvj4m0AyIeroFVaY
27950,2RzMdCj25wvpNu2rD5PzEF
27951,6JxWdrNzIiWVDTXrzZp3D5
27952,4IUCk2wSoMaXmwXbWIIHvO
27953,0A3JTAIflJc9Z7nbOVYlAh
27954,0Gt8lQ9ieLmDOWv2BlV0JC
27955,1n6QTLLyKF06m4E6aErV7l
27956,4fsT8HAmYtaTwqsy8O3w4e
27957,3cXghm3vHKNy9Zce4ckQDe
27958,6SnRDx9z3lEGCZ7i0yWh7x
27959,4I3loVMqw1x0b6AJ92KK81
27960,4d8cOyzUS9pOwLr259T0WW
27961,5MKyrahUm8fa7OWoF0RVBh
27962,7sYOXMXgA34jo9WkXZLEOG
27963,7qdo6JOOaaY9LadOAhfXq7
27964,0cTnmog2PhbhnWUa5wQAge
27965,1wA7aKybv5l7DcABJJexRW
27966,487vhYwNaKj1GxJ78FC2h9
27967,5YTI54BQ2RulzKKcGl4TSu
27968,584IC3EvaZDh6JGZ53K3V4
27969,169HljFhqZZKmv0mtuPqHY
27970,59OvC9jZchqxHP7zvhcJQV
27971,61X73CJcpwGIxgQgKEXbw0
27972,6ngeEvA6aq0e8f1KyGTTGR
27973,7866YFiPuMcZ4iV01i2klD
27974,5DRgbbdTpvqOe9QwhpFV6S
27975,0Ow2s49u3akTmiLDmb1GU0
27976,3G2qprFKtzBbNfuq1ES9jH
27977,1J5TBIADUqKBmtQonmcCdM
27978,2sUeCeC4zbPOrOQpRT7p6k
27979,2LhUXGEwgRN8PmKuO78Lmh
27980,1JFokj0oY1vvvoyQ29tWzB
27981,0giQe5B3otFUa825QuE0gI
27982,1l9EHaWsZ2LSiULI97ymRB
27983,6Uns9cePQ4Hkl0wVLoaak4
27984,5KsfEZP0F4adRGQTwiIgFJ
27985,1XBPTZvTD2KCZ5JMG5IWlW
27986,0s45sL9DLOcro6VbmagQKl
27987,6mvcrTwi68fvGRoJhWOajo
27988,2w9htZtkcbR48NCWzXjfvb
27989,6ZjGSqAjIkWSxvyuUNQoHc
27990,6nlmCGmPBYfdKnMpavObQm
27991,34NflIYpHSnLw5eBacZPnQ
27992,38X4S3BDVY2aEzxYYXUYOY
27993,6p2lLb8DLBSSAgmWLp7cRb
27994,4yrM5BVyJzy5Ed4GPO6e8j
27995,1ptRxVbezcNaBamFK0OOZm
27996,2mt8yw6cclc6Or5NK6Ohzu
27997,2xIrx235YeQVSCr9IJ9KL3
27998,4XUUfbJTVGlkXaNl77OGbk
27999,3jEBoIiTgxffp0ilDu7CpI
28000,3btEOBm3jsg73LXe1le1JU
28001,3dk6ss5O8XYUdqwrCAPD5P
28002,5x5YD1eQnhGruhbvk6NRj7
28003,1OgCYUjCFklrT4TyddQ7v9
28004,1ENwQxMXFTnbG01Zxml53w
28005,6LQzYkmd8ADbKOOEVDnlG4
28006,5QQCp4fQiU9I2FU9FvJVV2
28007,2CrEz0GJCIhvO94vOxAJwJ
28008,2Ilbv0FdK3FDydyjwLYbz9
28009,6QzBNsXNiJuKMwG8Qz0nd3
28010,3ebXMykcMXOcLeJ9xZ17XH
28011,5UqyM8fDp1hAAvcb83TS7B
28012,0DaHSnxHLBxakULvdLsbaH
28013,7kaCZ7Qf5z3eHwe4VSA5Ft
28014,0QBu92FK90ajAOXB0RZVtp
28015,2SE7eC41WTY9i6ifrG9gae
28016,0nAoh8FlMSaRVB9riTlKeZ
28017,0mnRWXUXIXrVAf6bD0giYe
28018,1LfCv940X922yIfJu9eOFY
28019,5r9YRhSv8rLodAFRjKmBqb
28020,6vawh26HdFQ5Rap325zU2l
28021,6teRfDl3ymaD7KtNF7zv9P
28022,2WiC2Pewj9xmIGssDuwafT
28023,6JqE728wnWFzjGx5cyvS5t
28024,3IbpBXo6BFMPKOSdJU8T8u
28025,08ty5lPyAfzcRjJcCoY5JS
28026,1nHN3m6EzCzKAmDgwoLBMD
28027,7t0tQOFdnRidqiW3ZVk64H
28028,7GeVP0JqzhW116vMMTKZmj
28029,6wLWN2L769zxx3A2zuv7Gx
28030,3NznbUbjTEHuy24TlkVYbx
28031,3SwN8BDBWTzaO2rCF0vZAR
28032,19P6cJstaoQJHtHW3HOGcg
28033,5roRZOLgWBLh1VsHDRTNIF
28034,66tVQAjnbJD0Wgdciwy5JW
28035,3zDQrzqq3PPRnuylK7VojP
28036,5cBrqDgmdbgH6ncuy1hGDs
28037,7sWQBKyazNrgUg8f9CfSCk
28038,3FzyJnniUZ7XephO5HKUyQ
28039,61keIoR8okfpXDLd48gahU
28040,2kTBPsUKcNvkrl51bZXJM9
28041,2G634xynj7ev8r5c0sAL3T
28042,4g1Y6aVx9xTnaRgkZAm4zt
28043,42TiabZvzM37JE1Gw8hKda
28044,3cbLiu4lV4uGszoW4c8sal
28045,2yKeVcEzXkw77zsJP7k09X
28046,2Wgqd2MfMi7Mitt1vYjoTe
28047,1jd5c0J7tBkkItVsBYktmC
28048,5TkXm783DrsA17o8sdPLmS
28049,44LHITAti3JQJrUzxUkO12
28050,1mVRwNeXrptheB46xpu8UI
28051,0BHUnLfZGEDGrFbGZQtJ0U
28052,1nQdQxeQ9lUWfb3r965ayB
28053,01zp4taj3AApYlN2iejw3W
28054,5OMp32hhcSCvKITpudjjlv
28055,72TraMCOgpOA9R9zbQ6801
28056,1oMU1fBzffi5OYKwUcbdGt
28057,6DxcImTJ4zZFKBJ57LiLDc
28058,3ivIZ72wQOx3VyBnFXizAD
28059,2Z4TbdsX27EaaXP8S5KJ8U
28060,3IgHYw4c6PJ5ZZscM1158w
28061,7LRq83o9LmJYl7uppJtj7N
28062,6vBYLDvY6vMzHMknz56Ls3
28063,4PGGanZ3Vw7CbB2vZscxIS
28064,3AhXZa8sUQht0UEdBJgpGc
28065,0BGPdHDFE6TQiyffrtvb32
28066,3EwZHwILh7GnNZ1PY9X8Vf
28067,6OrfptKClQQfapgfGxuVMh
28068,5ZocFO3GTE4qB2sv1MJa2w
28069,7G7iSbrv3XuluWAHNE23q0
28070,7HPzwsJiZAsrM5U1KMGleZ
28071,4aSfgWmRa9KsISD4Jmx7QB
28072,6LQFSprJmZOCjyVREUcpx2
28073,3c9LVPh3MpeFoaAL5DBDK5
28074,59dxApcsU7GPDiMGxjIc6x
28075,6ZF2upAZHV7Oo2GpHHvC9M
28076,4BeMgHC49NFpZJf5V0LK2n
28077,0MbgyHPLem7dkkabclKafD
28078,5epjDkbZcviCCkm0Bppjpw
28079,2UrAeVF1jqprpG9mWisUH1
28080,4x8g2OO1JhtmZz6psVAEOH
28081,7kxT25u4x20JddM7uwAQzB
28082,6ALPLbDJ9eWVij9ep3Cgf4
28083,0fGtJN3LMMQ0TZMpikudR8
28084,6e86cw5HVbCFlr5toTRuJL
28085,3iEmgajStVBooooNaltdOv
28086,7xJc9oarW01DnSFRAh0Gqn
28087,2rYyq0b3XWwmWl0k727OVG
28088,5qZRZxbsNd4EQkLZuNpW9u
28089,30t4bmUskfLZVosnXeACQx
28090,4xksOiYnkKZXF86mv24PMc
28091,0Awv1fWfWZqBYw0HQghvPi
28092,1CEXvZyFH2Ha4fPudsJapo
28093,3Qt4d1IoO5yhQFAUFsTXSK
28094,7ythmhL9UYnhK894T6jQhE
28095,0D7fNmrntIqfXDbS2qIAP1
28096,6fJonh7WmoFQpAi7mp7z6F
28097,2sEcaSCYmzYtLL0ciWViMZ
28098,6rsuqpfWuNMpaektrYV906
28099,4J488TAvRx0Whgr2y9JKSv
28100,0HAVDz3V3Lzpw1MzmqYrzs
28101,0Z5OUX2m5j2DSAQZfdoIRN
28102,5chsaehCHtSbHVeky3WDm6
28103,1ZTm7PmkowIN02zuq904j2
28104,41leBZEuaUe9myZPbhqNay
28105,4zOmGSQUK8tXwGZsK3EDRH
28106,3a7PmkP7LQLMjwVjdiK5Ir
28107,49Iows6FJJkWv6Ltd61BSL
28108,2JBQbjl7F40kD4BSvtqwQd
28109,7vv8wSGmc8Qm8o1qrgTEq1
28110,0VxMPv7sg6YYwlW8qvRRXN
28111,5fRlmkeGQTgzGCQtqYIVbT
28112,72xzgBjsyUoAuuZz0828uf
28113,7aFC54xCpHPCCHXz3Ef6s3
28114,3UO64VZNLPRhfVJ20curR4
28115,5mXOdtyPOL6GEuZdCyHSsb
28116,44fE9McYyrQ0HNmJKERVhz
28117,6oaBEu0hvzEMFGluixuV2I
28118,6vudSzeurK7uDNmCiHXo7z
28119,0ydaRbRvXAcY5bgom5JEZF
28120,4beqhPoubrZrYstacgE9yt
28121,6mTI5b0BfaOohCH6VTpwux
28122,4tLGpXPqBLWdM4U41Rr9Wp
28123,7pfqRInBMbDBXO0wrGoRSd
28124,4jIn8c79I3dvKr2k1mvCHo
28125,3fSdTVHwb8ZyiYAFSE00qd
28126,4x0oqaYr4VauW8bDCxgf7G
28127,2SRi43maRjQ9EnFtvL4Llc
28128,36UEjV8HRnqagjSU2Nh8F3
28129,0p1rtgkOhdwVRE31PqLw7h
28130,7qnTQgecEvkKgBYIPWqRVr
28131,378fTq5S1DCBQBlLjd3AL0
28132,0OTZwc4lWdYcYK5RLyzoEb
28133,32r9KWfKdaYs2lEOdDQ8LV
28134,51aEaGm01Nkvp1A4Psy7C7
28135,5HnDc0Yqh72ZexQ0oHzTE9
28136,6wi0bwqDTSJpT55F0jfAVx
28137,7sLgiq3sjqOOJQVm4vw3Bd
28138,4mftMbsOZ14XIb5TTQi1kU
28139,6i8Kz7X61NVF07UshzIaKr
28140,166EdekvYW9WCri2CSNKCH
28141,0W76ktRiJkF5yyKCE6yacl
28142,2IrdmiRatVE5s3l2YRcIXH
28143,4D6PhnQBwiHBfHkYBv6VDU
28144,56zx52VJ3tR4TzdKoHJb0U
28145,276gi7khUU0V7bV2N2swXA
28146,4ZNcd1iiFpRe1OoTVXPqgy
28147,0hOH1m0VmtPRYuXPeutG9c
28148,6lUaSXh73vHbzeFkZpXaZs
28149,0AhJag7VI8uFf3mJFsTwvf
28150,4K1pKQ3nsZqekbMdnklgmT
28151,6JIYQi2juJDmAQwDoeMNRB
28152,50haBoACvEzEIN8sFsH31z
28153,1L031jE5IQF0jrEVtH4sYj
28154,39YhDvtF92PDkptGwP9QRn
28155,7MWNV6MYg2w37HE5pSnEHW
28156,3dmWQ2MbAFMP1qTmhFEPx7
28157,6xaiZoj7zGFTD9VYfTwjww
28158,3H8h60jhdQNu5s9HHTLdFr
28159,7HvNYLYp7m9ZJhSaxv6j6p
28160,6FYNwUuw9Ths1E3EsWCgZi
28161,2cHUI82x9fDFsFNwOQzYlK
28162,5BqgLY0WsH7NabgAa4gVuA
28163,42OtSL4zQ901lQgFTQUn7I
28164,1lyeT9ajXOBmGWBI3cM1E1
28165,3VsU0fNmYaJVfFfREtm1L8
28166,48JEvBUcwC7TUupyb0SXZi
28167,3uL5jjb02zkCOHBDttr2P3
28168,0BfkfYfPhn3ivOiQ69botu
28169,7oYHVTcguHpMQVP3Q5pHkE
28170,6NKDJqMa6yxXOOdLC9hGRz
28171,6kW2tOUTuwYFOHTNBvQhUP
28172,1gVqk3TOzKpg6jRZ7vNAuR
28173,6sgs5mVCxzuwJYDPSo9waa
28174,5ZoMx3uakui7j3nEEYlZ58
28175,56qjdmA73ZXabhIhvqkgwR
28176,2t8FI1HFrtXhAX6ymbulRb
28177,58GsFZggGEZ2R3psaSszOe
28178,0LTHSDNYGLT7ip4r0l4tFJ
28179,3BCSqW1Lj5TJwxY9KrGsmS
28180,3HIW4Ln1oL3mAdmmckljFh
28181,1fBUnTEuPY98cnSgWzc4lp
28182,3B6cZYrdB9e6DGYV5st3J5
28183,10zCt0DTW61AJyiahtY1Xn
28184,6ORkTIpilJJWPu7JpOnjal
28185,5VOmbErGaDA9bdm9yAxvz4
28186,46S5ND6OT07D0wTcF2NCPE
28187,33BgdmvYIzdUlseCKeJYDx
28188,1dQ9ZQUf8emnX9Twaw9Qd6
28189,3f8Cnk26wExEWE7EAwER7V
28190,56VpxhtHU22YH7bo5qDoUU
28191,3LWkeQ4hhHdlz4ZOyt6xHK
28192,5zrJNZeC9Fs2hudgynhdvB
28193,6VWwx9RvQadw4APUH0YrpR
28194,6d6HmFGVeCMxIMUO9vefHA
28195,500crOCZfLoiGlA17TryQq
28196,2PW7ztee7G60dN3jpjeuul
28197,1LHmZT0j6RjNy05Nt6n0hM
28198,33U7GUYHZDkEYtEXt1Sg8P
28199,1SssFw74DdHVjRa6ADggdD
28200,5ptk4Wvw9muk13IfwHwvdi
28201,7KwSzMBRTDpIpqRSTevMAg
28202,78sTbeK0MCu22SavvORtvV
28203,4nGdWMAi7zChqNfuMzUHxc
28204,19GF1uRsf6RsNz3OPNALx0
28205,0khEl3BL0he8e37UgfXHql
28206,2gklw0crNmf2wCGCrg8YQ7
28207,1QLw9hNAUEKKgrsmDkfFxK
28208,1gkgSazb8xJ4QNN3sdPvKh
28209,6vBpaJolwsLRtuilFS7XXd
28210,2wQugEWIPql1369uJJMjIi
28211,5PuUFiXI4uepDs6DhHDlmD
28212,3vx51ox2fGb0mWslMzMwQ3
28213,4lmmazIV3ee1nof1nyoUUY
28214,6ELFKdXe3cYimzOhbWbVpv
28215,18QmdYgn6afEZ6DmHag4Wv
28216,6MkNYZ74TAOaPEEIDQP23M
28217,31zr6uJDc2GeCrA7XVE62S
28218,1qm8gshOp7RkwP47WRukrS
28219,7929ObhGR4wADVc2SoDTKX
28220,2UEc6GjMuMLN8yNcfUfX4H
28221,5x1S9GX4t7uDcYZ92ZyIRK
28222,5UVRphsKowv9A6uTFmmv4o
28223,0nISeA1fOQ77HBYFh97150
28224,1xQOgWx4c17QVJHVtBSggF
28225,6CSlWV99FjMkKBX1g6D9ep
28226,3KDperTSbduwfRLZYFDxqn
28227,3b1UyW9VxSymsahmyL3qCD
28228,56OhItQ6ACZrsi8FhR7nHd
28229,4fhy7L2GgTGoGOnYz5isOC
28230,1TcB4qgfMXaiLDIE9DlimJ
28231,4a0PDBAWdsoJZyHKXfEr1X
28232,4yWsMKhbM1OMdTfcsmFpuB
28233,1sUXVj9TII2Nn1tQh7y0rN
28234,5SrJMysxtFmlQAtiDkawWE
28235,6sHb0GkExtQqI6j8bAQpUR
28236,3jR6LSSDsARV5w4CMOTCTN
28237,2XBWbkLChnJU003DTux9fX
28238,7eiuB5t8RGVIfKnnn5a713
28239,6r51t6szECkyxfN4rX6yqs
28240,2IKXIejpzcK8YRQaA7Zn4O
28241,5dfp60Z1BSMAjsv6JdWs8y
28242,4qgEqsXWvAvcOTJF0D0JgZ
28243,0DbFFINLqx7BXK0XJMW39o
28244,7x8M60da47C74SMJthh3y8
28245,68MSCSP7Y6PnzXcW1IlN7G
28246,1OWQczayQubF1McgKR2wLw
28247,7kfeISl8OKZ18wHdjK7PsO
28248,6fFcbx727qB3S9ZpVZsMMk
28249,2zoqzUaN1H324UceFUmkhE
28250,5V9at17tP8iGkKHMLiFKK3
28251,0QKzRXDmChCBr6Pbiz8oVR
28252,1cYV9cRRD5GArn8jj5D6Od
28253,4lSaLoayYzAAyS1eXl3RqA
28254,2URDbWGmPz3vhagl25p8OC
28255,2VEauhbSvOsejiJFFkdjYN
28256,5xsWJ118NhImPXAaGHdAcG
28257,0sM7mTW12OH6a7HEX5WE9J
28258,5fxpNAwfuUKL7Ay7WobcI2
28259,2KNILeFIinu2DkgWvXaA4i
28260,0o5YYTNfafNubrZ4JyBe3X
28261,7pVrD5Vpv9Qg7Z4h8cBASn
28262,7ulyVk9FdvLm5kNU6dHOws
28263,1aNv2saSeuOgrHHHhzJsFh
28264,57Oqs9bfDAOQIQ4dHmu0SQ
28265,5Fwr2aZYUe4YF0sLa2BG7T
28266,5UYQSCJ9VDdC9P0akTVaED
28267,6vWRZy1DRCOubJf0YEUfxe
28268,3lSMObHHA2tyzoszkKpUpy
28269,38N9nHdqecPaJSgKXj1JPg
28270,5r5uCt6Al29QkSISfhkHN7
28271,4Xmi5cwFzWGkuxIkcOoOgC
28272,0iuPM2DAcdLPR2Nqm7ZQbP
28273,4k1WIjK3bnzIYN51aMrf7j
28274,6JmZef7AUBEFCgkiKmBFqX
28275,7xQHOIVNWjPo7uex2wFjd8
28276,0IGU1l8O4FoK4seS77Bk16
28277,0rumzIVO9fTUposbErGQEM
28278,74f6eAt3RRPy4g6BUkD5fJ
28279,0WdAtKZb0oSQ7xvW4ENuKF
28280,2Klh3n4WkjrW8UMGOmGW9r
28281,0r7yAncWQiKRQf2KldpXEu
28282,2koyxUkcTllWgVTwTONv7P
28283,6m4KSAPK5p3WVCvRuCCcU6
28284,6f50ejah0ojyp1cgblzfQ8
28285,1h7FVyEj06ifQI5W93NOJu
28286,0ArWnZCoP1cIfHgjcCo672
28287,1nOt4HAUjMRKEQqYRc2Kln
28288,3RMcL7vuHuRzJQfMEuoJJP
28289,1wERNTYFse2J4G6rt2ORxw
28290,6wjOV2JFGgphvwJOqxP3bX
28291,0CgASqnb8M8o2iFTJv3tHR
28292,4LAEu9tNCGcJX2pBTj7Stn
28293,5WQls4WBGdfjblZfGeuCnP
28294,4zHl2WTdEojFo5Gc2DuWnW
28295,0SPNmYKYyH8JFwLpbDYGDw
28296,72m1yQR3vB5If20JrsOHic
28297,06EHUEqT0IN9zLXjbUJ5mH
28298,6ziHTglnnwomBLV8ZNEGRz
28299,3m9oWqng8xaZZHqLmfeyYk
28300,52uklJhyhJbLvHrgkiqCaW
28301,4q3vNcK5gy2Jm6To8jMP2c
28302,6ZUUvPE7Dl0qDt66R6eBXz
28303,3vy8zyP9ovPgUJXjHEIdin
28304,5aLL0atsmRN0n4jjtYPop7
28305,1wFHaejvuM6l8AyuDciLYl
28306,1cHKrMTfp8ob4HE1eHonnZ
28307,5c4HtOO87NKorGwC1Kfxue
28308,5DyLyZEuJWMmJXdMzW5cli
28309,7pYJgE42T5myZxxPzJ6vQO
28310,6I1C9U8rSw0PejBN7IFQtV
28311,1Pc9KQsBFGNq4cDuoXCm1y
28312,4CQAYfD8zj9tWCIXiOMuRx
28313,6KyeeKGjt3itK1mes8INQt
28314,0KlJjhnfwAnPacNd7EH45J
28315,2rmNddZ5XSLhpow3uBHo65
28316,605xqf1Xl2yi9uOFwCYuNU
28317,0stPVqkEJpAGJbQgcykA0J
28318,2N0fZH5cUNfyvyeIjGihlm
28319,69nTfSSjBeylmLudNzJiRE
28320,4tYfs90Ob0y1vSETz2kNjT
28321,6SenAbStQQIkGHP5O1TfCY
28322,25GvXtaB4YQQoA40xuxNIt
28323,0vbisbhaTk92sEVKVkl66k
28324,0PIHCg7ZrYd5ZVUarz0LiF
28325,1rIc1RgeSFH7xU3nknwIq1
28326,2mL62jBH709hUV1C0CCrCV
28327,3gA4j6VHlOlobhp4z5bkbV
28328,6pz7cXTsokR7eKhudxMjSK
28329,5lOaVQxrtUwhhwxeb4csIL
28330,3rEoTzDLX8jgatvpBJV9rP
28331,1Ga1YSy0Bk83Upl9T2jgon
28332,35oJFFrrh26qDUu7B42MFo
28333,3RFwzA2lXqIzoXHVbeLH1d
28334,5yu76WyTvA5A4NCPWgQQgL
28335,1jLzCRMnEXKoJeBPMT2iiK
28336,4T2YM2TrhtxE9QvyptdBos
28337,6jLysBwBXh8zhJmXGkPdpT
28338,63vGwrzfRPfxBLDqmeLNY6
28339,6Keu1oUtmXnse8dwI1EkkM
28340,5fVj20d9ybxfVRbwbu2Kkf
28341,4ARKXLg2mvRLvAeleuOFSR
28342,4R2oHU0vr7wpDvbIxXzFGN
28343,2lFy0s3pZRHH2S9yeoYqyj
28344,5wqKG2LANjzak4PEVQxwQa
28345,4J1ULwp3VLz9gTVZT3Xktk
28346,28DDh8OK8Ls6dWEwz1Tm1A
28347,5OCJzvD7sykQEKHH7qAC3C
28348,62nQ8UZVqR2RMvkJHkcO2o
28349,7onXQ1R8PecHlmbZuuN6uz
28350,2MGDRAERAOcYoDHcBoB7qz
28351,4FZsCx2eaqvFZP03Thsjm9
28352,3oLirJPztwF2EuTEJCu3ye
28353,0qTtPPCUy0xUMbluDSKevg
28354,0TMyN9XP0q8lxX1zkiM8X0
28355,5muwVqvAvGvt3uGD8hWoiG
28356,2H8bFN2Nbut92KScn0it0r
28357,4g2htREyZiC7ZuxlGvb7iz
28358,5bnOVJfYng8lV635O21hkG
28359,1jOVSEeebxexLDo28FZGGI
28360,4e5WTCvy6Z8hkUY1IP29b0
28361,5h0Jgt873QtgL6nJRBGfT6
28362,79z200uPQGL39Ms0nqzF2f
28363,3kesvMTfd0kFtkcYk47k4a
28364,2itpykohk53q8UmKgClaX0
28365,6py387sFUDxO9QCQ2uQmnE
28366,1XlStL6JfpOvNSycjubsxm
28367,37wqlm4uhWzhBWtKWmwBPE
28368,2BGvOfD1DSsjuH7g909Ojq
28369,632CP1h7k6lrc1vconGzPr
28370,5nwwXsCweESsMOnRs1CSq4
28371,1geugZHbiGQTSrutZskQZl
28372,3DWNsw0fPWj4N1KrJFkHAb
28373,0D5oADYCG5QbPKk3QEOP1F
28374,0Mu2ZUuV3GP1G51Zm4ri8R
28375,2Yuw8RYtc0orZCjtj5ap7V
28376,1ZL93sXywMKKF0BmhUqsox
28377,030JVEYMVrnLFVIaMauAp6
28378,0rcLhYRihks3t4lFPtHhQV
28379,1HhowECfSZ9AIoTdZUGwfY
28380,6svkPjAZ2TOWzDq2wSgMP0
28381,6NWohdC9Rqk5fiRhE1iAnh
28382,2HixQldgCURMOQZ7ZpD4kk
28383,70aPTP6EBhc183UP3NcEo0
28384,7vGOHxPXPDEc3YOyihLuPt
28385,0JGOkFHKYqtDddLdze2AOq
28386,6VlGfGHjBsEvDbxBepA9Ym
28387,39aFobBn6QthbdEAHeE7zH
28388,0cIq3KIx4rIWb2HtgJ37fR
28389,12tWLgURmDVtqScxhx4uWw
28390,0dKkuvkhsOpxPRpJrEw1VR
28391,1lD5rOynb9IvHTFq3imF3o
28392,6toFioI0CMLkvCCf5PJpZK
28393,686UCxFOYLVOAmNJDmNkka
28394,6LJhpIYV21OdeRaB3miam2
28395,2mgqX1B86n2zMYdhYEK8jI
28396,27Bti7OTOrTi7PhyhFhVPM
28397,4OTbRgjO2Vdn35CHwr9fbf
28398,2yLcIqLJLJiDZTo8aDzW3B
28399,2pSmwuwPcvyIIrEB5Q35Va
28400,4g8uIHVzOJuZ3CqVd6zUQ5
28401,6A7A9t2syLOYlpWowYYhKm
28402,0CLjZR7NNhLlf1McV45lNB
28403,783A6wh5ZuYncScy24WM6t
28404,7Hz6uCvxu22aUYV14K3CwT
28405,5po9pozWBdYmpkGAEoo6dj
28406,3raNSxsive7mKRQvSAoAmE
28407,6UwBoAGGzFljkJyv89vzo4
28408,1VFLe45ZzcNTWDwdTDQGKS
28409,4EbtITK4kWff8qrl4ktNNh
28410,48sdR24qmw3yTV6TFnzsSY
28411,6ULAF7fV7JPQPPHz1aP3vc
28412,11BIoKDpTJHX5mZt6p566h
28413,59UcmsfjKGjg4pc8E9eiTW
28414,34BvO1DOwjZ9pHBRiC31tE
28415,7MS9MwYlOH3S10Zo4qcF55
28416,1HLMOdJxbwkW8zpmahGvPH
28417,37M8XgWP4dWZGxIyImFID9
28418,5746Kowurz4FxEdmdbCvZ9
28419,1Y1RHZXv0jiTyIIcjsMjVv
28420,51gJXUMM7qf8DJ1hCEIVBr
28421,2eK7g9jBuTwACNXpV9BUAE
28422,1sPv2ab8AUnLxQmauwtIMr
28423,7hX6ycNXMLl6pZbDdIZN17
28424,4Ywv7NnJfmhrlygjGSsRe0
28425,1tzs2dFmLCD6bT8eapVNpl
28426,3gEO96MkIShkDIQuJRry0S
28427,6ozDOlTylWyDTzdZqFW73a
28428,7HiUa9Gkk3QddHWT4jKiXd
28429,28363Q9UoWSBKB2Zlp4HV4
28430,7yLTg1NVJism7wdqrwswU2
28431,1yfsc4b7DdUCIxg00SZtzk
28432,1LsDrUgiusxXHCoaSDvYDX
28433,04TYAxJxBug9PDsIP2Vbkb
28434,1Xk7h6Lx2mkcx0hZdFIh7p
28435,025rOed6CNtQSEpGEP6nk3
28436,6SLw1DcTJ9nZy1v3OcbG98
28437,4VZzmaIWOHUhicKERtlDFZ
28438,1H7E9amu2bRBTF3a6uHFCN
28439,1Czs2PIz1ZR1zeNrO22xvl
28440,0jW9meJf3wPkyXvyGDMpZD
28441,62FIGY4qftzOuX3KESWa1o
28442,18xNiuJfXfDWoiNsPgJINe
28443,2ho2P6egRDX2Q7ox3vWmJn
28444,4cLrjMvi9KqgXO03oTruKT
28445,7nxeTNJ0RoEKBHIxe9lmKZ
28446,5SD8EJNvgxk0httGe0VFTW
28447,0dxKvSghl1qFYNHp46M60i
28448,4sMgnz0OWd5llSn7VHwFOe
28449,3AE49V2FFLypjoXQspad7X
28450,58A3pjDfwaTyyRAipHNTo4
28451,1WGBKSrWbm2KbNjHqG1MB3
28452,7bg8DLjZOgKXcLlu0MHdyk
28453,1xtHl1KBKOpTbZOsNSJyzf
28454,3h7cer4COLOX7aTLegItoj
28455,41ij9QrmvYNtdskJViXO8i
28456,1U0MfXZge4XwrrdqMZXvY2
28457,4MDYIbU6I29Gjiu7JATTIJ
28458,7iPSaLP0CJWOqK8iiCkHrA
28459,7k7LT3B9kMr2PhCQ9rT6EP
28460,0dAY4aJFw74le3PMh3wOHC
28461,331lBMSLLKOtIShIZW0kud
28462,7G969WG9KJsAT5qdc7LzW8
28463,4af5yUfMWiZ2W8Hi9rJf4A
28464,70QCJwpiTcvN8t7scWHjZh
28465,4GEV63x0iGcXTLdcJHH4mm
28466,4dGRvNEkaPlqe8cVhLD5TX
28467,5xGOQeQYQPxks7UzTgGywK
28468,7AB7ahl3AWGoN7WjYVpnMY
28469,6acqC55UhpeJcHhFKNaE7C
28470,2Bns1gff5ISXyXgWKMba9x
28471,6u5lm1r0pxtmLVEGQK1Tt0
28472,48X3Rqa5pdfhfz0hWX159k
28473,0FYeLqqJqP67nyTZk4VkhU
28474,0yDYDnBfuii8VodR6djZ2U
28475,4TCHZDl3s4UjtCdO9sQhd3
28476,2AUohV7seqISqoVFhf8m3S
28477,11VfVcKFdytiyAKgdG6cx1
28478,4OOtZqzYsCnx7ViLKuf0ac
28479,1reRa8uwqquOON1O7RgrIL
28480,3kMc1hkcoDLtsPf7TVkhMl
28481,3QftqIoFrzYaEOGrQdjWe7
28482,7nm6DlSzzJTH1rk2e6EgJz
28483,1peJDRsBXXGqXNcEbewBFq
28484,5lbdS1weHdqfZ6zFWfgt6O
28485,2WCXObqyVRS1DkU9HsLsBm
28486,3DDTxfWGpug3SXojx1FlYE
28487,3KpDcBj5HV6vXRrT5a4BxH
28488,2YxhNTMxQsZZJxfRkC25em
28489,5cxOUTUno1XEkzj3jhJnvN
28490,6QZM48DwiT1JDoCJbdmvAk
28491,1uqzhrcucVcl46CE7QfFZk
28492,5nS5mDWAyce9gjD8crHcZX
28493,1SMwbrROGDctpfo8qHce1M
28494,4DsF0dqs2SRxs6KHbfM4Zw
28495,5p0BxskhiP3UbAGzXr9SiR
28496,0jYwcoxlPCDXv5MkzmzoYB
28497,2kj3NP9EljfRrM8FNZMaTT
28498,1z89jCXIK0JzyBtaa7Sn58
28499,1a6VHX9d53Vjz55k6b0I0F
28500,48zajk3g8P3BMT7F9BbDoD
28501,0Y8IUL6wQ6MoBhuAaKECm6
28502,4bqNrOxvm6q5MiFq6z3mvV
28503,16TIGSDId75mJGTohRi7qM
28504,5EIG22IVqrvSWWceyryoho
28505,71xSAi23G1x3Wtd023U5ze
28506,6OsIb7RKndyPBew3traCr8
28507,0QhxHGWFP2Zb8OLAUxpX93
28508,4oLcoANbF8CqgAscb0AkOQ
28509,2QyGodowAZ0nxTTrVR1sJC
28510,1h6yE7KZvoRQkLZOBMfVeX
28511,6QvNJ05Q4YYk08DyxEuZ58
28512,4vZOZQgZWb7Q7lMUdwooQ0
28513,33cwm6kHz4dPSGTSUzhnaN
28514,4zVPevC2rE84lySHxX61Yr
28515,38sHBE3mTtRm6iLJBmVUWy
28516,0d2xbgxqedDcTCTVQvCRHy
28517,700PKIY07tMUJjSb2stekx
28518,416MsJxvxSKY96DCmbJIRs
28519,4WpdvFhAaanK0yYyfIekdt
28520,6FpSCe4QeFVOm5hvOn8LlV
28521,7jjfTtcWR1giSTlPQ4FtYu
28522,7EaiCkz5rgiiycyAhzDiM2
28523,1fqA82lN2XQ5PJVm53cBRW
28524,58ZfeyxjSCJmr6oyXEKhyX
28525,505m7fz11KKLLCQ5KIGmHt
28526,52nQyObBYeBiWyJmwlclqc
28527,7699zimGQ3FzH171khAhdt
28528,5RYZEPYkbwmZS72NppVNcs
28529,1xVcKUOcCnOYXolH7jVeC5
28530,5XRA247bvOFoCBR15hgQFZ
28531,0mT0X3CYRYWzkuOBjlNJ9R
28532,3NCaSOVOUCEGEXu8IwOuej
28533,4XcIIQRKGEcwmwg2gHvO9Z
28534,4FkIV5NKU2p93wjA43Htgc
28535,59cVMwkRDsVSStXEi5xIOe
28536,3UgiXDauVuj9HZKzFY8TBL
28537,1hcV6VquM6EeKang31h3Ur
28538,4e2gj0mVQAny0lDuSPu4lB
28539,7eZd2MZJTBfoe0isAyawPg
28540,43AFjjpou0fSv1IVayDrIe
28541,7gBcKtMq5y9h0DkvTk1dUQ
28542,3ajqm3B3xUqoIfcgMFZIoe
28543,0Y4pqlaCKZ7hoKThRT7QwE
28544,5HVc3YeNKDFomPhXBKE90U
28545,0NyoL0U4nAA7bMQa7nMz0w
28546,5Zuol6MTdIS4kpfj22CHmx
28547,5FufxBy7EuXpUArlfGt0mO
28548,1FGz6lTLWBGzBkD0WpUUmK
28549,1NsGzFT9mkPkQL0eyPAFYu
28550,6GlqJG2mnJIL9dhVHku4JV
28551,5lvwDxlYo15gorOJQvCAOR
28552,4NXJFhZ4I1Y86FwCI90xNY
28553,3TuXtL40VmtBHjPf1LqPUS
28554,2x50hSxqof1LLzOzi171xo
28555,6NGjlkxwTTIVHScWyHbaMe
28556,2MtUJhM6XeSs6z17bEdLfn
28557,7n7Yej2piVahHtTAyny33e
28558,5O9FHuonLDv8pzEuNjpir0
28559,6ExRwD45TTLWyqMSZ1qvwf
28560,5L7uVkehRpcXuNy4MeH4UB
28561,7vDV2gd6EFp5Zf1eBjcqml
28562,6YbBY6H9NccQQZ7sm1TFhs
28563,56XHqQspFdwmS49LCqsGAY
28564,4zNvGNGca7UYYhE1kYDe4f
28565,7qB5mBa997C6ddiCgmsfU4
28566,3gTxVkTz149e6XX96QF9ie
28567,2kGtgkNmjGBJRSo8y7ilhG
28568,2aX6MQpcvXJoNoPs1yksgw
28569,1FTT5xH7gl9wMjzbMa1WE3
28570,3hzRBG6adavMsYx3hn3VUw
28571,1vYXk4fwNxkowTFYbCD1xe
28572,51WzfWbkKXyEPCPmW1fZd5
28573,1aTWmHKzDKFfkTfbPaCY8y
28574,18VucP8kc4NJogrbDxYQwx
28575,558o44kGXNYaUvKOJsbz8v
28576,7M2cKcvCnflzp9WcxGjlbm
28577,4tXHAq2Se2scgLmwuAo34F
28578,4iW2IKC3PvDrW5qgGJxkQH
28579,6bZ082Ua6ulkLI9JbJvhVX
28580,64XGKpzNUEBskFPdMAjeEU
28581,7AbrnQkrXjyT6W4O4NGq3P
28582,74W1MT74Vr6Z3FIE49DMWf
28583,6j2jxTLFUnacnrCRKof1b2
28584,3Rq5rvxYpxXH5C0AXG62of
28585,5DPG8Aj8SQ5oE40rLz6bqk
28586,0BdknlcLsNE7pFSIbTlzk6
28587,3lkQ0W1N3jyLFuNg1I8iyw
28588,2SVW5774QbmEjWfbHOEnz3
28589,2s5WXpAS06lr7UhH8fVd0y
28590,4eL2obOvOV0JXWRAFXDipG
28591,4FsQCT6yqF5i7sMpCzfhzE
28592,0vA6Nhloi5UX2jmqX5Tvk9
28593,29r4Mio5ZdwUN8gjDsrKHs
28594,515HXm5JPpi8KUKKdphZBw
28595,6TbkNVoYaQLXBKenflHvRh
28596,5onUu3E5xdDwk0Jh9E7Eib
28597,1C8UafnR83yGUdeoDTflG3
28598,1AYsdRx4Vlit2DNLDVbv1l
28599,08bj5saVcuqrhjJdtI8uuP
28600,7cDXrlJ9M1WSZUHyzCxd9y
28601,5VCINzaNZ64nbN9xrMcUpQ
28602,5KapB9KJnRsZrprzIAXycW
28603,7acbhDqMaZyH2Pv7acMFuW
28604,1DJqQ66RSeWv2ZQjW25aAz
28605,6nJgtDHitijjSyLPXthhWu
28606,04OFja18W4Tk5o9HdfJZ7e
28607,1qOCRmpJT9eXybLVcq2vSK
28608,4thwHq3kmSztJYd5gefBCc
28609,2zx0Fenu8cjtt3d8llIokv
28610,7rC64EJCxaJjvXmquCuTEC
28611,2WVv7qWC8CClLrdDDYC0eD
28612,47sBwdWH04YD9f7rt1priu
28613,1xe4IvNW94G8R4KCHrLUt6
28614,4wqjOIM5uQCFAWJdoyE1qX
28615,2tGHDq9q9nVYb3c8JdBfxB
28616,66RQ3ttTUOFU66gfuzSaGH
28617,5ZiB5Uw0wfB08gmbGpJYSc
28618,1aEoyo49oGyAv47gVqvvSe
28619,3cMBzDRp3OkdhFYPqmxyUc
28620,0WX56bMqcYUbbxTzKxlGAV
28621,7hjgIhBFr5x22y7uZIV8x3
28622,53moBl6txrkCkc6r83tOE9
28623,5Whmxb8uv9XCLz0daWbOVr
28624,7yU6GVOu31b5zc4m2Npp44
28625,2OQ9XDV2WiWpYHnwWheZCA
28626,2f3s76FbNAZD1MjmYD6qub
28627,5AQblh92cmL9CxmGP7hZkk
28628,6C5YGS0bYivffnEH3EMC7h
28629,549yKCmUsYBbVEoULqRTdm
28630,0ZskIT11Ucwyf7s8PWpCov
28631,6L4x7LhJBwetPVW0ysI4Cj
28632,1jyE1ZaaG6bVVctQA8uDPm
28633,2Xjsn4Gi3LAzKvKB9gthXG
28634,7IX7LDLs3vCtrY7poNX0p4
28635,6pLGlx4YsixWd2MFCiueXE
28636,2GkDRLsxNZaQutBDw3fqg2
28637,6J2CJhX1YK8rkckeWkvTXk
28638,24M8YPI4StrOoqBvXge7UX
28639,3Z9G2MjTuAEjeWsL316CZX
28640,4iNIiubXcP2tfzJfSTnq6o
28641,3pnRVon9rWecU3TMBEDdaB
28642,1WZuMpPuKbyfB8Gi6qRi9X
28643,58fSl2kEEtcDPFupJVanon
28644,6vynr7u799fAV8FXcr8WM6
28645,3M9sJc7Ds2sGv3g79G39WI
28646,4U0PVs9SkeUhDNaeTjjga7
28647,3ax9MAPInTFI2kBTvA3Upc
28648,3OkhW6KkSI7CUdBkuKPldQ
28649,6kY9Om2PEtbsTmfswMnFD2
28650,0MVJQl4acTcoPykFaDPH3R
28651,0Rh3vJpBjWKTT0tIu5qdRo
28652,4GwlwqEIv4hQ3QcvUWEBzR
28653,5fW07jQkSaonWs90rn6x5i
28654,5078R7NOBZVqFIkbIHV3Eg
28655,2YhgK5Cwgny3fOCGxG54pW
28656,6iGXbXE1anGBVqInDjAzJE
28657,6raNBC8PAtr2Qt9PqyTtpc
28658,32p4dWSgdUW14I8P8Ik0K6
28659,3kZ7LNQqOao604dX3wcGFu
28660,1zxQGXLb7VCRI4Rk3fyCVW
28661,4kc7Wb81oAmTCnfUbF8Qcl
28662,3ki6vCKcwUkjdON8gUJdlh
28663,1jxT3qZmj6N57J6LseX3LM
28664,1CJi35FkzCF9CPBP3Dtzaq
28665,1tzOWOFuEwF0Bq528iet9t
28666,0OQiajmicSR3KkF7C3rvpG
28667,5OS2vP6hEJfp5bLzaWNkTj
28668,0bnZOk5qCwohJ92xXfT6tG
28669,6VQvE0OIWGqDeQJ5wJO4ZC
28670,6XcDQWsuLQrTYSiXYG6lvU
28671,1ewuc6RHlQKZxyCrz6ovVS
28672,7LU6tZhxVtBcrpxjA6pFWU
28673,3tbklTIT1m4kCjg010T5y5
28674,6YjDs79QtwtDIVwVvnuiCN
28675,73nFIVUDo5k5SU67DoO4WX
28676,5cuGVuWdeC5UOJ4tTUzZMK
28677,0fPwregqch9wLJj4yQH6Bk
28678,4UsOfEep0czurJhxCjsn9o
28679,6KR7D2jvSejsMIjyqxCZMe
28680,2Gpapo2kteXEg7vhImP0q1
28681,6A0igdiVHc0Tftp9jDb5UU
28682,096NOkEq0Z1Vnqq6GNq9FH
28683,1b8AEwsyE0NTgvySRi6SFz
28684,3F8dSAI8l3euloq5a8EenB
28685,4uDyDNNm17tpD7YJhjQl97
28686,0IcMHVRujoO8hi4Ib85iTz
28687,2QLWLAqMMJuiBRztcBFgvM
28688,7nbNEiiEmx8Uq95YepeBkn
28689,341fuGmJXgIF5GWB605vZI
28690,2uLu6kUGnvuVbuQFokzGjL
28691,0JKG9XjWo4JYOnGKblnfam
28692,60m53ml302gQk0IegLpl4g
28693,2NcEBuXDMzTK1yZzpR7YAM
28694,5lehC5UfzSwH3S9UgOCNj6
28695,42gp1LG2DOIN6bfzD8qxOl
28696,3fFu876Wu0CvMgUy94jBPg
28697,3ibqGOUMDAkxiEfrafX2ao
28698,6wgpcv85KMfgaM3KZwkZBD
28699,4mrstOuWmmXQlCHTHSZVDN
28700,49gEUZk40WaBiw3dWycbqQ
28701,65n5YkSE8GReFWKR34eFss
28702,0JRyVGx9co0eMuzdBEjLIg
28703,23gk3dYysgp4FmWyZ2tOZF
28704,3ZaXDFWByvN7ZDkyvAujOp
28705,0VUCw7UrdJG94dtwo6Vvo5
28706,6iaSML1PIYq936g62BDtBq
28707,1VDucFLxi9CgqX3goVlWdv
28708,08IYMLopVaLJNVFlZI3g49
28709,1aYaS4fEw4TfIR2CQGa9Ma
28710,6VXhOgokHgJIZmahgzboiA
28711,2qR9rMRhwB077rvPW8HjQo
28712,6iZj2hj7SzDmvMcdKWPmJx
28713,5lIoGKmNQtHIv7ab1LIqea
28714,5cib9ulBfcV62RYJCaJDO9
28715,0KJaY0iUOU4FZJd80wbsg8
28716,4oEAnOKwjVRt5Cq60Vp7qq
28717,3ePoxJAWPSKAegsbLpr5Ez
28718,6kkaoDMV38mmVKB9DzvcVR
28719,3mxKA9OLEf1xpcxn61Ky7a
28720,06mVv3KPr56DBwF5gMe7iq
28721,5QfnG7Ob2rjE05gHxkROWJ
28722,1AdlT7kyTurdLmuUkfhFoa
28723,0Lc8GyUK7i6DWn6fL4Za22
28724,1sFqOsWO3MEZDPBsm6rGqT
28725,0JXSji7yWchY5Sr3HP3Afy
28726,1uHUYkVl1UAbS0BqL3c6Qg
28727,6Uvj0I6nDoxTmIZQwOZqvQ
28728,1Dy7WyZck9iu20W9cRyw24
28729,2Y3NwMktDYwp7U82BMDt0I
28730,2VkOsZvhAutByFFvLxBYGi
28731,5txUvl9hfBJ0Yg8vAzGpSb
28732,0TklENvWk96XWLk2qw2whN
28733,7GCVQRwbCGNMiAbaHE12UG
28734,6OxTGWA4bxZ1u1auaeTDNv
28735,5ontqyv1xGCNGCGDNeJwbS
28736,331zHbUCeKxKJP996ZQHEl
28737,5B6L1PXhEFlSdyfq6l0qDV
28738,6OfnUW7ojHMgfubWVOeCkN
28739,2cF2KO5fdHfoUBo4DAxO7L
28740,5Fo3xmadtwGJxNXgohqoBh
28741,2BtvIyyaLeiqFSvd2JUaO1
28742,0XGwVRJkbGF1kd4JYzgcny
28743,35bOO2u1LnPRcMyj3TtTZD
28744,4YFczV2yFMNhIuRFiGVdtZ
28745,1cyXnxJosubqPBIiL2Sf9K
28746,7pkYoIvVhCLMqYEPIUu4tI
28747,64wR8Jdm7ikY3IbJOt5F9Z
28748,3VBQ8hx22syj45YNqxrQ5i
28749,6s9qYFFzG8GAsSOlY9is2G
28750,2wZm8VpEa8LD3hiZ0iO87s
28751,0qLsoivoD34oREB5TbkHSR
28752,0Uz3PhbIlZ4xjedeTBsUq6
28753,5suP41ovdCSHsXZnTFALzX
28754,0jMig0jiJJBk3lmeR7dwAV
28755,3G4vNjNFGIFVtN5xJhV9ah
28756,3ZK6SS9DWfgrBwqUn1jQgh
28757,6SuL88N8Vxsj1OhCvJycJF
28758,4FF0tP9mkoiFKLiXFeXm0q
28759,4StPYauTyfKshpJNEfQa4A
28760,6wBpO4Xc4YgShnENGSFA1M
28761,0rtuNNV1W0sRytk3jBhPoU
28762,0PKtKgFfOKds9BMgg8Kj29
28763,5w5UwkjoC2v1mNThuomxUF
28764,6n90CRfmJHETFN7JwsDIY9
28765,59dUIzMJxeMVzLDW7efLic
28766,4SIGlMRSgCYrMFpvPWKiii
28767,2ZXxRC6V6AXzMdbLQZMHSB
28768,3iX1vikJxkx3PxJibUcYkO
28769,7k05ETCXcOPFr2f1xldz2f
28770,5I7oDuQDfhV0syRU3cU7zB
28771,7su7Sd7ulOYaZYLNzQ7vw4
28772,3njFQqu9rj8B06TSCDAahy
28773,204jWFWRks2gdNa8D9SgNm
28774,7IZ5JgmZxFBqoDzNUgSbSh
28775,6DRx4dultaXef8nPXMqW5j
28776,1FhkQVCXSiLMON9IEOQk3c
28777,7BQRqhJtJoXB1pNCvf7VmZ
28778,1XYwnLTi9VAmPRxOdMWQul
28779,2qgVfyZVqX0sHA8k9A1zn1
28780,0nJM3li3qU18Q7MJqzbZ4R
28781,0vJhCOcCOhh2hHlLhchQl1
28782,1HeK9LfcLXTszayeFXnee2
28783,11eyJA1MXmxsPBSeUonWLS
28784,3Sh5Vb6dVvu03lgcTzj7f1
28785,1idSXhQpxub9pUTRJ4WAwp
28786,4EtMpvyRyklyTqyL3Xrm8K
28787,7HlEabb1GSuKV97BoYW0Cb
28788,7HFCovMwZIinGBpoZyUsKC
28789,3WsgkhWH001sMkbZVcjreS
28790,6pRVq0OtV0ynbzmLbaapvf
28791,1VRwenDZJdvZygfh7w7Ph3
28792,7cdvD474tIAt123hceJkuw
28793,2uJcorJzvj4y6sUFtC0EOq
28794,5dd4n1GZZyfXwe60HArbOY
28795,1j3OEs5w3Jx5s2tnv2SAXk
28796,2Yz88drfDs5iw1wpu3kwnG
28797,6QonHqQr0f60rmHN18Pv9M
28798,4O7aw5yk12kHwFPAxmP4r1
28799,47Y2lOljh6i1hwmpG3mzIe
28800,1CStDuBzYojsNrdTNOrLCJ
28801,1awBXQBOvgpNaavtkUUkTc
28802,5t6sjc3hlIiTnnhzcVqBOT
28803,37wxO3HU6CRkcprew6z61c
28804,3l8dM1wjgFh98jpiq5ZCe7
28805,53zasBAXQjzMbuxeT3s6W0
28806,5qiWaxSz2jhh2F1NYHLzZC
28807,1YIoR6U2FpKnMODBwfqLns
28808,21qLCSICVtI5GpG4GTMvJD
28809,1zguY1porYAdgPeiLbslFZ
28810,4XFkxLV4BW4x9iTrZxV1Xq
28811,2QqAZNvRB6uqHydtIhaubO
28812,3pXLhhylYWYF9qKSzOpfNW
28813,07qyp5RwW7JazISxTdTbXP
28814,2McT9smAArZgp6jKdLnL0X
28815,6wWSYBaF1eEW7whvorQ0GK
28816,4etJ8NpS7YJ6vViV2UEJit
28817,43tuFT8GAG5mPSktLVcqOY
28818,4Vl3pGcWCw21ZVoi4IT0tO
28819,1S9vZD9vtnYmzBPhGB8gPs
28820,3s2KQOasLDMRBXAoACegdG
28821,6kLhjgwpfoZHivLNvRPNyF
28822,44pRD9DVw4YHAEculHb2Gh
28823,2QzPc7eFqnxNSGneit1zC7
28824,0hXb4WdLgDtBYOySK9Wqrp
28825,71Xu9w6fXrEVl3uxrvTNwn
28826,40CcH0CZqykvg1bBtWpcXo
28827,2oyLvK40W4jZV2n4tKKOQM
28828,1ZSISWL2hfHU6zzuND0ZUg
28829,35LTGHRmAWlj1u5A964Lh3
28830,1gTJIOpP63p5UL7DIhvpW6
28831,4Xw7lS13H4SRcYYR0fbrEY
28832,0tapVBemyFAkxcraaBvUNT
28833,74KamJG0lkhHDsP2HXl5cP
28834,04Nhn19E68jXniH3U6OWoD
28835,7JnorPtXApoUw2AuJUGLY1
28836,1UElfAXNMozd5OTAaIazqc
28837,5IW5zDKCHDDdTYeX4Vxmad
28838,72dUHiACms9gnG5WjFKVYN
28839,2KcszuhLlKpW8epCvLPjko
28840,2SycEjU9WIm5FLxsFhEvDM
28841,7bP8kxaHTyU5tzx5XElnjA
28842,1g3NUyHPC2JwGDuxwTaock
28843,25KCqKNwYuisoZc7ZeRiRC
28844,2eEYrQ4LEJEjUWomLveQTe
28845,7lnj3XBIT187nwLSFu5TzM
28846,61sJQh19AcTBrX7P8LWLi0
28847,0T1MD4UVo4R2A8BuKFFCA9
28848,6khLEdfVpilr1SNGZMWf1l
28849,1wsaZXx2thAGZhiqh3vCM2
28850,3qdPVPyszVK9lqPKymkIE0
28851,0wpfmLvHc0HCGAeBs4bV4I
28852,162ZPXv4hSc1ylISk6apnI
28853,1wxyNMEqLjzsF8dZu05K6o
28854,4EDmwV0cTLJ31s9sLQ1x2p
28855,3b9rGQqb5WyNPxb77c6Y8r
28856,7DjCt6tnTZaAaeVqwUodrU
28857,0tQtiW3o7aeWeHquYdxEZf
28858,132nLi3cxep6woFI2R6EWp
28859,5PXJpfDFtANx9j2zNZkiYN
28860,4AnEAzAqCI90byH4ac8qX3
28861,5DdbECdCsONRFwnyjGL1eC
28862,78zS7a0uxFpj8ZInlmjyGo
28863,3g0L3cmJx1tI9jVlKFNuNd
28864,4bmsHwNLGxum0zCgehgMWe
28865,62lnVaAPfulY6NdHmndsMS
28866,5B5qkumnznJFE29SrADCne
28867,3kDONxMPikzWNH8Ax32vED
28868,3j1i9cLU3jBIiIkO74CptJ
28869,519orB91KvaRuRm3GEVjdd
28870,6NblUCwJXYkQlQ6LhcmSlQ
28871,403J2jvNRJZHsGmYIlUahZ
28872,4piTzDu9z8S0BRhc7E5tZg
28873,1ygITaWckccPnbVE2nadrz
28874,6S6tJCESgKAfTNMJX3e1Go
28875,5ivdRWzCJBpoUaBC2gkuWj
28876,6rVXa1UnwD12ykvQ4hA6vA
28877,5psbwXbjlWCqmLVzIqif7Q
28878,65WiP6G7rRBTLNxDzwam3M
28879,4VA4CdSUp2y3Qk1TelwTIC
28880,0sl8VAS7H8lsWsHfi87uv5
28881,3EpZdUQ2ZX9I8ME2aCzHkb
28882,6bf8dOnruVDYm2VrSzDPpw
28883,3z8Ah1UWzRBmCmyzMXnzkY
28884,4iO8rh9VV9Qi7QVFpfWvOP
28885,0rS5bl8WHAiDuiorCulzuV
28886,3UKnQemA0uLqutQmqFwubo
28887,1qUJT6xZCjvQVNYoVILNod
28888,2OjHf8ZzA6OaARARpQabjN
28889,7d1yQSx4mjoh5VdU3QXUnl
28890,4TDJHVROaDAHk593fWAUyc
28891,0cXOyIxBEJBPvspi3XLoW3
28892,5CoVoJSxuO4LIDaVR0LrlW
28893,7afsqWivyUQItDM4bDtRvF
28894,1thfIzMJCYeFEA88tNQX4S
28895,5Y8gxwzYNE5VzrHyqZq22f
28896,3p07oZZpSNdVtN93M5yIY5
28897,47hTk08D6sjwovaT4zQVmh
28898,6f8eY5Nj5pPEDHto4AhW60
28899,2SSHYzoxRsFosKl81KRFz7
28900,2RSHMYCUKPOrGpraQlxWuM
28901,3QQEEKeZYDQCGu0GbrsVie
28902,1yTWPSRe64KqojEYHRjxnc
28903,06Vy59kTUutEsQEnvMliX9
28904,3FDhIaKiTszUxE4tFoswlQ
28905,3oXLkzE4nIFFAg28LmAhGo
28906,1k0ILjecibLG3NtBopjblZ
28907,5aeInPevNR06KMjzB07sFb
28908,2TY6UImtavcJttBXd2qDNG
28909,58n79oSQj7AHZjsN6Rdush
28910,74AWRz3NdYb6E4Ho4hlqcu
28911,28C9DOlPG9997yEOagCzeI
28912,1FAn0UIi9YWPJkwm8wpL1l
28913,5XvBuNvBFAhEFZonUHCtM0
28914,2hli2y8FIm3VVIgkNgrGnV
28915,0GfLTlwTWkiekGS6Xff23a
28916,1LHX7twlGCKDtyXa0tJ6Zp
28917,15fy8Wc6T9GLeIpLnWf53m
28918,3flxPmOcA1rm7rKsZLfnD9
28919,70remfdPZeFzJf7KOeJmdz
28920,33yZYwQpif4xryF6gyQ4vK
28921,0zZ0X1nUsf479fbFsYarqo
28922,0bghWePu0Fjwrbmj4GPC97
28923,6XMZTk5kQE0LHyHHiXs2jT
28924,4t91PeEG1YwtekQfH4oaJk
28925,4AoMwWkW7a5YIaqrqPjffy
28926,5ihlioZmWkDqlhxK0Lm2sG
28927,1F2oWgf4CxPRPv6af3GW4c
28928,6ndKz52aK5bUZqCf6hZ0sR
28929,6iGIy8l00ve5sDuHe5saKg
28930,6dho8ytFHqhl9ggS2hSfit
28931,6GRHf9FckLyH4bu73tsw9Z
28932,5jYMmVt6SXBC4mF3h8eu3q
28933,53rUtXwLSBMsQM1EvyOxy5
28934,14S0AXiYF1W6wKb1WqWgWv
28935,6yOoaD8aUKuvmxpXJlS1Yz
28936,6PC75mCLh6wGrVjqAmJoYs
28937,0KrBSgoTUeMqE5YNHanDl2
28938,3fyWz4qTvWGV9nM4fUpY9L
28939,2WCy38oM4VCRZ8AFH68fhx
28940,5jOe8rFyYNzP871cUmHTIg
28941,6GLvjMGYzcjVWUv8R29lqv
28942,0NB1lse2ZRnlV4OovF8zcY
28943,5OblpdryT79xB9YHHu9vnL
28944,4j32ybTeiTP1YhLF4hGmsC
28945,3hRM76nYrdhDIv2YHGCdJe
28946,4yAMK2sQ9MfKBrUaL14nO6
28947,1ApsBaz9fpPptVZxgqtOy3
28948,0Hsj55MEXdUKI3IDIdlB4h
28949,72GvYVGwqDJoXgNqWmRqS4
28950,7oIqrI1WJchkoKNVwThmiP
28951,4vP9j33yAsvXQf6gkWoFKX
28952,5LCMxQtfxrZTvg1xEW90bZ
28953,6Mb0OgMvbb7FYQejZ6rusz
28954,2aujLac6OJxmxzUXBjVF88
28955,0XqB5gOpCdI9vV3MhKQyyX
28956,3I3QV9fD0CQdnekEPNgYIk
28957,0QKr3L8BcHIiRUvsutxipn
28958,6FP4peicCGnib7asns71fs
28959,34avFNXTSvoQgPcli6oyB5
28960,4CT7T5eTrvsCXMPU3yVt99
28961,6wT71umaHL96D3M95e1leN
28962,4B7VGgrurmeXtd4BSpR3Id
28963,0HFqUkRuP4G49GpwqWICVv
28964,0pCBpiupNlvoIgePysA7X5
28965,00IWszS7J20euRTvpZf70Z
28966,32iiZks6gDnQizBDwkfYxW
28967,6qVXkG01rBYGfxIndGOQ3z
28968,1AzyaPpqFrOGeOmOhIVVaw
28969,3RzSYPWhvi3sXsqpBS2Ut8
28970,0MYgwUALwtDGamxrj5YYE3
28971,68BaLBQPV8qz1AhrjoIYUg
28972,5bwxMo2sye4bffTgp7uNbo
28973,7mzzl87m5jXCRxSKbxao8E
28974,1JLjHdeprN51upXqQlqAK0
28975,37JISltgxizbDAyNEEqkTY
28976,3BbFRseqcWakHB5iAmdJ2L
28977,6glbOfBDp2CxyRsrB8I589
28978,0sWXc2HP7INhTEkuUbxJGk
28979,6VJguYg098hanC1X6eb39Z
28980,5hXDPy8wqd1O9ypkCTjtqa
28981,66WMtll6tbyWPX2gTqWwED
28982,0qEzljghqBa4oNZO17N1Ss
28983,5yjCzP7VGkS8JsuwBDzE3V
28984,1WdiXzW19Ztnuj5zR1r9vX
28985,437CZPz3PTVkbMONkEcgDX
28986,5OagXUEjb4SmqphXEKxgnt
28987,69bQtJECLLhILFjI7ZC4F1
28988,6GpAOSz0gzJFipmVX3yaOM
28989,3DthHvxLFJhpYC75ZUtJ5G
28990,77O4kbUsQddbfafklQXieU
28991,7GqMTWXnrPMaSEnhFtFkgb
28992,4dGuhIrZhozQQBJqBAmV2T
28993,4UhwfxeqX0vt0rhRFMmPGm
28994,5QYLo9V33DCWDVGajzP9qd
28995,4b1eMor3wTAe1aTVOhbNVQ
28996,0Ew5YwgGQu38l7cgNXeV52
28997,5z71EfouOWMI4HHZHEjnkr
28998,0s4HQ5DB2Xq10Nrc3XIwxi
28999,64NHs7RRFXIQgbPl5VMYTz
29000,26ATsDMiBh3RiJazTmbXZB
29001,5ubUYCHK4UipFGfqUMv8JH
29002,76QJ0pAm5uLUMEoTu7WgPj
29003,1RMGfUG99m07E0RO8Okg74
29004,4veeNpXDK1YRHMTJ1Cppsg
29005,0fChtJb4MfnUPQIiEnf31x
29006,5WfZIXUF0PlUMUcETTpk7t
29007,6JGvtJddwsmY2RDtVCBUxn
29008,3L36ZdKZm4T31s4oTvvXOX
29009,6JAPcxBwYGlPAerXC7V9sY
29010,1zLAyTaKUdiZSmOifuu2kv
29011,0YmG8SEbHD8rK9i1iQ3gSS
29012,2bn55PWzX1nZKqWIRZLRio
29013,2HlXxnGJxXQ9npONEiScNZ
29014,1MEDV8WqV9ATzVXu6a2cXz
29015,3fL15aRYfOYUVGom5fQLal
29016,6GSJIr86QrfsY28GhdDwAe
29017,70R0uTJUfN9fZyrnvg7X6y
29018,27ouQ1mEVgtzktGM9wFPqA
29019,6uXTIXwpArDshw853fHiSO
29020,062Ck90sEqiEZSHFsknRd8
29021,67IfTiMwPNN0wQE7Scfzu9
29022,1SCJh0eUMRLsm9xKEb6W2z
29023,2nYGPpX3DEab0aql1oAwXY
29024,4QamiGJ7vPuJvBCeCQgRMx
29025,17rYXXnJpcXipO7cLrdPud
29026,6zwlMzEbISJe83jxgOGtY3
29027,72aABjdIHeZfiK34F13ENt
29028,3J9EgT4R8MNuDLwWnWCkym
29029,46Shq53uph1eKYxJrOl42y
29030,0cGR1le8zMJWt8WcgCyRpv
29031,5eenn72PrSm9pLkWp4uHDc
29032,3kXo0x5rBFREItfa6VesJE
29033,4lpXp4VHH6ilT6oyBLojYB
29034,0sN0KsgEU0RxNsGJ0zOGor
29035,5Oi7iV4RgeD0v05Oem7aJq
29036,5ugoGznHen4PbQd8QgjW4h
29037,0VrCWIT7qmDRXudhImsBgO
29038,0RlzkgoKEXK6blBFCv3fyv
29039,6Dfb38w2A5q3Z4rNZ2NnYg
29040,1uAQWaF7sUTjL69bJKxaUK
29041,6fpksgcJdSpELGR9OmK9rp
29042,4EA5mCtUBQ7lmNQakESJVX
29043,7GteMIIrxacterOnJAO3b8
29044,3pDcVyFfxrpxEcmctTyTiw
29045,2Pg3dCK1rWa3FZN6LJ059V
29046,7EbL3SxJ02JE2JhtWdxjwl
29047,6TAT4theAiD7lS6iVaauwY
29048,3RuzHiquC0rqQLQNBEcN1e
29049,2elAyF0DLb10MWj76pU6pP
29050,331tZNbfWiq8HIa9jB5ioL
29051,6xHk0Za1HYGIIO2wHx67U6
29052,5B926EOOXF0hxdSE1DuOEL
29053,6GTOtoxq9qfjuzVuQsSETq
29054,1xyOuMjDDJw8eouQI6zBHX
29055,4QM0w0rYkuT9jAt2x0bS6s
29056,0X2E9aiHi70UlTOW7OiXfL
29057,4eppcjH9sohViJcpy5xI5T
29058,0I3SmBkgGXqbjVvNPWEgfr
29059,6r7bDk4J0Okw4ezTBUQXo3
29060,5hqeN4BECVjmD9cA1tBDoT
29061,4t9tB5tYwVLTtFNv1N7G5Z
29062,7qYQBg8ljLvLfWPOajfo6u
29063,3FcgQrZc7CWaJwbB4ebSri
29064,3l01fU8sMAY0XRa8HW7cPJ
29065,64hEEPxuvupQzMdm8BeJLr
29066,1EkgjxXCDMCcTxucb022Xu
29067,66R0vH1URSJ9XEO9fMyJ9q
29068,4n15izAMuu9JvUzMVWkDYi
29069,4P3orcdgIe7j64YzUUfQ1f
29070,5fiVxrQDEsXjvjsdKy0cG9
29071,4DxaeE6rwuUTWYnNbRhjM8
29072,37XwZdmNF5xiHxLH8jlWDy
29073,1FXHf8bzBY6BV8atsqGPBN
29074,0AzN4DL42Cwnu26KLbWHnq
29075,1s1pFpnPW0LDJlEXOC2Ng7
29076,47TQjzeG4KI0XWWb0wkbri
29077,44uAv4wqoBo3PUTHzGOT0p
29078,3a22BFFihymvmDOBkLDmt4
29079,06BYf5AI8X6p0VFnuwbLbS
29080,43r8KR0aG9JyvqwacNqSyB
29081,4Y6eeE8HKXWi4ACheV2SAN
29082,19Gdwbd5yUh7l3P4GbajDz
29083,0nPBhUWGQrd83qkLwKAEkK
29084,21TTxA4gYkJUB9Xf2ugMTF
29085,2yNx2JRol1e4LyOP9Affu5
29086,5CQVc3q2gQ9rnnFgyn84bU
29087,25EgA1A1OZBRw25Mjyw08g
29088,3VJZcrABSm5VcrjJ7m7ye8
29089,2mLjLAlChZXZpIZfyPF8Le
29090,0m1DJ5Jkv3kdnGrcZsJFmC
29091,13MRnwkaJHRVQRMB1NjcqK
29092,2XlzeoDEtTXvwi1ZMPbftI
29093,2YSAobH2XBygEdougNnMf5
29094,63M8PK8yavNITSViKUB62p
29095,1nUIqATvXpBSFcXcn9IOIO
29096,1UF7rA6Be3iMF3dvvp8mRK
29097,0htMZUeL2ZJsqhJl5DvqnQ
29098,6XtaU8cy3MH3h8CSGN9hRO
29099,2R2alhmtiFv0zDwZEPvsG3
29100,3IlY76VbP31zwPY0S2EMjh
29101,4nVinPWqiEKCaNNBHrHnXh
29102,279G9wp7zl7CY847HE4hTd
29103,5iDcILPItZCQiIpy6CblIk
29104,1dZT1pfg6PNeEIz0Nuo6cM
29105,714YWtUxflc4ML2IKn31QJ
29106,70HDBiD5xOtpIw3FyOuH5g
29107,44gBofMgplbG0f1XQwTraO
29108,3kUhtCbpPBaDOrPTvzwpmF
29109,0Vefut0apeiDOjPNIkS7gk
29110,3IPV6HgSJHDBbGwFqOYXqf
29111,2EX6jMfB0rJh0OMVH0BHNn
29112,5jleoXgOf41HdLITE0Omu3
29113,3lTDJn2l84YFawcOjRaD1E
29114,19ScuLzIkbow1b437OsRPY
29115,2BqkN8060WoDbdNrbKIzE9
29116,5QzZl1qvfeN2v2Da86Z7Ll
29117,4u3RCc3fqZgsC7xXjElHhJ
29118,0F9h4RlYZFS8hia9ozKwu0
29119,1kRylWu7SH8ycYGLDUctPe
29120,0dTx0BkWs1Ew6tVO7Ikr1G
29121,1H3i6WXxrJB7LEoH5iStvb
29122,4bJMUNQglUQBeNEphG1XEl
29123,3oAQlcEXnBrWguI1ja4rc1
29124,509DalMP8uQLBdiZsxj4h6
29125,7sdNNVsBxT2R1TLIMzmHN2
29126,0vewcfQDP3jJEVihmt41pn
29127,54Sc7mZQ1RM03STpk4SfaA
29128,2pXPXkVDtfux0rptBuGDho
29129,1qaxPiJqw2tGaymT4NqdS6
29130,5eSYigDAtbgTm5iQLTeMJP
29131,04f3ea1BQlVrhhmxS0qMDH
29132,5oD3kscRwOwpGgC0zvt9Nn
29133,14U83xjRXfIJNq0CXNMLMS
29134,4JYUDRtPZuVNi7FAnbHyux
29135,2Nu9F2S9vQrLMVquVScxBw
29136,4qsVPnhbvEooD1bSNqvvh0
29137,2SRzBktlzbVz7IihgPBJxN
29138,71eCZuqwvAnE2zGOSaOar9
29139,1pr9TZGOXeJUggIal1Wq3R
29140,2gBQUH21JWLStAI8OeNkPK
29141,3B8zXMefyZAmin1FxqSUfd
29142,2EPkMSgcNVdL5o7WZ2S11X
29143,3ohWkpSBpimp9jXbvDETR1
29144,3qaepKP34U4ZJ619qcrLnj
29145,4NUD97a50x6a5XNBsKzrm0
29146,15iq5WxyFfvnalHSnPOI6G
29147,5hccKE6gp9QxpSDodOUlwN
29148,0pXa2yH6kOLPIs6MbTRn59
29149,7BF3ttl3P0Tbc3w9ZEhvNG
29150,5gS3JPm2kmLGUvLc4BlQ3w
29151,3ZhefHvnhaboqFjcNSleUf
29152,0Nd9G2HD0u3ca7PPtf0Olp
29153,2dQtflgu1wZ4ZwNPGJr5vw
29154,7A3rywP8wA9HbL36NMnD81
29155,356O2p4JCGVcsxSI0LBWiP
29156,0xiYCtnUnp9cRRD3Wxegyt
29157,4oGqypEHd5Da02ZEBknoSO
29158,4VuCcgOb0keWdhZDu7p7pH
29159,725MS3gJuvkyWXVlpvBYuU
29160,0JZ9GQQAxZUg8TNRlXOUZE
29161,0tIVYIiPw2Dm2nooTlSHIh
29162,7AEBa0RkzFSebX4HLSBskJ
29163,47tuXEAaZqwlI2UFWA1H7y
29164,4FaF2G8c0dvxiIUKgi4HC7
29165,6oxQ2tiIXtydhEOIFJiYqC
29166,0gTQNPDnFBRX1llafXCaQ0
29167,5gBF9mrpXLp3cNi2NGhXrT
29168,1ExpyLjAR8XW0Rhl9ZZ1vD
29169,1pIED0jJ5kQlPcX7LgjggI
29170,6rnU5Uf6YXEyTw8MoDhEjj
29171,0F9gE0pwjJTkVttRUPgAm5
29172,24ooLAhwfY472uuAKSUSBc
29173,1ArQHZTXP8ImNXTaBTQDkj
29174,0XRBPw7ADjWTuhJWD75xWj
29175,7i6NY2hcC1Y21yldnkHnyT
29176,7mFAwpag8uNky7S92e5wdh
29177,047OwQQwyVF6plMgNIV6vR
29178,2arDOcoBX9yJ1XviBVbZzU
29179,6iaLPm8rFbmYlbiggK0JyW
29180,1Xkeatmd98sLuPgX33w5I4
29181,37zpa7EM4LSQ5osthwXK7J
29182,7JABWTnpKNdXkwcNbYgMAp
29183,0ksrItHCRUwqUDSnZuiSjx
29184,0ibPkrkVYVPoJoQhiZr3J6
29185,1Cua03IgidDPQ4Ge3z40BS
29186,31FbRIjh7s2pf3As8SSM9F
29187,4igTsTqZlCAELQxyV17Ao6
29188,7olrsb9iDe723mfbmmYaOA
29189,2hhFpD32iXUd4GaCu6T4wn
29190,45wselE9lcQ48i2GbAETWx
29191,0RkS7oNiuLdkY4Xhk0VXH1
29192,7yXUu4DLM1aNA9hoyRnaMr
29193,4g3baASiZtpEdT2N0thPVb
29194,68gIJX3pRbbdSBuHAwQlII
29195,4owQ4yfj5crrr7TNlyIbEW
29196,6540Z6edfqhqBzIrXiB4HO
29197,3qquLAFkw5WSgUwBlMXRUR
29198,05gSjI9RabyA0BzB1oq0vs
29199,3D4Xkcir5YEhk8Xidkd1dL
29200,4rqUUj4UeJ9c2BXSCOoaUE
29201,1jxTDY5mTzd3XLUQxGwZLO
29202,6eypw7fGYBtYxD3dCE2pld
29203,0Iwbts8iqaJJh2kPiXbtgV
29204,7iasgCBUG2E9z8G0Iu3uWS
29205,6yWPqm4yBXliDEIZaqkT3a
29206,7ipyRtMj5K3ryYZAqzV9qh
29207,6x93uK6knhDYOCgPPX3e1X
29208,6etwirSInfuJrSOlogS6Sh
29209,7lQHcwjnG675aEvvrlQTWr
29210,1xddmaN7Ivc2SQ940oBskZ
29211,5WmOYQAMavY2nk7tktsPbZ
29212,4p1Er46wDz4zGQI7Sxor3W
29213,1MMhkneHGTPqEpqboZygkj
29214,2ulWTEGFSGdV85pweEluAS
29215,32aENTkSWYBDYATX0O9C2d
29216,4o7LxGCmBkwJqi8dEpMgQw
29217,5aeaJHG79NNGwShdDkMgvD
29218,1KvyBpAxgllKW7bQb0GYCR
29219,2XnBoxIlMWpzTbR8fcchHJ
29220,42fwT2bYJ0kzbhX4QdFmuZ
29221,2NEOIGpQLgDlV1YD6NV8rD
29222,5NyXf7eLrxsOeakoA5umqy
29223,0ptM50bQWEyMuaespyKwuc
29224,6IZxBM9ypX89dYOCLhFfBg
29225,7Bb7IipceQtysqK2xt4oHj
29226,0IbLF6EPd576vgGlW3Qxhg
29227,0I0n6PPuCvv1eKbrqoChWo
29228,2f6PQhhIhgrynWWfE1hnm7
29229,4yn2szMgY1BAZ2evel0juq
29230,5CDWORBzWXaflRCo5mIVs3
29231,585xWSsYnCfHAoHvjIt3Vi
29232,4XPzNUDXrSRjpFbd8CcQVu
29233,1pRcQGPlVsfV9d7k6gC4MI
29234,5XOOKdbvZbEVfjIbt698vs
29235,0He05HYlFHujCE9j44hy18
29236,4YZkx9hCBOdaI71lzKEnOx
29237,1XQ1XAajJLHJOIMWKMGsFM
29238,0b4mq7YcVPBrAeg3iKj0vy
29239,0xOP8KKRFvDmgXESvhIIK0
29240,0INXHg89PPvFuVwzy0knBo
29241,5UgQQdrkzcMHRTBJWE4y5u
29242,3WeJvcoiWHAHVP0hcDJERC
29243,7hpmPzbRBtJSQOwfwjQ0Bt
29244,2ImJ2hUZ8y4JcmMb85ABIC
29245,5TkUiv3TAFknpahKSClyKS
29246,6gv47Wlmuj76yJtJBz3VI0
29247,3FAO8tlyVBd0ANWYRwisUS
29248,4dPBslKIqllJ9belkgKROo
29249,0D0SayEIppxjDXGOZo61ry
29250,4xojPsdrfE7gO7lpvTCka8
29251,1uKrAVOrVDCo86z57MnmaE
29252,5zYcrQVRBHKM4TjJqxyCFg
29253,4nqVm5K6F61pnJFrwiIZbS
29254,0OpJp4nyV0Tt8ORcq0pkGT
29255,1iYFWoNwfjdaZYB0Xs6gOX
29256,0WNn6nigZcx47ibpZY13MZ
29257,22sK1ikZHu3cxR0DRyv7Vu
29258,76Lm5zfNYwmy1nd4U678BP
29259,1EwRG0mpSGDbt0wqDuNT9B
29260,7pMmsxikYInkMpUri4XkqJ
29261,4kEgOi4hngL7vmNRBdKCbu
29262,7ewlHN7YCOT4g425p9opfb
29263,5vCaP9F6Zlef2SzVsue4kz
29264,2PMDdvKlxIzhL8dEfRARYa
29265,7ea2evBOZWG4277pXVuBhS
29266,6LhEQgftPqdUxsTlWA8maj
29267,4j90kq8mzseraplLwFoG9z
29268,728x18fD3KDyajRV52ujo1
29269,5qoIvtDGOcdleui04etpFs
29270,0gorODYIUfyg83lBPnPbZs
29271,6xhblLundMJAiG9jF7nlxs
29272,2cpserKlnR16Ikn0W9cDEa
29273,4qThnCMZOBtIx3Ez1Ea0Yn
29274,0WSiISOONI1Vmv67QMaiTn
29275,2tpRqLwVh2D0uR5HjH5R2G
29276,6nIXU4XGOmCv7WEItFV2cp
29277,78mzToM456HmenmHB9NdDl
29278,6MDU29jHruraxHbuoWJoJ8
29279,1n1zNhn8SM3C2DiXiwE9dP
29280,1s3kmt9OZhkuJFMiuTgQVo
29281,3Ir2nhe6kAyn5O6jORA5kT
29282,3JrYp5PsWDV9rWmOmpqT6d
29283,2fpSnxRfMlTGkzcEQ5JTMC
29284,7wzNovIu5urOjulGX4VzFo
29285,4VPN7otwnvUobLnsZfoMFd
29286,3kHClE64PRV0l3L4AdPudS
29287,0xxKi1b72Zaizc2jDTbJO2
29288,6EFj4m1YdNbU6s3RLE0GUJ
29289,4neyNcZ8XJV70UPZwdnqOK
29290,6os6WumqDNROp7bXeycR2v
29291,3Kp4YHn84V9QoFVYREij5M
29292,3594IuMH15tsdr8A86Hao2
29293,5RilYn91GvMFFGPWmJ1DgX
29294,25IDG1aKHs2K4f1QA3QBkN
29295,73k60UciuH1K0HusB2ixSQ
29296,2Ks6pKH2QAQ3eXZ5inSonA
29297,2YYbO1tjcZbjaPm28Y90VX
29298,5ZNQT8WHm8aKu6AJdfaFC8
29299,6W8ZRhihqStWKSDWgOrmbz
29300,4SICxzby6qQXF5B74hmRpj
29301,3lhZ8Umt2K72fvMuXOFtXe
29302,57b3LxK12mE3edVy7n5WCj
29303,1sbM3pW8xKd2HKm9bosFF2
29304,2Gn65H71AtfzMVBVeI6jK1
29305,2BLD6EM0kaOQhPfuwANW4Q
29306,5OLnxxINgqE5bs8y1c0xTR
29307,1r39VdjHwAdypuXZFZPaIX
29308,3Z65JGPHzrNzaa7hJbq6ZZ
29309,2adO0gOdBfzhaT8YJBAWH5
29310,3DlMt2XaWX5twGCQdYZdvr
29311,2nsZBM2TAgBUjWSE4ZqsA3
29312,7fQFSu5m50PFFm6CdYKSHF
29313,4TSDweBlScV4mkxjrHEFp8
29314,2Qryf5xNHUPeKUbtc9L7gA
29315,1RgPtXc8AmD8XlmP0IuBr4
29316,50ro2aod0JnjV7S4ZzigvV
29317,3OTup9Nr7mzdzkZfwch5m9
29318,5o3ANDND4vLf7vnr3jhR2I
29319,6nBBgLTg6qnrBXOKlGutes
29320,7vnYQ1R5XLWm9AgGbZmnKd
29321,15RdRORl0inOXTvVQxLwHx
29322,175ChiEZL1w8ZdG6JhGQHp
29323,4c89zF2zlSm5zvA0roJpRp
29324,3GPPhXj4t1W0Z7eceUSDoU
29325,43Czovdbqfifr4TnkQ0ROA
29326,6hFyPdRhWXUUYvISsvMk0b
29327,3W6WaJa1wRQfbhqotaHtyM
29328,3dsRsN3Z9FYOUsD2hpvXOX
29329,0JjxpW2i161phUkLc3zTxh
29330,2Nit9qioWhgYXUVHEj3pqO
29331,5FtfppaCdF9CO6Qz9AMsPC
29332,1d6WSxygqFrQ8z0JtN3qTn
29333,6LIxrWengyuOcZiqzJVxTJ
29334,43OXtU1yp3GtOIGBnLmDre
29335,2yJyFagN2U2qtd4EFxXr2M
29336,4UU0UmzRFNirzBWWoN9YlI
29337,0PoRYBdln60XUPbKuSpS4P
29338,3LX1LfCd6gHXUrClZ1C58q
29339,6x99bZidVeaOzHQayMQJO0
29340,3hGsDRUzPgXMDSRZzgXkhS
29341,1eoWYCsq7o8hzylm8YbK6b
29342,0anUgBvnA4u5LsHUeLRprc
29343,6tix2R9ovEBCCzDofs2DyT
29344,0hp5OPkMJPtYgw15eVH534
29345,0PdImXo14h1uiCIolUUBum
29346,6leKqvSviIydDluSDB7gQz
29347,3oWlNo1a0IULWBuT5CWoBI
29348,4kRgRG1HnJUSW8aPy9EdIG
29349,4nYiXDjzTwIZb7wHhqsxpW
29350,5JXWmX6L3TtEWKXTCeAmk0
29351,0mXQuE3EWDkAqZreSqJc9h
29352,5eBFJIkFAgfHMFsOLAZcBY
29353,1ZQvUx6Tz99MPa01R6I1yV
29354,2p2cCrOaNrIOLk5ArtlHy6
29355,0MrLK6NEPoMbcb8R6q6itd
29356,04dwdZ4f6nHWKkMKBj5Ead
29357,0icNrxYDQZQOOM5L549zM0
29358,30mB5BT6Xd08OqmqCEaTsS
29359,31WgwRqSxCYOSdSO6ajhvh
29360,1D2ISRyHAs9QBHIWVQIbgM
29361,0W5oXFrxZNBTIS1eMW9Ofz
29362,4gGEaTqjTlEK0uf3guEhDI
29363,0r6CpsTy4W4TFiA94GUidr
29364,0KaRRKVflr4iKVhuFViLpl
29365,7lPh1t9NAKuHxiUrrDbHhj
29366,6gbgxUnGM8vYelxPmLtR9H
29367,0isJGAT1I2hQBkn0pZJXQv
29368,341pk96ird5crS5Kq1py7k
29369,3lYvepDz6yYj29z7e4r5z0
29370,6J0CLwr8ptMwxhZ9aeAevN
29371,2MOkrCGVJL9jtJAoW458tl
29372,71kvXLDhWdMjQb8KmGExqE
29373,2byAARFegismY8FUFj8u6M
29374,3nGhE3UvRHEsp11BOLd3U2
29375,6e6QELWenXrUIqd4Rs3Gug
29376,1kXRll62gqsbG7CVS6osEw
29377,0waARLc0ja4NTwQoA6lkPK
29378,1MXM1vfz0sJAtEhwWzwN4M
29379,7xOoJsp1De6gHeFCS0ENPf
29380,6n7AvsSb4TzPMHVger0qHw
29381,7u0LY70EbtV63Yw2uGAEY7
29382,6t1rqpgk6x8IhMpYK7b46u
29383,3Hiqb8tsHXkBr9dHt4IuuH
29384,4k29XVRDFlNOdFZjKZd8pU
29385,2Ab92AxtwfAD6vKpzuLuLc
29386,57RA3JGafJm5zRtKJiKPIm
29387,3x2BPjRWmgUF5OstVCfuQt
29388,1a5Yu5L18qNxVhXx38njON
29389,5PcTPpKTXi6OuESCObeEiU
29390,0TgrPjQ6wxmXSmijO2Pe6G
29391,6HqnBoikcyjy7I1kbrfhlr
29392,6txqcsZAlSvDiCWrLpMBHv
29393,07FNAgRj1ovRwdnsS0NgLc
29394,0iex8CRAfKNIGMIxtz20bq
29395,2BBzHcZHPgRuRq7nVkH2Bk
29396,2sWQ5pNgUmJAQDkb111Pdh
29397,2PLDfeBRCARDNGUD7U7HzH
29398,2mX4GEkZEP0S9uy6iXOVvL
29399,1ZfbMOw5VSh5Qqr8hgLCkJ
29400,24PfsjdIb7BnRM9YNHU1cq
29401,3P3HclEk5jll5RdtUPxq7W
29402,1NV7omTCnTOE5G9KWrRhX5
29403,0HDzZVXfcZXCIngE5sGVhv
29404,1m2bY23wmrQrAMPXntxyub
29405,4To8mxhdtvoKpELxEHOGGU
29406,1O1Dzi3VvUfs0GAbcjqxJC
29407,543xswdRTjGmimDJk9AlZN
29408,5wh5NPXEG8RZPgh5hllcW3
29409,4WlhMYiPUp94kZO5uzVk7i
29410,5e0urHYVtZXrqy7iWbwH9g
29411,0i8byjcKIGspL2qZVBwytX
29412,3qJjIC9KnXU5NVDYAvqOIG
29413,0CnyQfvKJRPIy5veyafLng
29414,6QVCWp9GOxKnpomAS5SA71
29415,35nvqfNwjd7NXRoGeKRqqE
29416,626zLwL6DzYNUDcIJAfrM2
29417,7dzXlpKRJ1W57ID4fy1LQU
29418,3nsAhRPtplcNDS9IylBPg2
29419,2OUn8AdgAOFsdAZ4WJOUzq
29420,08LEXF0dIJBtiWjsS9ADEw
29421,3SnXwQUrvSacFziUYXTNKY
29422,6iD7c2EjxRKw9Ibx85mtXI
29423,6wgPoJuQVls4SkJMPlrogR
29424,6WY5vvLKE4XclDUgZYfEyg
29425,317fRNfd1cHHziOEqYyO3K
29426,7ovQIyGcfqymJ0OjcyA03O
29427,6AQJCstEP6IrhvA4LJ9WqU
29428,6uDsuEOr2ORVPZ0JemwVU8
29429,2oRn0QuaWQ1hragGQ7XZ9s
29430,0kPfAwkuStu364NoaCYf6E
29431,0iQkeXwp7V8Y6wWYSsn6RY
29432,7y6rUZMFkh59HkaJ6KQU0w
29433,2uXb5vtLayvem6sX18oBht
29434,3V24DFsFktPvOg2afee7Q5
29435,12RKj8bgClRJ8fKAoO5NPp
29436,5mFDc9SrUlzQhDASGtTC3R
29437,5i8aQj9qpEpCQ5jZySGW0y
29438,61BfaB9EOkjpAnNxhTjcYO
29439,5EQUa64bD8w7nyP3XuNgvz
29440,3fUpl1J92ebz6326NMbmXM
29441,3kBa85hGX1hNJM17G3pKb9
29442,3XpwUXxJGqT9xmPbZmpgHj
29443,7nXhlCL8il9tGuVWZa1bRH
29444,2JcUB7LyS4MDI5fvSWU6se
29445,1xbtojAZsQjOgiGdGX6ChU
29446,2fg9BfwyWNx1hiqZxKedMv
29447,17CloygnwJvQ0MOUF8B1Hk
29448,6rj48XPo5Gk9T7kXFYY93y
29449,5RSwR85azseVCfshAtCtzG
29450,7omzZ8KjSc3If5CByV4aZy
29451,18MRtUN6g0IwiMpyvwAEQd
29452,5gW8pmQV69okQ3cNz0RSKg
29453,7JgOCH2GGesMjMNwViPufX
29454,3ovOvIZmRPZBWnwrUFyGx4
29455,18LhA0zBzAa2YnhcN3hWGa
29456,6jjVl4uX1Wa9FemCgQvM1P
29457,5EvxHtXJnWxz2F1k34wwdP
29458,25wvHalZyphb8DredpfYKw
29459,0lU21yhFg9qmw6vyMI3Xbt
29460,0RV9wVTrrX9OadfiEqKGdF
29461,68vtgw7kEhoInTVAififUj
29462,6HtdFQv2HsXJ44eanhuRcm
29463,3OiUOulzZiEfaADvJNR7wa
29464,450jtZ1kgEZfOfiD3MCEzs
29465,2NYP05akGUQShgQUOhHrEr
29466,26bYBRPMSYAvAZvLrKbteU
29467,6w78EYmzcbMPpgtBh7675D
29468,2znN4hr4L7MrFYqqnBOa4A
29469,0mkavBIKcfj2WMe7RN1OrQ
29470,0DlvkxD4sh1cgK2wbvTlP2
29471,5ydOSup3UfO29yWIviR73g
29472,0dcF62UlrgQuD7NEqu1V9r
29473,7CqrO58z8amKRZlsNDfBgq
29474,4eGFokonApxTaDqteR703E
29475,3izNaTiYdotdPL0Bs76JqO
29476,1n4gnDTMRoxGRZTduQRLRW
29477,0wpuA1U89SEF5yRCKq9z8b
29478,2ZkoIuZaRbU14w3LSDAyNB
29479,3emrTFqAQCpIWCcTbzzMjJ
29480,00eZ1NWeGDAmVBzWYdz5yB
29481,0MjbQAcwrX2dYOU49MK3B9
29482,4mnetrP6ozVrc5lkM07WP3
29483,1RoMaS8tLOyCGpTzJvP4vS
29484,4qeZx7gmc9cRL8lroEbTlo
29485,6LSdVdwsK9RVsOHKRp0o9i
29486,7mepSiwh6KyvMVEHXkVC8p
29487,1D6ISdL10apSSTeZDRTaFK
29488,1F5whg9LczkYFIAYiiYND9
29489,7cG9qfZoqSWAQ7YKKv6MDR
29490,5Q8YW1CXCbjNIJv08heAJB
29491,6cmaIHm5lDuiKwyM3EYSjT
29492,5qr0LErBeuR9arZ0xksmEp
29493,7MaSLz6bigaxM52HsQmQCB
29494,1bL8lGvFt2gBBA8kf08Sxb
29495,7czMGI1vFvaoN4iUGBRghn
29496,5abVJcslxEY95QSVBHCGLV
29497,5XRvpUtk1ux7Tni2RAayDB
29498,1p6lVM1x4hyYsvafhquUlP
29499,7pKfIA56UEje72BSFaYb07
29500,6PdWJVZ6afMKV7khYVaxJq
29501,3ejkT815ygP4Et538O2juq
29502,38lt3QHn6itY7QXamSYI2z
29503,5jHRIRvL8qnzKnRRSIXPOx
29504,6ilnZv6xWtkdthglP0CAWD
29505,7eX3ZTnX1mgneV4StBxIje
29506,0pssH13oORltxWa5MIvEuI
29507,0Bbd5inN2znpGQkxZbqmmU
29508,3t0GTya775ctE0ciGRBWHy
29509,4JJ9khvBUTVzobxf3TzkSE
29510,2kW4TLyxAKZJfhGsPNnv6E
29511,3txn5A1KCPI2ctcng9Pnep
29512,6fDNBchPLcOgalO7suWIyd
29513,6JoQg3P42ngcpyBNoTFWPC
29514,17O9JD24Ava9PgtmW0EzSp
29515,4jsl4N0M2iqDTjFE4FWwlD
29516,5paEiUa6tDA61S5NqTJG6t
29517,2s3A26h0TTWyoNLTLIVR1I
29518,5diNJotfL0t5gKqWraeUcu
29519,5AuchpKT9ARQfqKLtWb5rm
29520,5BFv4jNtT4hpnC7BfxJ2oI
29521,2UkTauEJ6yPkVEVw9YuQKL
29522,4ccSQfuTKztv1mDhgXalTS
29523,13x0rqT4JzUztuPPbvSULM
29524,4ko0fuvgg0JcnEeT3LemUG
29525,2iMw9vGKeFimOF93vFP6pU
29526,7zfSmSrd8gEGFvJpVfvool
29527,3DLCim0X5Olc5kAwVxt4w9
29528,0c6n4fKQft2pha5hS8rCNm
29529,4e91AElVfpOyABCC1NxEXQ
29530,3S5uyKo9Uf9U0w07nzj37n
29531,23hwuQHK3nf4rHL4Fko5i6
29532,4UYc2QNQiM93G8RoTCf9J4
29533,3U6P5Dhyn39f0umD7dQGdy
29534,3bgqIMHNehAZwhjckR3gc1
29535,3KIn5DJNOQ68GhwgGqmqld
29536,4DbmUMX4yx8y3hiOzuB39X
29537,3IZYVUvF9MffHpTiemkypG
29538,7dC6SEEbnFoxQ0jTOl98k6
29539,7C0y7B2NO3mO45JFyA2sUm
29540,5S9AjPUep9XCK8WOaereh7
29541,0v968u9bMZlrFVCNyr0Eri
29542,30H4gt5lg5OxiziwEh5Ger
29543,1mqydO6xMtyTPa8yo1SdVr
29544,1OBFprTSped245uegiXCfE
29545,4il0mfrmW1vTctxmyyjsXT
29546,3Pc5sRZ0A1wMyPWj84ZyPF
29547,2ijbmEf2JIjJ256lNZD60N
29548,3Qd1sMmuPHEgycQOn6Mdve
29549,2x4sJOJGqnv2BohyZM0n7a
29550,6qBYciZgi7JqSoNf8g7NpY
29551,46ZSGrA4f7g5T5upyE7Mvm
29552,3bzmQIORQvZfxLrdhHt7JR
29553,54Ws56PDXVIQZhu3TLlf5p
29554,1Q3bny7VfOfasNH9hlWnsF
29555,6xDhs9Cm6LPnLWG3lkic8C
29556,3Vp9hVk0fzFHKbrGE3zFKK
29557,7Mw5RdOJKKhuxypP8GuPEj
29558,5FVd6KXrgO9B3JPmC8OPst
29559,6F631Kh798vcEys7LS40RY
29560,6kwtsn3b7U7meXwchtz9RJ
29561,5aBOwLE1OEqqru2hOwW37Y
29562,6qW9eFq58PMVVxwWyVoFdI
29563,5mQYZLyB2WnpLlEJdS9WM6
29564,28CzlFHHxBf68YfOPqm8O2
29565,0OMXoMlMuh6TXqtunbKtf8
29566,6oSGyGFg9NQsLHa7NwmoZX
29567,5Hi01HyxKEwud1r1gBhi8Z
29568,1STdhcfNhzWuezkpOf3JwC
29569,0fmSFP3AYLfmDYxjC7l4jY
29570,0mmhAM9bCd3u6C5y47nNAq
29571,22p4rxdylpTwklKNS6qfuP
29572,1N1hKuWCUsVnUP9vqijFEf
29573,4TBsD2Rd9GxZ4EX9YVl4EN
29574,7HcmPYoHSmLFaWL5mBWzTh
29575,6LK3vGR4La4V8F6qLafMF2
29576,1uKXFp5BcdHf7grmjIDQLF
29577,16dQgjhK72saLwyqxP667G
29578,2733AdDJdmhktfd9g4Hgdi
29579,6gobLJ63a1TNrSrU53tSj5
29580,3jUdqLNmjpqJvti99ygpSs
29581,0MVQmbbKIL5dvW0KZQhVEz
29582,2ppg0MGRzLN7nAUX7cbCxj
29583,0qYAgbjY0oONzeO9gVkek0
29584,764OUqC5YJuYJ9wazz9LtP
29585,0dJ0zEQNzadDJA155IxxSz
29586,17ytXZ2VTQsUZmTAh3WD5W
29587,4NsQynos84r2IGMtIGBK62
29588,7KdSZ6AqceqaX3Y6tKSs0T
29589,1MVULOd7x6dldcIvLZiIzy
29590,78pZquXbMiZJPXbO3DEbuD
29591,1DSoaqL8DdxIXrudZwUaov
29592,51JfHkjtyhYyPcBL313pzZ
29593,4WtbJdIIKpUqWRggGem5KM
29594,2R3Qy28QcbGF5kYk9iSNzo
29595,0FQQMZyAIBuTOcwlPaKmUm
29596,1IbSW0P2tsIpPlqnhyVS56
29597,7thHR3Kq23Djl0kED5GxEO
29598,5DDNUljfxRODVVNnV7HakT
29599,14K6QtARqQ98eNFBBTGtjW
29600,6Iw6fQVKZi0fWtEQBrTFcP
29601,3cigdkyfF5Q6yzWZRLXZd5
29602,2YlLidmlK70xP1uruM3Fqj
29603,4Gp2NXg5K4Ipk16d0O7w4G
29604,1tG8Dlp4cq8v8Lx2vCMLRY
29605,6PIltGJHvV1bfAwl4JhMk4
29606,0FxTKyVEyKkqsME9kWv6jp
29607,7dGBVABd6gawyHuhmw1P5W
29608,6xkDNA4KQMdm8rHmhxg3vc
29609,4qKvaRRgpxchaAxAhum4fm
29610,31PI1fUc13WlhkZKt0GZr0
29611,7DGYvZHNVz4sAqhxFbav5R
29612,2fCSbiEVx8NS7tjQLaxVQP
29613,0NtTbP7NI8rh3YArGNub3E
29614,0pG1tMSKkBCRsP8DOJCHrJ
29615,3EQi86PyyvhCsoD4fnGCwQ
29616,2um6lJZZM1KJ24xjeDYvLE
29617,6PknUxCp8SkAtYhmJSCAER
29618,6FzPCo6o8UaktBesq9dz3J
29619,2wOH2qt2Sre7D9iRikFehn
29620,63ixDFvVc2WQfwaq41NArC
29621,0qx9InJkc8ba5EW14vxIXg
29622,1FsWTp1loe7IQzEjVYMpji
29623,470vuiOgEoD0lqIBAEvguH
29624,6dcVuuFbBFNHux4RDepCxZ
29625,2z7jgiPYYpJN2jkwcFzg3F
29626,255J67lXrMySHxglnmT3i4
29627,1G73TN1OsiQqcPXdpwSeY9
29628,0bQsNfzUMg134oWkAclfeK
29629,652STyTC5uXBDoBlE0yQo7
29630,0eqWPB28jM1iQvOol7XLus
29631,27TbUELc5AzVkiEaqZh7LI
29632,40hrL4q3dxErnwzpIof6fc
29633,0PQeTsz4cXpNjboE14Obtv
29634,4AE3aQpEKALwUnTU3kNLCg
29635,1n3ioixjWjZvlDUJ1cdOjg
29636,3wpfc6ebHP2yUXBjUxvhfN
29637,2PiDfOqRn3OdkmrBTH6Gkn
29638,4G95wdMxUlcxKql561keNB
29639,425XbSGqbo4bqBSWLMjxAC
29640,6NZoQLOTnXzNMjCP2kMBeG
29641,47favOEIdM2g8mwwWet6H1
29642,4i3IBAYQQRdiGjbsK4AHuS
29643,7hBlfkSvYyXPPn68azkODC
29644,7JaMJIX4Dl9AFJeDTZGdX2
29645,1d9ULc2dABX23KMC5TpEWu
29646,3ockJpKj4llmuVBedAqjhf
29647,76Lbj4dwJUwL7mUJVwW9ZS
29648,7DNIwkHlb9cCPnNI3oexg8
29649,45wWOkCkwpnmrHTrAKT5bn
29650,62buMnGJ9bLrZAV03fGjYc
29651,3AmVUYa0BTGd1AhrWWj4Gz
29652,3F33WbUrOnTLJQ7CHGVqNi
29653,17qyE3zCNdfOKmH3SXMwFX
29654,00KrIdB0MsqO8h07RLIRCB
29655,3mewIGrpGHaQ9sIIa31zca
29656,3lw0CSMQ88LcN0ZMP6DlWi
29657,6nOx4LyI4P5sBRTS6zyIbA
29658,5LpIHtACOZobjfgikNbcxM
29659,01EXewMmdpxLaSp572hKBO
29660,2MBNPMt63Rv0LFb9J1tXEW
29661,3EzO5J4BLoEElQzuAt0jyh
29662,307i8s0zAWi30iKl3T8DK6
29663,5JteFKFxIHvcEEQhx2bkTT
29664,61Vh3YcBMArKMbSTHv5jQA
29665,10QrenNtBQmlx6q1XnkEel
29666,4Fw2KBPSaSoZgmqwtqrGIl
29667,32K09Rhj0pqhCTFuuL3PaP
29668,0lOwovuY6xQYXzkVcHjn3E
29669,6jmD8lXyeMtQbch3DlGQ4N
29670,4OktPXccXnMHPQibv7QAD3
29671,1Hn6mlLhB72vCCtWAhdkKy
29672,5mG1aCiNAJto5tz43JYgQr
29673,0VUrtg3N0VOPmIS69D1wdY
29674,26sHC8M6jrhNjlCDz01eAZ
29675,4S60mU3O8gE7qWsJX3k9Rs
29676,0N0U77NLdO4wneFqlTxFQU
29677,4hjyXWRyMmHineGfjU5AuN
29678,1BH2rbqoikRKIZxjMPoqs8
29679,2nwMEKm3KNbPsXhDEmmKjE
29680,5AmPClBlU5sK45i6kMSngt
29681,3o9KSEn0x6XkL78YNLHW7e
29682,3iRLi1nC2Vd4zqIhhOyzO0
29683,0Yl3fMZeVtRulNdEw9EBw6
29684,1dghVHbPKm49escgsMMlPa
29685,0MWhUI1zYA0a7y9vd2xnYE
29686,53XYkabi8AEkhBgPNHfeAa
29687,7bF0zWikk23UvSi9gPcvDD
29688,0jJD1bkgMc3XkBtRShAkAv
29689,76AbJUvQCeWa0zSo7PjsTb
29690,6GgSSUPEhBCSGE8RrSPoCA
29691,5jJzQKyoQlDkYn2gmAlPtB
29692,3LAq3vho8skyLJyVtbFtlM
29693,17jkqGy5v8YMNRxhnegd6G
29694,5g1FnEouS4cbM9HNsBNg79
29695,34jj9xpmJDyiK0VGpg8uWz
29696,6neJ8jlFczPwStjjzSelsH
29697,0Ga8yLDIDJ0APw3kcyQx90
29698,6WOG43jirbERYjmDLGug7S
29699,4P7PqX5HiqlVT8sH5Qpjix
29700,4ImKIikg7KdIhlitkKBErM
29701,1gCqkvPn7Jt4zxfCAjuBgJ
29702,7D5SH6KSuQ4hepj3sy9vaK
29703,3cHPwhTLSXOnFT5czCKVdd
29704,5WflPXj2HDryhhuqHLcHuN
29705,5KA5o4azieJAG8O4BOTvJO
29706,6SvT6aiC3gfSZsNZBpPH4c
29707,3BGfe8GXBE4cCVEvBG10yP
29708,6fvqvUQr12qghH4N8gpAch
29709,1o1tuPNzdaLCI5HEaCB4H0
29710,26jvRQiq4C1eA4LvXlOrJ3
29711,2MghBSfskhHByM3X1l6G05
29712,6ooN7OQtX3afliCdBh6xMD
29713,3e0ZGE7Gp034iLknjQk4QW
29714,7E9g4JjuSncoNrjo8kIlua
29715,2HcyIzVsX45jLIxK7SH2aI
29716,7tSn8EstYEvr9si93a8heq
29717,3cJustk3xLGmu7PZ0vblnH
29718,5oLoh6XRqFkuOXO2JiPZt2
29719,6ddnVMTUNvgDej32LoA6HR
29720,44uEz0HaEadUrgZefxyKl5
29721,1qvT6tyQBmqseNOrNfGwm5
29722,41Gzf3nQARpfE7qr2p6iA6
29723,6LriSjuNap0LvzBg8Q906K
29724,5OGeuKLoI0bAV54imkjDng
29725,4hcMB6cObt073jy7IJME51
29726,4gwE0J7zImScMU9Tzw0D5j
29727,4H7aZit0urnDJocqdGjxuZ
29728,73lvnpkK81gLViaiZXH05a
29729,5s1pjjJPsKvHzKeyRgw9Bs
29730,2RFnUkmPViWDO7JujVJhvC
29731,4lW6HTDgyixxWdnWvduZdn
29732,0bc1FXXULJUGXfjtR4gnl0
29733,0jSdPpIGG86YgEVvJHsB1G
29734,1cibCVBDCQ1M0jmHvdLMOE
29735,5uQTaRAX23KyMI9H5TLy8F
29736,1kA84SXlAHOzotZiATyDjQ
29737,4aTk7LzKSqkrgE9p9bBnEP
29738,5yAaNbboVSwDCHThogIbxP
29739,1DTStbiVv3967zmqf1gdMh
29740,1QhkufyIsPx1Uz1vyfibPg
29741,5ybpQLCWoQgUiqABabjRAB
29742,5TU67DlklWUn13GEC3zw9K
29743,1onN99vSdlxUpk3UD5V8Mb
29744,7wsnGfkAQNcAAaWsGrmJ6B
29745,3BkCURiZj3EflNF0zqzURs
29746,4cI10pNypDx3vQQiHcERvD
29747,3ajXJxlzC1TbHcNJO1fie0
29748,3dY21TGWCgJWjInJyIVf10
29749,2dXoFVxtfKG7uoV9frIPtQ
29750,7K2IXTGutoIFVl6x7l0TmN
29751,0B1zBS3niJor7IjznAwzeh
29752,1nX1VjrPoekkZjosoQuf8F
29753,4UjLz0FtEK6mkofHjZHSwQ
29754,32HfSWEnSwJLkjFfqygqxg
29755,5Xie2pzgqKdyyofy4cNbEs
29756,5V4ERGhcI2pxN456aXmwE5
29757,3c7YHj31Z23VH5UYNm7WPL
29758,5Gbj4y6pTh1jld8KosW8Ji
29759,3V8cnQQkxJjCMg54eLxWAE
29760,0nyttTklmr17Z8fXVB7oma
29761,2rPmK4UwWYGCqytBYUN2Hh
29762,7iCNUmT0pM6sI95CvkfUKd
29763,4Rce7Dk3rYxcAbpRUvGPmV
29764,5BMFkJ66aPbyG5Ea0uJODH
29765,5jAhpWu7yJoDi5e7zLCjrV
29766,4OMu5a8sFpcRCPCcsoEaov
29767,4dw0Rwm9LfdOcM1LbckDMA
29768,2JK8HVAU1Jyd8BWNMGc76A
29769,6y3Q9Vv32bYWgApOZvqKAh
29770,2JRxwvjiVyRaVjswjO87DV
29771,54UBsZC5Qcpo4RmFvW16sK
29772,0r4lNIpTiRt6arW1fBSysT
29773,5FR54UnizyI8pE5E9Zb0Dt
29774,0oO6nx7OfIDhEp2JTAm59J
29775,7lWpl0id3QSafkh4rCBCJR
29776,63DYiyq2TeTCKerbfr5HLE
29777,5bAD4y1hdim4raSChAA8U6
29778,1cxyQwN0bCXN8NzWETDVG5
29779,7iQmjnDXYngWGsbjVnDc1U
29780,3I0HrXwRxk7Wb3NKOj56fy
29781,1cRfd0XJOyzipZmoWCe0uY
29782,5PR2sLygBIcY1hQvHR4R5d
29783,18TI6Ag39ySlbjvaugo1Xq
29784,5HFqvX0qiPF7LoMIFbiAdY
29785,4KBodqMds6gkmRH0vnDjKZ
29786,5wJhQnfQxUqIJoPgGpJRl0
29787,3fgpPHvfujTNyxtu0TULQ6
29788,2cwnPl1Rj06SLeeyfxXjwa
29789,4PmQtir9D3b1cZz2FlRvo1
29790,5yspGu3CD6hm5VFNDuzHiT
29791,6XM02y2xSt0lEo4lI9XIug
29792,3V93vALCQ6b5hhQxKuAmK5
29793,0fMJpTECbr7MwQYJjopAWf
29794,5sblC3MO4ctwscz49PkwCl
29795,0ukrbMIdueAqU6EKttnzwS
29796,1JXwKVnz06thkziZRsOfws
29797,2QVVphNABgWsfSNywSh77z
29798,1ioiqrdM4u6w3WQJgqQzTS
29799,5YVPdAejng26ob1Zu54oxs
29800,60ep45JHMUwO3gjMudMP9J
29801,0AMpYa2QVyVQJORtz5LDib
29802,52h4NmS8SvLSrvUDpFsVbO
29803,6TkHy01i9Saq7UVo4WVJTD
29804,3dQiTz0hkcCugzJsoRuQd0
29805,3rn8xWHDwSRGOzHCCl3IJv
29806,5gQfx0TiZjIN82EnAAnMNW
29807,0ZVCui8iludRAaRjwE4Rzx
29808,0jmYbZVJI8lhtsOMrBgc96
29809,41iJCqCueNS9iTnfXe10EK
29810,081Shn2hU3YxvQmGaCPegr
29811,1VZ47Hc5Jvwyp1nxXyW3NV
29812,1q8DeK1lrvZZw72lajmB2e
29813,2JrdR0JHhY2ZlPdUCPVoHr
29814,2z4Jm0YOzx6gzP7TAIGN7a
29815,6e82jU1mqJlfPz8OX52kyy
29816,7JLUiAMImuhL9JB6uEnIWr
29817,3hF9qaRKobDwHSMoOkQPWi
29818,43zyq2e9SopcgyUCOg5BLD
29819,5XVpDCC3TGkt58d86AQhIS
29820,0IpwYkBdhVWIjxNnFTpOaA
29821,6try2MFpWKn55HnMNS7vZz
29822,204523f9MSgEfc0oDJycNS
29823,2Twggsyx88sGi0kDLdjhQF
29824,4Q8aDd3H6LF8t4eY7So9O8
29825,6NNxVNtNkZP2OIJhaeIEuZ
29826,7x6fJRoR9kgoJWyHnsXk4c
29827,3pn3o5IVYsRQcl3vZRQtsP
29828,26j2On6lNpBQx9xUZ8D3OF
29829,2ZCGsdXjke4NjxdEHH6jnr
29830,4HLTeC7b32DaNaR5pf6tbd
29831,5v7gIedxlze8Kkfo5lwLu7
29832,7oDDV1cal0M0RIjr4HuuJ9
29833,3wKwnfyMYkhG0RoKeZzGwV
29834,7EYzTmaJ7PpG9MeMetz5w6
29835,4uhE1kDSqDgogLhX3AnyxA
29836,3LBOiOKttpjrSeIVjLwkGC
29837,1pkb7eplZ7xGrijYN0FyUh
29838,4Bgx5Alx9d5j3TozFwB9hr
29839,5Pn2CGpnW6D5MlqMbpLCKZ
29840,6QBYkJf8S75Fj7AKXlKHwV
29841,7aZsMvEdZBsZHUG3OGbPpD
29842,2IY7eOUDjw2ArKYxKa2jXc
29843,3D2SHAhyFjcGcqr7aTntjF
29844,6KL8Ta2MjZ8AxSFvz7DVWP
29845,1cljRh4coEqG0rpOaIVi2t
29846,6LjEsH50EtmJYtisHXBcL3
29847,2uwpeNvST9bM770RgOkzy4
29848,62rUCIsxTZsZTMk4jkV9ja
29849,1TrT2c6mTDDwiaraplte5V
29850,1671dcGDF2hujbaMeHxzSQ
29851,4G3cPjA3721Y77cXzee29w
29852,7mIjCkF7cLMYGGwcpB8pXI
29853,4jCnZFON3IoQcfBxMkOSLO
29854,54KCXjzkieeuv6L0fzL0CG
29855,6maz1uv0UGqaEm97xFWWiy
29856,5iTodoGRzx1mlrSvfww9bT
29857,0SdiEORUbMUqyHSZPbl2sq
29858,3CnbQN1Meotw8tBlReHg7q
29859,4PkPUo26XvMPjrWWj2IAJ0
29860,7dNvKQKxq4TurNqKMkP9Cu
29861,4ykxlLzlR2B7OhpkPBMhUW
29862,0l9OAZg5f98Of2syIS1ukV
29863,3eK8ej1lXMTWNsfqL5hJRv
29864,7jGHj9et0AZba7RjMBBSRd
29865,4T3JWspsZEcv0Eng3vPx91
29866,3awqY4bBPitI9tLj16xaLv
29867,7hoTfDAdDlojjRZ8ky53S6
29868,5OsF2zMGUkOZUjyUZBU2Q0
29869,2ZnqBtgjvjgM29xYRMs1C2
29870,3brcY0eJUtvDifhpC65zLM
29871,3149VLXduxvjCDiOn2UyPo
29872,7gocWeR6K6ylYRbTTxTBGG
29873,7t9uG99eeGmM5smq7BJo2q
29874,3urRtoAdKf4XHmtQVrlCZ8
29875,4hgobGfWedCMII3bdualzM
29876,6lPmuDm7kvUcdK2omu6B38
29877,1B0pqPWuzcGB5urjl0thhb
29878,5cTrsARgeGgMClzsQsnKhL
29879,555L6LEdzuwi035NZLXSYp
29880,3EiXzZsVAcLCeInlEzhVdt
29881,191uxpV9TrT9cUWz93U0L8
29882,4uJXp62eimDByNVTojAhYK
29883,6mmYEFMdzAlgxoD3ApUQ15
29884,5GsJIVCBFjhCcUwJaTW2sB
29885,7z5LdF1YGWHjykflWqArzd
29886,5ZdntuIyPOpVZzVZ5HvuJP
29887,7nCTGslDe4lu8tNIvc17zL
29888,1tYBQwdXgWEwfPgUQutrHg
29889,1fTr7bF8OnigBMtQ5cfJEQ
29890,1eVw2DL82LgHDPbnQ1Z7mh
29891,6X7rj4ZXxW06kBFK0NAP4r
29892,1QzBcYOiH7rLGxVzDurc3K
29893,0KB2NPvOZxfLGiDxwpJ9gy
29894,29KW4t2vY0NcDXbO1BJmFU
29895,2QdSb68BzZGMgCbsrFmSLc
29896,4Ryaq9FxRsQRe9kDEUOx98
29897,57kWSvk24Ma1fTbyb0Fvx6
29898,5UufTL6fd4xdP7MCfnnpcm
29899,2LESdmAqtn2FAO34reLlpJ
29900,5jyfGzwzPUBc7afKZsFaj1
29901,47ZRUTBwBy3kPldrFu9tme
29902,0PO18vLyRu9zxXta9tEaLV
29903,4iUoiCUqNAuKVdbnhnQEqM
29904,5TRxT7o4y85uzwsTQYy1fM
29905,3m8KketOLyyMR7P37mDyEU
29906,6jSGVIEjnRhOl2c8JNx5cS
29907,0QhIPhFmn8hXoZywxjYvHr
29908,1B81FYt4W58WRXTH6S6gp8
29909,5uqa7ybUGqwUmQ8I4uLeEe
29910,0eoqSXnE8vM2M4hvhGgodr
29911,49ziHtycEUnbFQtE8e8slt
29912,3yhMasgibQllYKejKzQNLZ
29913,65a3iGC3U4svDBgTfpHJb4
29914,2F4DWxSgZSlESPwuCTc1ru
29915,4nfMn9a0LNlonk4Bdn06QO
29916,6rNkITjuW2Jadr3Bv0DbHb
29917,1SFU9o2UMwxDXkFKVKQWZh
29918,09aIj6a6xY8dzcZV0yMuO4
29919,1Dkr6uO2OZrBC4VMsIZGWE
29920,1fZTsefDpPfM1H49LaDJYZ
29921,51LcZowVzqxoe7OL3ZXaso
29922,6KV86Z92ixuEXTrcuwmSSH
29923,2WbHM5QFF4qMsSXvfKIL06
29924,4QDbzpmRA6atTEEE2W7j7k
29925,7IFCj3qBXHrWV6cI5QG3Yj
29926,48tFGoTwGQjDsWPtxeTGuZ
29927,7d4cFJY2OO5WfPQke1F5yK
29928,0e9RwfeGkwFWnsBcyxskk2
29929,6NfhJnufcldpDimI4UiLof
29930,1qrmqF8idbVqDFm3LASwDV
29931,5PYHmstIC18OdBakMsHXiP
29932,5IoU1j7K2DVQkdJ6KllTpe
29933,3IG90MK7wLYGovQ1RQYIbU
29934,4JPM6TuFJgccpoKLKmleDD
29935,7ESsCboSbYhY6elW5B32To
29936,7MuP6o2nb1iSuoivy6fZrI
29937,7j4NtWcSvQALaPcdRMZnph
29938,3BdLKWpFgadlZ8rAgCbnfc
29939,4UY9wzMcIKFKRDMmQ7UtOh
29940,1fMx8fgA5InsDJHlhWIC7w
29941,2emSuoJGtEZaZ8VvW1VZAw
29942,74cvsxbyLvL4arisSxH0HM
29943,5o0urLKhjQLIFMoJH5SSrY
29944,6DWm19yrizjxhLgK5t3J78
29945,0ZxMdgdpBxHl4nRGkpifMl
29946,2rRZ44ti5Gt9nEgzWFIVHF
29947,0dj3e093pb2azp482IJZlk
29948,3gE9U5mNrJewDXN1wU7d8x
29949,7z1MZoiPunukB3kCkKRBKh
29950,7wvvB3aOuSnukYjEW3saN0
29951,4iq2NRsAjkjq8vhWIHORPt
29952,1IFXOMegTvZBlO94x8txam
29953,3RDsGzHfOfhb9vVDsuxv89
29954,0XLXN9FPQIOl9v7J4TrrF5
29955,5nDSJO4909uNzMcZH3CggS
29956,13wRoWza3hzY0a7Ij4sr8K
29957,5cq65q3r74yItYRNoakchV
29958,0Ov49Y2thXdL5OH6Ut3r5a
29959,2wK8nDO6cymaEAEKCYcKiV
29960,0FoIaNmMI0ZEgVgfAlUh5I
29961,2H5SFva3fH4pNVd0frsm4K
29962,0NFFv3aKmeQ6lqU7CMUqWZ
29963,2CcJaS2BfyMD2GY8ydr6y4
29964,1kZOXtd5Qgqiz38WWMduPH
29965,5AswXkigXKJFBlciuoJcty
29966,1MkcvwNhKiE5vyrw73xZtY
29967,6zUzotVTKyaUg7V54HxutO
29968,27zSLUnUuiFXyM0GHgbHUo
29969,2Iq7ek6dM98YzDPTh0NTMk
29970,7sE3PrOVuaITKhuc84AK0T
29971,6yhkuluKZQcIhfCNxD4NqE
29972,2VUuvArug5bIj5X1qJlSFo
29973,5R4LHqbN7o4h4hIPKN5SCE
29974,0Hv2o48n9a2MFRQy2Ziw2T
29975,1bLXL3MPkzfdrK6NC0u0N3
29976,08E42c1JfWUdJEsk8EGXMB
29977,762XA3FNEU90kTdj2ABSrz
29978,7A5CReD6yWe0rrkJym34QI
29979,2OkbBp01rfmvHx6S0s5hoc
29980,5ScPncGetFSXnr52ll0eKN
29981,7nNUSD1jkWC71zIOUWY03E
29982,6qYpsG6wXOMQI4rB86Lipn
29983,44S1kjqQZflPWfh8r9BCgT
29984,1tkc8gwW6pr0lOM62xAi4O
29985,7ji2ZazWcNZ0ZJ6353mnuk
29986,4XqOMN3pdhEtT7pR2KrMvp
29987,1wqmvLAxzpd4vpgtt5aISJ
29988,3gCD0rp6OHNus1MgmuFcKM
29989,1VSJKbdlrDRdI8oYu3tnzi
29990,3dpcjIhY7EbEjN3th8HMmP
29991,5hK3mQ2PElsyKq066HpYm7
29992,7Fylb06fN5JixT3BCpUL2j
29993,4UG5AhECN2K2HhYYIQBSOZ
29994,54C72WBiGX5leus7p8y418
29995,5f8U3QzmZZrK0BkAeQut2q
29996,2bY2Emri46FAPUHdFYtmt2
29997,4DVfW93KounBSBQoQ1NOvE
29998,4720MO7CO5DVMAryRJRh29
29999,7E4ghuTgzidURrcHTylVkO
